tree
version=v4
num_class=1
num_tree_per_iteration=1
label_index=0
max_feature_idx=19
objective=binary sigmoid:1
feature_names=user_snapshot_active_state.ad_cnt_div_user_snapshot_active_state.game_minute ad_offer.recommended_coefficient_div_user_snapshot_active_state.game_minute user_snapshot_active_state.game_minute init_event.ad_views_cnt_div_user_snapshot_active_state.money_ad_reward_calculate init_event.ad_views_cnt_div_init_event.inapp_cnt init_event.ad_views_cnt_div_user_snapshot_active_state.last_boss ad_offer.recommended_coefficient_div_user_snapshot_active_state.health_ratio init_event.global_death_count_div_init_event.ad_views_cnt init_event.ad_views_cnt_div_init_event.session_cnt init_event.inapp_cnt_div_ad_offer.recommended_coefficient init_event.avg_playtime_lifetime_mult_user_snapshot_active_state.game_minute user_snapshot_active_state.itemtoken_balance init_event.ad_views_cnt_div_user_snapshot_active_state.health_ratio user_snapshot_active_state.health_ratio_minus_user_snapshot_active_state.boss_kills_last_minute ad_offer.recommended_coefficient ad_offer.recommended_coefficient_mult_init_event.ad_views_cnt ad_offer.recommended_coefficient_div_user_snapshot_active_state.damage_lvl user_snapshot_active_state.money_revenue_last_minute_div_user_snapshot_active_state.money_ad_reward_calculate user_snapshot_active_state.kills_last_minute_plus_user_snapshot_active_state.upgrade_activity_last_minute init_event.inapp_cnt_plus_user_snapshot_active_state.game_minute
feature_infos=[0:3] [0:8] [0:719] [0:0.58181818181818179] [0:560.5] [0:565] [0:4000] [0:917.5] [0:523] [0:1469] [0:36179] [0:99999754] [0:394000] [-3:1] [0.5:8] [0:22256] [0:8] [-604.32856776666677:291.17018333333334] [0:465] [0:1487]
tree_sizes=3387 3433 3441 3449 3454 3462 3460 3471 3471 3487 3479 3494 3489 3488 3487 3480 3494 3491 3498 3466 3503 3482 3489 3486 3488 3484 3502 3490 3499 3494 3505 3506 3487 3504 3510 3476 3474 3504 3508 3482 3519 3523 3499 3511 3478 3493 3457 3458 3525 3480 3461 3501 3466 3462 3471 3492 3463 3418 3510 3475 3494 3417 3436 3467 3442 3465 3405 3438 3454 3468 3443 3429 3479 3439 3429 3480 3426 3451 3406 3454 3436 3451 3448 3412 3405 3474 3432 3430 3452 3489 3443 3429 3420 3460 3447 3405 3443 3456 3395 3469 3441 3476 3451 3432 3431 3407 3435 3463 3435 3428 3458 3414 3478 3405 3454 3425 3429 3417 3451 3410 3440 3436 3428 3427 3383 3441 3442 3428 3433 3413 3415 3435 3467 3445 3410 3425 3422 3450 3443 3406 3410 3466 3449 3491 3429 3484 3458 3459 3408 3446 3494 3426 3423 3472 3456 3398 3455 3446 3449 3457 3423 3425 3457 3405 3405 3437 3421 3462 3446 3459 3438 3439 3465 3451 3437 3419 3441 3410 3380 3410 3461 3452 3427 3406 3413 3444 3451 3437 3459 3447 3458 3455 3451 3419 3413 3406 3441 3486 3459 3460

Tree=0
num_leaves=31
num_cat=0
split_feature=0 1 0 0 3 4 2 11 0 0 10 4 4 18 16 19 5 1 8 7 6 3 13 8 15 19 1 12 19 0
split_gain=386024 51923.2 32359.2 23129.8 15493.1 9975.96 6360.27 6344.46 5480.87 4100.89 3945.43 3692.43 2814.49 2127.99 1974.53 1840.22 1795.78 1496.19 1465.25 1397.32 1190.95 1224.35 1178.65 1156.53 1102.11 1065.83 1000.8 862.34 818.252 800.781
threshold=0.18230694037145653 0.84523809523809534 0.53950103950103967 0.062615313653136537 0.00030359913793103453 6.4946808510638308 5.5000000000000009 2.0200000000000005 0.32672684458398749 1.0065789473684212 101.581 7.6530100334448177 2.3100961538461542 7.5000000000000009 0.0029865612178153066 6.5000000000000009 64.696969696969717 2.8333333333333335 2.7448894451397585 2.154700854700855 5.558645408478557 0.00052649122807017551 0.12250000000000001 4.9960629921259851 12.250000000000002 7.5000000000000009 4.5000000000000009 6.0030030030030037 29.500000000000004 0.021074838996224744
decision_type=2 2 2 2 2 2 2 2 2 2 2 2 2 2 2 2 2 2 2 2 2 2 2 2 2 2 2 2 2 2
left_child=1 3 8 4 10 7 11 -3 20 23 16 19 15 22 -5 24 25 -7 -16 -6 21 -2 -10 -4 -9 -1 -14 -8 -29 -12
right_child=2 5 9 14 6 17 27 12 13 -11 29 -13 26 -15 18 -17 -18 -19 -20 -21 -22 -23 -24 -25 -26 -27 -28 28 -30 -31
leaf_value=-2.1937061327568843 -1.8751504521127944 -1.5936133865239239 -1.4870646091218411 -2.1526944473606502 -2.043385070317103 -1.6893589520227639 -2.3455687749914405 -2.0646377481243929 -1.5593490876893403 -1.295980572882339 -2.4407459021861384 -1.8165938870993226 -1.8987758840272362 -1.541511706180106 -2.0208068920055169 -2.2835185521214756 -1.7722087013439918 -1.4759527726949915 -1.8650121277869878 -2.2979061720157556 -1.6394650290259802 -1.7375625862973343 -1.7108456856395151 -1.4064063711322778 -1.7005804942357372 -2.3324523334671343 -1.5383168483065655 -2.1568783282849768 -2.2936069261705674 -2.3168338535697877
leaf_weight=757.48702859133482 1165.0391711965203 413.21487955749035 3046.5184710249305 781.12811505794525 788.09045242518187 898.03877747803926 648.34032390266657 818.73348511755466 709.63495809584856 2709.5250685065985 4882.2264133319259 685.62219476699829 480.58918146044016 2672.3231209889054 1975.4947406128049 406.5081812441349 67.243731185793877 518.04461739212275 869.33098601549864 296.98235683143139 571.7360563352704 1453.8777786940336 1858.5120180249214 4268.3795202374458 92.555179141461849 2057.6142807081342 91.727105319499969 1099.1959148496389 727.29471407085657 583.91482266783714
leaf_count=7756 8557 1978 11634 7707 6993 5080 7533 7423 3176 5643 60948 4671 3633 11527 17124 4494 431 1926 6305 3322 2975 8861 10876 13172 533 23662 393 10887 8107 6632
internal_value=-1.85209 -2.15714 -1.52251 -2.23442 -2.29849 -1.82016 -2.14296 -1.94857 -1.66689 -1.40107 -2.37759 -1.99826 -2.02617 -1.60398 -2.01187 -2.10659 -2.28292 -1.61129 -1.9732 -2.11305 -1.77022 -1.79877 -1.66898 -1.44 -2.02766 -2.29512 -1.841 -2.24649 -2.21132 -2.42751
internal_weight=38394.9 19939.4 18455.5 16220 12594 3719.41 4245.53 2303.33 8431.12 10024.4 8348.49 1770.7 1890.11 5240.47 3625.95 1317.8 2882.35 1416.08 2844.83 1085.07 3190.65 2618.92 2568.15 7314.9 911.289 2815.1 572.316 2474.83 1826.49 5466.14
internal_count=273959 197538 76421 172078 140942 25460 41513 18454 45972 30449 99429 14986 16476 25579 31136 12450 31849 7006 23429 10315 20393 17418 14052 24806 7956 31418 4026 26527 18994 67580
is_linear=0
shrinkage=1


Tree=1
num_leaves=31
num_cat=0
split_feature=0 2 3 0 0 7 1 4 9 7 1 0 4 10 16 8 6 0 18 9 3 0 6 15 19 3 9 12 5 8
split_gain=72739.1 22713.8 6206.09 4120.7 4015.86 3018.83 2991.18 1721.48 1575.22 1558 1066.86 1169.42 955.271 1247.37 881.573 799.594 772.516 769.892 725.686 722.607 603.559 603.452 600.406 550.466 710.487 808.835 540.768 533.297 504.733 491.369
threshold=0.12459150326797387 2.5000000000000004 0.00030359913793103453 0.39613300952736791 0.04532614278376991 3.8105053191489366 0.14459930313588851 12.022727272727275 15.071428571428573 4.8505319148936179 0.087228260869565227 0.032362798491830755 6.2826923076923089 22.333500000000004 0.0021574998138079991 1.2790501446480234 3.2126795219720035 0.737171052631579 17.500000000000004 4.2678571428571432 1.5633333333333335e-06 0.021074838996224744 5.0025025025025034 93.250000000000014 1.5000000000000002 7.6507936507936526e-05 1.3541666666666667 794.21418457974016 20.736111111111114 1.1150399779432039
decision_type=2 2 2 2 2 2 2 2 2 2 2 2 2 2 2 2 2 2 2 2 2 2 2 2 2 2 2 2 2 2
left_child=1 5 4 14 6 7 21 8 23 10 11 -4 13 -8 -2 -10 -6 -5 22 -7 -14 -3 28 24 -1 26 -26 -22 -16 -12
right_child=3 2 9 17 16 19 12 -9 15 -11 29 -13 20 -15 18 -17 -18 -19 -20 -21 27 -23 -24 -25 25 -27 -28 -29 -30 -31
leaf_value=0.36084903570687671 0.25121823536910337 -0.052615323692492499 0.041231449991471665 0.38418749038242406 0.13705061572888264 0.18939189725675426 0.14968743434255671 0.40909111293284006 -0.030166694154653253 0.033329722723556374 0.14798654324901955 0.19660332411962933 0.071306192017659878 -0.00092830030179808388 0.28888808150461776 0.21684811383914218 0.29382257130238149 0.41825507648149274 0.38859989509811249 -0.029614047890025409 0.2269620787680042 0.064279778307615901 0.37801767816921972 0.39453096234507556 0.20461452022865761 0.30463937417361803 -0.055960092717013035 0.54277262910620527 0.35187700593134236 0.24797431843495779
leaf_weight=1163.3923583701253 1235.730696760118 4470.9598106071353 828.54297970235348 11785.495345160365 1273.5238431766629 339.47488480806351 918.52389708906412 1759.0319743454456 161.94743447750807 744.27018339931965 623.58448790758848 1166.3595061972737 203.60908222198486 1369.9995164275169 3809.8231938555837 686.78044027835131 417.31761726737022 15174.889285326004 2402.2900486290455 270.86680915206671 270.80007531493902 490.0235101878643 1673.6128377839923 794.96373684704304 417.27675315737724 1199.3883070275187 98.429377645254135 66.626341886818409 1909.8529390022159 2320.1845639571548
leaf_count=4393 6569 57525 8479 26393 10595 2448 8127 4729 1719 7680 5338 8528 2049 16105 17830 4500 2784 19821 7794 3014 2187 5245 5278 2201 3062 6347 1032 282 6985 14920
internal_value=0.298436 0.153986 0.0855746 0.382296 0.0360469 0.30452 0.00572748 0.325152 0.292501 0.168206 0.188533 0.132073 0.0877743 0.059523 0.33081 0.169715 0.175744 0.403363 0.340851 0.0921981 0.207275 -0.041069 0.325336 0.32087 0.300527 0.259609 0.15488 0.28932 0.309921 0.226794
internal_weight=60047.6 22055.9 15164.3 37991.7 9481.38 6891.55 7790.54 6281.21 4522.18 5682.94 4938.67 1994.9 2829.56 2288.52 11031.3 848.728 1690.84 26960.4 9795.58 610.342 541.035 4960.98 7393.29 3673.45 2878.49 1715.09 515.706 337.426 5719.68 2943.77
internal_count=273959 183289 149844 90670 104899 33445 91520 27983 23254 44945 37265 17007 28750 24232 44456 6219 13379 46214 37887 5462 4518 62770 30093 17035 14834 10441 4094 2469 24815 20258
is_linear=0
shrinkage=0.1


Tree=2
num_leaves=31
num_cat=0
split_feature=0 2 0 1 0 5 9 7 3 6 4 3 10 16 18 2 5 6 17 4 16 15 5 2 12 16 0 13 17 17
split_gain=36589.7 11792.4 5482.52 3175.89 2136.07 1918.46 2184.54 1365.53 1028.54 904.972 840.787 748.464 704.376 626.46 608.682 582.571 620.869 576.682 531.455 516.824 511.624 761.796 445.83 398.066 396.669 393.188 358.574 325.284 435.62 322.151
threshold=0.14243448858833477 3.5000000000000004 0.038554440728353782 0.10741758241758244 0.41719409282700431 24.513157894736846 7.5500000000000007 5.3416666666666677 3.1464285714285716e-06 7.3090511500024933 1.2240143369175629 0.00039393382352941183 17.609500000000004 0.0030333701386332968 2.5000000000000004 1.5000000000000002 7.9687500000000009 0.75037537537537546 -0.68385351785714277 7.4891304347826102 0.0022641522330521806 685.50000000000011 42.851648351648358 11.500000000000002 549.00980392156873 0.002361278379945582 0.013536417773705912 0.16050000000000003 0.18157071428571434 -0.036405599999999989
decision_type=2 2 2 2 2 2 2 2 2 2 2 2 2 2 2 2 2 2 2 2 2 2 2 2 2 2 2 2 2 2
left_child=1 5 3 11 17 6 15 8 12 13 -8 26 -5 -4 27 -1 -17 -2 -15 -19 21 -7 25 -21 29 -16 -3 -6 -29 -10
right_child=4 2 9 7 14 20 10 -9 24 -11 -12 -13 -14 18 22 16 -18 19 -20 23 -22 -23 -24 -25 -26 -27 -28 28 -30 -31
leaf_value=0.23632245972617338 0.060992279623167459 -0.054173320747892065 0.072355383939834247 0.11523735369817914 0.29404481684898565 0.088014090504316259 -0.062079743644340005 -0.040464705701210607 0.20662716667505784 0.26848546142727486 0.11357988326809819 0.044269401276322548 -0.010491659708803036 0.3132332372717424 0.22469107497720861 0.13029472706893616 0.24813691528912898 0.22707682172518756 0.15177846325520045 0.28786128200786126 0.28712563454263434 0.32724206222142577 0.31280228518454994 0.23583774360506432 0.28758480461253344 0.28959430050962393 0.033566546003577273 0.23278130839789793 0.28872037336717221 0.11761094820744225
leaf_weight=3049.0927507132292 174.84966233372688 3686.0220758318901 1006.5441854372621 841.57348676025867 2773.0959239006042 337.28667829185724 364.19931992143393 728.50384772568941 513.724420376122 643.92444938421249 1082.039826489985 1277.8910385742784 946.99127111583948 218.63728607445955 1007.7259486764669 1413.7921942099929 653.87210152298212 8004.8150795400143 3019.5520215705037 3476.1925680786371 2874.9551130905747 219.89262413978577 9746.7412731945515 2549.5297344699502 186.12080026417971 12655.284343868494 533.15729805827141 3908.2669931948185 2162.3486228138208 1948.8801355883479
leaf_count=10549 992 49566 8042 7030 3528 2052 4259 8840 3308 3061 7606 12194 11136 953 2123 9765 2486 26611 18421 8051 6711 500 9351 7543 899 17656 5786 7755 2854 14331
internal_value=0.220929 0.124798 0.0703298 0.0301265 0.273789 0.209545 0.177863 0.0864245 0.107257 0.158019 0.0693444 -0.0227787 0.0486676 0.141261 0.28802 0.208536 0.167561 0.241479 0.16268 0.243729 0.270129 0.182426 0.296463 0.26585 0.14682 0.284807 -0.0430861 0.265669 0.252707 0.136181
internal_weight=72005.5 25546.7 15551.5 10662.9 46458.9 9995.13 6563 5165.79 4437.29 4888.66 1446.24 5497.07 1788.56 4244.73 32253.5 5116.76 2067.66 14205.4 3238.19 14030.5 3432.13 557.179 23409.8 6025.72 2648.73 13663 4219.18 8843.71 6070.62 2462.6
internal_count=273959 187495 143567 113090 86464 43928 34665 45544 36704 30477 11865 67546 18166 27416 43267 22800 12251 43197 19374 42205 9263 2552 29130 15594 18538 19779 55352 14137 10609 17639
is_linear=0
shrinkage=0.1


Tree=3
num_leaves=31
num_cat=0
split_feature=0 1 0 3 0 7 10 2 3 11 18 4 19 12 6 15 7 9 16 7 15 19 0 8 6 9 5 0 3 19
split_gain=23295.3 7270.38 4108.77 3206.62 1695.05 1232.14 1054.07 862.431 757.175 1265.07 662.556 613.5 612.086 499.72 461.659 430.73 424.128 398.266 387.491 354.148 339.519 299.658 289.541 279.29 338.213 270.029 268.833 276.324 303.649 260.434
threshold=0.16145324209840342 0.45804195804195807 0.038554440728353782 0.00028629464285714293 0.66797900262467202 3.9463601532567054 186.66100000000003 12.500000000000002 5.4541958041958061e-07 4.0200000000000005 5.5000000000000009 4.9045454545454552 29.500000000000004 8.0040040040040061 5.1469013733164681 119.12500000000001 0.76500600240096051 0.22500000000000003 0.0021238940714410309 0.41194295900178257 368.50000000000006 11.500000000000002 0.23582887700534763 0.46693989071038261 7.1666244776820287 7.1000000000000005 151.90873015873018 0.087167581257914753 0.00034309523809523815 92.500000000000014
decision_type=2 2 2 2 2 2 2 2 2 2 2 2 2 2 2 2 2 2 2 2 2 2 2 2 2 2 2 2 2 2
left_child=1 2 3 6 10 8 11 13 9 -3 18 17 -4 -5 26 21 -10 -1 -2 -15 -12 -7 -20 -8 -25 -21 27 28 -14 -11
right_child=4 5 12 7 -6 15 23 -9 16 29 20 -13 14 19 -16 -17 -18 -19 22 25 -22 -23 -24 24 -26 -27 -28 -29 -30 -31
leaf_value=0.047804208923166613 0.13767696664918783 0.2029785520026299 0.15856703415518961 0.03100045997397748 0.23783729085654751 0.080843391255304264 -0.085036782864064075 0.025542040411618436 0.21766890159346297 0.089796784491446721 0.20621582869163679 0.11344221269435398 0.004043315774288677 0.18614085653849932 0.19709033544929308 0.33357508544389991 0.16364089332971432 -0.034813227741513735 0.15306825442206656 0.14393395234374598 0.23986628196945745 -0.047786388166796472 0.1979154888695929 -0.036085572895008231 0.14514644970462018 0.068258794555810284 0.35873687314270208 0.10952099437698143 0.10453541885554618 -0.060497445593733212
leaf_weight=1165.1990248858929 1615.443685233593 1635.9433297812939 3487.0130172893405 528.91035631299019 22704.110818848014 584.51631617546082 1328.5409280359745 1330.9165940880775 4446.6610461175442 1485.9814275950193 12855.223236739635 695.38502410799265 747.27181340008974 965.96430880576372 402.2088758200407 53.492515556514263 2158.177248172462 1168.7474996522069 1731.182481020689 1117.0250801295042 3910.4144011586905 262.41997730731964 8546.8797840476036 2374.505811996758 107.64028631150723 815.95933404564857 34.674135759472847 1367.522396735847 503.12812155485153 124.9935986250639
leaf_count=11190 4962 4728 16526 4488 21727 3958 19004 12763 10492 9614 25813 5780 6104 3953 1709 293 8613 14130 5719 5904 5465 3049 17908 32101 1233 5213 170 7261 3121 968
internal_value=0.17702 0.105186 0.0665665 0.030825 0.217427 0.170343 -0.0130317 0.0938625 0.180577 0.141037 0.201258 0.0309968 0.129937 0.120389 0.0972563 0.0583699 0.200015 0.00643269 0.183206 0.136698 0.214064 0.0409879 0.190362 -0.0480325 -0.0282263 0.11199 0.0821186 0.0784548 0.0444787 0.0781356
internal_weight=80256.1 28892.8 18140.6 11598.8 51363.3 10752.2 6840.02 4758.78 9851.76 3246.92 28659.1 3029.33 6541.82 3427.86 3054.81 900.429 6604.84 2333.95 11893.5 2898.95 16765.6 846.936 10278.1 3810.69 2482.15 1932.98 2652.6 2617.92 1250.4 1610.98
internal_count=273959 192365 150650 115759 81594 41715 83438 32321 34415 15310 59867 31100 34891 19558 18365 7300 19105 25320 28589 15070 31278 7007 23627 52338 33334 11117 16656 16486 9225 10582
is_linear=0
shrinkage=0.1


Tree=4
num_leaves=31
num_cat=0
split_feature=0 14 7 19 1 0 0 3 0 19 12 3 17 10 10 0 2 3 18 5 5 16 17 15 18 13 9 0 2 8
split_gain=16859.6 4205.48 2828.7 2491.86 1345.08 1034.62 987.763 914.2 757.678 693.661 607.989 462.516 442.882 406.836 380.6 345.637 514.706 447.871 324.8 313.623 277.728 508.801 274.236 247.162 231.49 292.686 227.194 225.923 314.498 225.694
threshold=0.23582887700534763 0.87500000000000011 3.8105053191489366 64.500000000000014 0.76388888888888895 0.66797900262467202 0.087167581257914753 0.00038366666666666676 0.038554440728353782 6.5000000000000009 1077.4615384615388 0.00016696969696969698 0.6444295192307693 324.66300000000007 48.003000000000007 0.083130081300813022 6.5000000000000009 1.1335416666666668e-06 88.500000000000014 22.968750000000004 55.291666666666679 0.0029455144889814337 -0.036405599999999989 176.12500000000003 25.500000000000004 0.16950000000000004 27.100000000000005 0.02806363540900977 13.500000000000002 4.8032258064516133
decision_type=2 2 2 2 2 2 2 2 2 2 2 2 2 2 2 2 2 2 2 2 2 2 2 2 2 2 2 2 2 2
left_child=1 11 3 4 6 12 7 10 9 -4 13 -1 20 27 -9 16 17 -5 -15 -6 21 -2 -16 -11 25 -23 -10 28 -3 -24
right_child=5 2 8 15 19 -7 -8 14 26 23 -12 -13 -14 18 22 -17 -18 -19 -20 -21 -22 24 29 -25 -26 -27 -28 -29 -30 -31
leaf_value=-0.050827831181310401 0.1095344691976728 0.066674514621226852 0.097368067519188098 -0.0059563833136253783 0.14301655547943645 0.1998288421373087 0.13822917056046261 0.15266051942599113 0.1091569486229564 -0.031047804578801425 0.22371903825825587 0.036524253855400424 0.19357292642763851 -0.020160211481281203 0.15043077269583688 0.085557786956302867 -0.031606460835202771 0.16535203859461622 0.55934640694294957 0.18320234197630703 0.19318523920899233 0.18352413510673815 0.066245968008051048 0.22303953905666593 0.19335327118868964 0.14998308226065935 -0.11841879984910782 0.11332940543876842 -0.019929773397132838 0.12602294988935214
leaf_weight=1896.9091140553355 1857.5871405154467 2654.0809403583407 562.34982257336378 308.54214406013489 4894.4304344430566 24224.714221969247 7335.0658709555864 2017.0613774433732 964.33813624083996 2231.5719569921494 214.48376478999853 890.80377888679504 6627.2000292688608 796.39803666621447 808.85920038074255 668.50742188096046 1371.0081385076046 301.98583620041609 9.7905045524239522 3219.5376640856266 2749.3039667755365 3647.1158379912376 2043.4835033640265 38.952086806297302 2417.6979741156101 9075.850380256772 45.958352044224739 772.68814553320408 497.99060533940792 914.17576568573713
leaf_count=24699 4768 21563 3186 2484 15684 21727 24550 7125 4462 27045 1021 7292 9545 9489 3956 3042 16323 1142 56 5421 3975 5670 12601 282 3369 18582 375 4459 5852 4214
internal_value=0.147856 0.0949825 0.105042 0.115786 0.12514 0.184908 0.109948 0.0906132 0.0244536 -0.00206244 0.059046 -0.0229148 0.171204 0.0515803 0.117606 0.0233806 0.00240392 0.078778 -0.0131226 0.158962 0.163697 0.158928 0.0988332 -0.0266888 0.164988 0.159598 0.0988045 0.064871 0.052992 0.0847223
internal_weight=86058.4 35459 32671.3 28828.1 26178 50599.5 18064.1 10729 3843.17 2832.87 4945.43 2787.71 26374.8 4730.95 5783.58 2650.04 1981.54 610.528 806.189 8113.97 19747.6 16998.3 3766.52 2270.52 15140.7 12723 1010.3 3924.76 3152.07 2957.66
internal_count=273959 206323 174332 138982 115991 67636 94886 70336 35350 30513 42440 31991 45909 41419 27896 22991 19949 3626 9545 21105 36364 32389 20771 27327 27621 24252 4837 31874 27415 16815
is_linear=0
shrinkage=0.1


Tree=5
num_leaves=31
num_cat=0
split_feature=0 14 19 5 9 0 4 16 5 11 18 0 2 12 0 10 3 7 17 16 13 18 13 6 7 5 8 8 13 18
split_gain=13160.7 3084.86 2020.14 1913.23 1189.85 1035.22 839.227 762.469 662.886 553.274 548.096 442.887 477.276 416.916 408.54 793.846 387.463 368.99 354.696 314.751 274.79 270.85 297.813 265.109 264.377 237.627 231.754 216.95 214.584 212.683
threshold=0.23582887700534763 0.87500000000000011 60.500000000000007 11.408333333333335 2.0625000000000004 0.737171052631579 0.40370370370370373 0.0030596642326655436 48.035714285714292 2.0200000000000005 1.5000000000000002 0.083130081300813022 1.5000000000000002 10.740497681298372 0.021937916098500047 120.35900000000002 0.00016696969696969698 0.65615047770700652 0.53004285714285726 0.0026631205673758869 0.10650000000000001 9.5000000000000018 0.16050000000000003 8.936557628418095 3.8105053191489366 10.944444444444446 1.4103913630229423 4.4955627110657357 0.99350000000000016 1.5000000000000002
decision_type=2 2 2 2 2 2 2 2 2 2 2 2 2 2 2 2 2 2 2 2 2 2 2 2 2 2 2 2 2 2
left_child=1 16 3 4 9 18 -6 8 -5 29 20 12 26 14 15 -11 -1 -10 21 -8 -9 22 -2 25 -21 -14 -4 -18 -22 -3
right_child=5 2 11 7 6 -7 19 10 17 13 -12 -13 23 -15 -16 -17 27 -19 -20 24 28 -23 -24 -25 -26 -27 -28 -29 -30 -31
leaf_value=-0.0478265637086756 0.15422494316149341 0.10014032730480667 -0.074944977608121036 0.055062991223455315 -0.064451572093120787 0.17452133243379464 -0.032761494463069994 0.14825193389881766 0.16710670287072615 0.07167797899617398 0.15321433441661836 0.078696532314407708 -0.064534336603795886 0.12528732335077347 0.097558351163200052 -0.041329451256988455 0.0024336255723814344 -0.022389694189690234 0.16429533559046924 0.080988270023430189 0.010925030659727079 0.15270174190929423 0.12010074296052727 0.10152720188183056 0.020529048992677906 0.0019393479822076383 0.15209875336702083 0.11227570402953435 0.096400242004116968 0.18221316274395558
leaf_weight=1818.5388254784048 3606.9576026499271 506.05741161853075 54.298525765538216 2381.6041161343455 769.02527074143291 23315.81708791852 404.11440642923117 868.27220886200666 1018.5074926093221 4376.5540528967977 7440.5043039992452 899.81456737965345 960.94929139316082 1974.6893955953419 4267.480071105063 724.52185526117682 668.92788650840521 114.28770995885134 8022.4493785500526 2167.4533221945167 360.13847671449184 9163.639282643795 8790.2460011094809 172.25692574679852 1085.4902884177864 1221.1620410382748 261.35327203571796 245.91817686706781 1592.3045065030456 839.57698304206133
leaf_count=24699 5357 1462 517 14094 9376 19821 4281 2319 2548 25931 19359 3821 12172 7595 17382 8579 5767 728 10742 11071 1497 13469 18247 1511 9841 13128 691 1525 5070 1359
internal_value=0.126715 0.0811344 0.0892453 0.0974761 0.0751487 0.158764 0.0305051 0.125216 0.0850156 0.0907211 0.138984 0.0180225 -0.00242511 0.083529 0.0747273 0.0556272 -0.0211225 0.147988 0.146345 0.0504731 0.101448 0.139665 0.130029 -0.017906 0.0608133 -0.0273341 0.113043 0.0319601 0.0806339 0.151348
internal_weight=90092.9 37193.8 34460.4 30890.6 17115 52899.1 4426.08 13775.6 3514.4 12688.9 10261.2 3569.83 2670.02 11343.2 9368.56 5101.08 2733.38 1132.8 29583.3 3657.06 2820.72 21560.8 12397.2 2354.37 3252.94 2182.11 315.652 914.846 1952.44 1345.63
internal_count=273959 206323 174332 142492 96877 67636 34569 45615 17370 62308 28245 31840 28019 59487 51892 34510 31991 3276 47815 25193 8886 37073 23604 26811 20912 25300 1208 7292 6567 2821
is_linear=0
shrinkage=0.1


Tree=6
num_leaves=31
num_cat=0
split_feature=0 14 1 0 3 0 10 0 12 3 4 10 5 16 15 19 5 18 13 11 3 0 6 7 7 19 9 6 19 6
split_gain=10782.5 2414.1 1638.31 1762.57 995.859 876.798 643.383 440.472 431.753 329.539 329.413 326.576 276.504 435.399 272.108 278.361 258.905 245.175 314.269 240.138 341.041 233.123 227.418 219.873 349.722 213.333 204.361 198.566 196.178 176.32
threshold=0.25143678160919547 0.87500000000000011 0.84523809523809534 0.087167581257914753 0.0004806250000000001 0.66797900262467202 280.51600000000002 0.013536417773705912 11.001222493887534 0.00016696969696969698 8.2817460317460334 56.473500000000008 47.531250000000007 0.0029455144889814337 685.50000000000011 57.500000000000007 0.34166666666666673 18.500000000000004 0.13250000000000003 3.9950000000000006 4.2928571428571439e-05 1.0506410256410259 7.95967156059403 0.18754128137384415 1.5857862741961288 65.500000000000014 1.9375000000000002 1.4695085082491148 25.500000000000004 5.9719324524331752
decision_type=2 2 2 2 2 2 2 2 2 2 2 2 2 2 2 2 2 2 2 2 2 2 2 2 2 2 2 2 2 2
left_child=1 9 3 4 6 12 14 22 16 23 19 -10 13 -2 15 -3 -6 18 -5 -4 -21 -7 -8 26 -25 -13 -1 -9 -20 -15
right_child=5 2 10 17 8 21 7 27 11 -11 -12 25 -14 29 -16 -17 -18 -19 28 20 -22 -23 -24 24 -26 -27 -28 -29 -30 -31
leaf_value=0.076740725318506536 0.083335011856592547 0.04486199616524348 0.13570445284931873 0.11978384091990862 0.081214489750714158 0.14710742982348832 -0.053880998641385985 -0.0062210718400434505 0.1185417969725394 0.028370731123732423 0.13549897307804232 0.073205919127519309 0.1482051191870116 0.12283135725562722 0.13417255302922773 -0.02295633930380063 0.0045401846952189866 0.12416941835519349 0.090076333054518828 0.05289722654484115 0.10830231817795821 0.1673063004770963 0.065871690959734844 0.053721342391159804 -0.065010353980212265 -0.049518777333861147 -0.10306690305368041 0.079550167884442455 0.055162054820902799 0.1461871524430795
leaf_weight=69.764004729688168 2464.9691636562347 5099.880522210151 1356.222499743104 2375.3668322190642 684.99987700581551 16715.255230918527 1773.1709260605276 542.37006319314241 2050.6691864281893 946.43882479518652 3975.3754472434521 3121.3753097429872 5392.4345078915358 14435.020739406347 302.05691868066788 686.71496370434761 1233.27888661623 2394.7788478136063 4546.3126043528318 1751.6210124269128 3037.6351573914289 8681.547008857131 174.15802701935172 431.29761557653546 583.97731021791697 148.37576885521412 672.7752594165504 537.30137494951487 2491.1548610925674 4164.9227133244276
leaf_count=759 5313 38839 2256 6071 3795 16204 25827 4678 5661 7328 6146 14654 6715 23397 1362 7417 9305 6047 13607 8328 9378 5523 2017 4729 8725 1277 10533 3763 9037 5268
internal_value=0.110441 0.0721097 0.0785599 0.0661585 0.0449013 0.14074 0.0229116 -0.014767 0.0725927 -0.0192033 0.113068 0.0872573 0.128 0.122827 0.0416437 0.0368138 0.0319199 0.0956011 0.0883329 0.0985577 0.0880385 0.154012 -0.043171 -0.0448181 -0.0145721 0.0676369 -0.0861734 0.0364632 0.0777172 0.128061
internal_weight=92841.2 40987.1 38282.8 28162 16354.4 51854.1 9115.65 3027 7238.7 2704.25 10120.9 5320.42 26457.3 21064.9 6088.65 5786.6 1918.28 11807.6 9412.83 6145.48 4789.26 25396.8 1947.33 1757.81 1015.27 3269.75 742.539 1079.67 7037.47 18599.9
internal_count=273959 211539 179465 153357 118595 62420 83903 36285 34692 32074 26108 21592 40693 33978 47618 46256 13100 34762 28715 19962 17706 21727 27844 24746 13454 15931 11292 8441 22644 28665
is_linear=0
shrinkage=0.1


Tree=7
num_leaves=31
num_cat=0
split_feature=0 6 7 1 0 2 0 0 19 4 6 1 18 5 7 7 0 17 13 1 16 15 11 18 8 10 12 3 6 19
split_gain=9068.68 1864.49 1391.23 1031.95 1149.03 924.172 894.556 478.041 436.781 360.307 319.755 305.198 272.763 267.833 246.684 272.024 232.325 228.771 246.403 313.45 225.344 210.591 207.735 206.645 200.73 182.4 178.16 168.793 168.73 163.196
threshold=0.25143678160919547 0.86033847052693091 3.8105053191489366 0.45804195804195807 0.027460098026894562 15.500000000000002 0.66797900262467202 0.021937916098500047 11.500000000000002 2.6962535014005611 4.275789569907217 4.5000000000000009 5.5000000000000009 25.605555555555558 0.074541734860883807 1.4739962554607866 1.0065789473684212 -0.032621142543859637 0.12250000000000001 0.033445190156599559 0.0032715415132574138 119.12500000000001 2.0200000000000005 18.500000000000004 8.2436611008039602 74.251000000000019 6.5316814280107183 0.00027154761904761912 0.99933422103861524 8.5000000000000018
decision_type=2 2 2 2 2 2 2 2 2 2 2 2 2 2 2 2 2 2 2 2 2 2 2 2 2 2 2 2 2 2
left_child=1 14 3 4 5 9 12 8 26 25 24 13 28 22 29 -16 -8 -6 -19 -20 -9 -10 -5 -21 -11 -3 -4 -24 -2 -1
right_child=6 2 7 11 17 -7 16 20 21 10 -12 -13 -14 -15 15 -17 -18 18 19 23 -22 -23 27 -25 -26 -27 -28 -29 -30 -31
leaf_value=0.10337095375270429 -0.034795553977433419 0.040339048190914856 0.00018568449289205733 0.12066553994328902 0.1028600339818851 -0.025163246894312916 0.13176765195920961 -0.06987781186850632 -0.047163927303677466 0.047468348756805209 0.13475972327361405 0.13383510989350031 0.12087637284540789 0.11227772721559451 0.032135852018654869 -0.046412372277801782 0.1518929699957301 0.098228687782469321 0.016529670468233382 0.063624749576466536 0.074336989519769109 0.12792439249803836 0.056497814691289595 0.10911754664279605 0.11562901182745292 -0.018817620089380371 0.080849130318150053 0.088891786841688747 0.10156065690552923 -0.097367005304811557
leaf_weight=43.928593635559082 91.511857777833939 1467.0351056829095 551.07526761293411 1055.5825244113803 3153.9915291965008 2093.1398653276265 16616.757252916694 118.42465538531542 1698.2818462662399 3037.1430704593658 624.77361950650811 1897.1545116603374 16063.238229811192 3753.1911329329014 916.06287330761552 849.98575278371572 8759.8920238614082 2721.6247787922621 1211.0397728011012 5595.3050394952297 1273.5159239545465 71.591059133410454 3195.6714132241905 1215.3606787994504 503.71983241662383 808.44374310597777 544.22825785726309 3238.6742477566004 10884.790990531445 518.82481815293431
leaf_count=302 315 9702 4101 1702 9513 25669 16084 866 23015 17153 2212 2586 21662 7152 8157 11022 5643 8016 6230 19564 5377 510 14762 3429 1899 7885 3019 9061 18716 8635
internal_value=0.0974587 0.06293 0.0680152 0.0744807 0.0614446 0.0325632 0.12523 0.0139901 -0.00936651 0.0513223 0.0688027 0.0967345 0.112574 0.0904742 -0.0240411 -0.00566881 0.138715 0.0791805 0.0722287 0.0634074 0.0620674 -0.0400816 0.0795485 0.0717429 0.0571648 0.0193216 0.0402653 0.0728031 0.100424 -0.0816974
internal_weight=94574 42157.8 39829 35571.9 22431.6 8534.26 52416.2 4257.12 2865.18 6441.12 4165.64 13140.3 27039.5 11243.1 2328.8 1766.05 25376.6 13897.3 10743.3 8021.71 1391.94 1769.87 7489.93 6810.67 3540.86 2275.48 1095.3 6434.35 10976.3 562.753
internal_count=273959 211539 183423 146535 111272 64520 62420 36888 30645 38851 21264 35263 40693 32677 28116 19179 21727 46752 37239 29223 6243 23525 25525 22993 19052 17587 7120 23823 19031 8937
is_linear=0
shrinkage=0.1


Tree=8
num_leaves=31
num_cat=0
split_feature=0 10 0 8 0 9 8 2 12 8 19 17 6 8 0 19 17 11 9 18 13 13 17 5 3 6 14 4 11 4
split_gain=7757.26 1503.27 2165.19 934.275 902.333 683.695 483.529 455.143 411.133 408.221 379.995 302.544 276.701 281.881 267.201 376.965 246.338 218.046 209.689 207.439 224.219 204.91 242.205 190.563 370.738 187.571 187.221 168.485 224.158 167.072
threshold=0.25949975949975951 166.93950000000004 0.021074838996224744 3.2231800766283532 0.80090090090090105 16.928571428571434 0.46693989071038261 29.500000000000004 33.001650165016507 1.2010101010101011 1.5000000000000002 0.53004285714285726 5.3504563203517739 8.6018867924528326 0.04532614278376991 7.5000000000000009 -1.0000000180025095e-35 606.28500000000008 5.0625000000000009 7.5000000000000009 0.12250000000000001 0.12250000000000001 0.006521916182432066 56.041666666666679 1.0641025641025642e-07 1.4996251874062969 1.2500000000000002 1.654037773359841 28.005000000000006 6.168699186991871
decision_type=2 2 2 2 2 2 2 2 2 2 2 2 2 2 2 2 2 2 2 2 2 2 2 2 2 2 2 2 2 2
left_child=1 3 6 5 11 8 -3 12 10 -7 -1 19 13 -8 15 27 -4 -6 -5 20 -2 -18 -23 -20 -25 -11 -15 28 -12 -28
right_child=4 2 16 18 17 9 7 -9 -10 25 14 -13 -14 26 -16 -17 21 -19 23 -21 -22 22 -24 24 -26 -27 29 -29 -30 -31
leaf_value=0.094585686296750557 0.10844747461393681 -0.076167629185509289 0.087216416452374795 0.11182608761681917 0.10878926437673937 -0.057994645252611401 -0.0085837787611233816 -0.058789756840429655 0.093398660906159295 0.013087032586560386 0.065598757959567863 0.11757995101130179 0.097232712470107591 0.045927875716960317 0.065766040741250614 0.0076192972066817834 0.076452102856887152 0.13455510977004417 0.066647241473672306 0.10590980037958214 0.078178113939170263 0.010331749571137161 0.055850916351387551 -0.11685150432427061 0.12520425779293284 0.097757839828886528 -0.12008385935177134 0.08619645453479452 0.010068270102819965 0.27486362914740714
leaf_weight=2130.3137297481298 3445.1057987213135 1245.6085259243846 2259.8239709883928 4305.7086319029331 4136.3942321687937 723.83675064519048 2240.2192849367857 1134.2833481170237 3590.940981708467 1018.347912542522 1720.0374820157886 9209.4654252678156 365.23365772888064 250.22392656654119 5308.6987928897142 2803.2225763760507 1968.8052999600768 15946.374161705375 2978.6975695230067 11200.557496398687 8448.2534777671099 1902.9860679730773 3030.477049075067 66.730620034039021 1222.141823489219 352.09726008027792 12.545316349714993 1224.2199851348996 1259.0169434323907 73.2493567019701
leaf_count=4479 4543 21133 7768 7279 4352 8351 23830 17221 10036 6065 8214 10905 2169 1785 16669 23242 6729 12198 9957 14740 15468 8926 12373 428 2172 1597 130 3816 7127 257
internal_value=0.0867355 0.0553582 0.0290934 0.068611 0.112603 0.0568374 -0.0216405 -0.0049762 0.0631171 0.00275453 0.0555896 0.102255 0.0157753 0.00422702 0.0488439 0.0360223 0.0585597 0.129248 0.0962563 0.0961435 0.0869461 0.0491774 0.0382928 0.0805474 0.112672 0.0348408 0.089636 0.0549647 0.0421303 0.217112
internal_weight=95573.6 43187.5 14483.5 28704 52386.2 20130.7 5321.36 4075.75 18036.5 2094.28 14445.5 32303.4 2941.47 2576.24 12315.2 7006.5 9162.09 20082.8 8573.28 23093.9 11893.4 6902.27 4933.46 4267.57 1288.87 1370.45 336.019 4203.27 2979.05 85.7947
internal_count=273959 211753 102321 109432 62206 89596 66525 45392 73583 16013 63547 45656 28171 26002 59068 42399 35796 16550 19836 34751 20011 28028 21299 12557 2600 7662 2172 19157 15341 387
is_linear=0
shrinkage=0.1


Tree=9
num_leaves=31
num_cat=0
split_feature=0 6 5 9 9 0 5 11 5 16 5 10 0 18 16 0 3 12 7 13 1 7 18 11 15 0 11 7 10 0
split_gain=6721.04 1368.85 1048.09 849.47 665.549 595.203 526.938 407.858 356.831 360.65 324.618 311.431 505.382 304.588 296.424 250.615 238.336 228.257 224.461 187.082 180.809 180.03 179.982 177.555 235.19 199.412 193.451 177.227 175.084 172.113
threshold=0.35758377425044097 0.86033847052693091 11.408333333333335 5.291666666666667 7.5500000000000007 1.0065789473684212 2.3589743589743595 13616569.405000003 28.628289473684216 0.0026212364815654593 84.071428571428584 128.63000000000002 0.021937916098500047 1.5000000000000002 0.0029168699163934614 0.087167581257914753 0.00027154761904761912 763.05241935483889 0.074541734860883807 0.10650000000000001 0.027874902874902876 1.4739962554607866 5.5000000000000009 2.0200000000000005 8.1250000000000018 0.02806363540900977 37.005000000000003 0.79388422035480866 84.989500000000007 0.21483516483516488
decision_type=2 2 2 2 2 2 2 2 2 2 2 2 2 2 2 2 2 2 2 2 2 2 2 2 2 2 2 2 2 2
left_child=1 18 3 11 13 8 -5 10 9 -2 14 20 16 19 17 -8 -13 29 -1 -4 -3 27 -16 -22 25 26 -25 -20 -15 -6
right_child=5 2 4 6 7 -7 15 -9 -10 -11 -12 12 -14 28 22 -17 -18 -19 21 -21 23 -23 -24 24 -26 -27 -28 -29 -30 -31
leaf_value=-0.079930157654867273 0.04501702242894029 0.0096110994468477859 0.099175958759225358 -0.072999081333223345 0.013446840312098744 0.13016291710342731 -0.0023502781519294967 -0.11266027241790727 0.11059144437417955 0.095043559733648628 0.11276077414979696 -0.06233267473515313 0.049800874596147182 0.11110238611098927 0.046115887998901484 0.054302985611224978 0.016501664596206365 0.083054676296398053 0.0028815239750883022 0.046914574709799713 0.092534601695750604 -0.039806011143406705 0.081223968052268836 0.051086203237165562 0.082469651231584451 0.062348145575781937 0.010703815406461911 0.11023915111703152 0.083006197245058241 0.062148991964130589
leaf_weight=516.59221111983061 1576.9002806842327 749.92509022727609 964.15748136118054 782.02469213306904 3224.4761062972248 8353.7747981846333 2166.1582476198673 143.82190860807896 17896.539902850986 16729.988243550062 952.21887334063649 690.19043030589819 3570.9797938615084 4585.4786789864302 2480.7512159273028 1220.9439470916986 863.0169193893671 789.54320301115513 804.24232402443886 2365.4591979905963 1501.838104262948 823.75731959193945 3549.5148106627166 2945.770565148443 2723.0266721174121 5645.1083266958594 1986.0946370661259 190.11679802834988 4295.7473074235022 936.34761597216129
leaf_count=8986 2946 4306 1786 11165 20175 5643 20501 2092 18852 21452 2069 10806 12258 6766 8624 3477 7210 3131 7040 6360 2599 11060 10445 14282 7840 15986 12639 1257 10172 2034
internal_value=0.0776685 0.0530524 0.0566074 0.0421668 0.0713796 0.106102 0.000988874 0.054734 0.10055 0.0907344 0.0567516 0.0504699 0.029089 0.0878422 0.0518946 0.0180714 -0.0185295 0.0337606 -0.0217612 0.0620479 0.0575147 -0.00523329 0.0667811 0.0599418 0.0562614 0.0495141 0.0348239 0.0234078 0.0975126 0.0244067
internal_weight=96024.5 51467.3 49132.6 24845.1 24287.5 44557.2 4169.13 12076.7 36203.4 18306.9 11932.9 20676 5124.19 12210.8 10980.6 3387.1 1553.21 4950.37 2334.71 3329.62 15551.8 1818.12 6030.27 14801.8 13300 10577 4931.87 994.359 8881.23 4160.82
internal_count=273959 225066 196723 123069 73654 48893 35143 48570 43250 24398 46478 87926 30274 25084 44409 23978 18016 25340 28343 8146 57652 19357 19069 53346 50747 42907 26921 8297 16938 22209
is_linear=0
shrinkage=0.1


Tree=10
num_leaves=31
num_cat=0
split_feature=0 6 5 9 6 0 3 4 11 5 18 18 0 0 3 16 15 4 19 0 19 16 4 1 12 8 19 10 7 13
split_gain=5905.44 1081 834.644 835.434 647.779 614.764 546.154 538.918 265.165 293.73 236.621 231.759 224.921 214.984 211.159 218.585 203.645 241.065 201.005 257.761 432.094 199.541 184.31 183.409 177.825 172.71 160.438 157.457 150.869 135.15
threshold=0.35758377425044097 0.86033847052693091 8.5147058823529438 2.535714285714286 5.4557856877092901 0.87627551020408168 0.00090741758241758258 0.33356086461888518 13616569.405000003 87.416666666666671 5.5000000000000009 2.5000000000000004 0.087167581257914753 0.091153470185728266 9.0625000000000009e-09 0.0026212364815654593 329.50000000000006 1.0847701149425288 1.5000000000000002 0.021937916098500047 11.500000000000002 0.001230014161048644 14.519230769230772 0.31414473684210531 130.28348749801867 2.1587793011941625 189.50000000000003 221.547 0.16678709055876687 0.15150000000000002
decision_type=2 2 2 2 2 2 2 2 2 2 2 2 2 2 2 2 2 2 2 2 2 2 2 2 2 2 2 2 2 2
left_child=1 16 3 18 6 11 8 -5 9 12 -8 29 14 23 -4 24 17 -1 -3 20 -20 -7 -13 -9 -16 -22 -19 -26 -23 -2
right_child=5 2 4 7 -6 21 10 13 -10 -11 -12 22 -14 -15 15 -17 -18 26 19 -21 25 28 -24 -25 27 -27 -28 -29 -30 -31
leaf_value=-0.063504519427394851 0.09301242901519835 0.07448331500306897 0.29121745077513317 -0.075235271933785985 0.09095617457941374 0.040076596010388418 0.052720136637547425 -0.019741692176879416 -0.10921426143958357 0.10090355220926257 0.084370108171310854 0.085449042446881784 0.052182722969632993 0.046545663234943337 -0.081892357817830538 0.038310457616385664 -0.10076889550972717 0.0091179575180576882 0.04122329938956075 0.052780118467248276 -0.02799370410791719 0.1211922335783427 0.10567196224286667 0.035352048380501849 0.026996999761604412 0.13400593508970041 0.30795131946521004 -0.029820826962422577 0.10202061614923078 0.064110036102306811
leaf_weight=579.47894795238972 2306.8258164227009 2186.6552407592535 29.255173776298761 806.42563333362341 5988.7457561194897 381.83706399798393 4034.7682579308748 1868.3641512915492 119.18949748948216 757.52328530699015 5698.042395234108 11627.950635030866 4949.7538487613201 1368.6610165536404 244.21134467050433 3389.7981982715428 275.17726743221283 1418.3311469517648 4701.60681078583 9101.0919055268168 1424.9867816194892 9821.5134026408195 7358.8664565384388 893.08413638547063 1463.5229217074811 68.995893016457558 18.196372680366039 731.54191713407636 7051.9604973345995 5417.3304956108332
leaf_count=10043 2779 4476 127 11613 10903 621 10573 19950 2014 1732 11819 15145 12552 3711 2430 16096 5159 12988 22786 27328 16670 7281 7574 5676 7471 397 153 8399 6677 8816
internal_value=0.0698581 0.0470877 0.050176 0.0358663 0.0618821 0.0968499 0.0537525 -0.000461606 0.0391784 0.0407077 0.0712495 0.0873458 0.0364887 0.0141383 0.0232286 0.0218836 -0.0200739 -0.00905932 0.0461237 0.0420698 0.0263366 0.111562 0.093287 -0.00192374 -0.000944337 -0.0205122 0.0129033 0.00806151 0.11318 0.0727418
internal_weight=96083.7 52117.4 49826.2 22419.9 27406.4 43966.3 21417.6 4936.53 11684.8 11565.6 9732.81 26711 10808.1 4130.11 5858.33 5829.07 2291.18 2016.01 17483.3 15296.7 6195.59 17255.3 18986.8 2761.45 2439.28 1493.98 1436.53 2195.06 16873.5 7724.16
internal_count=273959 225066 196723 112607 84116 48893 73213 40950 50821 48807 22392 34314 47075 29337 34523 34396 28343 23184 71657 67181 39853 14579 22719 25626 18300 17067 13141 15870 13958 11595
is_linear=0
shrinkage=0.1


Tree=11
num_leaves=31
num_cat=0
split_feature=0 6 8 0 9 10 2 7 8 0 4 12 16 10 0 8 6 15 4 18 18 11 5 3 9 13 17 11 17 5
split_gain=5233.4 892.234 703.146 580.133 493.932 444.889 354.203 344.988 342.902 315.307 314.55 220.538 208.948 204.337 468.807 297.201 195.738 188.699 204.176 179.575 177.12 176.098 173.24 275.623 211.808 153.523 159.972 152.832 147.874 146.961
threshold=0.39613300952736791 0.86033847052693091 2.9236596736596741 1.0065789473684212 16.928571428571434 161.82200000000003 96.500000000000014 14.155555555555557 1.1761982570806102 0.040134228187919473 8.4382621951219523 46.012552301255234 0.0024855029488319992 40.240000000000002 0.018237250554323726 0.3133928571428572 5.3504563203517739 329.50000000000006 1.0847701149425288 2.5000000000000004 25.500000000000004 3.9950000000000006 55.291666666666679 1.0641025641025642e-07 5.0625000000000009 0.12250000000000001 0.18157071428571434 8329.3750000000018 -1.0000000180025095e-35 82.083333333333357
decision_type=2 2 2 2 2 2 2 2 2 2 2 2 2 2 2 2 2 2 2 2 2 2 2 2 2 2 2 2 2 2
left_child=1 17 4 10 6 22 7 11 -6 27 12 13 -2 20 15 -15 -10 18 -1 25 21 -3 24 -24 -4 -12 -27 29 -17 -7
right_child=3 2 5 -5 8 9 -8 -9 16 -11 19 -13 -14 14 -16 28 -18 -19 -20 -21 -22 -23 23 -25 -26 26 -28 -29 -30 -31
leaf_value=-0.060543687037191853 0.03701394271634708 0.074627041445546202 0.079336265046062948 0.1143855442133863 -0.051316204011948953 0.017647350575294405 -0.069074583138399953 -0.01746041780628995 0.0097725939486468776 0.052539028988261377 0.10173017408642543 0.063143838845575867 0.076457100969270317 -0.056795593472453609 0.044044218466381901 0.053882254706508273 0.10523594041394935 -0.099921804819431123 0.010982843248931983 0.097517529790754259 0.10906479322623067 0.040066051396497201 -0.11637675889612982 0.10207275159790344 0.048513106897696223 0.053957263270432258 0.096711859895037666 -0.050262945320418223 -0.0032156783046308722 0.28459973893961571
leaf_weight=549.19684990495443 1523.5872613787651 1704.6428330540657 5275.3834996595979 7776.9788131564856 964.00768117979169 1569.3615895584226 294.79371915385127 969.01806639507413 2038.0098456479609 7852.9470673501492 1766.9639604240656 4614.2261784821749 11334.945236116648 811.26617776602507 5580.3086198680103 654.67569545656443 240.08599540218711 254.7716888487339 1460.136498298496 14939.905787482858 443.05254298448563 10909.829838577658 59.235418796539307 2315.9866848513484 3861.1304677501321 2959.7026714682579 1242.5439153462648 369.20305865257978 1476.6243806257844 20.896835759282112
leaf_count=10044 2767 3138 8734 5643 12088 12049 3091 10020 11986 18883 1756 13949 14863 11010 16928 4431 821 5169 13171 15213 1047 40442 385 3330 10839 4668 1304 4611 11516 63
internal_value=0.0630484 0.0426058 0.0452803 0.089762 0.0355912 0.0592296 0.0399497 0.0411329 -0.00132226 0.0435847 0.0840909 0.0433004 0.0717835 0.0390576 0.0270133 -0.00528426 0.0198334 -0.0188468 -0.008567 0.0916597 0.0469191 0.0447364 0.0725651 0.0966249 0.0663103 0.0769984 0.0665992 0.00769858 0.0143232 0.0211552
internal_weight=95833.4 54288.8 52024.7 41544.6 30700.5 21324.1 27458.4 27163.6 3242.1 9812.41 33767.6 26194.6 12858.5 21580.4 8522.87 2942.57 2278.1 2264.11 2009.33 20909.1 13057.5 12614.5 11511.7 2375.22 9136.51 5969.21 4202.25 1959.46 2131.3 1590.26
internal_count=273959 227745 199361 46214 140467 58894 115572 112481 24895 35606 40571 102461 17630 88512 43885 26957 12807 28384 23215 22941 44627 43580 23288 3715 19573 7728 5972 16723 15947 12112
is_linear=0
shrinkage=0.1


Tree=12
num_leaves=31
num_cat=0
split_feature=0 0 2 0 2 17 6 7 4 18 17 16 8 6 11 1 13 18 6 7 17 8 10 17 4 1 5 16 17 15
split_gain=4634.99 915.826 1206.42 478.585 408.286 352.236 320.61 285.221 259.727 251.811 230.607 164.489 180.07 163.419 162.327 161.993 161.349 150.509 145.551 142.016 141.701 138.407 143.86 144.191 137.171 132.318 181.185 123.929 119.521 118.149
threshold=0.46720430107526884 0.11163032191069576 2.5000000000000004 1.0065789473684212 85.500000000000014 -1.0000000180025095e-35 5.9719324524331752 6.5125000000000011 12.022727272727275 5.5000000000000009 0.76971818181818197 0.0025031328320802011 4.4955627110657357 5.2383461204956818 129369.08000000002 0.73863636363636376 0.12250000000000001 18.500000000000004 4.35019160713441 1.5602650063856962 0.18157071428571434 1.2864214992927867 124.66900000000003 -0.0010648999999999999 14.340579710144929 0.087228260869565227 48.035714285714292 0.0014347231828211969 -0.046180909090909085 673.50000000000011
decision_type=2 2 2 2 2 2 2 2 2 2 2 2 2 2 2 2 2 2 2 2 2 2 2 2 2 2 2 2 2 2
left_child=1 2 8 9 5 18 7 11 15 16 13 19 -13 14 17 -1 -2 25 21 -7 -18 22 23 -4 -11 28 -27 -15 -3 -30
right_child=3 10 4 -5 -6 6 -8 -9 -10 24 -12 12 -14 27 -16 -17 20 -19 -20 -21 -22 -23 -24 -25 -26 26 -28 -29 29 -31
leaf_value=0.021380983014703439 0.086747968921902174 0.057942159447106727 0.028881462802012783 0.10766807512229107 -0.060556452567040842 -0.0030018958504697568 0.038690563385872317 -0.048348065359352946 0.077634907143983925 0.078914386389269717 0.075021698914890855 0.0062028843712281746 0.04373117881312516 -0.029486622952935304 -0.037949568037066797 0.052113565215718076 0.050499344372417133 0.06378494278650533 0.074234256386688721 -0.057965570495637136 0.077492345986775166 0.04825448336856511 -0.024980400793919014 0.39834844564984073 0.096780760680185304 0.044376871342227231 0.092361268884333853 0.070515702499133748 0.024371261175269263 -0.097325349012424581
leaf_weight=2264.1055059581995 3248.5837582945824 1181.5355236008763 1198.371510669589 7452.9255764782429 714.02390318363905 2564.1397772841156 2859.9423277713358 1050.6166913621128 3210.1923045814037 9657.8736697137356 4271.7919552102685 6099.1671761572361 1617.6873235031962 127.86450003087521 230.83354832231998 7073.6517947874963 5259.7829521149397 3886.63036365062 962.17771972343326 575.62789221853018 3085.693404212594 2169.7131370790303 694.09190640971065 10.656888943165539 7741.9913807362318 6853.985392741859 888.96417494863272 4020.5834091901779 4327.4841592609882 81.274596884846687
leaf_count=10338 3545 2497 7227 5643 11116 22649 14072 15527 4745 11393 7311 39688 7056 387 736 18362 8156 6904 4597 7578 3737 10657 8281 57 7356 15205 1311 6489 11027 312
internal_value=0.0570348 0.0396994 0.0286727 0.0850665 0.0137341 0.0164129 0.00862517 0.00140391 0.0530975 0.0792567 0.053792 0.0062185 0.01407 0.0495933 0.0453523 0.0446619 0.06784 0.046469 0.0392536 -0.0130786 0.0604799 0.0309896 0.0113063 0.0321381 0.0868639 0.0414214 0.0498859 0.0674334 0.0296973 0.0221278
internal_weight=95382 58935.1 33064.2 36446.9 20516.2 19802.2 14767.2 11907.2 12547.9 28993.9 25870.9 10856.6 7716.85 21599.2 17450.7 9337.76 11594.1 17219.9 5035.01 3139.77 8345.48 4072.83 1903.12 1209.03 17399.9 13333.2 7742.95 4148.45 5590.29 4408.76
internal_count=273959 234129 181950 39830 148505 137389 106570 92498 33445 34187 52179 76971 46744 44868 37992 28700 15438 37256 30819 30227 11893 26222 15565 7284 18749 30352 16516 6876 13836 11339
is_linear=0
shrinkage=0.1


Tree=13
num_leaves=31
num_cat=0
split_feature=0 0 10 0 8 8 11 0 6 19 5 16 17 17 19 4 11 7 2 1 11 18 18 6 7 10 13 13 17 16
split_gain=4108.04 744.963 997.822 474.196 450.071 412.285 369.198 366.103 287.107 268.712 241.848 332.079 219.269 187.619 181.783 172.877 209.153 148.178 154.678 147.735 143.143 133.855 129.235 125.911 184.159 133.92 240.923 118.341 118.32 155.593
threshold=0.46720430107526884 0.11163032191069576 40.240000000000002 1.0065789473684212 0.45118464052287588 1.1761982570806102 13616569.405000003 0.030395417590539545 4.7327945046945299 36.500000000000007 49.154761904761912 0.002361278379945582 -1.0000000180025095e-35 0.76971818181818197 3.5000000000000004 2.7529069767441867 4.0200000000000005 0.33243359102534303 68.500000000000014 0.63068181818181823 33367.110000000008 18.500000000000004 5.5000000000000009 4.8105850226788869 0.17295821462488131 2.0005000000000006 0.10250000000000001 0.16950000000000004 -0.06151339285714285 5.5000000000000009
decision_type=2 2 2 2 2 2 2 2 2 2 2 2 2 2 2 2 2 2 2 2 2 2 2 2 2 2 2 2 2 2
left_child=1 2 5 10 7 9 8 14 12 15 11 -2 -6 19 -4 16 -1 18 -14 20 21 27 -13 24 -7 26 -26 -3 -18 -30
right_child=3 13 4 -5 6 23 -8 -9 -10 -11 -12 22 17 -15 -16 -17 28 -19 -20 -21 -22 -23 -24 -25 25 -27 -28 -29 29 -31
leaf_value=0.0547582132825759 0.026421883317683144 0.054080596357108483 0.15409573745686136 0.10161730841543959 0.034673575592118103 0.084490589640152852 -0.10587290692128487 0.0426835921881571 0.047911784363126798 -0.030011752499712087 0.086914101010535233 0.059981549422386218 0.030749416088754741 0.067377127879192311 -0.054496651135677532 0.089161367625502183 0.048678804948316015 -0.0048012459697997847 -0.072908569424535288 0.072364793872942937 -0.0033346360778903766 0.059733891286136036 0.077425715030734629 0.079955504328048682 0.047876003825896497 0.045668396985296934 -0.15498549626794758 0.034029608762500566 0.0092964016046904723 0.21309477122797738
leaf_weight=2371.7891122624278 1851.6754597127438 3992.2915528044105 42.696925178170204 7124.2714344263077 2946.9767924621701 1287.7992624863982 246.07121470198035 542.49915980175138 2574.9334615021944 712.05107317492366 8482.6852547228336 6796.6042844206095 2277.1580467261374 4280.2508053705096 1942.8356790728867 532.10150603950024 1058.6747666224837 6406.5161775536835 153.6685552932322 1745.3109700381756 672.29142485558987 4061.3530292361975 11321.233941063285 2370.9939189851284 151.34637086838484 3431.6107981689274 95.475144311785698 11204.626737892628 4059.7117082104087 37.810801088809967
leaf_count=5409 3284 7432 170 5643 16297 2061 5964 2552 9804 6005 8703 9296 12087 7311 32218 1287 4808 47921 1773 2596 1817 7064 12904 3417 408 8593 466 25959 20617 93
internal_value=0.0516891 0.0355494 0.0256369 0.0785453 0.00883744 0.0435043 0.0155805 -0.0301194 0.0176618 0.0288733 0.0727682 0.0667593 0.011052 0.0482446 -0.0500111 0.0340754 0.0301818 0.00317497 0.0241965 0.0444666 0.0420236 0.043607 0.0708818 0.0609966 0.0519452 0.0405512 -0.0305946 0.0392971 0.0188769 0.011177
internal_weight=94775.3 59198.8 33242.7 35576.5 17133.4 16109.4 14605.3 2528.03 14359.3 8772.14 28452.2 19969.5 11784.3 25956.1 1985.53 8060.09 7527.99 8837.34 2430.83 21675.9 19930.6 19258.3 18117.8 7337.23 4966.23 3678.43 246.822 15196.9 5156.2 4097.52
internal_count=273959 234129 181950 39830 128786 53164 93846 34940 87882 38219 34187 25484 78078 52179 32388 32214 30927 61781 13860 44868 42272 40455 22200 14945 11528 9467 874 33391 25518 20710
is_linear=0
shrinkage=0.1


Tree=14
num_leaves=31
num_cat=0
split_feature=0 0 10 0 1 0 5 8 11 9 1 15 11 18 13 17 1 7 13 6 8 8 6 11 12 7 17 17 11 19
split_gain=3627.06 623.441 683.641 474.083 473.789 466.086 349.23 298.203 234.225 195.833 185.134 165.777 159.477 154.673 152.465 148.938 131.655 131.274 129.731 126.2 134.736 123.991 123.268 120.613 123.004 127.305 119.462 116.241 114.507 109.992
threshold=0.46720430107526884 0.16145324209840342 64.501500000000007 0.021074838996224744 0.055250305250305255 1.0065789473684212 24.513157894736846 0.46693989071038261 239.21000000000001 15.071428571428573 0.033195592286501381 14.125000000000002 4.0200000000000005 2.5000000000000004 0.16050000000000003 -1.0000000180025095e-35 0.84523809523809534 0.14819994819994822 0.12250000000000001 7.6965388846576968 8.7513440860215059 0.94038734896943865 8.936557628418095 4139.9950000000008 5.360493550454156 0.22245131729667814 0.18157071428571434 -0.06151339285714285 245.45000000000002 3.5000000000000004
decision_type=2 2 2 2 2 2 2 2 2 2 2 2 2 2 2 2 2 2 2 2 2 2 2 2 2 2 2 2 2 2
left_child=1 2 6 4 23 8 9 29 -2 10 14 12 -12 18 -1 -5 -3 -15 -10 20 28 -11 -17 24 -4 -26 -20 -14 -9 -6
right_child=5 16 3 15 7 -7 -8 19 13 21 11 -13 27 17 -16 22 -18 -19 26 -21 -22 -23 -24 -25 25 -27 -28 -29 -30 -31
leaf_value=0.03141440243624815 0.04846001847920104 0.042994565404552744 -0.075507274182428183 0.050370985052240497 0.27479643565721112 0.096084158315300983 0.059359691902176895 0.025140205811454 0.079150924143228413 -0.067237045176853125 0.050357024464098871 0.053921658944032475 0.044991244917813138 0.087366523111099825 -0.050768140873123382 0.013880379697405602 0.072993253089946961 0.069068715082990118 0.036891608011499037 0.051708701648551583 0.050834061508613484 0.0087151669075499379 0.058691433024762055 -0.090736873092053527 0.12592778713371397 -0.02410410314357294 0.073728504171942821 0.013633123999609456 -0.0082210021842979899 -0.045640600936596193
leaf_weight=431.24595257639885 5532.2099132984877 20724.383063264191 504.8498967140913 2073.936362568289 10.82253625243902 6798.2075079679489 5038.9468366503716 1565.895648535341 1961.4776295125484 296.38772815465927 2419.3748856671154 3451.5069375298917 1514.6952179856598 6639.6968894898891 473.7091455757618 5174.3392433673143 1574.0828144699335 9575.1929956227541 2924.0838643163443 815.23864595964551 683.27097034454346 782.11044964194298 696.51069056987762 484.68014192953706 59.54059798642993 1128.1844978407025 1259.6039763689041 5383.8085694499314 2999.8273628354073 1049.7895723730326
leaf_count=1795 8039 39672 10748 7112 29 5643 9291 9437 2134 3830 5466 8262 6211 6540 3411 22990 2092 11366 4675 2966 2659 4038 1859 10123 585 16069 1433 24960 23253 17271
internal_value=0.0469188 0.0319016 0.0239483 0.0093946 -0.00592765 0.0726055 0.0366306 0.00654817 0.0668831 0.0288674 0.032103 0.0352006 0.0282659 0.0714412 -0.011605 0.0273346 0.0451122 0.0765613 0.057931 0.0151039 0.00941872 -0.0121577 0.0191967 -0.0467535 -0.0341585 -0.016583 0.0479823 0.0205184 0.00322082 -0.0423708
internal_weight=94027.6 59337.1 37038.7 17246.9 9302.1 34690.5 19791.8 7124.84 27892.3 14752.8 13674.3 12769.4 9317.88 22360.1 904.955 7944.79 22298.5 16214.9 6145.17 6064.23 5248.99 1078.5 5870.85 2177.26 1692.57 1187.73 4183.69 6898.5 4565.72 1060.61
internal_count=273959 234129 192365 125101 93140 39830 67264 55615 34187 57973 50105 44899 36637 26148 5206 31961 41764 17906 8242 38315 35349 7868 24849 37525 27402 16654 6108 31171 32690 17300
is_linear=0
shrinkage=0.1


Tree=15
num_leaves=31
num_cat=0
split_feature=0 0 10 0 8 1 9 18 8 8 8 6 5 16 17 17 17 13 16 16 8 11 19 12 11 18 18 6 18 19
split_gain=3197.19 549.079 442.862 777.9 442.47 292.807 275.463 215.394 211.542 203.652 194.817 172.937 151.579 149.962 141.538 187.194 168.255 161.413 140.227 137.118 131.547 121.775 144.716 118.91 131.525 131.243 114.521 110.122 138.879 153.761
threshold=0.39613300952736791 0.737171052631579 166.93950000000004 0.013536417773705912 4.0037878787878798 0.025078616352201263 14.062500000000002 17.500000000000004 7.2629012440485345 1.2010101010101011 0.33156028368794327 5.3504563203517739 61.133928571428577 0.002361278379945582 -0.0027241071428571423 0.76971818181818197 1.7800746168878208 0.11050000000000001 0.0029455144889814337 0.0027894057048598688 8.6018867924528326 3583.6900000000005 128.50000000000003 33.001650165016507 2.0200000000000005 1.5000000000000002 1.0000000180025095e-35 0.5659311376785231 20.500000000000004 87.500000000000014
decision_type=2 2 2 2 2 2 2 2 2 2 2 2 2 2 2 2 2 2 2 2 2 2 2 2 2 2 2 2 2 2
left_child=2 12 4 5 6 -4 7 23 19 -8 -7 20 13 -2 -5 17 -17 -16 27 -3 -12 22 -13 24 25 -1 -15 28 29 -18
right_child=1 8 3 14 -6 10 9 -9 -10 -11 11 21 -14 26 15 16 18 -19 -20 -21 -22 -23 -24 -25 -26 -27 -28 -29 -30 -31
leaf_value=0.01469752905624208 0.019618265008319966 0.03813118002514046 -0.072115932396639701 0.044160004648159251 0.053452624360434658 -0.063318781859447365 -0.044410374154220722 0.055030200959630307 0.087891882581916769 0.014220814855944189 -0.017000347694076528 0.062515200027627726 0.073749778789920437 0.035041962821401061 0.035732454238065807 0.074822237699025282 0.053329647657691374 0.00571464392615056 0.055740967128356293 0.071610522499528609 0.04458599122246535 -0.080237976125153446 0.41021220418271381 0.042747951528225872 0.020881815362654446 0.074286704230713721 0.056851683705500269 -0.031364067624780639 -0.1198077506792616 0.48491445697085267
leaf_weight=600.60310966521502 1568.6183890253305 1425.9251491725445 868.66311736032367 3520.980283819139 8695.5603014491498 550.79657402262092 774.51375069096684 3292.9165336489677 9125.2798847407103 2519.8281738683581 2546.4353191256523 441.12011729925871 2923.1573351621628 3062.5948010087013 2532.6327952332795 1099.4201815798879 19.073055796325207 6120.2125624381006 525.23903829976916 8609.8261495381594 401.51359435170889 59.472836691886187 12.304462946951388 4103.0376225709915 15085.361619886011 961.00280553847551 11257.254031598568 487.2168926820159 15.736978165805338 14.554023526608942
leaf_count=1448 2910 2043 18645 9531 17195 12594 9252 9607 8375 10968 28411 2447 3387 5038 7049 2392 134 21917 1352 9403 2292 393 63 9399 58672 1397 15058 2372 148 67
internal_value=0.0426198 0.0649581 0.0272664 0.0150061 0.0338045 -0.0194776 0.0275547 0.0312705 0.0768729 0.000436374 -0.00807948 0.000711898 0.0528221 0.0489718 0.026746 0.0210761 0.0474017 0.0145007 0.0190102 0.0668536 -0.00861223 0.0543036 0.0719506 0.0274999 0.0237417 0.0513683 0.0521872 -0.0169441 0.125379 0.240122
internal_weight=93220.9 37972.7 55248.2 19215.4 36032.8 4880.31 27337.3 24042.9 19161 3294.34 4011.64 3460.85 18811.6 15888.5 14335.1 10814.1 2161.24 8652.85 1061.82 10035.8 2947.95 512.897 453.425 20750 16647 1561.61 14319.8 536.581 49.3641 33.6271
internal_count=273959 46214 227745 109807 117938 64845 100743 80523 19821 20220 46200 33606 26393 23006 44962 35431 6465 28966 4073 11446 30703 2903 2510 70916 61517 2845 20096 2721 349 201
is_linear=0
shrinkage=0.1


Tree=16
num_leaves=31
num_cat=0
split_feature=0 0 10 0 0 1 8 8 4 19 16 9 13 18 4 11 17 1 1 5 16 14 17 17 6 11 8 2 3 3
split_gain=2818.86 462.468 499.938 461.094 279.748 431.02 271.747 270.059 220.099 180.557 138.573 142.812 136.246 143.358 122.681 128.551 118.303 145.279 109.154 126.084 129.068 106.38 106.365 102.933 103.105 101.479 126.134 100.497 109.613 186.31
threshold=0.46720430107526884 0.16145324209840342 40.240000000000002 1.0506410256410259 0.013536417773705912 0.038610614192009549 0.22260936895083239 1.1761982570806102 7.9455882352941183 35.500000000000007 0.0027894057048598688 1.0000000180025095e-35 0.33050000000000007 2.5000000000000004 2.7529069767441867 6.0150000000000015 0.47955691666666672 0.14907407407407411 4.5000000000000009 82.083333333333357 0.0024009638443091685 5.5000000000000009 0.18157071428571434 -1.0000000180025095e-35 8.4968646002365329 55243.790000000008 8.4758574758574774 7.5000000000000009 1.0641025641025642e-07 6.0253968253968262e-06
decision_type=2 2 2 2 2 2 2 2 2 2 2 2 2 2 2 2 2 2 2 2 2 2 2 2 2 2 2 2 2 2
left_child=1 2 7 8 5 -4 -7 9 10 14 -2 -12 -10 22 15 -1 -8 -18 19 20 -9 25 -14 -6 -25 26 -3 -19 -29 -30
right_child=3 21 4 -5 23 6 16 18 12 -11 11 -13 13 -15 -16 -17 17 27 -20 -21 -22 -23 -24 24 -26 -27 -28 28 29 -31
leaf_value=0.040368805062868961 0.015145529948708623 0.03313658783508272 -0.054401909245593162 0.087004610523361878 0.040380840963727765 -0.045879620725080242 0.01544989275447245 0.0017107757110153589 0.078530985363223935 -0.023243733602496972 0.066021651460930295 0.039010593473735124 0.02933816731533247 0.064588077325305526 0.070107256279586694 0.013520229646534272 -0.056770069473199958 -0.0072544998723126312 0.072383086467062513 0.090303117370977237 0.042842801479791442 0.059269931805195075 0.067378094327746677 0.010489613590004662 0.049050562732263991 -0.0064122141543707925 0.057278609152903295 -0.08125341692301237 0.25017559137615203 0.020371083902485168
leaf_weight=2571.2662595808506 1381.7530394047499 17213.852610565722 1378.2292280178517 6093.8619837909937 2239.1074575036764 946.13379313051701 7719.0229103565216 911.06092436611652 4387.9278413504362 858.29047384113073 3171.9354841858149 5112.0815995633602 2435.2369939982891 9313.9193205237389 559.56186624616385 5819.5950889885426 538.63781302422285 833.7110058516264 1285.9792558401823 465.74473158270121 4690.5978309586644 1975.8216318190098 1052.845995888114 5454.0734640471637 794.39780893176794 575.98141497373581 2475.3408321887255 36.180148795247078 59.146616965532303 87.42696226388216
leaf_count=6005 2538 33723 27964 5523 7640 15736 45500 3303 4545 6650 3860 7443 3913 10799 1307 26671 7160 4651 1542 521 9613 2733 1209 24615 2112 1408 3900 459 387 529
internal_value=0.0387068 0.0257106 0.0188975 0.0621709 0.00818861 -0.00190688 0.00517222 0.0314308 0.0565358 0.0205695 0.044463 0.0493531 0.0633243 0.0581122 0.024771 0.0217476 0.0103805 -0.0147826 0.0459188 0.0403097 0.036153 0.0371209 0.0408202 0.0219843 0.0153921 0.0349614 0.0361717 0.00746716 0.0746264 0.113104
internal_weight=92438.7 59489.2 37248.2 32949.6 20086.1 11598.5 10220.3 17162.1 26855.7 9808.71 9665.77 8284.02 17189.9 12802 8950.42 8390.86 9274.13 1555.1 7353.38 6067.4 5601.66 22241 3488.08 8487.58 6248.47 20265.2 19689.2 1016.46 182.754 146.574
internal_count=273959 234129 192365 39830 136753 102386 74422 55612 34307 40633 13841 11303 20466 15921 33983 32676 58686 13186 14979 13437 12916 41764 5122 34367 26727 39031 37623 6026 1375 916
is_linear=0
shrinkage=0.1


Tree=17
num_leaves=31
num_cat=0
split_feature=0 0 19 6 0 8 11 5 0 18 5 16 5 16 9 3 18 15 13 6 18 16 7 12 3 2 7 4 7 16
split_gain=2487.34 568.441 362.826 316.639 315.938 301.6 272.855 229.955 226.667 183.392 179.052 183.75 168.705 199.485 151.62 154.28 143.943 124.528 124.135 123.512 122.313 110.812 110.533 104.969 100.895 98.2805 96.0963 95.0634 93.1952 90.5523
threshold=0.55662393162393176 0.21089696071163827 20.500000000000004 7.1666244776820287 1.0506410256410259 1.3933982683982686 13616569.405000003 11.975000000000001 0.021937916098500047 1.5000000000000002 92.571428571428584 0.0024009638443091685 56.041666666666679 0.0025031328320802011 2.0625000000000004 7.4019021739130445e-05 7.5000000000000009 6.2500000000000009 0.15150000000000002 5.558645408478557 9.5000000000000018 0.0029168699163934614 1.395446006348384 596.17311546169276 1.4017857142857145e-08 11.500000000000002 0.17295821462488131 23.139610389610393 0.14307966177125056 0.0028275237181537151
decision_type=2 2 2 2 2 2 2 2 2 2 2 2 2 2 2 2 2 2 2 2 2 2 2 2 2 2 2 2 2 2
left_child=1 2 7 5 16 8 10 14 17 28 11 24 13 -3 -1 -16 18 -4 -2 -15 -13 -10 29 -24 -7 -14 -18 -27 -9 -11
right_child=4 12 3 -5 -6 6 -8 9 21 22 -12 20 25 19 15 -17 26 -19 -20 -21 -22 -23 23 -25 -26 27 -28 -29 -30 -31
leaf_value=0.023380883309582292 0.065757729063573814 0.007257869692628937 -0.07113961844188546 0.038241506427274356 0.082437052847153636 0.099703929155491838 -0.10636340154861895 0.052474277682965233 -0.076183951068226646 0.011678532694542009 0.0752637407746094 0.0076305729597534611 0.072971432624033453 0.033338189296629565 -0.05422295183983486 0.0082231710929279236 0.074385340822749932 -0.023009944337048206 0.039680973334661196 0.052734293269141412 0.036010634684119476 0.0064103010745893757 -0.0058739480930521852 0.1748171567068898 -0.0095739950739589016 -0.0043795062764072487 0.05487659009817461 0.060855052352836794 0.0054516183325202267 0.055926227698135655
leaf_weight=12309.626053094864 2509.0984619706869 2444.3648797273636 896.39950572326779 2795.4685235414654 5803.655175536871 86.526860952377319 193.54319339618087 539.98232059925795 173.88673033937812 507.03763948008418 448.61497963033617 3148.4053406566381 1918.7321234419942 14971.926810637116 476.36386772990227 2334.697263289243 4769.4284202903509 1342.9574542529881 6700.5720714181662 4205.2022932171822 2933.6100037544966 2467.2324519045651 520.14675196260214 34.268636718392372 3588.8557777889073 388.50633782893419 5365.2886034846306 525.60320614278316 1920.6121721342206 5266.222597643733
leaf_count=45922 2852 5381 19164 9812 5523 498 5929 985 1509 1650 1253 13799 2350 26148 5745 12219 4970 18690 9481 5887 11658 10698 1580 40 27165 805 6656 722 5153 9715
internal_value=0.0351876 0.0250487 0.0179893 0.00729781 0.0619737 0.00163669 0.0112612 0.0260723 -0.0188716 0.0389363 0.0134918 0.0106517 0.0371686 0.0341621 0.0185956 -0.00235898 0.0558344 -0.0422759 0.0467854 0.0375914 0.0213195 0.000972438 0.0479444 0.00529464 -0.00700134 0.0601152 0.0640575 0.0331297 0.0157708 0.0520402
internal_weight=91586.8 66438.8 41984.5 18075.5 25148 15280 10399.6 23909 4880.48 8788.27 10206 9757.4 24454.3 21621.5 15120.7 2811.06 19344.4 2239.36 9209.67 19177.1 6082.02 2641.12 6327.68 554.415 3675.38 2832.84 10134.7 914.11 2460.59 5773.26
internal_count=273959 244477 203184 120175 29482 110363 60302 83009 50061 19123 54373 53120 41293 37416 63886 17964 23959 37854 12333 32035 25457 12207 12985 1620 27663 3877 11626 1527 6138 11365
is_linear=0
shrinkage=0.1


Tree=18
num_leaves=31
num_cat=0
split_feature=0 0 10 0 0 1 1 12 17 3 7 18 18 13 17 10 6 11 17 15 13 7 17 8 11 5 9 1 13 2
split_gain=2185.64 529.931 306.677 291.753 262.575 257.879 198.055 196.699 159.638 150.224 214.216 124.071 122.753 118.127 183.149 150.75 114.379 109.946 119.746 107.413 99.3731 91.622 91.2022 90.1628 88.8029 88.5105 121.354 115.639 121.479 133.005
threshold=0.60128205128205137 0.21896404109589043 128.63000000000002 0.013536417773705912 1.0506410256410259 0.017937580437580442 4.5000000000000009 6.0030030030030037 0.53004285714285726 0.00090741758241758258 1.611461979862139 10.500000000000002 8.5000000000000018 0.17950000000000002 -0.0010648999999999999 186.66100000000003 19.261686866188477 37.005000000000003 -0.080215199999999987 448.50000000000006 0.15150000000000002 0.12504125412541259 -1.0000000180025095e-35 2.7448894451397585 1435.5550000000001 77.236111111111128 59.166666666666679 0.029304422498926581 0.39750000000000008 48.500000000000007
decision_type=2 2 2 2 2 2 2 2 2 2 2 2 2 2 2 2 2 2 2 2 2 2 2 2 2 2 2 2 2 2
left_child=1 2 6 5 11 -4 9 -7 13 25 12 20 -11 -3 19 -16 24 -12 -19 -15 -2 -22 -5 -10 -9 26 27 28 -1 -30
right_child=4 8 3 22 -6 7 -8 16 23 10 17 -13 -14 14 15 -17 -18 18 -20 -21 21 -23 -24 -25 -26 -27 -28 -29 29 -31
leaf_value=0.017169076444697024 0.062579272184294363 0.043942232439839655 -0.081016258744291442 0.031721302049263267 0.078090948632396281 -0.050323962752114274 0.054362761410779475 0.0093725621506330868 0.031865188817502693 0.028042685199277585 0.041525229250585972 0.062777831477165133 0.055094823857684841 0.033889392433227868 0.02672311205485714 0.0004036811554974666 0.094929598423654685 0.043510206156435721 -0.030791873159906277 0.071981351380150396 0.051251039421540391 0.028321121941071992 0.0098424720578432507 0.0570082227542721 -0.021567337107900923 0.058342777018890749 -0.029750127810540601 0.017369329218473752 -0.11336504645501483 -0.0024155473087278294
leaf_weight=432.44433496147394 2486.2787692844868 4620.87614184618 505.49867890030146 2570.409269053489 5528.5182279348373 847.87141959741712 1844.6514414027333 2899.6710700970143 2190.2330400198698 4230.2346625551581 465.49196462333202 7273.6984938234091 2779.4926782213151 4994.629838898778 5881.6015886515379 3454.3665805235505 129.33697310462594 274.97234266996384 1027.0196706205606 869.0778421908617 3343.0107854902744 3639.9737745523453 7362.8828588910401 4088.7618719637394 1364.0457306988537 450.83943747356534 625.67920920811594 14143.150232901797 215.73162266984582 216.4605502858758
leaf_count=1993 2859 6950 13722 8095 5523 17360 2801 25112 3663 10324 1756 8331 5539 8435 10725 7296 730 955 4772 1044 4293 5433 28979 5429 15639 773 5455 56801 1406 1766
internal_value=0.0319823 0.0231327 0.01623 0.00512894 0.0591952 -0.0128054 0.0227477 -0.00622635 0.0343427 0.020402 0.0309247 0.0529558 0.0387694 0.0299408 0.0256842 0.0169848 0.00228461 -0.00018676 -0.0150998 0.0395351 0.0454112 0.0392985 0.015504 0.0482379 -0.000525712 0.0146597 0.0134 0.0151989 -0.0203029 -0.0577967
internal_weight=90756.9 68485.4 42385.9 15679.7 22271.5 5746.42 26706.2 5240.93 26099.5 24861.5 8777.21 16743 7009.73 19820.6 15199.7 9335.97 4393.05 1767.48 1301.99 5863.71 9469.26 6982.98 9933.29 6278.99 4263.72 16084.3 15633.5 15007.8 864.637 432.192
internal_count=273959 247520 203978 109637 26439 72563 94341 58841 43542 91540 23346 20916 15863 34450 27500 18021 41481 7483 5727 9479 12585 9726 37074 9092 40751 68194 67421 61966 5165 3172
is_linear=0
shrinkage=0.1


Tree=19
num_leaves=31
num_cat=0
split_feature=0 0 1 8 2 3 15 5 18 11 18 6 0 10 5 3 6 13 1 11 15 9 6 5 12 17 19 5 10 16
split_gain=1911.22 442.016 264.763 258.007 225.298 188.05 181.892 172.601 143.962 135.357 128.328 127.87 127.806 287.727 140.769 154.986 125.542 119.156 133.26 115.78 109.797 194.551 109.27 107 105.63 104.262 102.657 102.119 101.614 109.768
threshold=0.60128205128205137 0.21089696071163827 2.4166666666666674 9.601587301587303 85.500000000000014 0.0012510869565217394 10.250000000000002 0.84523809523809534 14.500000000000002 158.14500000000001 2.5000000000000004 2.1197674209608719 0.013536417773705912 319.65450000000004 82.083333333333357 1.0641025641025642e-07 7.1666244776820287 0.18850000000000003 0.012539308176100631 4.0200000000000005 138.25000000000003 32.083333333333336 4.7327945046945299 3.3660714285714293 5.0025025025025034 0.024765258620689661 100.50000000000001 71.944444444444457 12.502000000000002 0.0017878452096829187
decision_type=2 2 2 2 2 2 2 2 2 2 2 2 2 2 2 2 2 2 2 2 2 2 2 2 2 2 2 2 2 2
left_child=1 2 4 10 5 12 7 -7 17 -3 -2 -6 13 14 19 -16 -15 -8 -19 22 21 -21 -1 -22 -10 -18 -25 -12 -20 -30
right_child=3 9 -4 -5 11 6 8 -9 24 -11 27 -13 -14 16 15 -17 25 18 28 20 23 -23 -24 26 -26 -27 -28 -29 29 -31
leaf_value=0.036190143445777388 0.032507027412751126 0.018794210666676688 0.041845955210460507 0.070877864827036993 -0.071036624990660518 0.027306454266299435 0.048313767948621834 -0.015635515315692138 0.23635125275236424 0.035248373084716629 0.04928878663747651 0.024943593081476555 0.016925065757124526 -0.039402303318012678 -0.12086552942391141 0.084041886384750977 0.10095566873203532 -0.14222647322048795 0.061339645086509104 0.00051101353617215284 0.3042378654027571 -0.061782420573627685 -0.079369526129740242 0.02023140581769646 0.054533868577323209 -0.034226831147442204 -0.052163541608485242 0.077343837912513036 0.24407100797118755 0.00958746231545448
leaf_weight=1664.0022514946759 4122.1881415843964 6716.9773357212543 3267.4958413019776 6932.0736346393824 499.37569260597229 1942.3612522669137 1568.5382898300886 1806.5955651029944 32.520570330321789 19553.00835801661 9052.5024476200342 192.23965941742063 11356.246288105845 1915.6529972106218 40.775991171598434 389.62842278927565 124.1481471657753 52.912826299667358 462.99901534616947 7398.0026074852794 12.937732744961975 537.80533901974559 86.057396523654461 3474.2589887529612 1832.0888389796019 105.57032763957977 207.57530979067087 1514.4962062090635 20.094656318426132 3074.7612677775323
leaf_count=3944 5983 12652 6019 7411 9501 6742 3475 8584 109 31684 11525 2007 40638 34087 448 504 1075 213 779 45884 56 8256 345 14745 3838 1130 1876 1520 44 8885
internal_value=0.029063 0.020864 0.0145082 0.0549762 0.0122059 0.0132325 0.0244077 0.00661303 0.0338785 0.0310412 0.0474719 -0.0443582 0.0088165 0.0030456 0.0083381 0.0646292 -0.0310254 0.0253007 0.0153037 0.00652743 0.00291911 -0.00371058 0.0305076 0.0171587 0.0577049 0.0388307 0.0161499 0.0533097 0.0176466 0.0111099
internal_weight=89955.9 68334.6 42064.6 21621.3 38797.1 38105.5 10792.9 3748.96 7043.92 26270 14689.2 691.615 27312.7 15956.4 13811 430.404 2145.37 5179.31 3610.77 13380.6 11630.6 7935.81 1750.06 3694.77 1864.61 229.718 3681.83 10567 3557.85 3094.86
internal_count=273959 247520 203184 26439 197165 185657 32669 15326 17343 44336 19028 11508 152988 112350 76058 952 36292 13396 9921 75106 70817 54140 4289 16677 3947 2205 16621 13045 9708 8929
is_linear=0
shrinkage=0.1


Tree=20
num_leaves=31
num_cat=0
split_feature=0 0 17 1 13 0 8 4 9 11 1 5 16 5 10 13 5 18 16 18 15 15 3 17 19 17 5 14 17 15
split_gain=1663.45 448.663 231.073 234.305 239.168 252.057 208.818 156.041 295.313 175.027 155.386 139.61 175.537 128.9 121.74 127.488 121.044 116.144 114.853 111.908 110.925 162.478 107.391 105.522 107.017 103.727 102.847 100.257 108.753 125.282
threshold=0.66797900262467202 0.25143678160919547 -1.0000000180025095e-35 0.033445190156599559 0.13250000000000003 0.013536417773705912 9.601587301587303 2.4104278074866312 5.291666666666667 355433.82500000001 1.4500000000000002 56.041666666666679 0.0025031328320802011 2.3589743589743595 14.063500000000003 0.12250000000000001 95.732142857142875 4.5000000000000009 0.0029168699163934614 23.500000000000004 10.250000000000002 5.7500000000000009 0.00015803827751196175 -0.014992857142857141 25.500000000000004 0.6444295192307693 2.3589743589743595 1.2500000000000002 0.051575291866028716 222.25000000000003
decision_type=2 2 2 2 2 2 2 2 2 2 2 2 2 2 2 2 2 2 2 2 2 2 2 2 2 2 2 2 2 2
left_child=1 2 10 4 -4 -6 -2 8 20 14 16 12 -3 -10 -9 -16 22 -17 -19 25 21 26 23 -1 -25 -14 -5 -15 -29 -30
right_child=6 11 3 7 5 -7 -8 9 13 -11 -12 -13 19 27 15 17 -18 18 -20 -21 -22 -23 -24 24 -26 -27 -28 28 29 -31
leaf_value=0.0027193733868865599 0.046044132599427391 0.0016311024548320324 0.019017305195399011 0.01308898641099214 -0.076183945088947241 -0.0097743815110711407 0.068966853016800708 0.047618589476183332 -0.074812162126304746 -0.064014439676719589 0.061101211341092337 0.048561759294591139 0.022686739984160445 -0.033274043668179036 0.032175430505383074 0.00026435452557289842 0.12165161102146699 -0.00092436505602141962 0.029031167032570655 0.046734762593930071 0.038403744083364784 -0.039186154974459715 0.028825946432223526 -0.0048757627091847687 0.11475392895779418 0.042437695239631867 -0.055323482380109437 -0.035612254494292651 0.088465733698198892 -0.024865891143645236
leaf_weight=3495.8368064537644 11686.134948417544 2376.2158407717943 1519.10483533144 8558.4246852900833 835.84215789288282 1807.3559392020106 6021.9273733943701 1474.7194688767195 464.12374876253307 250.67296472005546 1136.6397056803107 3592.6131201982498 12513.580368205905 1210.7373321373016 4313.0148391090333 4842.0949855186045 120.85636419989169 1766.4164805449545 4647.4871993251145 3457.7650569230318 1340.6849582344294 686.38712118938565 6469.2139179240912 129.97070293687284 176.0936543289572 3376.4352682232857 225.5380532592535 263.69846260175109 262.80593112111092 155.10967529192567
leaf_count=21232 15163 4891 8728 34602 18366 10154 6564 2599 9641 2031 2091 4880 21428 11179 12658 17970 120 10173 12792 4729 5453 3708 20311 842 1263 4765 1297 1850 1285 1194
internal_value=0.0264015 0.0196031 0.0137349 0.00965199 -0.0126022 -0.0307747 0.0538394 0.0126928 0.00449039 0.0189379 0.0259974 0.030301 0.0272811 -0.0275864 0.0201579 0.0175568 0.0221579 0.0119553 0.0207813 0.0304313 0.0114822 0.00767096 0.0209871 0.00764886 0.063953 0.0268836 0.0113324 -0.0160037 0.0146732 0.0464026
internal_weight=89177.5 71469.4 46152.8 34624.2 4162.3 2643.2 17708.1 30461.9 13167.5 17294.4 11528.6 25316.6 21724 2356.48 17043.7 15569 10392 11256 6413.9 19347.8 10811 9470.35 10271.1 3801.9 306.064 15890 8783.96 1892.35 681.614 417.916
internal_count=273959 252232 211539 165680 37248 28520 21727 128432 70209 58223 45859 40693 35813 25149 56192 53593 43768 40935 22965 30922 45060 39607 43648 23337 2105 26193 35899 15508 4329 2479
is_linear=0
shrinkage=0.1


Tree=21
num_leaves=31
num_cat=0
split_feature=0 0 0 11 1 7 1 0 13 1 5 3 18 12 5 9 10 8 16 5 10 18 19 10 16 8 12 9 13 7
split_gain=1444.95 374.884 209.95 206.403 192.688 147.098 139.477 161.35 168.216 193.013 204.271 135.584 143.061 120.971 120.207 121.012 115.174 108.298 104.51 96.9635 96.5778 95.536 93.336 92.7341 106.746 100.074 86.644 91.8971 83.5989 81.2451
threshold=0.66797900262467202 0.25143678160919547 1.0506410256410259 13616569.405000003 1.7083333333333337 7.0779610194902558 0.062895569620253181 0.013536417773705912 0.14250000000000002 0.017937580437580442 84.071428571428584 0.00090741758241758258 17.500000000000004 72.756258390586751 28.628289473684216 15.585714285714287 727.07450000000017 1.668439716312057 0.017563138615770198 3.6794871794871802 743.69950000000006 10.500000000000002 19.500000000000004 13.408500000000002 0.0038046939839030329 0.33156028368794327 471.00087873462223 3.2250000000000005 0.14250000000000002 0.12813679462395289
decision_type=2 2 2 2 2 2 2 2 2 2 2 2 2 2 2 2 2 2 2 2 2 2 2 2 2 2 2 2 2 2
left_child=1 3 21 4 5 6 7 8 17 -10 -11 -8 13 23 15 -3 -9 22 19 20 -18 28 -1 -13 -25 -26 27 -7 -2 -30
right_child=2 14 -4 -5 -6 26 11 16 9 10 -12 12 -14 -15 -16 -17 18 -19 -20 -21 -22 -23 -24 24 25 -27 -28 -29 29 -31
leaf_value=0.021875015666404818 0.053979593990275798 0.024716942977528383 0.067537378905112952 -0.10096309611739451 0.033985576660903759 0.0038540842543361696 0.010310137305177405 -0.00017954360166093402 -0.098067717762046452 -0.02425436489106482 0.31763000521006735 0.038173811842164437 0.048004665027864171 0.035232646743606925 0.03658759653453289 -0.0086247781301523503 0.22600968049249315 0.03512874171890238 0.10083410949966563 0.025722067568842735 -0.070521797104586711 0.053243897028322232 -0.077202529443045342 -0.10011072968649681 -0.077876633002895296 0.0096858112229392321 0.25623265551086444 -0.037561284617027978 0.041374512278574901 0.016490953137728501
leaf_weight=176.58728469721973 1807.5769071877003 14663.710658863187 4883.5443307310343 160.20567421428859 3906.5330921150744 1109.323962168768 18567.808211417869 4682.2621426135302 425.44357724860311 1079.0453636068851 17.763963926583529 1037.8813044391572 2063.5660510808229 3040.5555761083961 9253.0695793479681 1175.844438970089 11.763454176485537 674.72067211195827 172.7424695007503 2434.3834221847355 165.62628294527531 5252.6220447719097 206.00263796187937 94.10259984433651 134.05768544226885 4949.8698438815773 11.742363683879374 1036.2458054460585 2648.0106636583805 2600.8785420060158
leaf_count=851 2189 24478 5523 6030 7797 8123 80087 17549 7087 16813 147 2488 4443 6308 13753 2462 20 3377 573 9962 1210 6397 3787 400 879 15384 78 18146 3548 4070
internal_value=0.0239727 0.017694 0.0499932 0.0123458 0.0127405 0.0107687 0.0121427 0.00194926 -0.019612 -0.0408943 -0.0187172 0.0155691 0.0241952 0.0188873 0.0275319 0.0222418 0.00939809 0.0110289 0.0255032 0.0205208 -0.0508576 0.0430327 -0.0314725 0.0108918 0.00542346 0.00737688 -0.0146657 -0.0161483 0.0354318 0.0290445
internal_weight=88443.5 71250.9 17192.6 46158.2 45998 42091.5 39934.2 10046.3 2579.56 1522.25 1096.81 29887.8 11320 9256.47 25092.6 15839.6 7466.78 1057.31 2784.52 2611.77 177.39 12309.1 382.59 6215.91 5178.03 5083.93 2157.31 2145.57 7056.47 5248.89
internal_count=273959 252232 21727 211539 205509 197712 171365 61376 32062 24047 16960 109989 29902 25459 40693 26940 29314 8015 11765 11192 1230 16204 4638 19151 16663 16263 26347 26269 9807 7618
is_linear=0
shrinkage=0.1


Tree=22
num_leaves=31
num_cat=0
split_feature=0 8 0 11 9 8 16 5 8 8 3 9 2 18 11 12 7 1 18 6 17 17 13 10 1 4 3 12 11 13
split_gain=1253.33 271.934 269.398 233.993 190.59 197.533 181.407 236.499 215.325 163.637 152.972 151.243 254.548 142.999 148.109 152.554 133.102 122.219 117.029 116.732 116.25 117.618 122.662 142.659 138.025 110.199 110.17 101.76 101.47 110.405
threshold=0.55662393162393176 2.9236596736596741 1.0506410256410259 13616569.405000003 16.928571428571434 1.1761982570806102 0.0024009638443091685 51.366666666666674 4.6679487179487191 5.4234949832775934 0.00070125000000000016 64.333333333333357 53.500000000000007 1.5000000000000002 2.0200000000000005 46.012552301255234 3.2886904761904767 0.052015692640692647 2.5000000000000004 1.0000000180025095e-35 0.88260403437500001 -0.30907802597402595 0.36350000000000005 259.16450000000003 0.03436466698157771 10.378409090909093 5.5033333333333341e-05 7.0005834305717629 29713.905000000002 0.71050000000000002
decision_type=2 2 2 2 2 2 2 2 2 2 2 2 2 2 2 2 2 2 2 2 2 2 2 2 2 2 2 2 2 2
left_child=1 4 18 6 13 -6 7 8 17 -9 11 26 -13 19 -15 -16 25 -3 -2 -1 21 -8 27 24 -24 -7 -10 -23 -11 -30
right_child=2 3 -4 -5 5 16 20 9 10 28 -12 12 -14 14 15 -17 -18 -19 -20 -21 -22 22 23 -25 -26 -27 -28 -29 29 -31
leaf_value=-0.13129997272161406 0.024052353835558111 -0.031651703800413926 0.063755079360611519 -0.10689092083801705 -0.046770190881660859 0.010300102259570499 0.041546744102554267 -0.038765662684689915 -0.031635420086302928 0.05677136810795911 0.078090745923744029 0.0032946369334068432 0.40736447777521845 0.054162899005526427 0.010416980243064563 0.031877830315854158 -0.095704687010404785 0.033947183742737246 0.04203699811384673 0.001882698939339235 0.04387579674080918 -0.13434034380660939 -0.12054335706037998 -0.0010530254538805418 0.023876530897163004 -0.10015707693873202 -0.088343775580962736 0.034457848326551431 0.093155766619283986 -0.017177315606076601
leaf_weight=66.306217906996608 5151.4507253319025 378.75987914390862 4667.4174176156521 139.81899349950254 1124.5781895350665 2813.5036721639335 3126.5368918664753 285.67853957042098 879.2122325450182 1381.4288151524961 114.97186118364334 241.65248386748135 16.66559537127614 963.28502265550196 19083.69954755716 4007.9630329236388 132.57316302508116 1135.4487410821021 12156.242758870125 8798.3174001257867 3365.3901717588305 35.967315346002579 66.765703104436398 3845.9572684057057 7496.8448709920049 93.31654367223382 561.29450240917504 5074.7594207674265 114.70208328962326 433.29337461292744
leaf_count=533 7815 3135 5523 5954 19150 14964 5513 1120 5038 2710 380 1592 73 1493 81149 10831 1397 5122 16144 34707 6400 198 265 11375 14746 789 4027 9780 157 1879
internal_value=0.0217573 0.0148498 0.0424338 0.0221591 0.00919386 -0.0109635 0.022791 0.00655094 -0.0103007 0.0318691 -0.0335417 -0.0410966 0.0293635 0.0117435 0.0157445 0.0141419 0.00228506 0.0175385 0.0366841 0.00088651 0.0267028 0.0237612 0.0203952 0.0146281 0.0226017 0.00675414 -0.0537319 0.0332699 0.0423276 0.00591673
internal_weight=87753.8 65778.7 21975.1 28695.1 37083.5 4163.97 28555.3 5543.11 3328.01 2215.1 1813.8 1698.82 258.318 32919.6 24054.9 23091.7 3039.39 1514.21 17307.7 8864.62 23012.2 19646.8 16520.3 11409.6 7563.61 2906.82 1440.51 5110.73 1929.42 547.995
internal_count=273959 244477 29482 79464 165013 36300 73510 25233 19367 5866 11110 10730 1665 128713 93473 91980 17150 8257 23959 35240 48277 41877 36364 26386 15011 15753 9065 9978 4746 2036
is_linear=0
shrinkage=0.1


Tree=23
num_leaves=31
num_cat=0
split_feature=0 0 10 8 17 12 13 17 10 11 5 4 18 9 12 16 11 7 15 16 14 19 4 18 4 11 8 9 19 19
split_gain=1097.41 291.821 270.009 194.365 173.288 165.27 146.059 190.316 180.522 135.99 130.617 114.129 113.378 113.131 106.123 103.879 99.9301 99.8051 94.3209 87.1398 101.651 86.8391 84.3976 81.6024 81.0759 122.055 107.588 120.415 106.745 108.794
threshold=0.66797900262467202 0.10355340622371742 40.240000000000002 15.741666666666669 0.76971818181818197 5.9654009119507307 0.16050000000000003 -0.0010648999999999999 118.50150000000001 13616569.405000003 22.677083333333339 22.138095238095243 2.5000000000000004 2.6904761904761911 61.001089324618739 0.0032715415132574138 1091.3350000000003 0.18754128137384415 143.12500000000003 0.31009615384615391 2.2500000000000004 1.5000000000000002 250.47222222222226 17.500000000000004 4.5080645161290329 24951.300000000003 3.7146847565841985 106.33333333333336 189.50000000000003 213.50000000000003
decision_type=2 2 2 2 2 2 2 2 2 2 2 2 2 2 2 2 2 2 2 2 2 2 2 2 2 2 2 2 2 2
left_child=1 2 10 12 6 13 14 11 -9 16 -1 -8 -2 -4 15 -3 -7 21 23 -17 -21 -14 -10 -18 25 28 -26 -28 -20 -30
right_child=3 4 5 -5 -6 9 7 8 22 -11 -12 -13 17 -15 -16 19 18 -19 24 20 -22 -23 -24 -25 26 -27 27 -29 29 -31
leaf_value=0.011318714074983987 0.02346487412971783 -0.053466869123114304 -0.011693274405046666 0.066918078922078225 0.033934835507036736 0.010365525790407696 0.020696257414741639 0.017579792465793987 -0.0037428634213049305 -0.10384949650134145 0.031908435731438506 0.05598903761110996 -0.01097077004274802 -0.057687998740644945 0.039901134998829371 0.024823058147353305 -0.01071260329299809 0.033345887810239193 0.050084107420235363 -0.1069814942342316 0.04931405210261619 0.056397178179648788 -0.16010767552221952 -0.053462740953091552 -0.03806742532558198 -0.076426882730775622 0.0039773452111760378 0.12432925944428155 0.395227161409961 0.047091423982287842
leaf_weight=11926.877859799191 3784.7735179364681 205.28742343187332 1973.2804457377642 2842.0688193589449 7483.8095939159393 8598.8681943900883 7680.6202095896006 7264.5710005015135 7581.4392868578434 118.39978256262839 4154.1867011338472 1040.3868622034788 199.29759341478348 733.56667023338377 4131.9181944355369 2617.8722595870495 1538.1061788778752 4648.9034711420536 318.99629623070359 109.74535891413689 67.026026040315628 4792.9476030468941 34.67637212574482 629.14530239999294 634.38077278994024 69.468170994892716 1797.3611041698605 87.165169475600123 19.104750726372004 16.932345189154148
leaf_count=44935 5711 603 18411 3254 12315 49272 14560 14638 17688 5848 7593 1387 367 15992 6424 4864 11720 6558 2555 340 120 5837 142 6311 4574 669 10377 691 103 100
internal_value=0.0197387 0.0143595 0.00741154 0.0431608 0.0202891 -0.00156137 0.0169662 0.0131767 0.00630222 0.00286198 0.0166376 0.0249066 0.0381317 -0.024158 0.0295071 0.0151911 0.00378357 0.0438894 -0.0072908 0.0202345 -0.0477192 0.0537078 -0.0044548 -0.0231228 0.00436642 0.0447949 -0.00244683 0.00954399 0.0685139 0.231653
internal_weight=87101.2 70833.2 32615.8 16268 38217.4 16534.8 30733.5 23601.7 14880.7 13827.9 16081.1 8721.01 13425.9 2706.85 7131.85 2999.93 13709.5 9641.15 5110.66 2794.64 176.771 4992.25 7616.12 2167.25 2943.41 424.502 2518.91 1884.53 355.033 36.0371
internal_count=273959 252232 179151 21727 73081 126623 60766 48415 32468 92220 52528 15947 18473 34403 12351 5927 86372 12762 37100 5324 460 6204 17830 18031 19069 3427 15642 11068 2758 203
is_linear=0
shrinkage=0.1


Tree=24
num_leaves=31
num_cat=0
split_feature=0 0 10 0 17 2 8 9 18 13 3 15 17 4 10 17 18 13 3 6 8 16 17 19 4 7 7 12 7 17
split_gain=942.363 241.153 244.247 182.279 150.278 123.577 119.041 141.068 116.539 139.084 111.034 107.452 103.248 130.734 98.8453 93.1155 88.3249 87.4579 85.632 84.5763 92.5569 102.747 83.7886 84.8022 79.4999 77.8443 81.3917 77.5811 74.9796 71.9776
threshold=0.66797900262467202 0.094467108618052034 40.240000000000002 1.1690476190476193 0.76971818181818197 86.500000000000014 0.45118464052287588 0.22500000000000003 24.500000000000004 0.12250000000000001 0.015071428571428574 290.50000000000006 -0.0010648999999999999 25.307575757575759 118.50150000000001 -1.0000000180025095e-35 10.500000000000002 0.14250000000000002 4.7700892857142869e-07 9.0960802564898149 0.50193798449612415 0.091608391608391626 0.064577500000000024 1.5000000000000002 22.797540983606563 41.875000000000007 35.800000000000004 64.004197271773364 13.422222222222224 -0.52552940909090895
decision_type=2 2 2 2 2 2 2 2 2 2 2 2 2 2 2 2 2 2 2 2 2 2 2 2 2 2 2 2 2 2
left_child=1 2 11 16 8 6 7 -4 9 27 12 25 13 -11 -14 29 17 -2 -13 28 21 -21 -19 -24 -6 26 -1 -3 -17 -8
right_child=3 4 5 -5 24 -7 15 -9 -10 10 -12 18 14 -15 -16 19 -18 22 -20 20 -22 -23 23 -25 -26 -27 -28 -29 -30 -31
leaf_value=0.011714104313707098 0.045951245574308575 0.013213372749383404 0.026450583896249432 0.060129223735583728 0.026283377381580916 -0.058641934514090367 -0.0033565345436014009 -0.037542504127185218 0.030426815416018851 0.012784685033596397 0.039859746370008858 -0.013767536232465015 0.01087678107415488 0.061623579114446027 -0.0064704640759599462 -0.0045724773103595281 0.044084920501319277 0.00773849511821349 0.040542478251270074 0.19061897984608445 0.01655663146511948 -0.13166485783993329 -0.022567209639407015 0.038561716821786926 0.0536893642843995 -0.12120868876773677 0.21903174011037835 0.035013205873737879 -0.1018853933139225 0.027731023017392782
leaf_weight=13207.775606481358 1811.8199268430471 2929.8236532658339 440.67082418687642 3487.3380681052804 6242.9131437316537 380.25618893001229 1134.5411835312843 1578.0879651065916 4328.4178769513965 5631.8750368580222 1081.9424275904894 332.2596452459693 6360.0984108820558 607.18855552375317 6792.9255581721663 8953.8908414551988 5247.2101273164153 2610.8416585102677 2299.9754849970341 57.960890762507915 993.71541151031852 11.927878662943838 250.19173844158649 2442.068847745657 1274.5592565089464 44.007868509739637 18.964044611901045 3686.7039565891027 79.883967649191618 2167.8964937720448
leaf_count=46479 2345 5897 3694 4374 10988 9590 6648 29373 7321 11492 1831 1209 13525 785 16543 60514 6902 4298 3620 227 3499 73 487 3321 1681 486 94 5906 969 9788
internal_value=0.0179015 0.012957 0.00648167 0.0399381 0.0182292 -0.00232475 -0.000935848 -0.0235736 0.0151903 0.0127559 0.00868265 0.0152304 0.00694319 0.0175377 0.00191774 0.00247466 0.0342422 0.0269832 0.0336871 -0.00229267 0.0243799 0.135615 0.0205028 0.032881 0.03093 0.0115696 0.0120113 0.0253602 -0.005433 0.017051
internal_weight=86487.7 70638.3 31701.8 15849.5 38936.4 15798.8 15418.6 2018.76 31419 27090.6 20474 15903 19392.1 6239.06 13153 13399.8 12362.1 7114.92 2632.24 10097.4 1063.6 69.8888 5303.1 2692.26 7517.47 13270.7 13226.7 6616.53 9033.77 3302.44
internal_count=273959 252232 176263 21727 75969 124375 114785 33067 63300 55979 44176 51888 42345 12277 30068 81718 17353 10451 4829 65282 3799 300 8106 3808 12669 47059 46573 11803 61483 16436
is_linear=0
shrinkage=0.1


Tree=25
num_leaves=31
num_cat=0
split_feature=0 8 9 8 11 8 18 5 16 6 16 5 11 18 3 6 4 7 9 3 11 13 3 5 19 18 15 13 18 10
split_gain=809.979 217.333 180.279 188.392 178.922 167.587 167.035 158.34 331.973 130.525 120.34 110.302 115.114 115.407 105.929 104.66 100.335 100.225 98.6882 107.03 97.7096 96.147 95.0978 117.312 93.39 93.0658 88.7503 88.1026 90.1618 92.8063
threshold=0.737171052631579 4.0037878787878798 12.062500000000002 0.94038734896943865 13616569.405000003 10.003703703703705 1.5000000000000002 59.345238095238102 0.0024009638443091685 0.75037537537537546 0.0020020040080160327 11.035714285714286 2.0200000000000005 25.500000000000004 0.00070125000000000016 1.0000000180025095e-35 24.911111111111115 0.395242807662402 2.4142857142857146 9.9583333333333346e-05 153764.46000000005 0.14250000000000002 2.0416666666666673e-06 48.035714285714292 57.500000000000007 9.5000000000000018 163.25000000000003 0.86650000000000016 6.5000000000000009 161.82200000000003
decision_type=2 2 2 2 2 2 2 2 2 2 2 2 2 2 2 2 2 2 2 2 2 2 2 2 2 2 2 2 2 2
left_child=1 2 6 -4 7 21 15 8 10 -9 14 12 -8 18 20 -1 -5 27 -14 26 22 -2 -3 24 -24 -23 -20 -11 29 -29
right_child=5 4 3 16 -6 -7 11 9 -10 17 -12 -13 13 -15 -16 -17 -18 -19 19 -21 -22 25 23 -25 -26 -27 -28 28 -30 -31
leaf_value=-0.13008304411367153 0.04886558317972188 0.018218254686646493 -0.045433866928888136 0.0012820663559502451 -0.10651129916124302 0.053841689953738038 0.045288373710148766 -0.11395571959265792 0.021128474464467563 0.054459698770301816 -0.061917872720042656 0.025818894876929233 0.01045913390375716 0.030792639428152097 0.091620263521681067 0.00044028549977875387 -0.12689134052048692 0.10513520860213672 -0.062183216107672516 7.4857309146423391e-05 -0.080664816941778961 0.014173301508970615 -0.061182488816122406 0.035827644999112056 0.0083037076702230875 0.03661274668790606 0.036136465225631409 0.031109299881338356 0.043500328475805997 -0.013982850295443834
leaf_weight=61.80559535510838 2213.0164600163698 975.20349335111678 1059.0225082859397 6414.1406432650983 112.52988033927977 4568.7842671796679 941.31940381228924 57.703017631545663 17455.46922512725 1505.9661991596222 465.83776705898345 6639.7839969173074 14937.556065978482 2273.2745335176587 105.36212730407715 10208.830640392378 61.66146494448185 208.8101666867733 529.4555297922343 2870.3568923585117 184.80291306599975 3792.9292870014906 651.14306486397982 256.934814453125 275.15501707419753 3604.9341330528259 111.0696662440896 997.6796733289957 1502.5143943782896 841.33670654892921
leaf_count=536 2852 5122 19540 31693 5954 5868 1491 758 35312 2160 2212 13439 53164 8574 343 36735 596 222 8194 13190 1333 6062 3908 821 1761 5039 427 1626 2574 2453
internal_value=0.0162356 0.011917 0.00781509 -0.00633279 0.0193061 0.038074 0.0105787 0.0198617 0.0159121 0.0355934 -0.0153303 0.0145428 0.0110866 0.00953296 -0.00646723 -0.000345165 6.16214e-05 0.0373 0.00691328 -0.00817308 -0.0108777 0.0305784 -0.00490256 -0.0239584 -0.0405418 0.0251079 -0.0451342 0.034378 0.0253275 0.01048
internal_weight=85884.4 71704.7 46108.3 7534.82 25596.4 14179.7 38573.5 25483.9 20369.9 5114.01 2914.44 28302.8 21663 20721.7 2448.6 10270.6 6475.8 5056.31 18448.4 3510.88 2343.24 9610.88 2158.44 1183.23 926.298 7397.86 640.525 4847.5 3341.53 1839.02
internal_count=273959 254138 187579 51829 66559 19821 135750 60605 50812 9793 15500 98479 85040 83549 13288 37271 32289 9035 74975 21811 12945 13953 11612 6490 5669 11101 8621 8813 6653 4079
is_linear=0
shrinkage=0.1


Tree=26
num_leaves=31
num_cat=0
split_feature=0 0 11 17 17 1 13 1 6 18 13 9 5 3 11 4 9 11 2 6 4 8 18 0 7 9 1 10 8 10
split_gain=700.501 234.479 183.907 139.754 129.152 124.862 141.566 165.79 119.17 97.3738 92.3562 109.687 155.946 117.833 92.1285 104.895 152.722 105.272 90.6753 88.5231 85.496 161.849 165.813 94.4229 92.1875 83.9453 115.862 83.7905 82.9969 81.7779
threshold=0.87627551020408168 0.25143678160919547 606.28500000000008 -1.0000000180025095e-35 0.53004285714285726 0.033445190156599559 0.13250000000000003 0.0041783054003724403 4.4272288046727244 23.500000000000004 0.16050000000000003 2.6904761904761911 54.63333333333334 0.00078047619047619059 29713.905000000002 2.4104278074866312 0.35416666666666669 252.10500000000005 33.500000000000007 8.4968646002365329 0.33356086461888518 0.28679653679653688 17.500000000000004 0.04532614278376991 10.022497472194138 7.1000000000000005 0.053667434715821818 21.454500000000003 19.81666666666667 314.33450000000005
decision_type=2 2 2 2 2 2 2 2 2 2 2 2 2 2 2 2 2 2 2 2 2 2 2 2 2 2 2 2 2 2
left_child=1 3 -2 8 9 6 -5 -8 -1 10 -3 -12 13 -13 15 16 17 -7 20 27 23 22 -22 -18 -23 26 -16 -17 -4 -24
right_child=2 4 28 5 -6 14 7 -9 -10 -11 11 12 -14 -15 25 19 18 -19 -20 -21 21 24 29 -25 -26 -27 -28 -29 -30 -31
leaf_value=0.011438350800906945 0.014903939960601468 0.02401920432146407 0.041430902824225575 0.011307599971385579 0.029414514123078002 0.0051550776758291549 -0.11106141928722085 -0.019488534394040198 0.037080094405875036 0.029733608462457508 0.016690716665580342 -0.029262441875890867 0.020976503924625942 0.0022804775148417286 0.22643657829074232 0.027680802948386304 -0.058584544365045101 0.041282481874727613 0.043926787021757702 0.034846280460372137 0.015469337845136053 -0.011644957607568691 0.20618083701823622 0.01492271395790667 -0.075732229265718931 -0.039213725349710224 -0.00031090427363534732 0.0067814838753782331 0.067277729247778251 -0.060716630635185412
leaf_weight=9335.7247454207391 2408.5067139565945 4347.8269851952791 6395.3759208545089 1517.9800402689725 7784.9090193510056 6989.8929304685444 216.30125730112195 2299.9668911769986 2249.140345050022 3444.8012095987797 6401.2997694015503 2094.5399031341076 2146.6781877875328 2725.175483494997 23.242626767605543 2289.2372389063239 773.73080425895751 911.77044541016221 267.23865127190948 1620.1101446710527 303.39929053373635 3255.828759515658 79.964454859495163 225.73222842812538 241.0741512067616 840.60799050703645 740.19475673884153 11841.105194333941 1541.8855751678348 13.404566919431089
leaf_count=39068 3845 6763 8859 8728 11592 23998 4642 23878 6791 5114 11184 4709 3454 5025 50 4366 12588 3006 2198 3566 2380 19924 513 750 3238 6060 1550 44045 1875 200
internal_value=0.014715 0.0113494 0.0391075 0.00691514 0.0184017 0.00372007 -0.0128106 -0.0273602 0.0164166 0.0143501 0.0113588 0.007241 -0.00144219 -0.0114274 0.00591259 0.00721114 0.000585511 0.00932381 -0.0127947 0.0127059 -0.0158926 -0.00919554 0.0513313 -0.0419827 -0.0160631 -0.0174125 0.00659236 0.0101674 0.0464519 0.167864
internal_weight=85326.6 74980.9 10345.8 46035.6 28945.2 34450.8 4034.25 2516.27 11584.9 21160.3 17715.5 13367.7 6966.39 4819.72 30416.5 28812.5 13062 7901.66 5160.37 15750.5 4893.13 3893.67 396.768 999.463 3496.9 1604.05 763.437 14130.3 7937.26 93.369
internal_count=273959 259380 14579 211539 47841 165680 37248 28520 45859 36249 31135 24372 13188 9734 128432 120772 68795 27004 41791 51977 39593 26255 3093 13338 23162 7660 1600 48411 10734 713
is_linear=0
shrinkage=0.1


Tree=27
num_leaves=31
num_cat=0
split_feature=0 0 4 1 17 17 1 13 0 6 11 9 17 13 10 8 12 7 8 11 7 13 4 9 5 5 15 17 5 9
split_gain=597.394 194.291 169.457 144.248 112.61 107.814 101.772 119.802 109.272 96.1233 90.1122 84.285 82.2557 100.751 121.617 105.302 83.8173 89.0123 78.2103 78.1473 94.0024 75.873 74.3777 147.992 85.3956 83.425 74.6488 73.7512 137.5 88.1895
threshold=0.87627551020408168 0.25143678160919547 9.1690476190476193 0.38675213675213682 -1.0000000180025095e-35 0.53004285714285726 0.033445190156599559 0.99950000000000017 0.013536417773705912 4.4272288046727244 10745.685000000003 248.40000000000003 -1.0000000180025095e-35 0.16950000000000004 122.57350000000001 15.076197387518144 136.00766283524908 0.061781041880544375 16.81666666666667 355433.82500000001 0.022305140961857383 0.36350000000000005 2.4104278074866312 5.291666666666667 2.3589743589743595 22.354166666666668 233.12500000000003 2.0134125014107149 3.2991071428571432 40.100000000000009
decision_type=2 2 2 2 2 2 2 2 2 2 2 2 2 2 2 2 2 2 2 2 2 2 2 2 2 2 2 2 2 2
left_child=1 4 3 -2 9 12 7 10 -9 -1 11 -6 -3 -14 -15 16 -16 -18 21 22 -21 -4 23 25 -25 26 -8 -26 29 -29
right_child=2 5 18 -5 6 -7 19 8 -10 -11 -12 -13 13 14 15 -17 17 -19 -20 20 -22 -23 -24 24 27 -27 -28 28 -30 -31
leaf_value=0.010263080662283217 0.042813905627863691 0.021494304866419549 0.057527767251321853 -0.0022460492342921052 -0.0051448996366651005 0.026835828476927667 0.0033906488440670762 -0.073364259364019829 -0.016151734772708579 0.033254859566382598 0.059139180987484823 0.34299968163622624 0.022265224642630813 0.014496545284534019 -0.0026694487360198974 0.029273568020588378 -0.099777177771943337 -0.023301504765082762 0.063237527762625659 0.11091709507953795 -0.07742615582117314 0.031259667280875182 0.010120665763572734 -0.066555250314073264 -0.023848152980020916 0.084043492013816778 0.13186121732022899 0.25689464882062779 0.0027786533003752341 -0.10973907503352501
leaf_weight=9362.807456208393 1194.2973680645227 7389.9788591563702 1530.6528846845031 1753.5814278423786 2097.6370897991583 7685.1302359849215 10729.282439062372 466.07821772247553 1176.5038284733891 2256.643439784646 253.32165400404483 6.9770726580172768 3785.3983718454838 4793.0668427497149 2757.5939584523439 668.17265835404396 169.67927435040474 1477.1093618422747 1699.1592245921493 30.527016505599022 200.85988078918308 3904.4851295948029 17026.73478548415 380.21900218911469 1513.7823008466512 131.57701556384563 45.420301780104637 36.717141790315509 285.58148192614317 7.988054957240819
leaf_count=39068 1633 11871 1928 3062 15191 11592 44782 13692 6917 6791 1415 33 5933 8385 5388 1036 495 3141 2163 99 1976 5793 56192 9641 12437 179 57 200 2710 159
internal_value=0.0133286 0.0102461 0.036178 0.0160094 0.00621725 0.0166989 0.00334151 -0.0116519 -0.0323856 0.0147284 0.00279152 -0.00399075 0.0129964 0.00839609 0.00307456 -0.00771809 -0.01333 -0.0311813 0.0445115 0.00531532 -0.0525779 0.0386573 0.00575951 0.000104297 -0.0234039 0.0048987 0.00393221 -0.0145068 0.0283068 0.191383
internal_weight=84817 74734.8 10082.2 2947.88 46008.7 28726.1 34389.2 4000.52 1642.58 11619.5 2357.94 2104.61 21041 13651 9865.62 5072.56 4404.38 1646.79 7134.3 30388.7 231.387 5435.14 30157.3 13130.6 2224.29 10906.3 10774.7 1844.07 330.287 44.7052
internal_count=273959 259380 14579 4695 211539 47841 165680 37248 20609 45859 16639 15224 36249 24378 18445 10060 9024 3636 9884 128432 2075 7721 126357 70165 25147 45018 44839 15506 3069 359
is_linear=0
shrinkage=0.1


Tree=28
num_leaves=31
num_cat=0
split_feature=0 8 11 3 15 8 3 9 4 18 18 0 5 19 2 7 5 2 11 6 10 4 16 5 7 17 16 9 19 13
split_gain=508.385 173.352 153.148 142.077 219.376 161.899 160.253 134.486 148.998 136.234 132.039 128.777 119.933 114.437 126.377 108.265 159.97 102.724 98.8932 98.6671 85.8948 79.9811 79.7126 77.7864 77.2678 106.436 87.3056 139.028 76.2992 88.9164
threshold=0.87627551020408168 4.0037878787878798 1249.9850000000004 0.00047398496240601506 426.50000000000006 4.4955627110657357 6.3875000000000013e-07 11.550000000000002 0.33356086461888518 17.500000000000004 3.5000000000000004 0.19478319783197837 23.345238095238098 142.50000000000003 63.500000000000007 0.31547015765765768 89.031250000000014 3.5000000000000004 55243.790000000008 6.001200480192078 56.473500000000008 11.436507936507939 0.0042780797598784759 57.775000000000006 14.155555555555557 0.051575291866028716 0.0068073550946264076 2.535714285714286 17.500000000000004 0.98750000000000016
decision_type=2 2 2 2 2 2 2 2 2 2 2 2 2 2 2 2 2 2 2 2 2 2 2 2 2 2 2 2 2 2
left_child=1 7 17 4 5 11 13 9 -9 24 15 -3 22 14 -6 16 -8 -2 -7 28 -14 -13 -5 -12 -1 26 27 -26 -10 -30
right_child=2 3 -4 12 6 18 10 8 19 -11 23 21 20 -15 -16 -17 -18 -19 -20 -21 -22 -23 -24 -25 25 -27 -28 -29 29 -31
leaf_value=0.0060646512846879302 0.0012988211068672149 0.07179484515589496 0.042273838384619025 -0.012241920306584544 -0.0090709047410401714 -0.020425092442310284 -0.028686572621869938 -0.082118385277433759 0.025271638368290383 0.021009866494568392 0.022742625210836063 -0.0052278696937272939 0.041203533067448707 -0.096191552609216247 0.31238553102397537 0.049318626765986279 0.032423617335268731 0.037334438690912929 -0.090705239263344228 0.031563905642001074 0.021664955769532559 -0.19755750158192301 0.015646139595377501 0.053658028873178665 0.13207293345195667 -0.091017657295499099 -0.036583917001447357 -0.03046966628009419 -0.024744336821924836 -0.001039828928371125
leaf_weight=31325.437405479141 1962.6640328243375 337.99766716361046 6549.2267260849476 1378.7132893353701 995.33590458147228 2371.8927029464394 1158.0875317212194 249.58903676457703 659.82041437923908 6685.2779259104282 1927.5159353166819 196.90839841961861 2972.6134321391582 159.8682622956112 12.382070019841192 436.51278490200639 679.82019468024373 1325.1773557290435 218.67594448663294 723.41727469116449 9255.6923012398183 24.289062216877937 3994.0676376782358 1408.6507883369923 99.347284467890859 190.95189719833434 325.3735061082989 111.88574957847595 2612.574047729373 4013.1294098235667
leaf_count=103685 3374 1715 9306 3497 4242 11449 3458 8756 2459 22215 3745 418 4320 6568 69 729 1387 1899 1305 2263 17122 94 7986 2061 416 2282 3388 1643 16791 25317
internal_value=0.0120663 0.00924601 0.0334332 0.0155476 0.0059821 -0.0158242 0.0161153 0.00555477 -0.00603093 0.0080247 0.0231297 0.0329734 0.020943 -0.0175906 -0.00512109 0.00455012 -0.00608264 0.0158231 -0.0263576 -0.00365976 0.0264146 -0.026347 0.00848976 0.0357962 0.0053164 -0.0269002 -0.00408394 0.0459775 -0.00715729 -0.0103867
internal_weight=84362.9 74525.8 9837.07 27529 9927.94 3149.76 6778.17 46996.8 8258.53 38738.3 5610.59 559.195 17601.1 1167.59 1007.72 2274.42 1837.91 3287.84 2590.57 8008.94 12228.3 221.197 5372.78 3336.17 32053 727.558 536.607 211.233 7285.52 6625.7
internal_count=273959 259380 14579 70165 37240 14981 22259 189215 55586 133629 11380 2227 32925 10879 4311 5574 4845 5273 12754 46830 21442 512 11483 5806 111414 7729 5447 2059 44567 42108
is_linear=0
shrinkage=0.1


Tree=29
num_leaves=31
num_cat=0
split_feature=0 0 6 8 10 0 5 11 7 15 2 13 9 18 18 3 18 7 16 3 11 5 16 12 7 7 17 16 18 2
split_gain=437.072 172.255 127.608 120.005 112.428 163.733 120.854 123.533 102.876 101.278 123.638 115.218 100.536 157.66 98.7591 91.423 92.9128 85.5499 107.457 100.842 84.2397 117.166 82.6777 81.5519 79.1676 77.5758 73.1002 71.4253 69.078 80.6115
threshold=0.53390804597701158 1.1690476190476193 5.558645408478557 8.4758574758574774 166.93950000000004 0.013536417773705912 82.083333333333357 33367.110000000008 0.031637538086599415 13.750000000000002 3.5000000000000004 0.16050000000000003 304.50000000000006 11.500000000000002 2.5000000000000004 0.014058823529411768 25.500000000000004 0.28021850470815263 0.020860530896431684 8.3214285714285727e-08 129369.08000000002 101.21111111111112 0.69047619047619058 12.872774675349785 0.17295821462488131 3.3971153846153848 0.36892500000000006 0.0028598691384950931 3.5000000000000004 53.500000000000007
decision_type=2 2 2 2 2 2 2 2 2 2 2 2 2 2 2 2 2 2 2 2 2 2 2 2 2 2 2 2 2 2
left_child=2 14 3 4 6 8 7 15 -6 10 11 -4 -10 -14 -2 16 22 18 23 -19 -5 -22 -1 -7 -16 -17 -24 -18 -25 -30
right_child=1 -3 9 20 5 17 -8 -9 12 -11 -12 -13 13 -15 24 25 27 19 -20 -21 21 -23 26 28 -26 -27 -28 -29 29 -31
leaf_value=0.0045338506246508301 0.0084945986265000349 0.046195240474552916 -0.051431199281571006 0.022011893117125904 -0.080638725156074814 -0.082309812526605491 0.049287699831833412 -0.041359901110016764 -0.019656242190498177 0.022457282941130585 0.014280773385317903 0.0069834939870862464 0.52174323858188687 -0.10582031444871083 0.03367404455915568 0.03000603964400533 -0.0052260281306666092 -0.075418793563203468 0.036328429776654646 0.0070750822690246644 -0.091728972016762916 0.049590074347959819 -0.014450420869491921 -0.039543997141031371 0.017247778498118673 -0.13667116721658959 -0.1136802898985291 0.031391459745968603 -0.0098212070372131945 0.079570890751386722
leaf_weight=22915.754969384521 5188.2264798879623 2943.458408921957 658.11443870514631 4895.3608940765262 290.68193708639592 206.73979442752898 647.82068559154868 549.18656283058226 2939.6623892895877 8233.7961068898439 3409.2751761544496 693.43691812828183 8.6385680492967385 7.4604380354285231 5592.751220099628 1899.6939246729016 711.74640817381442 150.54257030785084 360.42076771706343 9452.8541567549109 153.40152546204627 95.00100477039814 1439.0127545595169 803.12235840409994 6172.0270490497351 28.340322360396385 78.277689602226019 2117.4447633884847 1189.2620372138917 110.22860660776496
leaf_count=77137 8624 4374 2549 12317 13799 1076 1043 2932 42113 16908 13507 1801 80 207 8051 3857 3810 961 1045 29308 782 187 5574 2901 9654 170 297 5443 3177 275
internal_value=0.0109188 0.023865 0.00689691 0.00464487 0.00302194 -0.00390281 0.0065586 0.00562782 -0.0238739 0.0157443 0.00413417 -0.0214605 -0.0182914 0.230924 0.019988 0.00651185 0.00502357 0.00137985 -0.0144547 0.00578191 0.0191292 -0.0376818 0.00303702 -0.0223805 0.0250565 0.027556 -0.0195697 0.0221795 -0.0164879 -0.00223857
internal_weight=83941.7 19896.5 64045.3 51050.7 45906.9 15519.6 30387.3 29739.5 3246.44 12994.6 4760.83 1351.55 2955.76 16.099 16953 29190.3 27262.2 12273.2 2669.77 9603.4 5143.76 248.403 24433 2309.35 11764.8 1928.03 1517.29 2829.19 2102.61 1299.49
internal_count=273959 30703 243256 208491 195205 94942 100263 99220 56199 34765 17857 4350 42400 287 26329 96288 92261 38743 8474 30269 13286 969 83008 7429 17705 4027 5871 9253 6353 3452
is_linear=0
shrinkage=0.1


Tree=30
num_leaves=31
num_cat=0
split_feature=0 18 14 4 6 13 17 13 1 4 11 16 18 1 17 5 11 16 7 16 17 6 2 0 17 16 12 17 0 13
split_gain=372.018 142.719 154.16 159.382 152.713 142.64 217.075 231.023 140.205 137.571 123.243 158.232 144.599 121.091 120.717 124.624 117.405 113.53 106.033 94.0538 92.7753 90.7041 86.3058 106.434 84.5607 80.6248 89.5066 80.039 79.9033 119.711
threshold=0.87627551020408168 1.5000000000000002 5.5000000000000009 28.984375000000004 1.0000000180025095e-35 0.12250000000000001 0.10705334126984128 0.99050000000000005 0.038131588513267915 9.288018433179726 2.0200000000000005 0.0029455144889814337 25.500000000000004 0.38675213675213682 1.0560014285714288e-06 1.296703296703297 6.0150000000000015 0.34057971014492755 8.2462121212121229 0.0014347231828211969 -44.518346453004042 0.50025025025025038 35.500000000000007 0.16754385964912283 3.1236666666666673 0.030360640626800325 566.97496582365011 0.14000857142857145 0.091153470185728266 0.99450000000000005
decision_type=2 2 2 2 2 2 2 2 2 2 2 2 2 2 2 2 2 2 2 2 2 2 2 2 2 2 2 2 2 2
left_child=1 4 3 10 -1 17 7 16 28 13 -3 -12 18 -2 -10 -16 -7 19 20 -6 -13 27 -8 -24 -5 26 -18 -22 29 -9
right_child=9 2 -4 24 5 6 22 8 14 -11 11 12 -14 -15 15 -17 25 -19 -20 -21 21 -23 23 -25 -26 -27 -28 -29 -30 -31
leaf_value=-0.12128121962345584 0.035634652933399534 0.044617956465194765 0.027373415273913779 0.033239883684082872 -0.032166211815976863 0.032914190007102898 0.021666306475910592 0.52565320868771559 0.0041942764058104055 0.036577792796730312 -0.0054365574226943646 0.22657255002007193 0.024128869752213247 -0.0063656701373228652 0.029929805244193072 -0.078110305212444872 -0.065135402983911683 -0.052383378932626505 -0.024325865591049857 0.020076210677138696 0.13393421039281517 0.0071804500369747233 0.23906402660578552 0.048170252159591087 -0.025248585535163556 -0.004143079266678556 -0.0037295797913715714 -0.15614267736114987 -0.014101996422386874 -0.07211405516734852
leaf_weight=102.53647275641561 1138.8042172193527 851.46401161514223 4778.1305074766278 3308.4222296420485 367.88391973264515 212.90686593391001 1670.432464283891 3.3749150652438393 8794.5337170828134 6559.5736693516374 9230.3582168687135 19.3472203258425 5524.6099624447525 1728.1080698296428 152.20494116004556 357.62756349332631 1386.9522238364443 247.49536542594433 1075.321010645479 5447.4736081240699 88.784201335161924 28209.726872641593 40.82410054281354 102.64549694955349 267.14824345707893 390.11498630233109 286.39108329359442 10.653456175699828 698.79217390343547 457.60415597259998
leaf_count=943 1661 1379 8176 5943 1975 482 3998 18 27965 9829 54209 70 15804 3089 579 1622 6459 1026 11237 16431 823 87322 216 144 916 1449 870 132 2051 7141
internal_value=0.00988019 0.00749938 0.0102343 0.00854879 0.000455519 0.00106096 -0.00430746 -0.00891556 -0.00263493 0.0285913 0.0069345 0.00620789 0.00928511 0.0103178 0.00145177 -0.0458561 -0.0377867 0.0139483 0.00649615 0.0167713 0.00766612 0.00751652 0.0280589 0.102489 0.0288699 -0.0450816 -0.0546259 0.102856 -0.0354208 -0.0677377
internal_weight=83510.2 74083.8 53364 48585.8 20719.8 20617.3 14554.4 12740.5 10464.1 9426.49 45010.3 44158.8 34928.4 2866.91 9304.37 509.833 2276.37 6062.85 29403.8 5815.36 28328.5 28309.2 1813.9 143.47 3575.57 2063.46 1673.34 99.4377 1159.77 460.979
internal_count=273959 259380 186011 177835 73369 72426 52994 48636 39376 14579 170976 169597 115388 4750 30166 2201 9260 19432 99584 18406 88347 88277 4358 360 6859 8778 7329 955 9210 7159
is_linear=0
shrinkage=0.1


Tree=31
num_leaves=31
num_cat=0
split_feature=5 16 3 17 18 11 13 1 10 4 16 14 17 6 16 9 5 17 12 3 11 12 8 3 8 11 19 18 15 11
split_gain=335.051 224.132 213.261 210.649 178.54 137.989 129.426 168.355 160.228 122.495 104.954 108.891 99.3349 98.0365 97.9078 89.7741 101.532 91.1319 83.8231 82.8563 81.8961 92.0305 87.6901 193.79 81.7652 79.5141 79.4515 78.906 77.2376 81.274
threshold=89.031250000000014 0.0025586358597452937 2.0343750000000004e-07 0.88260403437500001 16.500000000000004 111252.42500000002 0.16050000000000003 0.0045523625310859355 29.116000000000003 11.168439716312058 0.37980769230769235 5.5000000000000009 -0.41816035353535347 0.99933422103861524 0.20256410256410259 0.53571428571428581 8.7638888888888911 0.35250714285714291 215.02688172043014 0.011267857142857144 3.9950000000000006 320.02747252747258 4.9960629921259851 0.00050136363636363649 15.076197387518144 17095.935000000001 23.500000000000004 2.5000000000000004 68.125000000000014 3001.1650000000004
decision_type=2 2 2 2 2 2 2 2 2 2 2 2 2 2 2 2 2 2 2 2 2 2 2 2 2 2 2 2 2 2
left_child=1 5 -2 4 6 20 13 -8 10 -6 26 -12 -10 27 15 -15 17 -17 -7 24 -1 22 -22 -24 -14 -26 -9 -3 -25 -30
right_child=2 3 -4 -5 9 18 7 8 12 -11 11 -13 19 14 -16 16 -18 -19 -20 -21 21 -23 23 28 25 -27 -28 -29 29 -31
leaf_value=0.019542323757833123 -0.069513355174648725 -0.12260412506660955 0.040349239310218485 0.02344920734856773 0.011408204607708748 0.11540061489893966 -0.1085303416090721 0.022469884913613292 0.01739302278909146 0.032697680333681513 -0.0099130693469510131 0.087474713093459944 -0.010017617902395632 0.037203772535751738 -0.021369379515114008 0.0018256467825308355 0.019220299778276214 -0.061803722716125775 -0.064587815697411385 0.01653332902057102 -0.0072813637840081283 0.0071345112180908575 -0.067219365319011279 0.12546943043353356 0.030158489384578293 -0.10251894941839329 -0.0025521504598323887 0.024744035136943163 -0.077220474958890478 0.065075722476401407
leaf_weight=1569.7202117536217 184.39984364574775 94.615079641342163 4225.7918422669172 9805.87849668134 8909.8124114982784 27.340624823234975 139.91116487048566 6162.5468356329948 1966.1750944238156 3879.3967519309372 2578.5506223402917 120.16134593635798 15310.005298776552 1796.288246743381 716.66208143159747 2172.0175807196647 6490.0236480347812 251.11251375079155 482.56231147423387 1456.6751749143004 7130.0097875790671 4280.8594365566969 678.86420565471053 70.987048856914043 771.97915460169315 47.977247148752213 1598.055712942034 59.009296830743551 73.619648434221745 88.259866490960121
leaf_count=3143 6460 995 6620 20834 29542 259 942 13750 5017 6303 9148 251 58898 4696 2771 10714 12943 1475 2802 3083 43180 16620 4796 163 1392 143 6002 571 285 161
internal_value=0.00893364 0.00743114 0.0357556 0.0099558 0.00752894 -0.00384513 0.00436102 0.000909827 0.00142002 0.017866 0.0114102 -0.00557684 -0.003924 0.0133475 0.0144144 0.016809 0.0126987 -0.00476836 -0.054937 -0.00630723 -0.00196986 -0.00471019 -0.0110155 -0.0402174 -0.00836993 0.0223953 0.0173174 -0.0660056 0.0384999 0.000362185
internal_weight=83139.3 78729.1 4410.19 64326.9 54521 14402.2 41731.8 30152 30012.1 12789.2 10459.3 2698.71 19552.8 11579.7 11426.1 10709.4 8913.15 2423.13 509.903 17586.6 13892.3 12322.6 8041.74 911.731 16130 819.956 7760.6 153.624 232.867 161.88
internal_count=273959 260879 13080 189470 168636 71409 132791 98626 97684 35845 29151 9399 68533 34165 32599 29828 25132 12189 3061 63516 68348 65205 48585 5405 60433 1535 19752 1566 609 446
is_linear=0
shrinkage=0.1


Tree=32
num_leaves=31
num_cat=0
split_feature=5 3 8 16 18 0 12 19 13 18 13 3 2 11 10 5 11 6 17 4 5 19 4 7 11 5 18 11 6 9
split_gain=288.183 207.106 204.273 187.13 176.952 134.855 132.262 117.922 112.976 98.4827 90.9877 90.6379 88.0775 87.9771 87.469 82.8882 81.6036 79.2865 74.5164 71.4569 76.7775 73.8361 82.993 95.2282 70.5551 80.0942 70.4624 65.7819 65.6492 65.6136
threshold=47.531250000000007 2.0343750000000004e-07 2.2320512820512826 0.0030596642326655436 3.5000000000000004 0.021937916098500047 5.360493550454156 16.500000000000004 0.16950000000000004 27.500000000000004 0.32250000000000006 0.018233766233766237 27.500000000000004 3.9950000000000006 40.240000000000002 126.01879699248121 4770.2200000000003 0.50025025025025038 0.60666396753246754 153.83333333333334 126.01879699248121 39.500000000000007 9.5077319587628875 0.061781041880544375 72.515000000000015 2.8397435897435903 8.5000000000000018 55243.790000000008 0.99933422103861524 10.083333333333334
decision_type=2 2 2 2 2 2 2 2 2 2 2 2 2 2 2 2 2 2 2 2 2 2 2 2 2 2 2 2 2 2
left_child=3 -2 16 13 8 6 7 24 -4 10 28 18 19 -1 26 -6 -3 -16 -12 20 21 -10 -23 -24 -5 -26 -8 -15 -7 -29
right_child=1 2 4 5 15 9 14 -9 12 -11 11 -13 -14 27 17 -17 -18 -19 -20 -21 -22 22 23 -25 25 -27 -28 29 -30 -31
leaf_value=0.017958734670812593 -0.068067624682916161 -0.12775603713721842 0.039066883835347815 0.0054693096703762019 0.030814348564739438 -0.075478445330886962 0.0050118883930149903 -0.04572046782499084 0.012602060923603099 0.025395772339333718 0.002234821677812208 0.03282189502374952 -0.039219071257892549 -0.0054428989881821236 0.17118545793743334 0.063027591512049105 -0.014606470937422164 -0.0032423066087613078 0.016720708194005826 -0.059495544085720643 0.040799913716034537 0.022230015316382409 -0.14161413736236883 -0.026906906514551882 -0.01557329926833192 -0.095738401797974493 0.027784725570662812 0.056062005361598194 0.018524888527375442 -0.047268912275098447
leaf_weight=1567.3920635432005 253.61648163152859 114.79644125513732 1120.616993367672 2075.720079742372 6776.3505613543093 74.874344155192375 3087.6807455718517 950.89266847074032 2235.5219358727336 4431.319473195821 19022.679758939892 1226.986268542707 436.08597612474114 12642.50698498264 26.175343986600637 905.51294053345919 143.30820187926292 5893.5998670682311 4366.1476051881909 149.43232604861259 700.04247835278511 236.21997232362628 92.224362894892693 336.25382163375616 1078.1802528919652 140.92205682769418 2426.4161978214979 68.161004237830639 9554.8336396180093 624.2894879039377
leaf_count=3159 7045 955 1773 10732 11422 376 7676 18382 4114 7778 45738 2013 2204 69477 148 1216 468 31417 7646 497 1048 517 351 832 8220 904 5157 155 18728 3811
internal_value=0.00808019 0.0214461 0.0231599 0.0054749 0.0249105 0.00819657 0.000373697 -0.0146983 0.0108667 0.011368 0.00955279 0.00632883 0.00331689 -0.00445244 0.00597037 0.0346115 -0.0649317 -0.00247104 0.004939 0.00826378 0.0110762 0.00390161 -0.0253599 -0.0515961 -0.00574529 -0.02484 0.0150328 -0.00708665 0.017794 -0.0370976
internal_weight=82758.8 13500 13246.4 69258.8 12988.3 54356.4 15679.6 4245.72 5306.4 38676.8 34245.5 24615.8 4185.78 14902.3 11433.9 7681.86 258.105 5919.78 23388.8 3749.69 3600.26 2900.22 664.698 428.478 3294.82 1219.1 5514.1 13335 9629.71 692.45
internal_count=273959 32442 25397 241517 23974 164915 82636 38238 11336 82279 74501 55397 9563 76602 44398 12638 1423 31565 53384 7359 6862 5814 1700 1183 19856 9124 12833 73443 19104 3966
is_linear=0
shrinkage=0.1


Tree=33
num_leaves=31
num_cat=0
split_feature=0 8 3 15 8 3 18 5 0 9 4 19 11 8 7 13 10 19 10 0 12 18 9 6 9 11 3 0 11 3
split_gain=251.115 142.871 117.408 139.806 131.673 111.091 109.157 107.394 101.736 100.073 229.762 95.6729 91.3271 90.3594 99.8378 136.413 104.823 97.7367 89.7085 85.3297 99.9054 83.8783 113.48 96.2683 95.267 83.8018 81.4443 81.2873 81.245 85.4754
threshold=1.0065789473684212 4.0037878787878798 0.00047398496240601506 360.37500000000006 4.4955627110657357 6.3875000000000013e-07 3.5000000000000004 23.345238095238098 0.1156191369606004 1.7750000000000001 0.40370370370370373 179.50000000000003 46539.080000000009 0.23861283643892342 14.155555555555557 0.16950000000000004 61.599500000000013 20.500000000000004 56.473500000000008 0.04532614278376991 3.0015015015015019 9.5000000000000018 97.666666666666671 6.6504104354389773 304.50000000000006 1778.5250000000003 0.00054058823529411768 0.14339826839826844 127.61500000000001 0.00051695402298850587
decision_type=2 2 2 2 2 2 2 2 2 2 2 2 2 2 2 2 2 2 2 2 2 2 2 2 2 2 2 2 2 2
left_child=1 9 3 4 8 11 -7 26 -3 28 19 -5 -6 17 21 16 -16 25 -9 -11 27 23 -23 24 -15 -12 -4 -21 -1 -30
right_child=-2 2 7 5 12 6 -8 18 -10 10 13 -13 -14 14 15 -17 -18 -19 -20 20 -22 22 -24 -25 -26 -27 -28 -29 29 -31
leaf_value=0.0030981572217594518 0.033977036081677736 0.0765292898703962 0.057110261455374706 -0.0096893595776324174 -0.019953116892201618 -0.00043379676844138894 0.02601911023758606 0.033652972291684201 -0.010752090429054719 -0.060949906119156717 0.041247083153819274 -0.12051793474871442 -0.093947627473638134 -0.0092134834197536274 0.23938586695952135 -0.12379318281126941 -0.025152228560707368 0.12829579126056048 0.015839556921093449 0.072699333970486488 -0.13584116436201971 0.0082347809101579791 -0.070241011031642528 0.014837677959324501 0.18988762540086992 -0.11859733659053598 0.0018394320338346979 -0.032508542253579013 0.024290727052819462 0.0039607678331939067
leaf_weight=14629.574133174494 3386.6581660583615 246.37686322256923 280.48044093698263 1173.7963950699195 2210.1881425455213 2601.1029633264989 3897.1090996209532 3950.5177714601159 291.60802708566189 860.42695417627692 198.97564035281539 83.426670828834176 180.41783842537552 10744.975766310468 19.444718271493912 146.75741668976843 65.221146948635578 111.61458388343453 9941.3810651935637 146.47753711044788 47.869274564087391 10867.906727198511 187.44496577978134 2057.7070096451789 24.086170051246881 39.272454593330622 5389.3109666332603 147.28024803102016 4746.1017756490037 3665.1468629650772
leaf_count=47952 5643 1381 555 5817 10804 6424 7140 5887 672 21512 1123 5490 1283 45247 71 2307 721 882 18611 490 310 40153 2705 5300 108 238 11510 372 13735 9516
internal_value=0.00731274 0.00616897 0.0115672 0.00313673 -0.0154785 0.0101662 0.0154305 0.0161717 0.0292195 0.00281677 -0.001478 -0.0170437 -0.0255374 0.000619338 -0.000112722 -0.0654784 0.0356027 0.051075 0.0209053 -0.0441616 -0.00187826 0.000520687 0.00690421 -0.00498125 -0.00876817 0.0148986 0.00457364 0.0199517 0.00760076 0.0154321
internal_weight=82338.7 78952 30245.7 10684 2928.59 7755.44 6498.21 19561.7 537.985 48706.3 25665.5 1257.22 2390.61 24463.4 24113.5 231.423 84.6659 349.863 13891.9 1202.05 341.627 23882.1 11055.4 12826.8 10769.1 238.248 5669.79 293.758 23040.8 8411.25
internal_count=273959 268316 75574 39011 14140 24871 13564 36563 2053 192742 121539 11307 12087 98855 96612 3099 792 2243 24498 22684 1172 93513 42858 50655 45355 1361 12065 862 71203 23251
is_linear=0
shrinkage=0.1


Tree=34
num_leaves=31
num_cat=0
split_feature=5 16 17 3 18 11 4 13 1 10 17 6 8 16 14 1 8 15 6 16 7 9 18 7 14 2 0 10 13 10
split_gain=234.64 137.96 142.311 136.989 120.516 117.533 91.5024 85.8081 134.814 126.241 87.4494 110.67 102.604 81.5804 87.3982 80.2017 73.3549 73.2465 72.0194 76.9246 72.2584 71.8154 70.8643 68.0989 67.2151 66.6109 102.867 79.147 80.8668 66.3976
threshold=89.031250000000014 0.0025031328320802011 0.88260403437500001 1.2713636363636365e-07 16.500000000000004 278593.93500000006 11.304951690821257 0.16050000000000003 0.0045523625310859355 29.116000000000003 -1.0000000180025095e-35 1.0209293114590066 8.6018867924528326 0.37980769230769235 5.5000000000000009 0.0069204980842911884 6.9727020253336045 474.50000000000006 0.99933422103861524 0.20256410256410259 0.42183891584167282 18.125000000000004 2.5000000000000004 14.155555555555557 0.87500000000000011 22.500000000000004 0.28669275929549903 8.3340000000000014 0.26750000000000007 201.50050000000002
decision_type=2 2 2 2 2 2 2 2 2 2 2 2 2 2 2 2 2 2 2 2 2 2 2 2 2 2 2 2 2 2
left_child=1 5 4 -2 7 -1 -6 18 -9 13 -11 12 15 25 -15 -12 -5 -17 22 20 -20 -22 -3 -4 -23 27 -27 -10 -29 -8
right_child=3 2 23 16 6 -7 29 8 9 10 11 -13 -14 14 -16 17 -18 -19 19 -21 21 24 -24 -25 -26 26 -28 28 -30 -31
leaf_value=-0.0028048596886447101 -0.062259997108084025 -0.11734879447218483 0.019275975586774029 0.010858885527478344 0.0084189598872646178 -0.1129246776111861 0.037321880488360791 -0.099404394478678187 0.032449553867058077 0.0063422259272946264 0.15921703232376094 -0.016852943875907987 0.02836226682868398 -0.0096054253816554233 0.077455200509065195 -0.0050018751524504197 0.0414581731097481 -0.20490181879095945 0.022839707427056478 -0.02079478489546463 0.008660216956131327 0.22414223896378976 0.024524021865464759 -0.083937040648813022 -0.04781137737643839 -0.026694218108124043 0.037040684679073239 -0.11998001980603 0.011349018866489716 0.0096344895040325722
leaf_weight=14047.597579595633 155.82222957769409 86.623817896470428 9521.4545467887074 1067.9152753502131 8917.8101607449353 97.596485724672675 2344.4010461047292 135.96276416815817 2502.8436390683055 5486.2271206369624 29.655663810670376 7476.4298448404297 1131.0254507362843 2571.5137670710683 120.72105406969786 5318.2502304017544 2941.0401157662272 18.39336284995079 4460.5861849058419 712.48016236722469 5832.9531996101141 9.3607893474400026 59.314634556882083 64.357158000580966 312.08027881197631 828.36233447864652 364.73587062954903 47.446313314139843 3974.5856751259416 1373.6266712713987
leaf_count=69713 6433 1005 20079 2182 29822 1011 3532 943 5491 17288 316 29092 2071 9148 251 19912 4465 87 10716 2771 17416 49 592 841 1751 4387 562 180 9147 2706
internal_value=0.00660616 0.00536895 0.0073527 0.0297315 0.00536341 -0.00356464 0.0139136 0.00275877 -5.37027e-05 0.000398521 -0.00435637 -0.00855674 0.00098965 0.00928692 -0.00570159 -0.00477953 0.0333071 -0.00569085 0.0101142 0.0110134 0.0131484 0.00612437 -0.0596866 0.018583 -0.0398917 0.0145153 -0.00721015 0.0184879 0.00979978 0.0270928
internal_weight=82011.2 77846.4 63701.2 4164.78 54115.4 14145.2 12635.8 41479.6 30006.2 29870.2 19460 13973.8 6497.32 10410.2 2692.23 5366.3 4008.96 5336.64 11473.4 11327.5 10615 6154.39 145.938 9585.81 321.441 7717.97 1193.1 6524.88 4022.03 3718.03
internal_count=273959 260879 190155 13080 169235 70724 36060 133175 98875 97932 68766 51478 22386 29166 9399 20315 6647 19999 34300 32703 29932 19216 1597 20920 1800 19767 4949 14818 9327 6238
is_linear=0
shrinkage=0.1


Tree=35
num_leaves=31
num_cat=0
split_feature=5 3 9 4 11 5 18 8 10 13 4 3 18 12 18 0 7 3 10 2 18 4 4 19 11 16 16 7 0 6
split_gain=196.293 116.547 113.505 187.91 136.049 126.651 102.441 89.5029 77.6967 71.0522 69.1902 68.2392 67.3007 68.0141 66.4986 66.0903 64.7954 77.9717 64.6184 61.3147 92.951 60.8115 126.476 93.7182 197.906 94.2581 293.45 84.2433 83.0898 75.2791
threshold=89.031250000000014 1.0641025641025642e-07 5.0625000000000009 0.33356086461888518 129369.08000000002 27.038461538461544 1.5000000000000002 8.7513440860215059 4502.5435000000007 0.083500000000000019 16.865765765765769 0.044494949494949504 15.500000000000002 275.0321336760926 25.500000000000004 0.21896404109589043 0.066978580766590759 0.00075045454545454558 99.896000000000001 108.50000000000001 12.500000000000002 2.2382529170608643 0.74754901960784326 144.50000000000003 687.44000000000017 0.0020020040080160327 0.0022641522330521806 0.36088342440801463 0.43804824561403516 0.75037537537537546
decision_type=2 2 2 2 2 2 2 2 2 2 2 2 2 2 2 2 2 2 2 2 2 2 2 2 2 2 2 2 2 2
left_child=2 -2 5 19 7 11 15 16 -9 -3 18 14 13 -11 -1 -7 17 -5 -6 -4 -21 22 23 25 -25 -18 -27 28 -24 -29
right_child=1 9 3 4 10 6 -8 8 -10 12 -12 -13 -14 -15 -16 -17 21 -19 -20 20 -22 -23 27 24 -26 26 -28 29 -30 -31
leaf_value=0.0036123548447011718 -0.073532416608842063 0.060867821736540643 -0.069315034115089894 -0.086654891534051939 -0.059859345040514912 -0.022752461167565297 0.025252113564541396 0.01652232457413854 -0.11411369352125603 -0.09450727267367201 -0.081634216053464548 0.043024743295562058 0.049088686177602245 0.018639850187248081 0.017763303395129323 0.012489078790957684 -0.068336481177355468 0.0097218733837891921 0.010960916853017538 -0.10140381396700958 1.3740641296034264 0.0022706828051130266 0.04216335023919001 1.003658633063514 0.10889405189896165 0.69410119633456724 0.033304329685211576 0.027640916215358302 -0.20227151740220628 -0.033499123482558575
leaf_weight=35498.892116046511 111.39213948184624 633.9886374771595 414.1911361804232 188.57664583437145 223.44915336742997 783.2264181189239 6417.7181186787784 4340.9264514800161 46.01037248596549 54.302328802645206 265.222745959647 476.09257005900145 826.81456568837166 2453.6372463293374 3663.4940233407542 1659.9589135348797 90.751767504960299 151.29174117743969 304.28028537053615 1.0070838527753938 0.7412163522094487 20008.131683239713 271.9374010078609 2.9613889213651445 14.957281943410633 6.8311862759292117 414.56957120448351 222.29512861557305 14.656121447682379 2140.6980469245464
leaf_count=112035 6323 858 12962 811 1054 2021 10409 10252 883 164 1404 798 1206 4529 9032 2809 2352 294 1527 78 42 67335 1071 53 261 104 4212 3696 53 15331
internal_value=0.00597024 0.0273494 0.00484647 -8.82179e-05 0.000878658 0.00780971 0.018618 0.00203892 0.0151522 0.0301809 -0.0399666 0.0053936 0.0243468 0.01619 0.00493612 0.00119149 -0.000406164 -0.043753 -0.0190255 -0.0668206 0.524141 0.000229179 -0.0126171 0.0319727 0.25677 0.0241077 0.0440163 -0.0215376 0.0296632 -0.0277475
internal_weight=81703 4080.13 77622.9 29123.5 28707.5 48499.4 8860.9 27914.6 4386.94 3968.74 792.952 39638.5 3334.75 2507.94 39162.4 2443.19 23527.7 339.868 527.729 415.939 1.7483 23187.8 3179.66 530.071 17.9187 512.153 421.401 2649.59 286.594 2362.99
internal_count=273959 13080 260879 123775 110693 137104 15239 106708 11135 6757 3985 121865 5899 4693 121067 4830 95573 1105 2581 13082 120 94468 27133 6982 314 6668 4316 20151 1124 19027
is_linear=0
shrinkage=0.1


Tree=36
num_leaves=31
num_cat=0
split_feature=0 8 10 3 5 7 14 9 15 6 10 0 16 8 7 2 4 4 10 3 3 4 7 9 4 0 12 1 2 9
split_gain=180.599 89.39 94.0524 84.5062 107.058 106.994 87.9702 107.124 102.955 85.0464 82.2982 80.5849 79.301 97.1647 122.248 86.9994 110.202 118.279 86.0804 77.7324 76.6977 91.2306 86.9939 75.3126 177.563 74.1467 84.5799 73.8536 72.8962 112.17
threshold=1.1690476190476193 4.0037878787878798 5866.1850000000004 0.00047398496240601506 59.345238095238102 0.36088342440801463 4.5000000000000009 12.708333333333334 1336.5000000000002 0.75037537537537546 20.700500000000005 0.6632788559754853 0.0024009638443091685 4.4955627110657357 0.081919279071996934 3.5000000000000004 5.6702898550724647 8.7303030303030322 404.07300000000004 6.3875000000000013e-07 1.7327067669172934e-06 9.8775000000000031 0.51933269910301727 1.7750000000000001 0.40370370370370373 0.04532614278376991 5.0025025025025034 3.7500000000000004 53.500000000000007 64.333333333333357
decision_type=2 2 2 2 2 2 2 2 2 2 2 2 2 2 2 2 2 2 2 2 2 2 2 2 2 2 2 2 2 2
left_child=1 23 3 4 6 9 7 8 10 -6 -3 12 13 15 -15 -9 -17 18 -18 -11 -12 -22 -23 -1 25 -25 -27 -5 -16 -30
right_child=-2 2 -4 27 5 -7 -8 11 -10 19 20 -13 -14 14 28 16 17 -19 -20 -21 21 22 -24 24 -26 26 -28 -29 29 -31
leaf_value=0.0060340256318095701 0.031839903867645424 -0.24593564894011921 -0.091432979530485084 0.011955919806397576 -0.11553150857607604 0.085123756855444682 0.0111338328318186 0.10580644617074396 -0.18533497629174375 -0.025925441315346371 0.066152501185873583 -0.045380007355483941 0.030001713772132517 0.04370779202616723 -0.035783686751990694 -0.073899345388237031 0.13121365779509539 -0.14969898815848001 -0.011915531697000872 0.019480814098801591 0.0039113401902563889 -0.031768090827791522 -0.10006373208697045 -0.057015427002724585 -4.4090910415879552e-05 0.014489398738190711 -0.15637828590551178 0.048950537226975725 -0.0073744149487302542 0.246846911730667
leaf_weight=23058.876196837984 2501.2378381118178 17.555701591074467 93.314243284519762 19075.959365729243 51.790452992543578 210.37424513697624 2225.1917105689645 123.52086505293846 44.438911911100149 433.09816053509712 81.37945880740881 394.66942548751831 782.28536077216268 269.00506869144738 1329.9489046894014 110.18972073867917 114.29039027169347 25.953978702425957 66.449644975364208 2912.0890904776752 430.79482937976718 625.33159527555108 265.78186832554638 800.91589733492583 24430.107128648087 310.8125416636467 31.94765817001462 555.33749662339687 69.798255439847708 23.100190419703722
leaf_count=71319 4374 79 3359 36497 2510 243 3854 348 179 3073 140 852 2824 740 8383 812 439 160 400 5463 1124 2178 1381 21512 98948 961 211 712 809 75
internal_value=0.00538486 0.00454688 0.00880723 0.00911657 0.00192468 0.0159192 -0.0052875 -0.0129408 -0.0354511 0.0116333 -0.0307633 -0.00297346 0.00276897 -0.00722222 -0.0181135 0.0346176 0.00686828 0.0499259 0.0785918 0.0136021 -0.0280714 -0.033872 -0.0521378 0.00188975 -0.00184698 -0.0403585 -0.00143667 0.0130024 -0.0298015 0.0558404
internal_weight=81465.5 78964.3 30331.6 30238.3 10607 3607.35 6999.69 4774.49 1465.28 3396.98 1420.84 3309.21 2914.54 2132.26 1691.85 440.405 316.884 206.694 180.74 3345.19 1403.29 1321.91 891.113 48632.7 25573.8 1143.68 342.76 19631.3 1422.85 92.8984
internal_count=273959 269585 76634 73275 36066 11289 24777 20923 5081 11046 4902 15842 14990 12166 10007 2159 1811 999 839 8536 4823 4683 3559 192951 121632 22684 1172 37209 9267 884
is_linear=0
shrinkage=0.1


Tree=37
num_leaves=31
num_cat=0
split_feature=8 11 5 3 5 16 0 2 18 10 8 9 6 16 17 17 10 16 7 13 17 1 17 10 12 7 19 1 3 12
split_gain=153.316 103.614 100.13 115.357 99.4727 91.6121 101.268 118.355 98.7765 93.3877 110.46 77.5 133.39 77.8833 75.9813 73.7725 82.5474 102.549 112.757 71.483 71.0936 74.3203 69.1922 89.1189 77.5231 74.568 69.4816 68.5562 199.976 126.067
threshold=19.81666666666667 355433.82500000001 92.571428571428584 0.003750714285714286 21.607692307692314 0.0030333701386332968 0.021937916098500047 36.500000000000007 1.5000000000000002 16.923500000000001 0.10557275541795667 0.2678571428571429 38.610614192009542 0.0054102839301395271 0.0013143428571428574 0.76971818181818197 114.57500000000002 0.31009615384615391 0.40257665657026687 0.44850000000000007 -0.45451022727272722 0.0056926201175250615 0.072724469696969704 22.333500000000004 7.6377545918197276 2.005555555555556 7.5000000000000009 0.032362798491830755 0.00016696969696969698 12.872774675349785
decision_type=2 2 2 2 2 2 2 2 2 2 2 2 2 2 2 2 2 2 2 2 2 2 2 2 2 2 2 2 2 2
left_child=1 2 5 -4 -2 -1 7 8 22 -10 11 12 13 -11 27 16 17 18 19 -8 -18 -22 24 -24 -7 -26 -27 28 29 -12
right_child=4 -3 3 -5 -6 6 15 -9 9 10 14 -13 -14 -15 -16 -17 20 -19 -20 -21 21 -23 23 -25 25 26 -28 -29 -30 -31
leaf_value=-0.0026244514852847636 -0.081349393417652793 -0.039029290336886291 0.029814089348203482 -0.072351442610765926 0.030348720132844006 -0.043272540116717134 0.035228520698905912 -0.047735271758193532 0.018706986949479327 0.17625847220506186 0.27945282974068963 -0.062165809781330607 0.39969050825853597 -0.026319837265422565 -0.0050582106106541328 0.017095920666145868 0.017014420261471062 -0.0082654873321988849 0.0022751570715100933 0.01555444360395743 0.18786933533632508 -0.0015567547134562999 0.066195143165899348 -0.025121229301984956 -0.017796292117219361 0.063195093175307818 -0.0060685157647635928 0.014061684807537278 0.03995848532590196 1.2628574938306534
leaf_weight=17599.427456214093 82.008726768195629 555.22199370246381 2217.7429761253297 116.31450956314802 2867.114067139104 877.68413613643497 2543.1077867634594 525.14326751604676 3552.7723190039396 21.152474630624056 2.8591078529134419 466.04422746133059 8.4586941264569742 184.64320943690836 4701.2961407704279 7683.5499429516494 2482.3037046715617 2312.3202571831644 4966.6660049259663 6744.70608914271 20.741678781807423 14611.838395556435 236.74030531011522 194.82686708960682 2172.431849449873 243.55048587545753 357.30849264841527 2858.9330090554431 21.589242992922664 2.396026149392128
leaf_count=83552 318 8433 3625 317 5018 7512 4596 10457 11148 91 102 8470 43 1660 22374 13270 4572 5837 9647 13881 83 35949 558 1028 6679 654 2852 10978 242 13
internal_value=0.00485968 0.00401644 0.00432393 0.0247228 0.0272426 0.0036924 0.00561604 -0.00102639 0.00051605 0.00514781 -0.000679039 -0.0392807 0.0104987 -0.00549806 0.0027822 0.00825402 0.00623699 0.0112688 0.0144376 0.0209414 0.00136633 -0.00128824 -0.0128942 0.0249712 -0.0173702 -0.00917263 0.0220066 0.0155552 0.174618 0.727826
internal_weight=81230.9 78281.8 77726.5 2334.06 2949.12 75392.5 57793.1 16427.8 15902.7 11820.1 8267.37 680.299 214.254 205.796 7587.07 41365.2 33681.7 16566.8 14254.5 9287.81 17114.9 14632.6 4082.54 431.567 3650.97 2773.29 600.859 2885.78 26.8444 5.25513
internal_count=273959 268623 260190 3942 5336 256248 172696 84861 74404 55121 43973 10264 1794 1751 33709 87835 74565 33961 28124 18477 40604 36032 19283 1586 17697 10185 3506 11335 357 115
is_linear=0
shrinkage=0.1


Tree=38
num_leaves=31
num_cat=0
split_feature=0 18 6 5 7 3 13 13 1 11 7 3 17 10 7 9 7 8 15 16 10 12 8 8 5 7 16 7 18 19
split_gain=138.233 76.2814 110.486 99.5166 98.57 94.3282 92.9118 197.636 91.882 85.7558 82.6232 82.5278 92.6723 87.0682 73.9291 73.0639 94.6244 93.8191 86.7782 83.7798 84.9172 90.9714 73.9274 92.2749 85.7253 167.619 106.803 137.522 92.9941 70.4927
threshold=1.1690476190476193 1.5000000000000002 1.0000000180025095e-35 47.531250000000007 0.68237250554323736 1.0641025641025642e-07 0.12250000000000001 0.98450000000000004 0.029304422498926581 34.005000000000003 1.3350694444444446 0.00027897368421052636 0.03636931818181819 169.44600000000003 0.20022586109542637 11.550000000000002 0.17295821462488131 7.9514705882352947 131.75000000000003 0.0010060728744939274 1226.6990000000003 272.03783974179265 0.36417112299465243 1.0836513994910943 22.968750000000004 1.6680272108843541 0.0024009638443091685 0.2480323433560844 2.5000000000000004 37.500000000000007
decision_type=2 2 2 2 2 2 2 2 2 2 2 2 2 2 2 2 2 2 2 2 2 2 2 2 2 2 2 2 2 2
left_child=1 2 -1 15 5 -5 9 11 -9 -4 -6 -8 13 14 -13 -3 17 -17 -18 20 21 -20 -21 -24 -25 26 27 -26 -28 -11
right_child=-2 3 6 4 10 -7 7 8 -10 29 -12 12 -14 -15 -16 16 18 -19 19 22 -22 -23 23 24 25 -27 28 -29 -30 -31
leaf_value=-0.11455296815331967 0.028018402981469782 0.0058420131840230746 -0.02397537182267355 -0.068003299629756445 -0.10176183925237747 0.019727200287414912 -0.0098625310404854682 -0.031685959714759057 0.0023401098877521799 0.0070400727964014713 0.059800073024697434 0.014947291216969303 0.0032489616958788284 -0.092068070676968886 -0.056090667325227994 -0.063200160319283993 -0.011826037237070324 0.004744420974297653 0.44021794989588436 0.23320693861251818 0.29464927218842768 0.04012570404821602 -0.095484890487884916 0.025063239969654941 0.026074944039963466 0.095410419746972439 -0.14580211680844407 -0.057628456321312221 0.010719119368642782 0.033082874819461414
leaf_weight=85.862476959824562 2401.4664224907756 39936.369408072904 691.92876731976867 124.72060429351404 122.33496329188347 7067.0250204782933 1170.9171210778877 849.92668794700876 11976.896544526797 4317.2063931897283 42.702854409813881 201.9356095790863 312.36427860148251 459.63919574953616 533.64235677942634 505.72499061562121 3874.2805015454069 339.76136559247971 5.8599372543394557 14.216930299997328 15.607437392696736 188.31022433936596 89.857375279068947 1616.4913112856448 266.56262793205678 158.94974552094936 38.984601635485888 744.49895742349327 1442.135820120573 1368.9376998078078
leaf_count=951 4374 119868 2537 5796 855 12867 5484 7623 37128 12090 57 411 732 1923 1827 4514 28143 1041 29 16 81 1625 1025 7635 725 193 169 4869 3888 5483
internal_value=0.00438486 0.00366245 -0.00133878 0.00560387 0.0164523 0.0182058 -0.000894573 -0.00507367 8.54858e-05 0.00926496 -0.0599584 -0.0297799 -0.0452494 -0.0579243 -0.0365889 0.00398297 -0.00399912 -0.0358964 -0.000809724 0.00850612 0.0702384 0.0522002 0.00554387 0.00480108 0.00691266 -0.0041544 -0.0105046 -0.0355604 0.00659932 0.0133099
internal_weight=80965.1 78563.7 21969.3 56594.4 7356.78 7191.75 21883.4 15505.3 12826.8 6378.07 165.038 2678.5 1507.58 1195.22 735.578 49237.6 9301.24 845.486 8455.76 4581.47 209.778 194.17 4371.7 4357.48 4267.62 2651.13 2492.18 1011.06 1481.12 5686.14
internal_count=273959 269585 76189 193396 19575 18663 75238 55128 44751 20110 912 10377 4893 4161 2238 173821 53953 5555 48398 20255 1735 1654 18520 18504 17479 9844 9651 5594 4057 17573
is_linear=0
shrinkage=0.1


Tree=39
num_leaves=31
num_cat=0
split_feature=5 11 8 8 11 6 9 4 11 11 2 10 9 19 6 15 13 3 9 3 9 7 18 17 3 0 1 10 4 15
split_gain=119.993 80.7085 99.2561 83.8687 79.8757 77.3061 76.8884 125.401 107.947 74.5444 85.9974 72.8242 69.2699 66.4033 66.93 77.7042 64.9498 62.0358 84.0124 61.6771 62.7773 109.871 60.6654 59.9287 58.7023 61.9655 58.3393 57.9446 80.0503 64.8041
threshold=89.031250000000014 180623.31000000003 8.7513440860215059 7.4765395894428162 13616569.405000003 5.558645408478557 0.2678571428571429 1.1686991869918701 362.60500000000008 1091.3350000000003 8.5000000000000018 177.90850000000003 1.9375000000000002 4.5000000000000009 8.936557628418095 13.750000000000002 0.083500000000000019 0.00028629464285714293 23.937500000000004 9.0625000000000009e-09 5.9285714285714297 1.4136414197593288 15.500000000000002 0.22648095238095239 0.044494949494949504 1.9444444444444446 5.5000000000000009 122.57350000000001 0.55662393162393176 15.250000000000002
decision_type=2 2 2 2 2 2 2 2 2 2 2 2 2 2 2 2 2 2 2 2 2 2 2 2 2 2 2 2 2 2
left_child=1 2 5 -3 16 6 8 9 -1 10 -8 -10 -11 14 -7 -16 -2 18 -5 20 -9 -22 -18 27 25 -21 -19 28 -12 -29
right_child=4 3 -4 17 -6 13 7 19 11 12 23 -13 -14 -15 15 -17 22 26 -20 24 21 -23 -24 -25 -26 -27 -28 29 -30 -31
leaf_value=0.0030490779316300655 0.053466098176676038 0.0019552474371543845 0.013525867921937116 -0.01375391430242571 -0.10495215970858969 0.015371170771043267 -0.029201178899684262 0.27406030759868133 0.035571348637994084 0.05216782999447013 -0.010783137513363031 -0.01151296046417306 -0.069452389628891886 0.011919987239073429 -0.035365567778871801 0.032020765114866158 0.0094399346393342354 -0.14831753181070073 -0.14344555538001577 -0.00025902465329073277 0.085879170656300782 -0.1282409353486845 0.041393514221003576 0.040641552530208146 0.047730275940760888 -0.092321833975250053 0.045162088902199006 -0.025701917212645684 0.081479174895805292 0.057617731306098596
leaf_weight=11373.957812859677 585.15029552578926 558.34939994383603 8694.053731283173 309.82437571138144 49.564007214736193 731.52600187063217 1768.6367524126545 12.80100494623184 1828.8616333976388 52.75709468126297 232.42634498141706 400.41056122910231 416.91158752143383 11328.643622648902 951.85234427452087 208.62593855708838 2431.7362577272579 99.396446978673339 59.548149544745684 35771.748392698355 120.77544800937176 29.896681210026145 786.27224098611623 324.88132012169808 254.70808117091656 73.260504402220249 18.482254937291145 1028.2724549118429 157.94567000493407 102.66906027682126
leaf_count=35032 859 1913 18955 761 5954 1624 13576 17 3759 211 1388 1331 8701 30120 3161 348 4893 432 856 117158 426 351 1374 3381 393 205 24 14936 487 1333
internal_value=0.00395429 0.0030916 0.0034719 -0.0245017 0.0211762 0.00217061 0.000491256 -0.00170076 0.00699284 -0.0183121 -0.0134426 0.0271143 -0.055791 0.00902371 -0.00831818 -0.0232511 0.0228199 -0.0548193 -0.0346621 0.000170265 0.0614558 0.043393 0.0172473 0.00165403 -0.000107259 -0.000447184 -0.117982 -0.00667188 0.0265465 -0.018138
internal_weight=80763.9 76911.2 75865.6 1045.6 3852.72 67171.6 53950.9 40347.7 13603.2 4084.5 3614.83 2229.27 469.669 13220.6 1892 1160.48 3803.16 487.251 369.373 36263.2 163.473 150.672 3218.01 1846.19 36099.7 35845 117.879 1521.31 390.372 1130.94
internal_count=273959 260879 256893 3986 13080 237938 202685 162563 40122 44013 35101 5090 8912 35253 5133 3509 7126 2073 1617 118550 794 777 6267 21525 117756 117363 456 18144 1875 16269
is_linear=0
shrinkage=0.1


Tree=40
num_leaves=31
num_cat=0
split_feature=0 18 2 13 1 15 2 13 17 17 13 18 11 3 7 19 12 4 1 17 12 18 8 9 19 11 13 1 17 17
split_gain=111.509 71.8582 75.0524 72.7617 150.865 96.165 123.729 98.52 70.4902 86.2337 105.971 96.1186 76.1312 74.5727 72.6916 85.7109 163.429 72.5644 71.8006 67.9569 87.0901 86.3867 67.4872 78.5903 66.8912 65.5331 79.2414 64.5302 75.6673 63.1079
threshold=1.2522727272727276 14.500000000000002 153.50000000000003 0.16950000000000004 0.0045523625310859355 24.250000000000004 6.5000000000000009 -0.094499999999999959 -0.06151339285714285 0.034196500000000012 0.99950000000000017 1.0000000180025095e-35 6459.5700000000006 0.00027897368421052636 0.97152988855116529 148.50000000000003 128.01384083044988 4.1639784946236569 0.016713221601489761 0.0013143428571428574 16.004268943436504 4.5000000000000009 15.076197387518144 7.1000000000000005 60.500000000000007 111.70500000000001 0.10850000000000001 0.48529411764705888 0.089519875000000013 -0.018181664431818179
decision_type=2 2 2 2 2 2 2 2 2 2 2 2 2 2 2 2 2 2 2 2 2 2 2 2 2 2 2 2 2 2
left_child=1 2 3 5 -5 6 25 -8 -6 10 11 13 19 18 -11 -16 -17 -14 -10 -12 -21 -22 23 -19 -20 26 29 -9 -29 -1
right_child=-2 -3 -4 4 8 -7 7 27 9 14 12 -13 17 -15 15 16 -18 22 24 20 21 -23 -24 -25 -26 -27 -28 28 -30 -31
leaf_value=0.025553061890073656 0.027773671966360894 0.0078429247485943959 -0.091250727953106694 -0.098678345491246738 0.0084962583456317086 0.013889613451736222 -0.028205695381745517 0.014106896301712749 0.16209631276159436 0.0059659097896595948 0.0037689851760600006 -0.0074528775251355532 0.036237142889867416 -0.056119557711644778 -0.012064712811441147 0.1008002574338482 1.1625858279176209 -0.011069869808565105 -0.010117033008518725 0.0060418454499913841 -0.068142616228272432 -0.012271986236619591 0.015791747957917639 -0.051710045914887141 -0.12600867890223655 -0.0025692570862467495 0.027618026968984102 0.033622011202528904 0.25249431920471188 -0.05550819835642852
leaf_weight=107.05786689929664 1859.1210550963879 22024.66530415602 87.840481962542981 157.07802165020257 7219.4971404643729 8839.3002078663558 595.36932532116771 2881.5250397212803 22.479210887104273 13568.150357167237 9574.5504750553519 2070.8947634887882 215.98682855255902 1048.9668215662241 3060.6805254379287 9.1186588900163752 1.7236314900219429 929.65420764684677 606.0815611872822 973.21741263568401 460.59928560815752 693.31266233325005 351.97453844919801 974.76034637540579 54.263057952746749 1023.7955653993413 164.02445741184056 43.984005166217685 24.645945750176907 933.30330062191933
leaf_count=349 3456 77576 3558 1277 22238 22385 3099 12012 269 38039 34382 7559 971 3719 14711 297 17 2077 2910 4488 1821 2022 671 4778 515 4125 495 213 62 3868
internal_value=0.00356717 0.00299548 0.00111232 0.00125565 -0.00085931 0.00733334 -0.00270404 0.0089009 -0.000492036 -0.00236661 -0.00716852 -0.0219916 -0.00319171 -0.0393772 0.00282116 -0.0110705 0.269596 -0.0191358 -0.0136574 0.000177035 -0.0159909 -0.0345735 -0.0244363 -0.0318712 -0.0196403 -0.02117 -0.0369818 0.0163894 0.112222 -0.0471666
internal_weight=80577.6 78718.5 56693.8 56606 41993 14613 5773.71 3545.52 41835.9 34616.4 17976.7 3802.69 14174.1 1731.79 16639.7 3071.52 10.8423 2472.38 682.824 11701.7 2127.13 1153.91 2256.39 1904.41 660.345 2228.18 1204.39 2950.15 68.63 1040.36
internal_count=273959 270503 192927 189369 142761 46608 24223 15386 141484 119246 66182 14972 51210 7413 53064 15025 314 8497 3694 42713 8331 3843 7526 6855 3425 8837 4712 12287 275 4217
is_linear=0
shrinkage=0.1


Tree=41
num_leaves=31
num_cat=0
split_feature=8 19 5 18 9 13 1 12 2 9 7 10 17 17 3 16 16 12 18 19 13 18 14 0 10 11 7 9 16 15
split_gain=98.6598 86.5597 81.3918 63.7692 70.0941 65.1719 154.811 81.8087 134.474 79.84 110.153 75.939 79.6387 105.241 78.411 72.3929 84.3281 66.2774 65.9715 82.6232 73.91 65.3882 64.0845 59.3623 59.0656 58.9528 58.178 58.1292 57.3195 93.7322
threshold=19.81666666666667 242.50000000000003 18.026315789473689 17.500000000000004 330.00000000000006 0.16950000000000004 0.0045523625310859355 19.617971155404316 6.5000000000000009 5.0625000000000009 47.750000000000007 13.408500000000002 -1.0000000180025095e-35 0.54998214285714297 0.0092980295566502478 0.69047619047619058 0.84523809523809534 489.01754385964915 7.5000000000000009 26.500000000000004 0.61550000000000005 10.500000000000002 5.5000000000000009 0.015483896747382724 358.75250000000005 180623.31000000003 0.50085324232081929 120.20000000000002 0.0025586358597452937 685.50000000000011
decision_type=2 2 2 2 2 2 2 2 2 2 2 2 2 2 2 2 2 2 2 2 2 2 2 2 2 2 2 2 2 2
left_child=1 3 -2 4 5 7 -7 8 -1 10 -10 15 17 14 25 18 -17 -13 19 20 -8 22 -18 -15 -4 27 -19 -14 29 -5
right_child=2 -3 24 28 -6 6 11 -9 9 -11 -12 12 13 23 -16 16 21 26 -20 -21 -22 -23 -24 -25 -26 -27 -28 -29 -30 -31
leaf_value=-0.027538886140229958 -0.12198336493193188 -0.11032910399004472 0.038159455589861412 -0.011706136414531686 0.16902301188584479 -0.098883460691284869 -0.013338506715121795 0.011137030173026568 0.010874146946031919 -0.057287875317283056 0.19972051999086388 0.0028887964180990418 -0.011302948598818877 -0.021362493866088569 0.0091350775433717193 -0.10007070491264923 -0.0093774072753593229 0.025912535307209075 0.024121008783949439 -0.025434909565077709 0.01277806188420922 -0.16246439111122768 0.073301025258986435 0.009529008228160692 0.0090318771200770323 -0.048238375217545128 0.12420242900636949 0.067821252816543096 0.010642548965783989 0.039605352558439465
leaf_weight=1647.5007612807676 38.949205204844475 67.881295167608187 1391.0395038202405 2570.3095812443644 24.850418620742857 160.66025707870722 1308.4234054647386 11199.748884136323 2492.1732375770807 171.54353581415489 31.274778411723673 6801.356068180874 16104.989039461128 707.52813186403364 2000.416612662375 103.10743774473667 1631.9188898727298 624.57984773814678 2319.3402897194028 803.01717873476446 6306.4875304382294 26.651271820068359 99.463363222777843 5149.6212041918188 1393.7113350536674 432.92357108229771 66.645831227302551 93.387111151590943 14262.246548263356 413.24545526318252
leaf_count=7492 170 5252 2300 18046 146 1408 3818 29282 9860 3114 171 23205 66326 7559 4548 452 5696 1404 5880 3489 15304 149 201 10251 2866 3153 179 757 40191 1290
internal_value=0.00321258 0.00254464 0.0215738 0.00264344 0.00111002 0.0010408 -0.000897137 0.00661943 -0.00503196 0.00872697 0.0132146 -0.000544006 -0.00313444 -0.00589466 -0.00957023 0.00603188 -0.0121755 0.00588712 0.00918785 0.00507341 0.00829061 -0.00702051 -0.00462775 0.0057974 0.0235817 -0.0118201 0.0353893 -0.0108468 0.00800572 -0.0045991
internal_weight=80445 77621.3 2823.7 77553.4 60307.6 60282.8 44740.5 15542.2 4342.49 2694.99 2523.45 44579.9 31981.4 24488.9 18631.7 12598.4 1861.14 7492.58 10737.3 8417.93 7614.91 1758.03 1731.38 5857.15 2784.75 16631.3 691.226 16198.4 17245.8 2983.56
internal_count=273959 268623 5336 263371 203844 203698 153779 49919 20637 13145 10031 152371 117382 92594 74784 34989 6498 24788 28491 22611 19122 6046 5897 17810 5166 70236 1583 67083 59527 19336
is_linear=0
shrinkage=0.1


Tree=42
num_leaves=31
num_cat=0
split_feature=5 19 11 1 0 2 16 2 9 6 0 7 11 10 9 7 3 19 3 11 8 9 13 3 6 13 13 13 7 18
split_gain=96.0331 98.1545 79.2673 62.3373 57.8806 99.3054 76.8743 85.8344 74.0643 63.2241 61.3554 64.3159 57.5339 56.799 69.2127 94.0792 73.9577 89.0766 56.6223 53.7853 91.8491 81.122 75.3275 88.994 64.9953 67.9874 86.7117 81.1176 60.2156 60.7864
threshold=139.12894736842108 22.500000000000004 355433.82500000001 1.8750000000000002 0.021937916098500047 34.500000000000007 0.0020020040080160327 1.5000000000000002 152.25000000000003 29.466029954417195 0.87627551020408168 0.13453458306399485 1249.9850000000004 1641.9625000000003 0.93750000000000011 0.99825174825174834 0.00034309523809523815 95.500000000000014 0.0018190909090909093 38.835000000000008 0.10557275541795667 0.35416666666666669 0.029500000000000002 2.9914285714285719e-08 1.0005005005005008 0.68450000000000022 0.51150000000000018 0.53850000000000009 11.366666666666669 17.500000000000004
decision_type=2 2 2 2 2 2 2 2 2 2 2 2 2 2 2 2 2 2 2 2 2 2 2 2 2 2 2 2 2 2
left_child=2 18 3 4 5 19 7 -6 -7 -9 13 -12 -13 -8 -15 -16 17 -17 -2 28 21 22 23 -21 -24 26 -26 -28 29 -1
right_child=1 -3 -4 -5 6 8 10 9 -10 -11 11 12 -14 14 15 16 -18 -19 -20 20 -22 -23 24 -25 25 -27 27 -29 -30 -31
leaf_value=0.0071152203086789758 -0.083730522809274233 0.037143586372373937 -0.047446799232287666 0.013219001774957842 -0.058656947838539523 -0.039834038791871973 0.0028549368562124878 -0.0035549032611572489 0.25192971113049545 -0.1496811065785689 0.026931365401732528 -0.0098554407296417082 0.016410436580109104 -0.065966354814085595 0.0050996534981295463 0.041847366346562338 0.09032361348414121 -0.11160614735257533 0.042710165072785307 0.20265860273622083 -0.0016859363926336171 -0.058293791501026683 0.051790330280192975 -0.12516011042671957 -0.031840761741085508 -0.064691839012711652 0.26260907122540639 0.035150800091362837 -0.095122572994229396 0.071130673336967459
leaf_weight=4782.849997324869 114.23296990990639 1323.0653549265116 317.45413325796835 5185.9806885551661 308.30146093666553 807.00327472761273 38385.793776011094 5262.2953148949891 8.7953721871599537 29.776748642325401 2454.7255292236805 1402.0032684579492 2058.2603934928775 85.445071246474981 896.63917691633105 332.70049382001162 311.30413160845637 42.680442694574594 51.332507111132145 32.616138139739633 14558.664753232151 556.23252949304879 118.60432466305792 11.099303711205719 216.77840929478407 283.65590680576861 19.853756330907345 74.558446543291211 56.064188476651907 153.08010398969054
leaf_count=18846 353 2460 7728 10292 710 18277 84617 16037 92 118 4168 2626 3564 323 2602 1087 711 310 77 154 78476 13657 841 94 1487 2145 78 426 948 655
internal_value=0.00289771 0.02806 0.00242207 0.00262391 0.00187379 -0.00246165 0.0036964 -0.00736522 -0.0366884 -0.00437711 0.00504402 0.0145509 0.00576823 0.0036401 0.0217007 0.0264317 0.054286 0.0243999 -0.0445284 -0.00112336 -0.00397079 -0.0292978 -0.00799658 0.119426 -0.0158042 -0.0292816 0.00299551 0.0829826 0.00793005 0.00910056
internal_weight=80241.8 1488.63 78753.2 78435.8 73249.8 21679.9 51569.9 5600.37 815.799 5292.07 45969.6 5914.99 3460.26 40054.6 1668.77 1583.32 686.685 375.381 165.565 20864.1 15872.1 1313.4 757.166 43.7154 713.451 594.847 311.191 94.4122 4991.99 4935.93
internal_count=273959 2890 271069 263341 253049 136176 116873 16865 18369 16155 100008 10358 6190 89650 5033 4710 2108 1397 430 117807 97358 18882 5225 248 4977 4136 1991 504 20449 19501
is_linear=0
shrinkage=0.1


Tree=43
num_leaves=31
num_cat=0
split_feature=5 19 11 18 13 1 4 10 17 17 2 13 1 16 19 11 5 0 5 16 7 3 18 9 11 15 6 9 7 7
split_gain=79.7889 80.6366 64.4696 58.707 63.3541 132.651 83.1841 65.4786 69.0798 70.2221 58.1344 70.1791 64.2295 60.5396 56.0178 55.6535 64.6646 55.0117 53.7673 74.3335 85.185 79.6245 62.4764 72.9412 54.21 60.5442 79.1406 126.802 78.2643 55.4978
threshold=139.12894736842108 22.500000000000004 355433.82500000001 18.500000000000004 0.32250000000000006 0.0045523625310859355 8.146428571428574 22.333500000000004 3.8701333809357146 6.3505392138888892 5.5000000000000009 -0.018500000000000013 0.31414473684210531 0.20256410256410259 166.50000000000003 33367.110000000008 9.7596153846153868 0.84668803418803429 48.035714285714292 0.0029455144889814337 0.12813679462395289 4.4914285714285721e-08 40.500000000000007 56.333333333333336 46539.080000000009 112.25000000000001 0.76824588904837465 6.4142857142857155 0.19518002322880376 1.6680272108843541
decision_type=2 2 2 2 2 2 2 2 2 2 2 2 2 2 2 2 2 2 2 2 2 2 2 2 2 2 2 2 2 2
left_child=2 -2 3 4 6 -6 10 8 -7 -10 15 -12 13 -13 18 16 -1 -8 19 20 -5 22 23 -22 25 26 27 -23 -29 -27
right_child=1 -3 -4 14 5 7 17 -9 9 -11 11 12 -14 -15 -16 -17 -18 -19 -20 -21 21 24 -24 -25 -26 29 -28 28 -30 -31
leaf_value=-0.018364967435249676 -0.039627935221463864 0.034192217337585706 -0.042883222253771232 -0.10271312080375349 -0.091395344459952663 0.0054641169905991207 0.010619379318566838 -0.0034347082513354939 -0.12809417496071671 -0.0023732424597720705 -0.013727310045761673 0.011776274392644538 0.046797662698087855 -0.026324531906985211 -0.071788928027159582 -0.12051997456441435 0.0067869042299920634 0.034257448994641518 0.021941530953928104 0.0090458147532795387 0.071257872899487082 0.29185403554144446 0.14200635807955053 -0.12351478205382356 -0.077203685691239143 -0.0028299543724318375 -0.062399974709692212 0.31337424848780215 -0.018954979456462011 0.063747552707882696
leaf_weight=2330.4285799879581 167.06125225871801 1295.0655942671001 316.18452481459826 96.249765942804515 161.89345315936953 14665.457421274856 5340.8263465985656 29534.152622422203 78.217519035562873 102.84486409649253 1372.4127853196114 4464.7977931401692 472.96765317395329 459.99996368587017 88.136222331784666 43.900203263387084 1820.836265489459 1207.0425823554397 2406.0661339759827 11423.814421439543 61.758119913749397 15.146049687638877 60.681153012439609 27.919451999478042 119.16063470765948 1203.5771915223449 373.93790908064693 7.3381104022264472 206.60280074551702 139.74165399745107
leaf_count=9984 430 2460 7728 1330 1720 39707 11013 110046 282 245 6542 18849 1668 1826 1300 251 4284 1981 4555 32349 263 77 352 497 761 5816 4189 10 3038 406
internal_value=0.00261156 0.0257576 0.00218101 0.00236302 0.000962551 -0.00104096 0.00605822 -0.000711362 0.00470619 -0.0566837 0.000732525 0.00646418 0.011598 0.00821747 0.00771769 -0.00851725 -0.0073328 0.0149769 0.00815181 0.00573632 -0.0106154 -0.00661502 0.0636438 0.010619 -0.0117295 -0.00772101 -0.0340448 0.0122393 -0.00755618 0.00409592
internal_weight=80064.2 1462.13 78602.1 78285.9 62055.8 44542.6 17513.2 44380.7 14846.5 181.062 10965.3 6770.18 5397.77 4924.8 16230.1 4195.17 4151.26 6547.87 16142 13735.9 2312.11 2215.86 150.359 89.6776 2065.5 1946.34 603.025 229.087 213.941 1343.32
internal_count=273959 2890 271069 263341 208398 152000 56398 150280 40234 527 43404 28885 22343 20675 54943 14519 14268 12994 53643 49088 16739 15409 1112 760 14297 13536 7314 3125 3048 6222
is_linear=0
shrinkage=0.1


Tree=44
num_leaves=31
num_cat=0
split_feature=0 2 1 2 8 16 7 16 18 18 9 3 7 13 1 5 0 13 18 11 16 17 17 12 7 16 5 19 8 15
split_gain=73.4261 76.6781 49.7733 45.4987 53.9406 82.5695 58.2023 52.0091 41.9813 41.8176 40.8528 40.6138 51.685 47.722 120.251 71.9222 50.2481 66.0423 54.7127 54.0121 49.9901 65.5024 50.2978 50.835 56.0759 53.152 52.3211 55.8773 53.9761 51.6336
threshold=1.3373983739837401 1.5000000000000002 2.5833333333333335 146.50000000000003 2.213700234192038 0.0035252692626346316 1.1007614213197974 0.0044477415100560511 70.500000000000014 7.5000000000000009 6.0625000000000009 0.015071428571428574 4.3100961538461542 0.16950000000000004 0.0041783054003724403 92.571428571428584 0.46720430107526884 -0.018500000000000013 52.500000000000007 38.835000000000008 0.0049140345793489823 11.622270146428574 -0.25105624999999993 349.12801802433916 1.3118516597510375 0.0020020040080160327 21.027777777777782 20.500000000000004 3.0957841852337271 524.62500000000011
decision_type=2 2 2 2 2 2 2 2 2 2 2 2 2 2 2 2 2 2 2 2 2 2 2 2 2 2 2 2 2 2
left_child=2 -2 3 8 -5 -6 7 -7 11 -4 -11 13 -13 15 -15 16 17 18 -1 -18 21 22 -19 -24 26 -26 27 28 -25 -28
right_child=1 -3 9 4 5 6 -8 -9 -10 10 -12 12 -14 14 -16 -17 19 20 -20 -21 -22 -23 23 24 25 -27 29 -29 -30 -31
leaf_value=-0.012291262370927069 -0.028261561833722429 0.036328423463807089 0.0034430690758103146 -0.10827107488873944 -0.11039814446322807 0.25479427455592035 0.5106450639092891 -0.02703415413948957 0.026900269421162578 0.029006966100933423 -0.028300075587236181 0.013492366699542317 -0.10737364302247838 -0.089445957353155192 -0.00042319140848081239 0.044403333453956785 -0.051450032543385864 -0.045696052689475131 0.19118870569725033 0.016366138583398145 0.011880058595156756 -0.14957993971959532 -0.0070360308023969288 0.097474559154772489 0.10070313490496706 0.019680976644665362 0.030038591214015621 -0.091281136021779855 -0.065827131572225112 -0.034990028259586525
leaf_weight=3085.9956580447033 220.23213814198971 1111.0010748133063 2037.4844643883407 81.321553442627192 27.029061192646623 10.532240752829244 3.5292505286633959 17.309585025534034 645.11853686650284 1602.804160695523 134.86262306198478 3236.5235760100186 35.77090822160244 152.16467254143208 53785.629347849404 460.47258884832263 121.22007907927036 244.87085011228919 13.271149858832358 3768.3421207666397 5256.7274627555162 30.197311284020543 2568.0892028142698 42.355289168655872 135.95706442371011 200.18675728514791 591.56411197595298 104.04767156019807 38.765317630022764 153.8597460091114
leaf_count=12754 520 2075 4077 1338 3762 171 38 248 2095 2599 397 6529 213 1421 192314 786 277 1142 25 6112 17374 312 13717 63 477 511 1376 487 101 648
internal_value=0.00235402 0.025643 0.00195951 0.00139417 -0.0556172 0.0177027 0.128073 0.0795783 0.00150084 0.0131627 0.0245593 0.00127949 0.0121711 0.000775767 -0.000674335 0.00542703 0.00432969 0.00123357 -0.01142 0.0142526 0.00542042 -0.00284172 -0.00175558 0.00105021 0.0174437 0.0524513 0.00479841 -0.0427764 0.0194372 0.0166163
internal_weight=79917.2 1331.23 78586 74810.9 139.722 58.4001 31.3711 27.8418 74671.1 3775.15 1737.67 74026 3272.29 70753.7 53937.8 16815.9 16355.4 12465.9 3099.27 3889.56 9366.62 4109.89 4079.7 3834.83 1266.74 336.144 930.592 185.168 81.1206 745.424
internal_count=273959 2595 271364 264291 5557 4219 457 419 258734 7073 2996 256639 6742 249897 193735 56162 55376 48987 12779 6389 36208 18834 18522 17380 3663 988 2675 651 164 2024
is_linear=0
shrinkage=0.1


Tree=45
num_leaves=31
num_cat=0
split_feature=8 4 19 4 11 12 5 3 18 6 6 6 14 11 13 12 1 16 2 11 9 4 19 9 19 19 2 7 5 6
split_gain=66.3803 76.6512 70.1962 66.0237 55.8345 50.9433 81.7552 51.1351 50.0979 88.2897 63.8247 76.1169 63.2005 74.4008 58.9137 81.7731 70.933 68.6085 55.6975 54.9381 53.2187 53.1665 52.9372 51.6316 50.1682 48.2928 48.1058 106.078 103.259 80.1329
threshold=15.076197387518144 29.630681818181824 242.50000000000003 136.63257575757578 439508.07500000001 998.30069930069942 12.757352941176473 0.044494949494949504 1.5000000000000002 1.0000000180025095e-35 1.0157442944987827 1.4996251874062969 5.5000000000000009 2.0200000000000005 0.11450000000000002 204.02020202020205 0.11200716845878138 0.37980769230769235 51.500000000000007 98460.760000000024 1.6904761904761907 28.984375000000004 12.500000000000002 25.875000000000004 61.500000000000007 36.500000000000007 6.5000000000000009 20.100000000000005 27.038461538461544 38.610614192009542
decision_type=2 2 2 2 2 2 2 2 2 2 2 2 2 2 2 2 2 2 2 2 2 2 2 2 2 2 2 2 2 2
left_child=2 -2 4 -3 5 7 -7 8 9 -1 21 18 13 -10 17 23 -17 25 -12 26 -18 -11 -23 -16 -20 -13 28 -28 -15 -29
right_child=1 3 -4 -5 -6 6 -8 -9 12 10 11 14 -14 19 15 16 20 -19 24 -21 -22 22 -24 -25 -26 -27 27 29 -30 -31
leaf_value=-0.10946153809220315 -0.0010552296903991044 0.030366440434764747 -0.10986429295380329 -0.045705910966727312 -0.047063939494164403 -0.11689941672096282 0.015159313334864874 0.031478324360197069 0.030399784075001476 0.0054412322481445724 -0.035056327943364149 0.0023635608779016279 0.01372053352369601 -0.0068689474890315213 -0.004563182750113708 -0.091518025540096609 -0.11077924987295443 -0.0490857529819703 0.17626573767061435 -0.030273752373933413 -0.017789598751653143 0.0014161284757426868 -0.060680354400384953 -0.13360814032307913 -0.017109836348210887 0.03220346374087861 0.0046318627581708903 -0.074278034880964239 0.0093891506283984971 0.34541288349381771
leaf_weight=78.300408432725817 1795.1953526064754 2209.8559972420335 56.610809988109395 120.30051299370825 235.69567456748337 47.516485750675201 3496.0649497490376 550.08532974123955 868.65212665684521 8001.6372686317191 1259.2198046939448 2852.1049666972831 4565.7319416897371 14465.022882105783 4376.6128141041845 189.31847900711 66.245693899691105 223.60387494787574 24.026155093684793 559.88935192953795 867.39974191784859 304.52566149830818 249.98430549353361 31.226319487206638 30.38015912193805 669.71302064321935 26021.173447104637 213.78713767556474 5351.848990354687 4.6482909079641095
leaf_count=863 4425 3787 5252 313 3362 287 7420 950 1473 30320 4787 8415 8317 48563 15251 1236 203 979 53 2311 2105 601 1029 461 210 2524 102426 5205 10789 42
internal_value=0.00212189 0.0144746 0.00144837 0.026439 0.00153172 0.00168369 0.0133885 0.00110622 0.000871814 -0.00349062 -0.00305724 -0.00824702 0.00248303 0.00140253 -0.00505662 -0.0116147 -0.035705 0.00462763 -0.0307762 0.000862192 -0.0243876 0.0033661 -0.0265782 -0.00547737 0.068286 0.00803795 0.0012407 0.00404931 -0.0024782 -0.065347
internal_weight=79786.4 4125.35 75661 2330.16 75604.4 75368.7 3543.58 71825.1 71275.1 19224.3 19146 10589.9 52050.8 47485 9276.22 5530.8 1122.96 3745.42 1313.63 46616.4 933.645 8556.15 554.51 4407.84 54.4063 3521.82 46056.5 26239.6 19816.9 218.435
internal_count=273959 8525 265434 4100 260182 256820 7707 249113 248163 69037 68174 36224 179126 170809 31174 19256 3544 11918 5050 169336 2308 31950 1630 15712 263 10939 167025 107673 59352 5247
is_linear=0
shrinkage=0.1


Tree=46
num_leaves=31
num_cat=0
split_feature=0 2 16 17 1 12 8 6 10 1 8 10 9 5 16 8 7 2 0 0 2 1 12 2 19 3 18 7 0 17
split_gain=56.3526 63.8465 41.6359 63.7758 62.0706 58.5168 74.9971 59.1828 57.0098 61.6213 58.7983 54.4264 49.5566 50.3623 106.656 59.7018 58.8521 49.2266 68.8012 49.6139 49.0446 47.3087 57.8422 60.2506 47.0682 71.7927 47.0604 46.8007 44.9225 44.2283
threshold=1.3373983739837401 1.5000000000000002 0.0025031328320802011 0.88260403437500001 0.20256410256410259 20.998687664041999 0.50193798449612415 7.6965388846576968 118.50150000000001 0.0049586912333617478 4.2506410256410261 3664.7740000000008 0.93750000000000011 23.035714285714288 0.0037759612185732619 4.625631313131314 0.46678281068524979 93.500000000000014 0.23145604395604399 0.033445190156599559 144.50000000000003 0.0082531105258377997 11.675991933880544 62.500000000000007 42.500000000000007 1.2713636363636365e-07 5.5000000000000009 4.3100961538461542 0.27241805813234393 6.0300947916663548
decision_type=2 2 2 2 2 2 2 2 2 2 2 2 2 2 2 2 2 2 2 2 2 2 2 2 2 2 2 2 2 2
left_child=2 -2 -1 8 -5 7 24 29 10 11 20 -10 -12 14 15 -14 -16 21 19 -19 -4 22 23 -11 -7 -26 -15 -8 -20 -6
right_child=1 -3 3 4 5 6 27 -9 9 17 12 -13 13 26 16 -17 -18 18 28 -21 -22 -23 -24 -25 25 -27 -28 -29 -30 -31
leaf_value=-0.00305277701571863 -0.025939511341221952 0.032835392987638289 0.0019554957771712889 0.018564681121811928 -0.014188140531917979 0.021485947994367163 0.0055624573197230378 -0.17781595376316942 0.25632650532482504 0.50797381905112371 0.036893910118587621 -0.10299623942820234 -0.0029577840053345355 0.0033992180375343726 0.016404597452579741 -0.16549783402518312 -0.030237491305894315 -0.018244679051620374 0.11204450656000914 -0.12570338358318703 -0.11379745225262983 -0.0022282691895516267 0.21181771392393633 -0.11166478508690798 0.07948859075615046 0.33809308243105957 0.02233696084089622 -0.11173422708065449 -0.039451371521843706 -0.14710128657974589
leaf_weight=15594.79035881348 223.58213835209608 1066.1123036853969 23309.644818900153 4634.5580701371655 585.27101217582822 45.991633389145136 3798.0225469041616 24.682310732081532 16.473985159303997 1.7744210874661792 723.86819935590029 5.6649890539702019 34.910068303346634 2427.0788767412305 763.89255035668612 64.073870286345482 418.85826452821493 73.770271089626476 36.877607092261314 102.89236541837454 36.661452459171414 22606.155471220147 22.490134381689131 13.569503759499637 33.616616489365697 15.771708533167837 2856.63858525455 34.323230553418398 41.712766781449318 26.154784933663905
leaf_count=78883 520 2075 71171 10822 1466 167 7671 178 106 53 1052 424 79 4526 1342 243 968 2237 43 820 447 82625 99 469 178 38 4708 201 91 257
internal_value=0.00191285 0.0226461 0.00157156 0.00272072 0.010413 0.00213497 0.00669188 -0.0260022 0.00139957 -0.00237232 0.00422168 0.164382 0.012062 0.0093242 -0.00845824 -0.108173 -0.000113188 -0.00253354 -0.0462033 -0.0808311 0.00177373 -0.00204128 0.109688 -0.0400078 0.094282 0.162072 0.0136379 0.00451193 0.0316363 -0.0198737
internal_weight=79639.9 1289.69 78350.2 62755.4 9198.39 4563.83 3927.73 636.108 53557 22921.4 30635.6 22.139 7289.32 6565.45 1281.73 98.9839 1182.75 22899.2 255.253 176.663 23346.3 22644 37.8341 15.3439 95.38 49.3883 5283.72 3832.35 78.5904 611.426
internal_count=273959 2595 271364 192481 20978 10156 8255 1901 171503 86967 84536 530 12918 11866 2632 322 2310 86437 3191 3057 71618 83246 621 522 383 216 9234 7872 134 1723
is_linear=0
shrinkage=0.1


Tree=47
num_leaves=31
num_cat=0
split_feature=5 8 19 11 10 17 8 9 9 13 3 8 9 7 3 12 4 4 4 10 17 7 3 0 11 11 15 19 14 2
split_gain=55.3842 59.3353 60.493 56.3828 85.5337 95.6111 60.3027 55.9366 50.1543 47.8025 46.7266 75.8536 46.2932 134.67 84.9643 81.7621 45.4481 67.9344 110.101 79.1095 64.1038 107.192 81.8642 117.911 102.852 73.8417 72.5333 116.783 78.2933 59.0773
threshold=126.01879699248121 7.157072368421054 25.500000000000004 153764.46000000005 304.00100000000003 0.13572008983333336 8.7513440860215059 8.7083333333333339 19.900000000000002 0.36350000000000005 0.0015845238095238098 48.525000000000006 4.2678571428571432 0.061781041880544375 0.0022034482758620695 459.38089252042749 1.5659420289855075 0.74754901960784326 0.40370370370370373 10.001000000000003 2.7454202456052634 4.8505319148936179 5.1568181818181831e-06 0.021937916098500047 1194.6200000000001 200.70500000000001 24.250000000000004 54.500000000000007 0.87500000000000011 64.500000000000014
decision_type=2 2 2 2 2 2 2 2 2 2 2 2 2 2 2 2 2 2 2 2 2 2 2 2 2 2 2 2 2 2
left_child=3 2 -2 6 -5 -6 12 -4 -7 -9 11 -8 15 14 -14 -1 17 18 -15 -20 25 -22 23 24 -23 26 -19 28 -28 -21
right_child=1 -3 7 4 5 8 10 9 -10 -11 -12 -13 13 16 -16 -17 -18 20 19 29 21 22 -24 -25 -26 -27 27 -29 -30 -31
leaf_value=0.0019763048688016057 -0.062904411395190415 0.031605785908199173 0.23186837742270283 -0.0063275648666913488 -0.13316668655988093 0.011954509233496663 0.0055996128520002068 0.094746488184863517 -0.14538293036914646 -0.0096211627404903122 0.019446639881266829 -0.090085233559336259 -0.082262493917199406 -0.040402622137976955 0.031932175370898187 0.029997466851805311 -0.00050417071235393958 -0.031629548467251849 0.22864126662128431 0.021829357336545768 -0.022133809981207127 0.65011045350183894 -0.057537851432696963 -0.042407095546908094 0.20427272067581492 -0.058181466299839051 0.30085589594242818 -0.10182415876704359 0.069523983878751167 0.21589705096373604
leaf_weight=40633.921075558756 148.29891938716173 1203.7267659944482 11.313509896397589 1090.772342203185 125.27842988818884 122.0869684368372 6230.9140825923532 51.558026029728353 24.291358056478202 294.89236135198735 3022.4444603696465 83.96592453122139 328.28169571887702 293.52356642344967 81.287896044552326 1068.6958480328321 22922.436926653609 331.78849119506776 20.717657908797264 436.17018308863044 106.63667769730091 8.4875813946127945 12.020713352598248 9.6039933133870345 13.25543220899999 699.97830064687878 17.952292568981647 34.525861719623208 79.063592651858926 16.271234089974314
leaf_count=123210 441 5280 14 3189 1143 293 15007 79 420 3768 5270 349 6232 9645 148 1739 79338 2344 99 5191 1229 58 232 79 83 8039 86 350 381 223
internal_value=0.00172363 0.019527 -0.00920375 0.00133245 -0.0188317 -0.0690392 0.00169179 0.013056 -0.0141555 0.00591061 0.00922138 0.00432734 0.000644232 -0.0027202 -0.0595981 0.00269439 -0.00178847 -0.015942 0.00771116 0.0375585 -0.0297503 0.031775 0.164331 0.249412 0.378309 -0.0376837 -0.00671663 0.0561214 0.112331 0.0288086
internal_weight=79524.2 1709.79 506.063 77814.4 1362.43 271.657 76451.9 357.764 146.378 346.45 9337.32 6314.88 67114.6 25412 409.57 41702.6 25002.4 2080 766.683 473.159 1313.31 150.004 43.3677 31.347 21.743 1163.31 463.33 131.542 97.0159 452.441
internal_count=273959 9582 4302 264377 5045 1856 259332 3861 713 3847 20626 15356 238706 113757 6380 124949 107377 28039 15158 5513 12881 1681 452 220 141 11200 3161 817 467 5414
is_linear=0
shrinkage=0.1


Tree=48
num_leaves=31
num_cat=0
split_feature=8 19 5 3 10 17 15 6 18 17 13 17 13 17 15 2 13 16 3 11 11 12 0 2 3 17 5 5 18 3
split_gain=46.2067 61.115 58.8511 45.989 47.5158 43.3991 70.1125 65.834 68.432 91.2627 56.8684 79.3652 84.252 91.9709 65.6711 79.3197 80.2588 75.0138 71.4627 64.6903 92.2045 63.9234 100.966 94.5486 76.9706 71.8268 69.5428 67.6855 111.579 65.0028
threshold=19.81666666666667 242.50000000000003 18.026315789473689 3.6733333333333343e-05 358.75250000000005 -1.0000000180025095e-35 685.50000000000011 1.0000000180025095e-35 2.5000000000000004 0.10909670454545456 0.16950000000000004 0.034196500000000012 0.84250000000000014 0.0074746428571428577 24.250000000000004 3.5000000000000004 -0.094499999999999959 0.010430265448215842 0.00052649122807017551 808.31500000000017 526.34000000000003 586.03278688524608 0.077221228384019097 6.5000000000000009 2.8309523809523819e-07 0.0013143428571428574 112.13333333333334 1.296703296703297 4.5000000000000009 0.001948684210526316
decision_type=2 2 2 2 2 2 2 2 2 2 2 2 2 2 2 2 2 2 2 2 2 2 2 2 2 2 2 2 2 2
left_child=1 5 -2 -4 -5 6 -1 8 -7 -10 14 12 13 -12 15 -9 18 -16 -17 20 -20 25 26 24 -24 -14 -23 -27 29 -29
right_child=2 -3 3 4 -6 7 -8 10 9 -11 11 -13 21 -15 17 16 -18 -19 19 -21 -22 22 23 -25 -26 27 -28 28 -30 -31
leaf_value=0.0035163476801637009 -0.10887120968262626 -0.10904827541757947 -0.027689169533769431 0.034743683806404822 0.0065896220198596355 -0.13173566835124687 0.025942894919273325 -0.02441108308931449 0.17768616383773611 -0.14163624438133038 -0.041622840672756706 0.0016227045198204922 0.0015564340780073187 0.0049115949101073871 0.0056232257877026253 0.00058572513702856497 0.0096721482377745069 0.027268609855293426 -0.074824787428405606 -0.19959954545679284 0.073219058537317569 -0.018681103844100277 -0.13019961484077602 -0.085920270140867547 0.015039105863150749 0.010402964042968914 0.074529850920550061 -0.072323993127899083 -0.009791189410298537 -0.013029755857538836
leaf_weight=17821.745194730349 38.099375460296869 50.338573421351612 217.74049262329936 1169.1591094657779 1230.2130596078932 74.841733472421765 1512.3186805509031 1363.5804578438401 20.124562682583928 16.119056176394224 1329.8929525269195 25110.906278320821 10048.028633823618 624.00171086285263 7571.407015316654 408.004013301339 3466.5755466422997 2030.4314157776535 230.54708363302052 31.181821916252375 51.460260042920709 230.16378437820822 43.425845637917519 368.13072422146797 228.42036386951804 869.19523309543729 122.71899825846776 553.95181283354759 2300.680717272684 277.50874364189804
leaf_count=56947 170 5252 608 2029 2529 959 2585 5552 58 109 5870 87426 37815 2285 21698 2773 14876 3665 995 152 106 1334 144 1194 400 4501 738 2702 7719 768
internal_value=0.00154948 0.00110083 0.0145188 0.0163151 0.0203085 0.00117311 0.00527056 -0.000207722 -0.0771165 0.0356701 -5.85184e-05 -0.00194905 -0.00722613 -0.0267615 0.00519481 -0.00346311 0.00335777 0.0102004 -0.0269937 -0.0629225 -0.04781 -0.00468861 -0.0292107 -0.0528905 -0.00816193 -0.00295565 0.0137341 -0.0142862 -0.0211377 -0.0525339
internal_weight=79410.9 76755.7 2655.21 2617.11 2399.37 76705.4 19334.1 57371.3 111.085 36.2436 57260.2 42107 16996.1 1953.89 15153.2 5551.35 4187.77 9601.84 721.193 313.189 282.007 15042.2 992.86 639.977 271.846 14049.4 352.883 4001.34 3132.14 831.461
internal_count=273959 268623 5336 5166 4558 263371 59532 203839 1126 167 202713 152896 65470 8155 49817 24454 18902 25363 4026 1253 1101 57315 3810 1738 544 53505 2072 15690 11189 3470
is_linear=0
shrinkage=0.1


Tree=49
num_leaves=31
num_cat=0
split_feature=5 11 11 10 17 8 8 10 3 9 12 3 8 2 3 10 18 17 18 9 7 11 18 9 4 11 16 10 19 18
split_gain=43.1531 52.9035 47.241 69.9362 78.2771 45.9633 43.5961 60.7223 57.9488 43.2468 41.7726 43.2187 59.6432 39.1599 39.1374 38.8519 38.8481 55.0968 89.4165 45.0775 55.5528 43.0895 62.7075 41.7016 92.9362 56.9073 67.0776 211.018 230.599 59.9939
threshold=126.01879699248121 13616569.405000003 153764.46000000005 304.00100000000003 0.13572008983333336 8.7513440860215059 6.9727020253336045 1152.9610000000002 1.6761904761904768e-05 19.900000000000002 18.877823754182426 0.0015845238095238098 48.525000000000006 17.500000000000004 0.044494949494949504 1405.4780000000003 25.500000000000004 -44.518346453004042 9.5000000000000018 0.2678571428571429 0.074541734860883807 315.47000000000008 4.5000000000000009 2.535714285714286 1.654037773359841 526.34000000000003 0.0011123484286067807 640.37750000000017 66.500000000000014 21.500000000000004
decision_type=2 2 2 2 2 2 2 2 2 2 2 2 2 2 2 2 2 2 2 2 2 2 2 2 2 2 2 2 2 2
left_child=2 6 5 13 -5 14 7 8 -2 -6 -7 12 -12 -4 16 -9 17 18 21 -18 -21 -1 -23 -19 25 26 27 -25 -29 -28
right_child=1 -3 3 4 9 10 -8 15 -10 -11 11 -13 -14 -15 -16 -17 19 23 -20 20 -22 22 -24 24 -26 -27 29 28 -30 -31
leaf_value=0.31416647809305459 -0.068320718904806524 -0.10472431720125706 -0.011045073977920159 -0.12204998837702569 0.010372752234267877 -0.12104723973791638 0.030185011735594014 0.18626973799773289 0.0093237101962430936 -0.14019446928823159 0.004760039320317969 0.018290982480559461 -0.080862992066760148 0.068271760644422197 0.028054950562481685 0.021083220738314742 0.029559355443038362 0.0018081796507201397 -0.13844711963302531 -0.038151787408350832 0.0061638934646722141 -0.029139935075885567 0.21525067842259987 -0.06221523618426187 -0.0015944660578894668 -0.038725899915368858 -0.017193738415113784 0.98867887765505569 0.071300225242791074 0.057258085830111452
leaf_weight=12.026636502705513 152.49049048125744 34.811916848178953 1021.010428682901 122.68394950265065 121.21777638047934 25.021423004567623 1171.2805698788725 24.254680350422859 260.03553195297718 22.639018681365997 6190.1631757467985 2962.1199179850519 82.437526913359761 66.287055067718029 510.41334383934736 34.478931283578277 786.23318137228489 30686.862812248524 13.736769151873885 295.09634586190805 6829.0749195795506 19.938223011791706 22.177013915963471 19.229808894917372 25013.878867829219 1083.1275955676101 1597.2739131012931 5.0001031113788468 6.0620897505432367 116.09915493335575
leaf_count=35 541 5954 3000 1143 293 108 2371 45 501 420 14965 5204 349 189 902 170 1692 93755 123 2086 24859 134 67 471 79764 16315 17112 98 158 1135
internal_value=0.00139655 0.0172656 0.00105366 -0.0174627 -0.0633677 0.00138232 0.0198511 -0.00583314 -0.0193776 -0.0133223 0.00798625 0.00833586 0.00363474 -0.00620953 0.00046984 0.0892988 0.000258132 -0.000629887 0.0894121 0.00683603 0.00432826 0.147224 0.0995511 -0.000734315 -0.00353673 -0.0207236 -0.00954091 0.137968 0.485955 -0.0121488
internal_weight=79307.2 1677.35 77629.8 1353.84 266.541 76276 1642.54 471.26 412.526 143.857 9259.74 9234.72 6272.6 1087.3 67016.2 58.7336 66505.8 58595.4 67.8786 7910.4 7124.17 54.1419 42.1152 58527.5 27840.7 2826.79 1743.67 30.292 11.0622 1713.37
internal_count=273959 9582 264377 5045 1856 259332 3628 1257 1042 713 20626 20518 15314 3189 238706 215 237804 209167 359 28637 26945 236 201 208808 115053 35289 18974 727 256 18247
is_linear=0
shrinkage=0.1


Tree=50
num_leaves=31
num_cat=0
split_feature=0 2 17 19 18 3 18 10 17 10 9 9 5 16 3 11 7 1 13 9 6 9 0 10 0 2 19 16 11 17
split_gain=37.223 51.857 36.6848 38.6191 43.002 37.4429 35.849 37.0214 77.8262 60.9651 56.7988 79.6673 57.4017 74.4474 97.0753 58.7926 56.1057 114.8 55.9637 64.2893 52.0309 54.9616 66.6039 51.8728 51.5339 69.0917 80.9395 51.3188 50.6476 49.2456
threshold=1.3373983739837401 1.5000000000000002 22.818175839473685 29.500000000000004 39.500000000000007 5.8875000000000006e-09 25.500000000000004 710.9620000000001 1.0216723333333337 346.60850000000005 130.33333333333334 87.500000000000014 7.3416666666666677 0.029466029954417192 0.0025071428571428575 20.020000000000003 67.250000000000014 0.049752475247524762 0.52350000000000019 76.200000000000017 0.6816635750954424 24.200000000000003 0.029498781761225203 5116.3460000000005 0.054595131644311977 19.500000000000004 163.50000000000003 0.091608391608391626 54.025000000000006 10.499778571428573
decision_type=2 2 2 2 2 2 2 2 2 2 2 2 2 2 2 2 2 2 2 2 2 2 2 2 2 2 2 2 2 2
left_child=2 -2 6 4 -4 -5 7 9 23 -1 11 12 13 14 16 -16 -11 -18 -14 -20 -10 22 -22 -9 25 26 -12 -15 -29 -24
right_child=1 -3 3 5 -6 -7 -8 8 20 10 24 -13 18 27 15 -17 17 -19 19 -21 21 -23 29 -25 -26 -27 -28 28 -30 -31
leaf_value=0.00067326893312974609 -0.024952824148488123 0.02814816355857231 -0.053592527904899503 0.13507964857696639 0.062354436030239005 -0.097744122240802117 0.0068905661118011247 0.0046514592081365221 0.13884627862577001 -0.030694035124466001 0.50662004916870618 -0.095297981792347691 0.010704942315642063 0.042179748232114261 0.088466645125450188 -0.14706735714868965 0.57529291355990475 0.0061772768276370307 -0.012065716311932768 0.19612231621904683 -0.048880417088938304 -0.019513780756716996 0.047152957506521292 -0.061080365276793738 -0.020719330632785773 0.0024749479059109573 0.11813676316221056 0.059293541873554081 -0.13738522085345331 0.17141202457628013
leaf_weight=55071.034582886379 224.8486064709723 1010.0594090074301 70.744013819843531 7.4100437713786951 58.385745122097433 101.82939719315618 9402.4376423817594 5338.9423788264394 46.065759336575866 1071.3482252475806 8.8307564547285455 108.2230297033675 1748.5104568870738 221.46165631152689 11.782332103699444 105.41299832239747 4.6261296877637532 15.157537766732274 3503.2581194792874 14.895999786909668 69.913972324226052 178.18026137910783 538.45707223936915 122.81905024789739 28.3938855715096 16.764098593965173 13.65771798416972 20.752073191106319 35.476307887583971 33.902267932891846
leaf_count=166878 520 2075 302 65 197 1072 32476 30946 716 8920 121 1246 4651 1270 33 564 103 300 11604 87 1241 1874 987 4461 108 381 239 129 328 65
internal_value=0.00125403 0.0184797 0.000981198 -0.0381887 -0.00116736 -0.081951 0.00110132 0.000304672 0.0075905 -0.00043899 -0.00927969 -0.0101787 -0.00881456 -0.0261718 -0.0369018 -0.123388 -0.0276126 0.139257 -0.00391712 -0.0111842 0.0354323 0.0296259 0.0432583 0.00317334 0.0819038 0.156138 0.270686 0.0205183 -0.0647975 0.0545131
internal_weight=79203.6 1234.91 77968.7 238.369 129.13 109.239 77730.3 68327.9 6328.28 61999.6 6928.55 6860.9 6752.68 1486.02 1208.33 117.195 1091.13 19.7837 5266.66 3518.15 866.519 820.454 642.273 5461.76 67.6465 39.2526 22.4885 277.69 56.2284 572.359
internal_count=273959 2595 271364 1636 499 1137 269728 237252 40290 196962 30084 29235 27989 11647 9920 597 9323 403 16342 11691 4883 4167 2293 35407 849 741 360 1727 457 1052
is_linear=0
shrinkage=0.1


Tree=51
num_leaves=31
num_cat=0
split_feature=5 3 3 18 9 7 9 4 0 11 11 0 3 5 5 4 6 5 19 5 8 3 3 13 8 15 13 9 4 8
split_gain=35.5798 51.8696 60.0868 50.7573 45.7968 42.8803 39.8031 90.7432 57.7766 57.4529 69.8982 72.5608 71.7014 67.979 102.996 67.2718 71.9487 61.1126 57.1933 80.2277 68.8601 77.8066 74.4584 56.9095 67.1864 59.8855 55.9315 102.874 101.087 83.6299
threshold=89.031250000000014 0.003750714285714286 6.3875000000000013e-07 2.5000000000000004 13.35416666666667 0.087318915921536025 4.0625000000000009 0.050862068965517253 0.50274725274725285 22443.155000000002 1306.0300000000002 0.31605800214822777 0.00078047619047619059 30.527777777777782 39.516666666666673 1.30741695303551 4.9968789013732842 74.062500000000014 16.500000000000004 7.9687500000000009 1.4652710785259504 0.00090741758241758258 0.00046609195402298856 0.98850000000000005 1.5018939393939397 76.250000000000014 0.99350000000000016 5.291666666666667 6.168699186991871 0.077350427350427367
decision_type=2 2 2 2 2 2 2 2 2 2 2 2 2 2 2 2 2 2 2 2 2 2 2 2 2 2 2 2 2 2
left_child=6 2 -2 -4 -5 -3 8 -8 -1 10 11 13 -13 18 -15 16 -12 -16 19 -9 22 -22 -21 24 -11 -26 27 28 -20 -28
right_child=1 5 3 4 -6 -7 7 9 -10 23 15 12 -14 14 17 -17 -18 -19 26 20 21 -23 -24 -25 25 -27 29 -29 -30 -31
leaf_value=0.00073648576929659197 -0.021921953703992105 -0.15521701925443362 0.0029609207256026931 0.013337281429811826 0.045994524356744011 -0.019010866976954643 -0.081323395018553082 -0.045502095980194057 0.0095867038993128796 -0.066618719342436489 -0.062374725373067853 -0.031235999736553523 -0.0043904637110429336 -0.039051217323983922 0.0090454353681156795 0.0068085082635099591 0.044751119195062139 -0.065054329344102227 0.10343697284073838 0.19277150717855923 -0.035054843323302956 0.011735760924145022 0.028153346156268234 -0.025208408197280679 0.14361253937790477 0.0055933401636115805 0.29536421790456474 -0.0055112433682438389 -0.19031995053643125 0.016982118297504123
leaf_weight=36408.249390141107 400.66877607093193 25.837081663310528 1128.8152023199946 829.09374068304896 890.7721834294498 219.25992715358734 144.10150977317244 495.66054063010961 9250.5849245749414 129.06239960808307 270.64600276574492 1784.3760997243226 2248.7211932502687 1040.376224193722 1269.0805871915072 11466.960092335008 81.597191940061748 122.00003664940596 139.74347269255668 31.652519389986992 613.30318879708648 845.07035002112389 208.24815686047077 1938.5076607116498 32.331689439713955 1136.1989689324982 10.82837705593556 2811.4076703372411 12.786147668957708 3162.6046446892433
leaf_count=116635 7041 97 2333 1657 1485 467 7440 4280 15808 862 5181 3796 4110 4391 4107 36935 712 423 493 58 2047 1928 572 8307 59 3205 382 18044 76 21028
internal_value=0.00112612 0.0109914 0.0143374 0.0194374 0.0302515 -0.0333691 0.000670445 -0.0021595 0.00252956 -0.00177735 -0.000247595 -0.00482789 -0.0162678 -0.000541036 -0.0152523 0.00548624 -0.037559 0.00254677 0.00375237 -0.0101055 0.000225454 -0.00794152 0.0498731 -0.0143587 0.0018499 0.00941215 0.00870615 -0.00117181 0.0788121 0.017932
internal_weight=79148.5 3494.45 3249.35 2848.68 1719.87 245.097 75654.1 29995.3 45658.8 29851.2 26615.1 14795.9 4033.1 10762.8 2431.46 11819.2 352.243 1391.08 8331.31 2193.93 1698.27 1458.37 239.901 3236.1 1297.59 1168.53 6137.37 2963.94 152.53 3173.43
internal_count=273959 13080 12516 5475 3142 564 260879 128436 132443 120996 108563 65735 7906 57829 8921 42828 5893 4530 48908 8885 4605 3975 630 12433 4126 3264 40023 18613 569 21410
is_linear=0
shrinkage=0.1


Tree=52
num_leaves=31
num_cat=0
split_feature=16 4 14 19 10 12 16 8 5 1 18 7 16 17 16 18 9 4 11 2 16 9 13 13 2 19 1 19 16 3
split_gain=33.4256 68.9825 56.4033 43.7766 39.3153 60.4809 72.4888 75.5145 106.773 63.0951 67.6914 72.7165 61.8853 64.0114 59.7726 113.05 141.979 60.5026 53.8161 52.6511 52.1339 49.7774 67.1314 49.3394 48.4295 52.0484 48.2327 62.414 44.9167 62.1443
threshold=0.69047619047619058 4.496666666666667 5.5000000000000009 27.500000000000004 13.408500000000002 6.5316814280107183 0.014101077050538527 0.23861283643892342 0.21111111111111114 0.18301435406698566 17.500000000000004 14.155555555555557 0.011376579001863741 -0.028260654761904761 0.0020512842091089645 13.500000000000002 29.366666666666671 1.9588963963963966 176.22500000000002 64.500000000000014 0.028622631848438305 2.3541666666666674 0.097500000000000017 -0.063499999999999931 144.50000000000003 143.50000000000003 0.0045523625310859355 125.50000000000001 0.030360640626800325 0.002576973684210527
decision_type=2 2 2 2 2 2 2 2 2 2 2 2 2 2 2 2 2 2 2 2 2 2 2 2 2 2 2 2 2 2
left_child=4 2 3 -2 24 6 7 8 21 10 11 20 13 -9 15 -10 -17 -16 -15 -12 -8 22 -6 -11 25 -1 27 -23 29 -22
right_child=1 -3 -4 -5 5 -7 9 12 14 23 19 -13 -14 18 17 16 -18 -19 -20 -21 28 26 -24 -25 -26 -27 -28 -29 -30 -31
leaf_value=0.0059822309516318825 -0.014577025597050059 0.10416027190318143 0.04854894595931887 -0.1256819062528825 0.062984524485411003 0.0013621332851837945 -0.020084994753630288 0.013007051237931345 -0.11597318275372698 -0.10434331642367492 0.028492211533619125 -0.11702990564057199 -0.10458788453878708 -0.022892670617484422 0.014682019038130951 0.83681428641531819 0.07944604422852608 0.18557203544518996 -0.091351444235506743 0.13330860090785276 0.14856730571253313 0.94469873473905785 -0.037452673573563584 -0.013606133076404093 -0.10656281391304577 0.12058763835369993 -0.089236433380827734 -0.10247940726534499 0.0088448515812541515 -0.090323653533335616
leaf_weight=14817.151942922734 2328.0258902972564 51.652618572115898 142.3303777128458 36.011553544551134 84.075173014774919 54991.681778095546 724.64251255244017 195.70375256612897 6.1530573088675764 61.932738506235182 484.95764075126499 52.29146539978683 158.16098903492093 242.8753808462061 363.4094759831205 4.599386362358926 5.3593813013285398 21.97015642747283 217.80740662431344 53.178667314350605 48.703810876235366 1.0414304924197488 319.22677928302437 1850.5487020947039 38.12485620751977 39.733792905695736 156.77379374671727 1.2551263161003587 1553.9267083406448 14.025130692869423
leaf_count=40092 8768 60 320 318 483 176403 3856 1330 213 482 1887 992 984 1900 4575 36 163 65 2946 250 180 17 2946 9101 460 83 7811 91 7078 69
internal_value=0.00101347 -0.0102312 -0.0125886 -0.0162695 0.00138943 0.00027487 -0.00875334 -0.0260203 -0.00707727 -0.00241428 0.00680344 -0.000401432 -0.0484358 -0.0349056 0.0323137 0.221019 0.429231 0.0244243 -0.0552595 0.0388502 0.00220339 -0.0351994 -0.0165148 -0.0165445 0.00599988 0.00628874 -0.0825718 0.372389 0.0121938 0.0951553
internal_weight=79067.3 2558.02 2506.37 2364.04 76509.3 61614.3 6622.62 1778.41 963.864 4844.21 2931.73 2393.59 814.548 656.387 401.491 16.1118 9.95877 385.38 460.683 538.136 2341.3 562.372 403.302 1912.48 14895 14856.9 159.07 2.29656 1616.66 62.7289
internal_count=273959 9466 9406 9086 264493 223858 47455 23560 16400 23895 14312 12175 7160 6176 5052 412 199 4640 4846 2137 11183 11348 3429 9583 40635 40175 7919 108 7327 249
is_linear=0
shrinkage=0.1


Tree=53
num_leaves=31
num_cat=0
split_feature=16 11 9 4 13 17 2 6 16 9 1 17 17 10 16 15 19 8 6 6 4 16 17 6 17 2 2 0 3 3
split_gain=32.075 52.0737 74.5961 86.4656 48.4562 57.8804 45.2386 43.4656 73.1844 48.6485 103.94 109.942 67.028 65.4904 53.6334 44.8107 79.1475 44.7563 43.0669 62.4539 59.372 48.1824 46.5788 45.2481 40.3169 40.0973 45.0892 54.275 53.6904 41.5147
threshold=0.0025031328320802011 315.47000000000008 0.2678571428571429 0.33356086461888518 -0.094499999999999959 -44.518346453004042 139.50000000000003 2.4106070584589165 0.0060030030030030039 7.9375000000000009 0.13921188630490958 0.0083228468899521537 0.10401000000000001 132.75100000000003 0.013905001288992009 14.750000000000002 22.500000000000004 0.46693989071038261 1.0000000180025095e-35 0.50025025025025038 1.7279220779220783 0.0038046939839030329 0.05454547727272728 0.99933422103861524 0.0041684285714285721 88.500000000000014 57.500000000000007 0.013536417773705912 1.2713636363636365e-07 0.0003295454545454546
decision_type=2 2 2 2 2 2 2 2 2 2 2 2 2 2 2 2 2 2 2 2 2 2 2 2 2 2 2 2 2 2
left_child=25 4 6 7 -2 -6 -3 8 -4 14 11 13 -13 -11 -10 -9 -17 -18 21 20 -20 22 -5 -21 -22 26 29 -28 -29 -1
right_child=1 2 3 18 5 -7 -8 15 9 10 -12 12 -14 -15 -16 16 17 -19 19 23 24 -23 -24 -25 -26 -27 27 28 -30 -31
leaf_value=-0.001366264033814205 -0.022266375372108356 0.020639885009445399 -0.10288475469946574 -0.14565499561884673 0.19588485251651022 -0.00066935465692640915 -0.1014253623174545 -0.094272008227609325 -0.095562649788144813 0.7268617496385319 0.013468811808907473 1.3968798898792831 0.48816415131078439 -0.11246619529245268 0.035494307001676682 0.4899892570601006 -0.10663930013648709 0.38916816775753516 -0.10769167172239449 -0.074831883211314718 0.087146182400968497 -0.16627717486323912 0.15294174037027625 0.0037632530633455404 0.30355044755227428 -0.081151934230810949 -0.074888872695405062 0.18878224783163383 0.038146270223436307 -0.016041171011475407
leaf_weight=13199.743167369626 1070.5791049748659 3000.2854661289603 67.246404120698571 8.9624384206254053 14.990582895465193 25823.760756357573 30.672021012753248 166.97828121064231 43.645159599371254 1.3095329264178897 17.739152832888067 1.4586030389182272 1.8302230732515452 3.2045544576831162 109.73791418317705 3.6155873239040401 12.295013050548731 2.1371256317943326 8.8995923157781345 73.414787876419723 19.72962735965848 31.137511023320258 12.524902893230317 32665.991289464291 15.273810714483259 65.584526234888472 37.125627382658422 26.680733209475875 209.08360011316836 2257.4398375507444
leaf_count=64065 4187 6810 2660 153 30 89017 261 3233 865 22 179 62 41 148 665 24 352 11 258 735 82 327 18 84243 46 5409 1543 95 1024 7394
internal_value=0.000907255 0.00191453 0.00438588 0.00301752 -0.00141909 -0.000555322 0.0194046 -0.0414713 -0.0139459 0.0194804 0.14726 0.45142 0.891182 0.131022 -0.00179796 -0.0780929 0.0715973 -0.0332196 0.00360174 0.00374684 0.122937 -0.0867898 0.0283961 0.00358701 0.181575 -0.00312341 -0.00279808 0.0374961 0.0551933 -0.00350946
internal_weight=79003.1 63207.4 36298.1 33267.1 26909.3 25838.8 3030.96 431.198 246.172 178.925 25.5421 7.80291 3.28883 4.51409 153.383 185.026 18.0477 14.4321 32835.9 32783.3 43.903 52.6249 21.4873 32739.4 35.0034 15795.7 15730.1 272.89 235.764 15457.2
internal_count=273959 194429 101195 94124 93234 89047 7071 8262 4642 1982 452 273 103 170 1530 3620 387 363 85862 85364 386 498 171 84978 128 79530 74121 2662 1119 71459
is_linear=0
shrinkage=0.1


Tree=54
num_leaves=31
num_cat=0
split_feature=18 0 17 17 16 12 13 2 10 2 10 5 11 12 3 12 1 15 3 19 9 11 6 17 12 4 1 0 6 6
split_gain=31.1116 62.2842 50.1731 42.247 50.0648 55.6609 57.335 39.0076 38.547 50.7015 44.112 53.5802 47.9293 49.7792 49.085 77.1065 80.945 77.2961 75.8952 87.1336 50.1083 60.5547 50.3228 62.9008 50.8863 48.8567 49.7323 50.8611 46.505 73.4796
threshold=14.500000000000002 0.85839598997493749 -44.518346453004042 -12.229766769927535 0.0060030030030030039 349.12801802433916 0.59750000000000003 153.50000000000003 835.33950000000016 9.5000000000000018 259.16450000000003 7.0277777777777786 180623.31000000003 257.04228203135125 2.3232142857142859e-07 119.00752393980851 0.060790835181079091 368.50000000000006 1.7379807692307693e-07 50.500000000000007 36.20000000000001 1222.3400000000001 1.1514108594549592 1.0000000180025095e-35 302.00154083204933 9.1690476190476193 0.028653530377668313 0.24865591397849465 1.0875479017836025 1.3976247216470683
decision_type=2 2 2 2 2 2 2 2 2 2 2 2 2 2 2 2 2 2 2 2 2 2 2 2 2 2 2 2 2 2
left_child=2 3 -1 4 5 -2 -7 8 10 -10 -4 -12 14 -14 15 -13 -17 18 19 -18 28 -22 24 -24 -23 26 -26 -28 -16 -30
right_child=1 -3 7 -5 -6 6 -8 -9 9 -11 11 12 13 -15 20 16 17 -19 -20 -21 21 22 23 -25 25 -27 27 -29 29 -31
leaf_value=0.07845357754606519 -0.09502194876245447 0.018867112030730507 0.00016439240718534173 0.0027598080390069668 0.017537351971252908 -0.13544414544439751 0.045503149858551924 -0.080392609079135091 -0.092035382065876109 0.010274690752493805 -0.022574902490973367 0.31054724261158811 -0.26035186756763801 -0.034205980282045523 0.0072451119903590424 -0.042802599494384447 -0.13472774896131454 0.023742960430845585 0.38675990342396083 0.18729821530667651 -0.093385188388364487 -0.1383263279429677 0.11567501035881576 -0.052859031399648621 0.17354037371864239 -0.057823621856009838 -0.12388215022100504 0.054493050902677753 -0.053235069874397412 -0.004461391418384932
leaf_weight=80.524414364248514 152.48339159041643 2498.1630312986672 43492.094967606012 19178.761488065356 138.68512697331607 23.029278635978699 73.081500805914402 61.105357358814217 49.039755792357028 3946.0517481954303 1867.1125726974569 10.077467514201997 10.04487509652972 314.03867191425525 3199.0373171400279 99.908957913517952 11.271709885448216 116.71589887887239 12.228124663233755 33.007921762764454 128.66542544402182 40.825624501332641 56.711334124207497 36.333005554974079 20.878232467919588 125.4206313341856 23.21972569078207 51.30510738492012 348.09751190431416 2741.9656346440315
leaf_count=337 1241 4546 129315 72259 287 128 226 3555 265 23131 14872 58 55 1662 9061 848 116 572 41 133 1094 432 147 204 97 554 247 69 1126 7281
internal_value=0.000810599 0.00399797 -0.0004259 0.0020995 -0.0306002 -0.0574551 0.00214604 -0.000537736 -0.000451728 0.00901883 -0.00116914 -0.00744136 -0.0036125 -0.0412153 -0.00188531 0.0389019 0.0288793 0.0702228 0.166226 0.105324 -0.00359095 -0.034618 -0.0133002 0.0498639 -0.0357618 -0.0167998 0.0371317 -0.00108337 -0.00120631 -0.00995578
internal_weight=78939.9 22064.2 56875.7 19566 387.279 248.594 96.1108 56795.2 56734.1 3995.09 52739 9246.87 7379.75 324.084 7055.67 283.21 273.133 173.224 56.5078 44.2796 6772.46 483.359 354.694 93.0443 261.649 220.824 95.4031 74.5248 6289.1 3090.06
internal_count=273959 78687 195272 74141 1882 1595 354 194935 191380 23396 167984 38669 23797 1717 22080 1768 1710 862 290 249 20312 2844 1750 351 1399 967 413 316 17468 8407
is_linear=0
shrinkage=0.1


Tree=55
num_leaves=31
num_cat=0
split_feature=5 11 8 10 3 11 8 4 18 3 9 7 7 3 18 3 0 16 10 13 1 11 16 12 10 16 16 12 15 17
split_gain=32.547 43.3095 37.1861 45.584 43.5005 35.6004 68.2674 72.1178 63.2407 46.7173 39.0261 35.4363 41.1892 57.5725 33.8552 35.4199 32.8513 31.1328 33.4483 30.9823 114.082 68.478 61.4622 49.0739 47.6025 105.379 101.271 41.5444 42.8662 53.2364
threshold=126.01879699248121 13616569.405000003 6.9727020253336045 1152.9610000000002 1.6761904761904768e-05 180623.31000000003 7.9514705882352947 32.027027027027039 2.5000000000000004 0.0013675438596491231 24.200000000000003 0.066978580766590759 0.17295821462488131 0.0004504545454545455 1.5000000000000002 0.0033380952380952385 0.6632788559754853 0.0020855080027835774 324.66300000000007 0.16950000000000004 0.0041783054003724403 1562.5900000000001 0.0042223806976882392 471.00087873462223 2536.257000000001 0.017563138615770198 0.0048348137759077455 388.85785226567356 24.250000000000004 0.32382591999950006
decision_type=2 2 2 2 2 2 2 2 2 2 2 2 2 2 2 2 2 2 2 2 2 2 2 2 2 2 2 2 2 2
left_child=5 2 3 4 -2 19 7 -7 -8 10 11 -10 13 -13 17 -16 -12 -4 -19 21 -21 22 -1 24 27 26 -26 28 29 -24
right_child=1 -3 14 -5 -6 6 8 -9 9 -11 16 12 -14 -15 15 -17 -18 18 -20 20 -22 -23 23 -25 25 -27 -28 -29 -30 -31
leaf_value=-0.010419332945018581 -0.061036278862042326 -0.10447526670323615 -0.02325315459247862 0.074782636032355007 0.0065351077258774606 0.010313928341355348 -0.12006328891071548 -0.17578113150063313 0.028357390577425087 -0.16636492075714623 -0.069473954395478765 -0.26417524063833037 0.0065807586567487421 -0.047417855994530522 0.046787874796344636 -0.049770063718431977 -0.32501249414221195 0.055786476759563955 -0.020896382267150643 -0.086530263919328637 -0.00019569480439779815 0.013558337875997098 0.0021452330623868226 0.038829126377991102 0.24544535931957778 0.21772270957303591 -0.057091933628193071 -0.077719805883261162 0.013361575809823865 -0.025518723481348593
leaf_weight=3786.8385383891873 152.33878541737795 29.919322578236461 204.52644696645439 59.723519576713443 254.33287864923477 586.93820737674832 95.486530302092433 21.590435854159296 141.99129609763622 22.748208705335855 20.101372865028683 16.119902666658163 80.689706854522228 51.091245576739311 633.7355724053923 40.412774093449116 6.7102168202400199 164.57886832207441 86.926062624901533 153.45713910646737 58433.086074403953 5546.5440532816574 4260.0272027826868 406.74769286811352 13.726141520775853 33.104932172689587 57.05642441753298 64.325527757406235 2624.1024248767644 831.3939193948172
leaf_count=16766 541 5954 451 215 501 2384 471 170 221 132 258 78 201 131 1360 103 32 259 198 1806 200220 15048 16098 672 38 135 485 177 5866 2988
internal_value=0.00072758 0.0147268 0.0169606 -0.00679642 -0.0187771 0.000432841 -0.0179129 0.00371132 -0.0481677 -0.0279437 -0.0180012 -0.00732553 -0.0415827 -0.0994049 0.0267645 0.0409996 -0.133428 0.00572099 0.0292831 0.00068403 -0.000421833 0.00436022 0.000135957 0.00495729 0.00320973 0.0704536 0.00157604 0.00231179 0.00297903 -0.0023721
internal_weight=78880.4 1626.49 1596.57 466.395 406.672 77253.9 1043.47 608.529 434.938 339.452 316.704 289.892 147.901 67.2111 1130.18 674.148 26.8116 456.031 251.505 76210.4 58586.5 17623.9 12077.3 8290.48 7883.74 103.887 70.7826 7779.85 7715.52 5091.42
internal_count=273959 9582 3628 1257 1042 264377 4078 2554 1524 1053 921 631 410 209 2371 1463 290 908 457 260299 202026 58273 43225 26459 25787 658 523 25129 24952 19086
is_linear=0
shrinkage=0.1


Tree=56
num_leaves=31
num_cat=0
split_feature=17 1 0 18 19 1 8 3 1 6 7 17 17 1 16 6 11 10 8 16 10 17 8 10 7 8 4 10 11 17
split_gain=29.4474 36.2904 31.465 36.1291 47.1637 30.9679 39.7872 36.878 32.5975 29.9113 44.3295 50.1706 76.223 59.0957 58.6326 46.6911 42.4523 59.3027 84.0964 61.412 42.2059 63.7555 42.1558 43.6407 65.0754 87.4614 126.733 84.6906 71.2472 69.2189
threshold=22.818175839473685 0.071067821067821071 0.16585760517799356 35.500000000000007 29.500000000000004 1.8750000000000002 4.7467948717948731 1.7327067669172934e-06 5.5000000000000009 1.0133423697253487 14.155555555555557 0.046470294117647061 0.041628750000000013 0.48529411764705888 0.0068073550946264076 18.547184955853691 245.45000000000002 390.18300000000005 0.25112612612612617 0.0052956793239478757 5116.3460000000005 14.810636363636366 8.6018867924528326 27.355500000000003 0.80047530309584825 0.23861283643892342 4.496666666666667 35.000500000000009 41464.495000000003 -0.75083392857142839
decision_type=2 2 2 2 2 2 2 2 2 2 2 2 2 2 2 2 2 2 2 2 2 2 2 2 2 2 2 2 2 2
left_child=5 -2 3 -3 -5 9 -7 8 -8 20 -11 12 14 -14 16 -16 17 18 19 -12 22 -22 23 -1 -25 -26 -27 -28 29 -29
right_child=1 2 -4 4 -6 6 7 -9 -10 10 11 -13 13 -15 15 -17 -18 -19 -20 -21 21 -23 -24 24 25 26 27 28 -30 -31
leaf_value=0.0075917014698842532 -0.12924155178126284 -0.12156298175128875 0.022187448899024655 0.056512862722622695 -0.14220573436325668 0.0013471770374316272 -0.0097653217326394738 0.023031736354375852 -0.14530530130960273 -0.001143982539285238 -0.12388138323570652 -0.066018338195693874 0.042219635154364381 0.48677292062435007 -0.060727727806021418 0.0566388428283503 -0.0056979990570868539 -0.12102763759885582 0.40986830731946022 0.17171326950341242 -0.081165856639072748 0.5444295709516429 0.01049932796409548 -0.0064885772962997371 0.057717145053345353 -0.0094544104743198732 -0.06339495339432652 0.055878903408734429 0.13637469112134057 0.012257372299701717
leaf_weight=7328.650895874016 34.568880757316947 47.046876690350473 98.302228659391403 39.809483152814209 17.062521410640329 3156.282456480898 99.176587119698524 1832.9532878249884 21.610286183655262 40434.740734268096 10.144788976758717 222.88646916113794 6.7151336241513473 5.3907649638131261 218.40529550239444 40.122668270021677 83.342524782754481 9.222206815145908 10.162906140089033 22.880249231122434 81.460869156057015 1.6622767839580763 5698.0863724364899 11051.834732709685 305.93509294791147 3954.3605536944233 130.56150691583753 407.40015126392245 50.602109655737877 3396.4449789039791
leaf_count=20034 674 428 165 184 189 7188 252 2918 85 128428 232 3583 94 24 3045 243 1198 201 35 76 3966 13 12929 43424 4583 26472 415 1126 65 11690
internal_value=0.000656029 -0.0345558 -0.0183696 -0.0567346 -0.00310593 0.000762133 0.00828951 0.0195049 -0.0340151 0.000238592 -0.00155386 -0.0278913 -0.00698018 0.24018 -0.0145689 -0.0425128 0.0386476 0.109166 0.158321 0.0809111 0.00250987 -0.0686553 0.00269288 0.00102225 -0.00147269 0.00525051 0.00322876 0.0158144 0.0184974 0.0169293
internal_weight=78817.8 236.79 202.221 103.919 56.872 78581 5110.02 1953.74 120.787 73471 41064 629.273 406.387 12.1059 394.281 258.528 135.753 52.4102 43.1879 33.025 32407 83.1231 32323.9 26625.8 19297.1 8245.3 7939.37 3985.01 3854.45 3803.85
internal_count=273959 1640 966 801 373 272319 10443 3255 337 261876 137159 8731 5148 118 5030 3288 1742 544 343 308 124717 3979 120738 107809 87775 44351 39768 13296 12881 12816
is_linear=0
shrinkage=0.1


Tree=57
num_leaves=31
num_cat=0
split_feature=18 18 7 17 1 10 16 0 17 1 0 1 1 2 11 3 17 12 15 10 12 11 13 16 10 12 4 15 15 4
split_gain=29.431 35.6115 39.6447 29.2193 51.7124 41.417 41.9916 46.407 36.9693 68.1281 53.2566 78.5225 91.0806 57.506 87.3332 55.9895 83.7929 80.531 61.6586 57.3216 54.608 75.56 62.3873 59.1212 55.2091 54.0848 53.0316 51.8605 49.3569 67.227
threshold=157.50000000000003 81.500000000000014 0.14819994819994822 11.622270146428574 0.00795231771327389 330.00050000000005 0.0024410105664574564 0.4971910112359551 0.76971818181818197 0.20256410256410259 0.066930171277997372 0.022792207792207798 0.14907407407407411 6.5000000000000009 37170.060000000005 2.9914285714285719e-08 4.3636850595218579 46.012552301255234 54.250000000000007 1514.6614999999999 225.01435132032148 1778.5250000000003 0.8155 0.0037082874954162087 433.52100000000007 16.004268943436504 7.9455882352941183 233.12500000000003 123.25000000000001 1.30741695303551
decision_type=2 2 2 2 2 2 2 2 2 2 2 2 2 2 2 2 2 2 2 2 2 2 2 2 2 2 2 2 2 2
left_child=1 3 -3 8 -5 -6 7 -7 -1 10 11 15 13 14 -13 16 -10 25 -18 -19 24 22 23 -22 -14 -17 -24 -23 -11 -30
right_child=-2 2 -4 4 5 6 -8 -9 9 28 -12 12 20 -15 -16 17 18 19 -20 -21 21 27 26 -25 -26 -27 -28 -29 29 -31
leaf_value=-0.00032155410552673345 -0.13326543965817134 -0.033824202205085314 0.045134755140971698 0.21682695258640267 -0.0089990882566529842 -0.10136802170406767 -0.02063763664995228 -0.46754121311870267 0.0064745255833437406 -0.013673600516971663 0.01585912248588741 -0.00034675593124297723 -0.065616374255545118 -0.051900093814170413 0.4322776516942215 -0.11242658186280174 0.17271903841079383 0.031733637987359724 0.74182473208858624 -0.09069312962231163 -0.1334510554351363 0.14184448937957789 0.32543435129852649 0.17344944230992854 0.25019094147042525 0.19424737397120961 0.10422878884224236 -0.078624007548781627 0.073742227006604141 0.0022651323406186223
leaf_weight=64423.252054627519 16.422995305620134 78.67084191692993 331.69834278337657 9.2562403823249024 640.99312730506063 74.647791961207986 100.40036022011191 3.6293495297431937 8.7251155630219746 2325.204165678937 5964.4317178055644 20.20176473911852 60.988390059676021 545.00703393202275 6.0676137018017462 6.7777917701750985 3.7659121234901241 143.12056203605607 3.8499846830964088 52.190312859602273 12.619645990431311 14.979518085718153 22.164017729461193 12.488820202648638 6.0882181301712981 37.94913296867162 21.208425745368004 37.08171514980495 136.54258511960506 3624.9700781535357
leaf_count=228357 88 228 1041 102 2787 1310 665 22 246 6089 11538 424 755 8359 76 199 117 945 22 1113 87 59 98 16 93 254 76 268 315 8210
internal_value=0.000588385 0.000616307 0.0299977 0.000462356 -0.0182129 -0.0208671 -0.0634428 -0.118346 0.00066213 0.00551213 0.0122552 -0.00891677 -0.025081 -0.0449345 0.0995794 0.0389303 0.218037 0.0267372 0.460413 -0.00098083 0.0353705 0.0756149 0.144647 0.0191997 -0.0369521 0.147775 0.217268 -0.0151889 -0.00222023 0.00485974
internal_weight=78745.4 78729 410.369 78318.6 828.927 819.671 178.678 78.2771 77489.7 13066.4 6979.71 1015.27 758.895 571.276 26.2694 256.379 16.341 240.038 7.6159 195.311 187.619 120.542 68.4809 25.1085 67.0766 44.7269 43.3724 52.0612 6086.72 3761.51
internal_count=273959 273871 1269 272602 4886 4784 1997 1332 267716 39359 24745 13207 10311 8859 500 2896 385 2511 139 2058 1452 604 277 103 848 453 174 327 14614 8525
is_linear=0
shrinkage=0.1


Tree=58
num_leaves=31
num_cat=0
split_feature=17 4 17 16 13 13 17 6 17 4 17 19 8 12 2 0 10 1 14 1 6 2 7 9 7 1 4 17 9 5
split_gain=28.904 53.495 49.1645 85.1529 64.1519 70.7615 79.4053 61.7373 69.5213 57.6382 60.9107 65.9735 56.2632 120.381 56.2578 64.4054 56.0553 73.1112 55.8452 55.5853 85.5973 71.5843 54.0749 49.8594 51.2596 46.787 46.7569 46.2483 50.3344 45.9719
threshold=-1.0000000180025095e-35 24.397368421052636 0.034196500000000012 1.3666666666666669 0.12250000000000001 0.84250000000000014 0.0074746428571428577 1.0000000180025095e-35 0.018182337662337667 10.010869565217392 0.029704545454545459 7.5000000000000009 4.4955627110657357 439.04128099452743 11.500000000000002 0.53950103950103967 169.44600000000003 0.019646441253666824 6.5000000000000009 0.013192703982177667 0.50735680233934999 84.500000000000014 0.37949117900172119 39.100000000000009 0.022305140961857383 0.071067821067821071 267.88888888888897 0.0083228468899521537 6.7083333333333348 16.973684210526319
decision_type=2 2 2 2 2 2 2 2 2 2 2 2 2 2 2 2 2 2 2 2 2 2 2 2 2 2 2 2 2 2
left_child=1 -1 3 4 7 6 16 8 -2 10 19 -12 13 -11 15 -14 18 22 -6 20 21 -7 -18 25 -25 26 -16 -9 -29 -30
right_child=2 -3 -4 -5 5 9 -8 27 -10 12 11 -13 14 -15 23 -17 17 -19 -20 -21 -22 -23 -24 24 -26 -27 -28 28 29 -31
leaf_value=0.0020915684757259949 -0.1299893846908487 0.019354744737005419 0.0018329285882323874 -0.067143021892616936 -0.017524673814532741 -0.0053800263875526744 0.0048102061841088836 0.010148650982037662 0.23505995396888546 -0.021126223721371736 -0.20275676469714576 -0.031757518139127909 0.010435111749562038 -0.13026429033774575 -0.006639226311510084 -0.022149359945473245 -0.16397906514283886 -0.07593734976905564 -0.13654309033440093 0.0028216550226735117 -0.093725625392728162 0.30105540153630489 0.13594884698593054 0.053212426597871898 -0.10485648466295611 -0.039814076745285476 0.15497756903929996 0.0027731365772578958 -0.085616721183910102 -0.015683925171728799
leaf_weight=17678.010270685656 54.972462293226272 1997.8966030646116 34725.700444682618 211.92315047979355 871.58622642746195 29.552559533622116 649.22984631918371 5176.1033572782762 5.7639309726655474 1168.3927574232221 25.692047460004687 185.20579119585454 2172.5794574972242 110.63634285889566 1040.3070807424374 841.56891696155071 7.6314086056081569 449.53540048748255 41.291443336755037 9100.3891951469705 131.13742965692654 10.273296995786948 28.313744658604264 24.788399584591389 119.01740201527718 549.90599280362949 18.214236047118902 855.5579805681482 142.74304183898494 275.28261059708893
leaf_count=56796 885 3737 121746 1069 3121 622 2330 16525 12 3210 136 936 4747 782 3415 1719 148 2505 148 38234 1819 129 201 65 2860 1508 82 2506 1195 771
internal_value=0.000525241 0.00384448 -0.000581254 -0.00403156 -0.00347626 -0.00661734 -0.0240908 0.00500327 -0.0953459 -0.00431317 0.000551572 -0.052589 -0.0119435 -0.0305667 -0.00694612 0.00133733 -0.037509 -0.0649639 -0.0229081 0.00176038 -0.0547316 0.0736667 0.072272 -0.0211951 -0.0776095 -0.0161512 -0.00385825 0.00594825 -0.011123 -0.0395638
internal_weight=78699.2 19675.9 59023.3 24297.6 24085.7 17575.2 2047.59 6510.42 60.7364 15527.7 9482.25 210.898 6045.41 1279.03 4766.38 3014.15 1398.36 485.481 912.878 9271.35 170.963 39.8259 35.9452 1752.23 143.806 1608.43 1058.52 6449.69 1273.58 418.026
internal_count=273959 60533 213426 91680 90611 68717 8453 21894 897 60264 41876 1072 18388 3992 14396 6466 6123 2854 3269 40804 2570 751 349 7930 2925 5005 3497 20997 4472 1966
is_linear=0
shrinkage=0.1


Tree=59
num_leaves=31
num_cat=0
split_feature=3 18 6 5 11 16 0 16 16 11 18 7 15 12 16 7 17 19 6 17 17 18 19 4 18 17 12 8 17 3
split_gain=27.7037 25.9356 51.7495 51.6739 52.6679 68.9611 70.2707 46.5352 44.708 93.5971 56.5662 58.6873 52.1157 84.2272 72.8247 48.8815 43.5008 42.982 42.2975 59.2648 66.0772 126.683 60.618 59.2189 67.2808 64.8353 81.0417 80.8095 98.1299 79.6818
threshold=0.044494949494949504 1.5000000000000002 1.0000000180025095e-35 77.236111111111128 3.9950000000000006 0.0029455144889814337 1.9444444444444446 0.84523809523809534 0.003374582447616156 953.32000000000005 10.500000000000002 3.3971153846153848 323.50000000000006 250.12512512512515 0.0031881013687491537 0.56960594315245483 -0.52552940909090895 14.500000000000002 0.74981259370314846 -0.45451022727272722 -0.17498638749999998 15.500000000000002 202.50000000000003 3.505555555555556 5.5000000000000009 0.091885357142857157 540.01013171225952 2.9966101694915257 0.038002916666666671 6.0253968253968262e-06
decision_type=2 2 2 2 2 2 2 2 2 2 2 2 2 2 2 2 2 2 2 2 2 2 2 2 2 2 2 2 2 2
left_child=1 2 16 4 -3 6 18 -4 9 12 17 15 14 -14 -7 -12 -1 -11 19 -6 21 -21 23 -22 -25 26 27 28 29 -26
right_child=-2 3 7 -5 5 8 -8 -9 -10 10 11 -13 13 -15 -16 -17 -18 -19 -20 20 22 -23 -24 24 25 -27 -28 -29 -30 -31
leaf_value=0.18409871179905082 0.023009727380591524 0.02188596461806162 -0.001555794182807557 0.014453873589212405 -0.062393637080245368 -0.038356943334399936 -0.23979751322172418 -0.029004012165873096 0.0010529513593967202 0.035319678046712107 0.02564943318114556 -0.070900896053160453 0.23899320253696765 0.0011117275052005457 0.010292815076786714 0.063395365681902599 -0.12020434616878864 -0.013944641383974558 -0.0087733431841998076 0.29255200895117378 -0.027077681068649356 -0.12500128000687727 0.24367252970391778 0.11965916175838308 0.24930946874383664 -0.019139131197083738 0.30714555573204055 -0.016738622265246372 0.32376338487594247 -0.070283450322885313
leaf_weight=5.1290890909731379 541.58858048915863 1152.592146740295 21029.793028413784 2896.8675170261413 87.501519783167168 601.97628907510079 12.968445032835005 636.35562828741968 38677.031465179287 270.03623688872904 922.19337069103494 49.603870898950845 21.688142893835902 47.446666399016976 629.40506223542616 546.34632863476872 55.85397815075703 514.59203971363604 9243.8758321329951 23.138277796562761 229.27207830129191 10.592227614484726 11.69746916554868 78.317412271164358 11.932358309626578 205.86365565937012 12.881536224856971 83.374291872605681 18.927862809970975 22.533329445868731
leaf_count=9 972 2159 73419 11000 1249 2774 53 2520 119008 457 1948 434 44 193 1890 1164 940 1676 42337 152 5535 144 210 542 83 2128 75 545 78 221
internal_value=0.00047078 0.000314502 -0.00262089 0.00144566 0.000741118 0.000275422 -0.00716911 -0.00236197 0.00204549 0.0126992 0.0248111 0.0360787 -0.00874695 0.075737 -0.0134902 0.0396922 -0.0946104 0.00301008 -0.00686863 0.0152498 0.0248385 0.16143 0.0180109 0.0140301 0.0357549 0.0172713 0.0673589 0.0447745 0.140827 0.0403627
internal_weight=78651.4 78109.8 21727.1 56382.7 53485.8 52333.2 10052.9 21666.1 42280.3 3603.29 2302.77 1518.14 1300.52 69.1348 1231.38 1468.54 60.9831 784.628 10039.9 796.032 708.53 33.7305 674.8 663.103 433.83 355.513 149.649 136.768 53.3936 34.4657
internal_count=273959 272987 76888 196099 185099 182940 53352 75939 129588 10580 5679 3546 4901 237 4664 3112 949 2133 53299 10962 9713 296 9417 9207 3672 3130 1002 927 382 304
is_linear=0
shrinkage=0.1


Tree=60
num_leaves=31
num_cat=0
split_feature=13 1 5 2 17 16 6 13 17 6 11 3 8 16 15 18 3 10 9 3 18 3 9 11 1 12 19 0 0 17
split_gain=24.983 105.046 54.8903 47.2172 34.4727 53.577 60.5917 50.1122 48.3637 51.0355 67.221 51.0755 60.8052 70.5877 70.1377 53.2642 59.6343 74.0245 46.49 55.9028 53.1446 50.4448 49.352 50.1815 46.2745 60.3889 58.284 67.6218 56.8597 44.2362
threshold=0.16950000000000004 0.0041783054003724403 92.571428571428584 137.50000000000003 -1.0000000180025095e-35 4.5000000000000009 4.0342925034992358 0.26750000000000007 0.034196500000000012 1.0157442944987827 6459.5700000000006 0.00027897368421052636 0.46693989071038261 0.022253172392448162 1.2500000000000002 6.5000000000000009 0.00033696428571428576 28.202000000000005 116.50000000000001 0.00142967032967033 30.500000000000004 0.0011369318181818184 7.9375000000000009 22443.155000000002 0.060790835181079091 140.55762219384454 25.500000000000004 0.1908263305322129 0.27241805813234393 1.647857142857143e-05
decision_type=2 2 2 2 2 2 2 2 2 2 2 2 2 2 2 2 2 2 2 2 2 2 2 2 2 2 2 2 2 2
left_child=2 -2 3 -1 5 6 -3 -6 9 10 29 -11 14 15 -13 24 17 -17 19 21 -20 22 23 -12 25 26 -14 -28 -29 -9
right_child=1 4 -4 -5 7 -7 -8 8 -10 11 18 12 13 -15 -16 16 -18 -19 20 -21 -22 -23 -24 -25 -26 -27 27 28 -30 -31
leaf_value=0.0029192476742952288 -0.083884266905660421 0.0012719381099031146 0.035597262594885382 -0.14741956320576266 -0.026607756926643342 -0.11901263559016206 0.018239784223061214 0.008137393394475563 0.0014258519119108594 -0.0022772733831184933 -0.015839465081170647 0.10499912653899005 -0.17993097374651895 0.0049882927235375442 -0.10481305323716693 0.089088061634378601 0.0043257039319943942 -0.23982604177623662 0.020907427035639845 0.011575080367887682 0.25314283816025418 -0.101376222018376 -0.035057184574728728 0.1328269719469086 -0.026259475336222578 -0.1323855191774887 -0.097109288601841162 0.10822573446091077 -0.026901890833804894 -0.0071690222835626054
leaf_weight=17415.431046967162 150.88359201699495 14588.072492930805 523.66647377691697 20.916044568177313 801.77327831322327 35.64241311326623 2459.3501951163635 5452.885607102653 25202.603848418454 3277.0831316950498 60.463694825768471 18.031033965758979 26.312815105542541 1106.1396572645754 136.91178435645998 10.002734065055849 719.00889407470822 21.657080857083201 67.062933411332779 340.69623046927154 11.55099361669272 102.97007563710213 923.64184646878857 36.357473572716117 1876.0509211663157 98.41946361400187 77.311340563930571 47.557602792978287 90.203253395855427 2888.1937266807072
leaf_count=58140 4908 46221 1016 313 3073 176 6196 20464 87757 14417 170 88 143 2963 1101 9 1705 153 729 670 59 464 4312 87 5264 633 641 83 210 11794
internal_value=0.000421103 -0.000549336 0.00369697 0.00273891 -0.00034142 0.00346374 0.00371981 -0.00183945 -0.00137319 -0.00543007 -0.000709337 -0.0116474 -0.0189107 -0.0165715 -0.0803968 -0.0246106 -0.0015887 -0.135908 -0.0198852 -0.0239076 0.0550305 -0.0346683 -0.0279371 0.0399865 -0.0324097 -0.066365 -0.0394466 -0.0222592 0.0197467 0.00283737
internal_weight=78586.9 60626.8 17960 17436.3 60476 17083.1 17047.4 43392.9 42591.1 17388.5 9883.82 7504.69 4227.61 4072.66 154.943 2966.52 750.669 31.6598 1542.74 1464.13 78.6139 1123.43 1020.46 96.8212 2215.86 339.804 241.385 215.072 137.761 8341.08
internal_count=273959 214490 59469 58453 209582 52593 52417 156989 153916 66159 38749 27410 12993 11804 1189 8841 1867 162 6491 5703 788 5033 4569 257 6974 1710 1077 934 293 32258
is_linear=0
shrinkage=0.1


Tree=61
num_leaves=31
num_cat=0
split_feature=5 11 11 8 4 7 16 9 19 17 0 15 7 0 4 0 18 3 11 5 17 10 0 19 18 3 0 15 16 0
split_gain=23.4049 36.061 31.6303 54.6017 64.5215 52.2942 36.5458 44.0145 35.2603 57.6191 42.8168 34.1751 51.0701 74.2125 31.4724 48.172 30.7137 44.579 30.3278 34.4655 29.5906 28.502 28.2046 27.3219 52.296 27.1437 34.9443 30.8966 27.0476 30.1632
threshold=126.01879699248121 13616569.405000003 153764.46000000005 7.9514705882352947 32.027027027027039 0.031637538086599415 0.0021238940714410309 27.100000000000005 51.500000000000007 6.0300947916663548 0.057190957190957202 904.50000000000011 0.25132289945964109 0.54606060606060614 136.63257575757578 0.85839598997493749 1.5000000000000002 0.0027279220779220788 223157.35000000003 29.050000000000004 2.7454202456052634 72.857000000000014 0.69292803970223338 23.500000000000004 1.5000000000000002 1.3019298245614037e-05 0.12541390728476823 2393.0000000000005 0.0020855080027835774 0.52223320158102771
decision_type=2 2 2 2 2 2 2 2 2 2 2 2 2 2 2 2 2 2 2 2 2 2 2 2 2 2 2 2 2 2
left_child=2 14 -1 4 6 -5 7 -4 10 -10 18 12 13 -7 16 25 28 -18 19 -9 21 23 -23 -8 -25 27 -27 -16 -2 -30
right_child=1 -3 3 5 -6 11 20 8 9 -11 -12 -13 -14 -15 15 -17 17 -19 -20 -21 -22 22 -24 24 -26 26 -28 -29 29 -31
leaf_value=0.00039906926059900895 -0.01726102084447936 -0.10391580250986032 -0.1680678889125827 0.018093770154295908 -0.16406712190065387 -0.10984617602530743 0.044570975721650863 0.15899346590396762 -0.1066793700623731 0.20177084763901509 -0.022324675554211294 -0.040250222616362311 -0.02525664551513386 -0.38207609202867443 -0.091064856751973913 -0.12400681613462723 0.041767127703896921 -0.054769726540441904 0.25579681909159707 -0.11864236322534882 -0.020844517051050546 0.070762264327731403 -0.028830467523856679 -0.1121818563437266 0.019280517753328272 0.10124028625875026 -0.006653423926753956 0.0080750650100052789 0.10273245493791201 0.011534291496739523
leaf_weight=75605.106972856214 293.90651302039623 26.214317288831808 21.578129437752068 117.19069830048829 23.046217421069741 48.775761440396309 105.22038049250841 10.91581473499537 56.432541066315025 6.7842057910747817 65.021069370210171 292.24971004389226 44.74396089091897 12.601008526980875 53.09695496596396 35.655756611377001 665.92611924279481 51.536776836961508 10.862799411639569 7.5735296569764605 153.95991823589429 187.99718426354229 33.503389813005924 44.609203107655048 94.071109147742391 46.910108618438244 83.362653911113739 77.052000675350428 43.862580344080925 209.4149442538619
leaf_count=259332 620 5954 393 255 176 466 171 56 766 74 168 724 259 67 248 106 1470 147 43 85 445 524 71 139 163 111 175 283 49 419
internal_value=0.000377365 0.0123984 0.000129431 -0.0151166 0.000891198 -0.0406259 0.00565203 -0.0341234 -0.015783 -0.0735775 0.0229313 -0.0578998 -0.106506 -0.165737 0.014352 -0.0149963 0.021223 0.0348327 0.123183 0.0452694 0.0171582 0.02973 0.0556982 0.00614665 -0.0230069 -7.1119e-05 0.0321982 -0.0323711 0.00337809 0.027328
internal_weight=78529.2 1586.94 76942.2 1337.14 821.575 515.561 798.529 179.168 157.59 63.2167 94.3732 398.37 106.121 61.3768 1560.72 296.077 1264.65 717.463 29.3521 18.4893 619.361 465.401 221.501 243.901 138.68 260.422 130.273 130.149 547.184 253.278
internal_count=273959 9582 264377 5045 3274 1771 3098 1585 1192 840 352 1516 792 533 3628 923 2705 1617 184 141 1513 1068 595 473 302 817 286 531 1088 468
is_linear=0
shrinkage=0.1


Tree=62
num_leaves=31
num_cat=0
split_feature=18 18 7 17 0 16 15 15 19 10 1 8 18 18 10 6 12 6 8 3 11 8 3 18 1 17 10 3 13 3
split_gain=23.2192 27.8145 32.8961 25.3959 34.8853 31.5978 28.2022 53.8909 37.3997 26.229 24.931 30.8995 26.9298 28.2004 26.4249 32.9385 42.3251 30.1759 28.1653 73.741 26.2815 29.5061 38.7269 41.0519 40.5454 36.9916 30.5952 44.3967 47.9872 42.0898
threshold=157.50000000000003 81.500000000000014 0.14819994819994822 22.818175839473685 0.19478319783197837 0.017259998510463993 189.50000000000003 183.25000000000003 18.500000000000004 94.624000000000009 2.5833333333333335 5.0932987910189995 52.500000000000007 11.500000000000002 14.911000000000003 6.001200480192078 123.00793650793652 8.0040040040040061 0.98809355067328142 0.00098660714285714302 3.9950000000000006 2.288675213675214 0.0007171921182266011 4.5000000000000009 6.5000000000000009 0.071433035714285734 37.148500000000006 0.00014978260869565217 0.19950000000000004 5.0222222222222233e-05
decision_type=2 2 2 2 2 2 2 2 2 2 2 2 2 2 2 2 2 2 2 2 2 2 2 2 2 2 2 2 2 2
left_child=1 3 -3 10 5 6 7 8 -5 -6 -1 12 13 20 17 16 18 -15 -16 -20 -12 22 24 -24 26 -25 27 28 -22 -28
right_child=-2 2 -4 4 9 -7 -8 -9 -10 -11 11 -13 -14 14 15 -17 -18 -19 19 -21 21 -23 23 25 -26 -27 29 -29 -30 -31
leaf_value=-7.3701177192663013e-05 -0.11785345716911529 -0.031550364519401235 0.040284089279352835 0.11152320561818302 0.055655303800381722 0.091101113330503136 -0.12613147128646765 0.27539063983005546 -0.11230640668614221 -0.04913125810395181 0.016626131394919495 0.02044385920272522 -0.099880619300881823 0.051945787965393724 -0.01838812824430721 0.017939468435937952 0.027747721642713039 -0.048896202500142164 -0.2962864982850768 -0.0014843572748879123 -0.11257771116798176 0.0066116821458187579 -0.11932127543639011 0.039897469042194787 -0.070173720113349089 -0.1122776394046876 0.011570683718261747 0.070022073824461614 0.0043771791008490706 -0.21562706859864697
leaf_weight=74160.974663626344 16.617560665821657 79.039491496514529 329.55379773769528 9.5901632769964618 56.595831796526909 11.348960783332585 66.448382755741477 5.29077399149537 33.688324241898954 41.332954190671444 417.3807058930397 1343.0023192241788 25.945037700235844 275.00375089794397 23.057072384282947 329.70496503449976 42.705235257744789 33.263386815786362 18.545178130269051 15.641194447875021 40.006572998128831 475.92186803370714 80.482052251696587 44.737665474414825 102.17508424073458 24.845357224345207 17.668694293126464 88.079449884593487 285.0246807532385 15.141801781952379
leaf_count=263814 88 228 1041 77 77 20 534 10 812 98 690 2207 73 431 86 600 65 84 88 28 185 820 274 80 307 83 64 153 770 72
internal_value=0.000340256 0.000365279 0.0263882 0.000229107 -0.0333715 -0.0680891 -0.0837966 -0.0258777 -0.0627076 0.0114279 0.000325903 0.00833898 0.00143681 0.0025653 0.0187238 0.00269479 -0.0475935 0.0410645 -0.1038 -0.161407 -0.00492697 -0.012589 -0.0256777 -0.0706885 -0.013354 -0.0144383 -0.000334772 0.00704717 -0.0100182 -0.0932794
internal_weight=78508.8 78492.2 408.593 78083.6 224.295 126.367 115.018 48.5693 43.2785 97.9288 77859.3 3698.33 2355.33 2329.38 737.921 429.654 99.9487 308.267 57.2434 34.1864 1591.46 1174.08 698.161 150.065 548.096 69.583 445.921 413.111 325.031 32.8105
internal_count=273959 273871 1269 272602 1628 1453 1433 899 889 175 270974 7160 4953 4880 1382 867 267 515 202 116 3498 2808 1988 437 1551 163 1244 1108 955 136
is_linear=0
shrinkage=0.1


Tree=63
num_leaves=31
num_cat=0
split_feature=3 6 11 13 11 17 1 6 16 4 17 16 16 6 19 9 11 12 11 1 15 8 1 1 10 10 2 3 11 8
split_gain=22.6394 23.5969 62.5426 29.2861 31.1633 37.2098 27.5867 52.7084 26.7215 43.397 40.9865 51.6005 48.0613 46.9629 35.3567 35.227 85.9835 67.4211 53.5918 49.0399 50.7875 70.1231 56.1193 51.135 94.4627 70.6335 59.9782 76.2643 73.2512 58.6085
threshold=0.044494949494949504 48.134847080630216 14.015000000000002 0.083500000000000019 64.010000000000005 0.16363246753246755 0.40588235294117653 60.475444096133756 0.69047619047619058 4.9886363636363642 -0.0046529785714285706 5.5000000000000009 4.5000000000000009 4.0342925034992358 9.5000000000000018 0.2678571428571429 323.36500000000007 6.0030030030030037 3263.7950000000005 2.1666666666666674 12.250000000000002 0.13423423423423428 0.010143709699547265 0.15047169811320757 103.43200000000002 122.57350000000001 49.500000000000007 0.0011369318181818184 96.705000000000013 1.9844837935174071
decision_type=2 2 2 2 2 2 2 2 2 2 2 2 2 2 2 2 2 2 2 2 2 2 2 2 2 2 2 2 2 2
left_child=1 8 -3 -4 5 6 -5 -8 15 10 12 -12 13 -10 -15 16 -1 18 19 20 22 -22 -17 25 -25 -24 -27 28 -28 -30
right_child=-2 2 3 4 -6 -7 7 -9 9 -11 11 -13 -14 14 -16 17 -18 -19 -20 -21 21 -23 23 24 -26 26 27 -29 29 -31
leaf_value=0.0010287497220649313 0.020774729241442618 -0.098756206129225296 -0.0073934410013852718 0.14045501698409887 0.029892343788699795 0.21834021003826171 -0.14564337005488512 0.11507136610040446 -0.005441816732607554 0.10917264183877354 -0.024562779629079601 0.091387931847961457 -0.11007848223533445 0.068181323638106459 -0.016417551634747413 -0.09731062446967341 0.020447519882772481 0.00027917437687534325 -0.10310336087064163 -0.066646219923352443 0.29335423294850022 0.022439467180855988 0.026909426089080053 -0.012424079044915303 -0.071707972599380096 -0.019884330347332845 0.13947755485998764 -0.082944834101635015 0.004873112581140121 0.37085823313185357
leaf_weight=12017.83966656914 536.71041628718376 41.214890617877245 158.00000171549618 23.714811272919178 317.36256878636777 20.006801299750805 14.125287234783174 17.192790314555168 575.01655499637127 30.027915611863136 1498.03921629861 39.389326602220535 34.476003475487232 188.93112584576011 66.893076986074448 74.983115182956681 2814.1310461750254 55097.084953043668 63.554574026493356 151.76498695462942 9.8924748636782152 279.43307391554117 694.0551005420275 1795.4434686074965 316.09210594464093 1337.8751923926175 72.299468555953354 47.235804121010005 140.55475278198719 4.5161507716402403
leaf_count=36499 972 174 490 80 600 27 82 39 1822 38 6186 73 178 531 335 2439 6634 178433 2143 697 39 1536 3217 9014 3776 15373 491 349 1658 34
internal_value=0.000306863 0.00016592 0.0200613 0.0289585 0.0435956 0.10155 0.0590921 -0.00251792 1.37472e-05 -0.0103006 -0.0117937 -0.0215921 0.00561546 0.0104162 0.0460604 0.000348684 0.00471315 -0.000728688 -0.0118621 -0.0106845 -0.00890489 0.0317024 -0.0115256 -0.0100664 -0.0212987 0.000261198 -0.0112805 0.0322214 0.0572477 0.0162665
internal_weight=78477.9 77941.1 591.617 550.402 392.402 75.0397 55.0329 31.3181 77349.5 2432.77 2402.75 1537.43 865.317 830.841 255.824 74916.8 14832 60084.8 4987.7 4924.15 4772.38 289.326 4483.06 4408.07 2111.54 2296.54 1602.48 264.606 217.37 145.071
internal_count=273959 272987 1492 1318 828 228 201 121 271495 9163 9125 6259 2866 2688 866 262332 43133 219199 40766 38623 37926 1575 36351 33912 12790 21122 17905 2532 2183 1692
is_linear=0
shrinkage=0.1


Tree=64
num_leaves=31
num_cat=0
split_feature=16 8 5 19 19 2 6 17 3 19 2 19 7 6 18 4 8 19 12 10 9 12 10 8 11 3 4 7 19 19
split_gain=22.2364 36.2413 53.5237 50.0115 35.1732 32.663 31.5772 31.4705 102.665 53.3451 52.6246 49.6554 49.3901 45.3962 40.7184 44.2843 70.8465 79.3767 63.3222 50.2753 48.358 47.0965 42.5734 42.5621 43.1497 41.8689 56.6549 39.9817 58.1057 74.8219
threshold=0.0025031328320802011 13.985291297051068 21.607692307692314 15.500000000000002 216.50000000000003 85.500000000000014 48.134847080630216 2.2425900000000003 6.0253968253968262e-06 7.5000000000000009 88.500000000000014 24.500000000000004 0.022305140961857383 1.2070010431053073 3.5000000000000004 1.6018867924528306 0.94038734896943865 101.50000000000001 222.27862380146647 11.000500000000001 413.00000000000006 68.010152284263981 2876.9790000000003 1.786796536796537 153764.46000000005 3.5962500000000001e-06 0.84797123780174644 2.3348909657320878 139.50000000000003 44.500000000000007
decision_type=2 2 2 2 2 2 2 2 2 2 2 2 2 2 2 2 2 2 2 2 2 2 2 2 2 2 2 2 2 2
left_child=7 4 3 -3 6 -4 -2 10 11 -10 27 -9 -13 -11 -14 16 19 -18 21 -16 22 -17 25 -20 -25 -21 -27 -1 29 -29
right_child=1 2 5 -5 -6 -7 -8 8 9 13 -12 12 14 -15 15 18 17 -19 23 20 -22 -23 -24 24 -26 26 -28 28 -30 -31
leaf_value=6.6634620845115646e-05 0.00039554261322665725 0.013814808095415895 0.013247388732763861 -0.099409112990866161 -0.11181399547573988 0.11530237867523424 0.025813271463569529 -0.040508077165534014 0.05602493244369279 -0.035931392239441431 -0.11536102790198817 -0.16804300366024238 -0.05539894334954925 -0.095592089581116479 0.58423815783734612 0.13842621368043312 0.36838472450310977 0.0045692304904649209 -0.11002243289666257 -0.039131152996160969 0.5388387017568842 -0.0716642809794346 0.45923724247216591 0.034655328275837581 -0.11764308721622503 -0.10125327791236859 0.93891971977719868 -0.0091694820134718743 0.10770113228377809 -0.092399344767993039
leaf_weight=13059.375562783331 58977.581699264701 74.267709851264954 3057.8323743604124 82.17853008210659 27.843688396853395 31.685791462659836 492.8494073022157 208.67580950539559 52.475837394595146 624.45477542560548 40.368687481677625 14.834546027705072 74.36216186452657 160.27318456023932 1.587202077731489 11.800378235988317 15.786898335441949 9.6704528518021089 22.263206582516432 49.38681340450421 1.6974626979790617 111.41927641630173 1.9182849600911129 673.52572432346642 19.131595613434911 1.0502659906633189 1.044281680136919 329.8095410973765 29.66376990545541 160.61142256483436
leaf_count=50964 185545 138 5834 302 1417 55 1138 891 97 4453 4967 642 594 1017 33 107 125 171 156 1575 64 919 25 3142 203 95 5 4345 790 4150
internal_value=0.000273262 0.00111493 0.0114045 -0.0456598 0.000553577 0.0142941 0.000606187 -0.00309574 -0.0146299 -0.0415889 -0.00135512 0.00389824 0.0130778 -0.0481165 0.0157791 0.0215305 0.091602 0.230183 0.0146632 0.0293644 0.01338 -0.0515445 -0.00332327 0.0260744 0.0304488 -0.0205591 0.417347 -0.00101621 -0.0282065 -0.036427
internal_weight=78419.4 62744.2 3245.96 156.446 59498.3 3089.52 59470.4 15675.2 2055.36 837.204 13619.8 1218.15 1009.48 784.728 994.644 920.282 82.1417 25.4574 838.14 56.6843 55.0971 123.22 53.3996 714.921 692.657 51.4814 2.09455 13579.5 520.085 490.421
internal_count=273959 194429 6329 440 188100 5889 186683 79530 14314 5567 65216 8747 7856 5470 7214 6620 2093 296 4527 1797 1764 1026 1700 3501 3345 1675 100 60249 9285 8495
is_linear=0
shrinkage=0.1


Tree=65
num_leaves=31
num_cat=0
split_feature=13 1 11 11 15 19 7 16 6 0 7 8 6 19 17 3 1 17 16 18 15 11 10 9 19 3 5 3 9 3
split_gain=20.9488 84.5843 53.5347 53.1406 84.3314 52.8956 51.4771 50.569 49.8417 46.4753 42.171 46.9084 55.8745 41.8846 40.6462 40.4989 48.2575 62.418 39.0509 50.0343 54.1952 41.0765 51.9121 55.8685 50.5497 40.197 59.0783 58.9082 49.6586 52.3059
threshold=0.32250000000000006 0.0041783054003724403 1949.1050000000002 3761.4650000000006 89.125000000000014 5.5000000000000009 1.6397674418604653 0.0042223806976882392 0.99933422103861524 0.66797900262467202 1.2087483793441485 12.801960784313728 7.95967156059403 125.50000000000001 11.622270146428574 4.5732142857142865e-06 0.043290854572713651 0.0013143428571428574 0.28869047619047622 4.5000000000000009 19.250000000000004 26.570000000000004 5.0005000000000015 1.0000000180025095e-35 18.500000000000004 0.00022535714285714289 8.9750000000000014 0.00025720779220779228 7.5500000000000007 0.0012487500000000001
decision_type=2 2 2 2 2 2 2 2 2 2 2 2 2 2 2 2 2 2 2 2 2 2 2 2 2 2 2 2 2 2
left_child=2 -2 7 6 5 -5 15 14 -6 10 11 12 -7 -10 -1 16 17 -4 25 20 21 22 -20 -24 -23 -9 28 -28 29 -27
right_child=1 -3 3 4 8 9 -8 18 13 -11 -12 -13 -14 -15 -16 -17 -18 -19 19 -21 -22 24 23 -25 -26 26 27 -29 -30 -31
leaf_value=-0.0082814509837538294 -0.078322358790925972 -0.00052387987195564711 0.22351211466841445 0.057613239235029451 -0.094602466731975074 -0.086209052357758401 0.062848810678172121 0.017174931713935412 0.013104485336399622 0.0157976410735618 -0.022039257689980579 0.084368343260785669 -0.28524616849890816 -0.11997338717370282 -0.13690164559871365 0.021913751233494459 -0.10901740911141387 -0.15495322517959165 -0.11866986423444131 0.015153794851620586 0.1176970426237085 -0.010334366387412955 0.13342164611760671 -0.14723557845106255 -0.12542422707362205 0.012808193491887178 -0.14319349587992558 0.010394554758817049 -0.067615564960928604 -0.017774592827839983
leaf_weight=4479.6413569753058 140.0839086115011 58391.505027449108 11.512198941782119 59.517808623611927 44.266954765887931 178.24344049487263 314.60481585562229 2296.0408087708056 3426.8217316325754 107.52969836443663 172.07835343666375 14.525325924158095 15.31602670252323 23.815002791117877 24.705309403128922 1245.416598148644 49.384858358185738 7.0119209373369804 113.36960656195879 307.28917236998677 22.068950954824686 314.62761659547687 18.99906770884991 11.317985998466609 43.431261267513037 877.49853956140578 25.131296560168266 3951.037168264389 141.57477026898414 1541.9137492002919
leaf_count=19539 4891 203014 75 109 572 790 1518 10319 7360 191 1210 15 96 215 319 2565 407 101 568 1054 36 1220 47 95 285 3244 94 7978 915 5117
internal_value=0.000241767 -0.000710075 0.00305006 0.0112617 0.00511799 -0.0313852 0.0265165 -0.000236111 0.0108334 -0.0422465 -0.0586644 -0.088952 -0.101959 0.012186 -0.0089869 0.0178132 -0.0573888 0.0802519 0.00384247 -0.016881 -0.0356738 -0.0424197 -0.087587 0.0286465 -0.0242944 0.00579231 0.0017944 0.0094238 -0.010051 -0.0066825
internal_weight=78370.3 58531.6 19838.7 5670.04 4042.11 547.211 1627.93 14168.6 3494.9 487.693 380.163 208.085 193.559 3450.64 4504.35 1313.33 67.909 18.5241 9664.3 831.104 523.814 501.746 143.687 30.3171 358.059 8833.2 6537.16 3976.17 2560.99 2419.41
internal_count=273959 207905 66054 15224 10558 2411 4666 50830 8147 2302 2111 901 886 7575 19858 3148 583 176 30972 3305 2251 2215 710 142 1505 27667 17348 8072 9276 8361
is_linear=0
shrinkage=0.1


Tree=66
num_leaves=31
num_cat=0
split_feature=10 14 19 10 17 4 4 18 1 10 13 17 4 6 11 18 1 3 15 10 17 2 3 11 11 8 6 6 18 12
split_gain=20.4252 65.1408 68.8976 29.9523 30.9153 52.1194 74.1003 41.3057 33.6696 29.3952 39.4184 28.9553 42.4662 34.1478 28.8767 35.4617 57.8283 42.2739 47.7396 42.5956 33.4134 46.794 32.2535 33.5113 35.3494 32.1528 29.3291 35.7216 28.7298 60.3288
threshold=5116.3460000000005 2.7500000000000004 122.50000000000001 2876.9790000000003 0.046470294117647061 7.9455882352941183 9.288018433179726 43.500000000000007 0.011940404904476763 3357.6625000000008 0.10450000000000001 0.18721625000000003 1.9588963963963966 20.699857172005718 35.505000000000003 16.500000000000004 0.022792207792207798 0.0021017241379310348 600.37500000000011 4029.1675000000005 0.034196500000000012 46.500000000000007 6.5757142857142878e-05 315.47000000000008 3583.6900000000005 6.8990445859872622 1.1594206794944524 1.8981336920231549 20.500000000000004 23.001210653753031
decision_type=2 2 2 2 2 2 2 2 2 2 2 2 2 2 2 2 2 2 2 2 2 2 2 2 2 2 2 2 2 2
left_child=3 11 -3 -1 14 7 -7 9 -8 10 -6 13 -13 -2 -5 17 25 18 20 -20 21 -16 -23 -24 26 28 -25 -28 -17 -30
right_child=1 2 -4 4 5 6 8 -9 -10 -11 -12 12 -14 -15 15 16 -18 -19 19 -21 -22 22 23 24 -26 -27 27 -29 29 -31
leaf_value=0.00011406693067800831 -0.10816885576075291 -0.11654780268146625 0.20657888385306644 0.17293829535590888 0.07770935724771294 0.19613414192199513 -0.16737615245348991 0.14551851296369314 0.020799429108333142 -0.1237455370152678 -0.10246747247911361 0.2463402448119355 -0.035812902968591361 0.23979741261065321 -0.14919181399228851 0.23981926673997833 -0.073822448786773562 0.13504889670173517 -0.13511681607961726 0.21781766161831767 0.13158117188086413 -0.11013613685899629 -0.095489632241282499 0.0080258787734938906 -0.045692137054937854 0.018895805394158534 0.20603111654153847 0.035077053907085314 -0.037426167235806621 0.1906015007660247
leaf_weight=77494.655068980646 86.88932528643636 9.844242009334268 20.014943497953936 15.302192336414008 23.041083573363721 23.971514962613583 10.781159319682045 9.3501056525856239 80.548021147726104 55.373020528350025 25.670005666092038 6.0303751572500905 46.209635684383102 2.9148629046976557 25.609705337323248 22.298612463171594 20.641116677084938 25.889745369553566 4.3028472505975541 16.659306183108129 15.100827794987707 25.396274363622069 25.100275997072458 48.262863866984844 42.841454686131328 27.778795116464607 23.706608216278255 25.232372556813061 18.852691270876676 30.169611011515372
leaf_count=262841 3872 199 111 108 99 48 884 30 339 686 306 87 1280 7 263 87 156 30 170 110 82 846 292 197 248 161 56 102 182 80
internal_value=0.000216503 -0.0342156 0.100048 0.000292255 0.0218051 -0.00768972 0.039657 -0.0558155 -0.00141418 -0.0739017 -0.0172411 -0.0624392 -0.00324229 -0.0968746 0.0381346 0.0329497 0.078449 0.0133593 0.000867828 0.145372 -0.012231 -0.0222781 -0.00522018 0.0109141 0.0299851 0.110165 0.0633396 0.117889 0.145714 0.102908
internal_weight=78308.4 171.903 29.8592 78136.5 641.88 228.735 115.301 113.434 91.3292 104.084 48.7111 142.044 52.24 89.8042 413.145 397.843 119.741 278.102 252.213 20.9622 231.25 216.15 190.54 165.144 140.043 99.0997 97.2018 48.939 71.3209 49.0223
internal_count=273959 5556 310 268403 5562 2392 1271 1121 1223 1091 405 5246 1367 3879 3170 3062 666 2396 2366 280 2086 2004 1741 895 603 510 355 158 349 262
is_linear=0
shrinkage=0.1


Tree=67
num_leaves=31
num_cat=0
split_feature=5 11 11 10 15 4 7 10 18 2 10 9 9 1 17 5 19 4 4 2 10 18 4 19 6 18 16 3 10 3
split_gain=19.3268 30.1437 27.5535 45.2834 62.5562 56.763 65.2235 50.5517 42.1298 30.8855 32.5983 31.3994 59.7863 36.2196 34.6508 32.7005 48.2569 35.6696 25.6343 36.2681 29.3978 30.2918 34.3582 61.3496 25.3854 24.8057 34.6836 29.7705 24.2863 30.7702
threshold=126.01879699248121 13616569.405000003 153764.46000000005 304.00100000000003 904.50000000000011 10.255434782608697 0.26609992998078963 1267.3305000000003 8.5000000000000018 17.500000000000004 263.37850000000009 7.1000000000000005 17.100000000000005 0.45804195804195807 0.00049365238571428584 59.345238095238102 89.500000000000014 9.0092592592592613 136.63257575757578 24.500000000000004 267.26100000000008 27.500000000000004 32.027027027027039 183.50000000000003 1.1659543152544709 1.5000000000000002 0.0020855080027835774 0.00011441558441558443 198.34600000000003 1.3019298245614037e-05
decision_type=2 2 2 2 2 2 2 2 2 2 2 2 2 2 2 2 2 2 2 2 2 2 2 2 2 2 2 2 2 2
left_child=2 18 -1 9 7 6 -6 -5 -7 10 11 13 -13 14 -4 16 17 -14 20 24 25 22 23 -22 28 26 27 -2 -20 -30
right_child=1 -3 3 4 5 8 -8 -9 -10 -11 -12 12 15 -15 -16 -17 -18 -19 19 -21 21 -23 -24 -25 -26 -27 -28 -29 29 -31
leaf_value=0.00021955814434864151 -0.0020407192315499791 -0.1038376910238234 -0.016718580845500347 -0.15088453455182479 0.32059458881554859 -0.16594636728605289 -0.003672456845887745 -0.01679504773877967 -0.0061178048720101196 0.061990088216363197 0.065173916395798601 -0.13936861600823502 -0.096282116195523931 0.0041078584781781557 -0.20450960229573104 -0.1022862053889543 0.21915746076197348 0.0083843777011700336 0.0011258629202374215 0.042416700514760014 -0.12913530052555783 0.12134719065715832 0.006903542322515957 0.047201454543784771 -0.14389347528211158 0.042802072912897469 0.047129108288568131 -0.11533644976975968 -0.14502086778201667 -0.0090395576089919716
leaf_weight=75407.615425388096 208.71278080716729 22.45030221180059 24.102282326668501 79.540865434333682 10.503848108928651 20.364961169660091 15.14915251545608 43.486964426469058 86.726617826148868 64.144718863070011 55.159639397170395 51.197760481387377 41.701995722949505 622.22943929582834 16.588111750781536 40.477473572362214 9.26457108883187 148.52317491546273 128.25090146064758 83.610435785725713 55.902827098034322 17.707226754631847 233.71345765143633 30.491326991003007 19.53896963596344 521.15800830163062 148.40136547014117 26.092603377997875 31.526147406548262 35.243774689733982
leaf_count=259332 392 5954 57 1041 71 87 80 398 179 189 173 211 509 1149 73 206 68 554 253 318 323 59 510 114 62 976 249 82 179 111
internal_value=0.00019219 0.0112012 -3.20172e-05 -0.0143047 -0.0521169 -0.00450659 0.129102 -0.103488 -0.0365114 -0.00529461 -0.00957104 -0.0138924 -0.0412657 -0.00186954 -0.0932747 -0.0203351 -0.00370687 -0.0145611 0.0128779 -0.0134527 0.0191983 -0.00597256 -0.0130154 -0.0669003 -0.0352241 0.0286005 0.00928656 -0.0146306 -0.0243366 -0.0732446
internal_weight=78299.6 1562.8 76736.8 1329.16 255.772 132.745 25.653 123.028 107.092 1073.39 1009.24 954.085 291.165 662.92 40.6904 239.967 199.49 190.225 1540.35 298.17 1242.18 337.815 320.108 86.3942 214.56 904.365 383.207 234.805 195.021 66.7699
internal_count=273959 9582 264377 5045 1856 417 151 1439 266 3189 3000 2827 1548 1279 130 1337 1131 1063 3628 923 2705 1006 947 437 605 1699 723 474 543 290
is_linear=0
shrinkage=0.1


Tree=68
num_leaves=31
num_cat=0
split_feature=18 10 0 9 9 8 12 11 11 10 3 17 3 11 5 1 8 3 11 0 12 10 12 8 12 8 1 17 7 11
split_gain=18.7778 30.121 42.6131 36.8793 44.0845 44.3159 41.2071 35.6223 68.7619 73.1759 33.6842 42.5248 41.7419 48.7112 30.0157 55.1824 37.3133 41.2062 58.1253 43.6522 35.0482 77.0449 67.0646 35.1927 34.494 33.3626 68.8487 58.7876 54.4586 58.1114
threshold=25.500000000000004 166.93950000000004 0.75147058823529422 38.100000000000009 34.083333333333336 5.8937969924812039 198.38187525739178 547.25500000000011 675.21000000000015 856.84050000000013 0.0021017241379310348 -0.41816035353535347 0.001948684210526316 1067.2550000000003 2.3589743589743595 0.062895569620253181 0.65685449957947861 7.4019021739130445e-05 93.785000000000011 0.21089696071163827 19.00118764845606 214.92350000000005 21.00175029171529 0.74937810945273642 5.9654009119507307 2.8059027777777783 0.012848024650599759 0.0023371610526315791 0.76500600240096051 82.615000000000009
decision_type=2 2 2 2 2 2 2 2 2 2 2 2 2 2 2 2 2 2 2 2 2 2 2 2 2 2 2 2 2 2
left_child=-1 10 3 4 14 6 -6 -5 9 -9 12 -12 -2 -14 15 16 17 -3 -19 -20 21 23 -22 -16 -23 26 -24 -28 29 -27
right_child=1 2 -4 7 5 -7 -8 8 -10 -11 11 -13 13 -15 20 -17 -18 18 19 -21 22 24 25 -25 -26 28 27 -29 -30 -31
leaf_value=-0.00040486738557100215 0.0064645693064881854 -0.027132607160623323 0.027189761993966523 -0.12402383682502807 -0.043614358491595097 -0.11421872332777046 0.16565632862412727 -0.11613739567896174 -0.038049485409209827 0.4635233387891895 0.0027480790694796309 0.043948525273647891 -0.19187942435516633 0.0067339035804139143 0.025806037206078394 -0.10740988043336086 -0.11244410164988783 0.2205098221286042 -0.13267633242929264 0.11109580909894752 -0.14681950270914487 -0.047411519127744897 0.24680235557496899 -0.18367323741861866 0.04474681272459282 -0.13777592380027473 0.0026330544492903056 -0.066471008777575225 0.025991843525415999 -0.0063552225104970168
leaf_weight=68700.711729481292 4403.2826874833554 79.090488824993372 441.69462577998638 44.577208669856191 12.277326168958096 9.8648391366004926 40.277953380718827 3.5288936509750766 191.1460380370263 5.6882266788743436 451.11970387771726 563.37121531739831 23.111997224390507 26.515176612883806 11.8521431107074 78.553473066072911 26.576715091243386 20.060488793067634 13.49113206472248 16.126519426703453 33.590227434411645 45.382541319355369 8.966974516399203 24.803777579218149 386.51174032874405 34.434432990849018 240.08826035540551 252.65528069064021 613.30467217043042 1469.5605476186611
leaf_count=240103 12876 1391 786 697 223 125 123 84 3268 51 851 872 88 49 48 1146 232 64 200 13 166 214 74 116 1156 121 1017 1815 1875 4115
internal_value=0.000173266 0.00432289 -0.0021519 -0.00569057 -0.00300407 0.0802639 0.116769 -0.0431732 -0.0251854 0.241593 0.00918319 0.0256277 0.00543671 -0.0857628 -0.00455326 -0.0391048 -0.00456503 0.0177003 0.0890768 5.51968e-05 -0.00196397 0.0232495 -0.00641763 -0.115941 0.035063 -0.0046169 -0.0278029 -0.0328002 0.000877202 -0.00936414
internal_weight=78272.2 9571.51 4104.1 3662.41 3417.47 62.4201 52.5553 244.94 200.363 9.21712 5467.4 1014.49 4452.91 49.6272 3355.05 233.899 155.345 128.769 49.6781 29.6177 3121.15 468.55 2652.6 36.6559 431.894 2619.01 501.711 492.744 2117.3 1503.99
internal_count=273959 33856 19120 18334 14234 471 346 4100 3403 135 14736 1723 13013 137 13763 3046 1900 1668 277 213 10717 1534 9183 164 1370 9017 2906 2832 6111 4236
is_linear=0
shrinkage=0.1


Tree=69
num_leaves=31
num_cat=0
split_feature=18 18 3 7 16 16 17 2 17 17 6 9 16 6 10 2 16 7 17 11 17 7 8 2 11 6 14 1 9 2
split_gain=18.6383 24.2466 18.4539 23.1708 19.2815 23.322 62.6055 29.1206 21.3474 19.5979 42.9656 40.3731 38.4804 51.1806 45.0387 65.4307 40.8142 87.8736 71.0261 84.5356 66.7096 61.9576 55.9383 50.7053 56.4856 49.2445 47.1069 59.6549 61.6354 46.2115
threshold=157.50000000000003 149.50000000000003 0.044494949494949504 0.85423565121412814 5.5000000000000009 4.5000000000000009 0.11711955555555557 9.5000000000000018 0.002923726833333334 -1.0000000180025095e-35 4.0342925034992358 40.100000000000009 0.37980769230769235 1.0000000180025095e-35 93.001000000000019 15.500000000000002 0.052805855698849775 1.5602650063856962 0.16083816964285716 2.0200000000000005 0.42791437500000001 1.0579831932773112 1.9172885572139307 37.500000000000007 52.015000000000008 1.0092515003809523 0.87500000000000011 0.23904761904761906 1.267857142857143 2.5000000000000004
decision_type=2 2 2 2 2 2 2 2 2 2 2 2 2 2 2 2 2 2 2 2 2 2 2 2 2 2 2 2 2 2
left_child=1 2 4 -4 5 9 -7 -8 -6 10 -1 -12 13 -11 -14 -16 -15 18 19 -18 -20 23 -19 26 -25 -26 27 28 -21 -28
right_child=-2 -3 3 -5 8 6 7 -9 -10 12 11 -13 14 16 15 -17 17 22 20 21 -22 -23 -24 24 25 -27 29 -29 -30 -31
leaf_value=0.00056275093564562607 -0.10534405349852967 0.12458605738204734 0.026578225785256815 -0.036709593015987516 -0.020515409943923618 -0.12468247304964791 -0.049172995478582379 0.15613071425050715 0.09782384620404018 -0.078924451329176637 0.013874496669681472 -0.088465660180701497 -0.016677154727656306 -0.0011032949173731029 0.10522509089707135 -0.071976255115634546 -0.17756717465105396 -0.018283756236464908 -0.03187161803139188 0.22150591003347439 0.012861550753539239 0.080808559064237673 -0.14204510902840023 -0.13100799092424989 -0.11829132940335274 0.025845780822696271 -0.015591121683657684 0.43506500751988653 -0.11109761005512941 0.026969362300768393
leaf_weight=15865.484929562081 16.742444559116848 15.662532186135648 465.73589727282524 66.054387599229813 24.128348737955093 47.992981625720859 12.570100851356985 15.340274535119532 41.39709147810936 82.810124797397293 3500.5576677042991 38.977019313722849 2167.0181426350027 50730.329237782629 69.608672561123967 29.740509891882539 21.048864647746086 628.69742024317384 560.49553952738643 12.891247889027005 822.69557898305357 177.65711349248886 38.773011073470116 42.482646405696869 29.124382780864835 127.34071017708629 287.21686949580908 5.8834417313337317 9.8124657506123167 2282.5816821027547
leaf_count=50805 88 30 781 191 82 342 57 56 70 1066 9062 216 8276 186095 244 259 110 3182 1957 101 1718 343 165 373 363 525 778 17 155 6452
internal_value=0.000154611 0.000177192 0.000152276 0.0187172 2.51704e-05 -2.06111e-05 -0.0554245 0.0636673 0.0542479 3.36295e-05 0.00278529 0.0127475 -0.000884994 -0.000366732 -0.0136587 0.0521793 -0.0002501 0.00832636 0.013478 0.0221312 -0.00526519 0.0235441 -0.025473 0.0199073 -0.0287488 -0.000983874 0.0236327 0.151293 0.0777558 0.0222125
internal_weight=78236.9 78220.1 78204.4 531.79 77672.7 77607.1 75.9034 27.9104 65.5254 77531.2 19405 3539.53 58126.2 55859.8 2266.37 99.3492 55777 5046.7 4379.23 2996.04 1383.19 2974.99 667.47 2797.33 198.948 156.465 2598.39 28.5872 22.7037 2569.8
internal_count=273959 273871 273841 972 272869 272717 455 113 152 272262 60083 9278 212179 203400 8779 503 202334 16239 12892 9217 3675 9107 3347 8764 1261 888 7503 273 256 7230
is_linear=0
shrinkage=0.1


Tree=70
num_leaves=31
num_cat=0
split_feature=5 8 3 11 7 6 15 8 0 18 18 19 11 8 1 0 10 10 16 13 3 1 2 7 14 19 4 12 17 15
split_gain=18.773 123.584 64.6928 56.4232 52.717 52.1338 40.0578 35.9639 41.802 35.2958 34.8361 36.3763 49.3665 48.7549 43.0833 42.7097 36.3706 36.4377 33.4921 40.0395 31.9126 30.1545 34.8584 33.6988 30.776 38.4524 31.7423 28.914 31.4409 28.7287
threshold=54.63333333333334 2.3349358974358982 6.3875000000000013e-07 5689.8150000000014 0.38670775552131492 0.75037537537537546 1504.5000000000002 5.5049019607843146 0.32672684458398749 17.500000000000004 3.5000000000000004 53.500000000000007 75.00500000000001 3.9413911550021474 1.8750000000000002 0.18127053669222346 390.18300000000005 1188.2315000000001 0.0028598691384950931 0.99850000000000005 9.7071428571428607e-07 0.014337101747173691 27.500000000000004 0.17295821462488131 2.2500000000000004 54.500000000000007 23.987068965517246 664.71869596869612 6.3505392138888892 5463.0000000000009
decision_type=2 2 2 2 2 2 2 2 2 2 2 2 2 2 2 2 2 2 2 2 2 2 2 2 2 2 2 2 2 2
left_child=-1 3 6 -2 5 -4 -3 18 -9 -5 21 12 -12 27 20 16 -15 -18 19 -6 -14 23 -23 -7 26 -26 -24 -13 -29 -8
right_child=1 2 4 9 7 10 29 8 -10 -11 11 13 14 15 -16 -17 17 -19 -20 -21 -22 22 24 -25 25 -27 -28 28 -30 -31
leaf_value=-0.00042642174501153615 -0.12735938555455839 -0.12057282395007843 -0.096452735519671401 -0.045232658117476739 0.0061593175664509704 0.089574865540949566 -0.0087492989422805773 0.11704466952199706 0.035850412701575504 0.12940252415360462 -0.12082677525990707 0.027359969943848528 0.075803497749938012 0.044317922281067103 0.043996487902318367 0.024850985728704304 0.21114235167152806 0.062230623312486889 0.026700822117067136 -0.22083411722621649 0.0037793824747365864 0.0013038944436679558 -0.062604054967135628 -0.043310294218745646 -0.27432285760413894 -0.061071844221880757 0.0061512675170436043 -0.16752840070625491 0.026369793564005813 -0.077417694563787443
leaf_weight=69076.122075005085 100.37490921467543 44.28926770988619 49.154812272870913 68.212378622964025 18.648572290316224 71.706609073095024 351.77402864018222 94.690210223197937 191.93768455833197 13.938192673027514 29.604791387915611 26.048502542078495 62.801624149084091 111.34960170835257 316.54008472710848 796.98315152525902 33.506768688559532 32.245792274363339 120.53750923275948 13.32188110612333 3011.1440281234682 3077.4539217948914 103.76075190678239 26.004324620589614 10.061462324112652 52.975696140900254 190.28870387747884 27.420324916020036 12.032408023253081 73.688552024075761
leaf_count=247111 984 2770 727 256 63 194 3802 103 283 53 88 62 81 187 479 1447 68 116 196 103 5841 6279 406 123 48 276 452 160 26 1175
internal_value=0.000136917 0.00439789 0.00605914 -0.0770603 0.00806015 0.00621762 -0.0300641 0.0417989 0.0626737 -0.0156029 0.0068491 0.0127248 0.00774554 0.0291061 0.0088682 0.0347218 0.0791416 0.138114 0.00256634 -0.0884274 0.00525086 -0.000569385 -0.00212781 0.0542094 -0.0317031 -0.0951092 -0.0181103 -0.0544067 -0.108393 -0.0206424
internal_weight=78208.6 9132.5 8949.97 182.525 8480.22 8041.08 469.752 439.136 286.628 82.1506 7991.93 4459.68 3420.09 1039.59 3390.49 974.085 177.102 65.7526 152.508 31.9705 3073.95 3532.25 3434.54 97.7109 357.087 63.0372 294.049 65.5012 39.4527 425.463
internal_count=273959 26848 25555 1293 17808 17060 7747 748 386 309 16333 8555 6489 2066 6401 1818 371 184 362 166 5922 7778 7461 317 1182 324 858 248 186 4977
is_linear=0
shrinkage=0.1


Tree=71
num_leaves=31
num_cat=0
split_feature=10 7 5 11 7 9 3 6 16 4 1 7 0 9 5 7 17 8 11 7 11 9 3 18 15 19 4 15 15 19
split_gain=18.4291 54.0846 101.997 66.466 64.7051 67.8828 59.5449 89.0376 72.9137 65.3359 55.1918 54.4278 51.9145 111.509 103.235 68.7428 84.2239 60.0023 54.0572 128.186 128.168 53.6423 49.5619 48.6573 51.0877 60.5749 52.5611 52.177 58.6568 49.142
threshold=743.69950000000006 0.80047530309584825 23.035714285714288 396.76500000000004 0.48490544543176128 2.6904761904761911 0.00035045454545454551 24.067423540315112 0.0016797333493845368 7.0090909090909106 0.00795231771327389 0.31547015765765768 0.0054127298029737064 36.20000000000001 14.763888888888891 8.0075757575757596 0.93491916666666675 0.49666533279978664 515.92000000000007 0.87574633456986406 505.40500000000003 0.64583333333333337 2.9914285714285719e-08 16.500000000000004 3.2500000000000004 20.500000000000004 3.4409722222222228 84.375000000000014 53.125000000000007 36.500000000000007
decision_type=2 2 2 2 2 2 2 2 2 2 2 2 2 2 2 2 2 2 2 2 2 2 2 2 2 2 2 2 2 2
left_child=-1 2 4 6 11 -6 7 8 -3 -10 -8 -2 13 18 15 -15 17 -17 19 -5 21 -21 -14 24 29 -26 -27 28 -28 -12
right_child=1 3 -4 12 5 -7 10 -9 9 -11 23 -13 22 14 -16 16 -18 -19 -20 20 -22 -23 -24 -25 25 26 27 -29 -30 -31
leaf_value=-0.000358942695296637 -0.025545102989081716 0.11045389801020034 0.009107514306393635 0.7619446971117585 -0.010091741408309539 -0.085566367062039586 0.12303113486900433 0.16483019683320774 -0.062179091406762671 0.03869730613286871 -0.12491980793759699 0.028312068302152084 -0.12257599678156189 -0.061237606047293558 0.45783150877513024 0.18420884814978478 -0.10453486366097096 0.59722676778377215 -0.060441995256396111 0.42836599244605306 0.44679266084049574 -0.10915992441643226 0.036665776807279442 0.045507954348067529 0.12863459041012534 -0.08023937890699484 -0.019642991279746981 -0.1220997904705331 0.083547806467626634 0.11185844945700768
leaf_weight=71136.355991431279 597.30121730128303 31.645845821127295 2472.2464157890063 2.5094492100179187 204.59864050149918 285.39343249239028 44.548828039318323 22.924809847027063 406.24295547278598 76.257976892404258 10.415101321414111 273.5938208354637 19.802100221626461 23.962077859789133 7.5651350002735844 14.36302626272664 7.8176142009906462 4.658264033496379 206.41313261236064 2.003042787313464 5.8224654165096572 25.38675075233914 1505.0149565280881 245.34938468597829 26.002953983843327 135.89800319913775 199.9687122553587 34.237294433638453 76.029228568077087 55.337016982026398
leaf_count=228000 5718 430 14441 19 626 1759 174 76 4954 348 109 977 310 812 57 230 360 82 5227 10 72 648 5386 803 72 885 677 285 124 288
internal_value=0.000123544 0.00501047 -0.00299518 0.0146296 -0.0249815 -0.0540516 -0.00206278 -0.0279939 -0.0365916 -0.0462358 0.0147615 -0.00862574 0.0271111 -0.0108782 0.113196 0.0618737 0.171789 0.285356 -0.040786 0.0727937 0.0207229 -0.0698501 0.0345978 0.00860332 -0.00823016 -0.0197311 -0.0283786 -0.00566111 0.00878301 0.0743529
internal_weight=78159.7 7023.31 3833.13 3190.18 1360.89 489.992 1364.86 537.072 514.147 482.501 827.787 870.895 1825.32 300.501 58.3661 50.801 26.8389 19.0213 242.135 35.7217 33.2123 27.3898 1524.82 783.238 537.888 472.136 446.133 310.235 275.998 65.7521
internal_count=273959 45959 23521 22438 9080 2385 9225 5808 5732 5302 3417 6695 13213 7517 1541 1484 672 312 5976 749 730 658 5696 3243 2440 2043 1971 1086 801 397
is_linear=0
shrinkage=0.1


Tree=72
num_leaves=31
num_cat=0
split_feature=9 4 12 10 10 15 1 2 19 11 0 11 9 0 19 15 5 15 3 17 4 4 7 15 4 16 8 3 5 18
split_gain=17.6877 65.5004 41.6646 45.9662 41.373 55.8378 46.9017 88.8355 71.6957 74.4481 62.1272 45.8681 69.0886 45.6487 58.0901 51.3904 52.2698 45.9178 87.2475 77.2198 42.846 96.0292 43.8174 44.3444 42.1803 52.5557 55.6094 90.9087 47.7017 70.5612
threshold=4.0625000000000009 0.050862068965517253 459.38089252042749 1950.2400000000005 186.66100000000003 2783.0000000000005 0.020906177156177159 49.500000000000007 52.500000000000007 77.560000000000016 0.28669275929549903 362.60500000000008 0.81666666666666676 0.25949975949975951 9.5000000000000018 11.250000000000002 32.341666666666676 6.2500000000000009 0.00041690476190476194 0.060001000000000006 1.6018867924528306 1.9588963963963966 6.5125000000000011 41.125000000000007 34.07500000000001 0.0061412551543799663 5.9911504424778768 0.0013017241379310346 11.975000000000001 8.5000000000000018
decision_type=2 2 2 2 2 2 2 2 2 2 2 2 2 2 2 2 2 2 2 2 2 2 2 2 2 2 2 2 2 2
left_child=2 -2 3 4 11 6 8 -8 -6 -10 -11 -1 -13 14 15 17 24 19 -19 -14 22 -22 -16 -24 25 26 28 -28 29 -17
right_child=1 -3 -4 -5 5 -7 7 -9 9 10 -12 12 13 -15 20 16 -18 18 -20 -21 21 -23 23 -25 -26 -27 27 -29 -30 -31
leaf_value=-0.00051485008848091939 -0.075154667968655303 -0.0014033871805545712 0.016002964732274028 0.02464153224328542 -0.12375156235196046 -0.18385213180773577 -0.005194357670363625 0.053667061552061392 0.059777481538486901 -0.09445846767241424 0.0014889247875232035 0.020280477621372181 -0.080544205498187332 0.009118441786388742 -0.13803177153163623 0.060791091231038978 0.029552032886580926 0.18432334649231313 0.026874955175758698 0.080941065439125326 0.13405405172453361 -0.021194177582704653 -0.045830684181373371 0.25436473947111649 -0.088655663597655421 -0.025769458618033755 -0.19414880122322067 0.034999570618784649 0.07923569311998066 -0.096719488924708691
leaf_weight=22638.022261729464 120.87094108504243 32398.441004757828 1867.383185133338 790.75919587817043 78.237944937311113 17.494078353047371 9197.7381188115105 263.75692581059411 91.517304150853306 129.79180225171149 140.58391733467579 3009.4807983441278 60.389348055236042 4222.2634192407131 60.510393170639873 68.117261424660683 387.32922048121691 53.762587618082762 101.90451653301716 58.10148304887116 41.064426083117723 1339.3153400914744 36.037807650864124 5.6988953556865445 69.709391489624977 610.36922666989267 28.493072420358658 44.123109459877014 158.35090521723032 48.828599825501442
leaf_count=68169 7440 133186 3356 4709 883 69 30935 1051 560 1279 257 6319 430 7297 552 180 619 127 267 250 85 3207 356 26 218 1544 110 69 212 197
internal_value=0.000104481 -0.00167751 0.00137476 0.000750412 0.000310662 -0.00535326 -0.00503789 -0.00355349 -0.0369481 -0.018182 -0.0445699 0.00201096 0.00750695 0.00230817 -0.00675672 0.00592028 -0.00175576 0.0455473 0.0812527 -0.00136058 -0.0212024 -0.0165758 -0.083664 -0.00484081 -0.013552 -0.00808864 0.0229301 -0.0549135 0.0434632 -0.00497456
internal_weight=78138.4 32519.3 45619.1 43751.8 42961 9919.12 9901.63 9461.5 440.131 361.893 270.376 33041.9 10403.8 7394.37 3172.11 1689.48 1415.32 274.158 155.667 118.491 1482.63 1380.38 102.247 41.7367 1027.99 958.282 347.913 72.6162 275.297 116.946
internal_count=273959 140626 133333 129977 125268 35034 34965 31986 2979 2096 1536 90234 22065 15746 8449 4223 3149 1074 394 680 4226 3292 934 382 2530 2312 768 179 589 377
is_linear=0
shrinkage=0.1


Tree=73
num_leaves=31
num_cat=0
split_feature=10 14 19 17 0 6 10 7 7 7 0 0 9 5 3 12 11 17 0 7 17 9 17 17 15 4 10 19 19 3
split_gain=18.2498 51.4078 52.6221 25.9219 33.7018 27.0857 20.0972 46.2203 50.4211 62.2612 61.6852 110.789 75.6915 62.0865 85.9053 96.2723 89.7443 78.8223 70.8813 67.1152 61.9718 86.09 68.9812 97.3785 107.821 77.545 69.0098 60.6423 58.4765 56.3861
threshold=5116.3460000000005 2.7500000000000004 122.50000000000001 0.18721625000000003 0.057190957190957202 20.699857172005718 923.40750000000014 14.155555555555557 0.79388422035480866 0.51933269910301727 0.083538587848932686 0.066930171277997372 0.93750000000000011 25.026315789473689 0.00029788888888888893 69.471482036203597 840.92000000000019 0.03282437500000001 0.054595131644311977 8.563492063492065 2.9812516968253973 15.585714285714287 -0.0068106176190476176 -0.06151339285714285 249.25000000000003 4.496666666666667 1355.3665000000003 73.500000000000014 93.500000000000014 0.00089330357142857148
decision_type=2 2 2 2 2 2 2 2 2 2 2 2 2 2 2 2 2 2 2 2 2 2 2 2 2 2 2 2 2 2
left_child=6 3 -3 5 -5 -2 -1 8 9 -8 11 13 -12 14 19 17 -17 18 -16 20 22 -22 23 24 -10 26 -25 -19 -23 -11
right_child=1 2 -4 4 -6 -7 7 -9 10 29 12 -13 -14 -15 15 16 -18 27 -20 -21 21 28 -24 25 -26 -27 -28 -29 -30 -31
leaf_value=-0.00026376977888319342 -0.10505575001838885 -0.11672389838896498 0.1707804352472202 -0.076293032388974391 0.085442278691147816 0.18813526918326978 0.0057820845357014509 -0.047242294626241466 -0.080965522316852945 -0.059734859247998873 -0.11421653467355589 -0.085699012504268021 0.037783704234180482 -0.092561981876460683 -0.045726600768070613 0.09211997470354627 0.36002149211916074 0.12391710182589975 0.10882342867050881 0.062746557595910454 -0.1113652061510257 0.20367400219373924 -0.075232820918513549 0.29300991517015401 0.32573291252508652 0.46860000923260919 -0.1151203264388995 -0.11366399411120216 -0.11029356594035533 0.01070526223086548
leaf_weight=72761.857237387681 80.70360281795729 9.0868973098695296 21.262484869454056 28.751414115598891 23.344791140407324 3.2789560407400122 2253.6438810844556 156.89132728427649 57.36328172404319 306.74971490260214 33.663572266697884 130.00329288840294 1222.0462126918137 52.055102929472923 127.07107826694846 40.144549190998077 18.160991113632917 101.03542645834386 38.7167988717556 106.28118897695094 18.697080025449395 33.413418721873313 221.22912080446258 7.9567846413701835 7.3544169887900344 7.4629200510680667 8.6435667388141137 12.022018732503055 7.2126737427897742 180.51459891349077
leaf_count=236269 3872 199 111 1277 90 7 13157 3463 789 1938 114 615 2420 716 1108 129 66 456 108 1601 380 319 3783 53 35 29 121 158 196 380
internal_value=9.27893e-05 -0.0329862 0.0846989 -0.0592333 -0.00381794 -0.0936086 0.000163451 0.0062014 0.00788125 -0.00122603 0.0189729 0.000372662 0.0337088 0.0133113 0.0200922 0.058706 0.175566 0.034271 -0.0096342 -0.00728019 -0.0274314 0.066209 -0.0453504 0.0291123 -0.034749 0.200866 0.0805023 0.0986538 0.147933 -0.0336392
internal_weight=78076.6 166.428 30.3494 136.079 52.0962 83.9826 77910.2 5148.33 4991.44 2740.91 2250.53 994.824 1255.71 864.82 812.765 337.151 58.3055 278.845 165.788 475.614 369.333 59.3232 310.01 88.781 64.7177 24.0633 16.6004 113.057 40.6261 487.264
internal_count=273959 5556 310 5246 1367 3879 268403 32134 28671 15475 13196 10662 2534 10047 9331 2025 195 1830 1216 7306 5705 895 4810 1027 824 203 174 614 515 2318
is_linear=0
shrinkage=0.1


Tree=74
num_leaves=31
num_cat=0
split_feature=1 7 15 3 3 7 11 6 11 4 14 18 12 15 14 6 7 18 7 18 17 17 17 10 10 19 13 17 3 14
split_gain=16.5526 25.5247 69.9989 39.5772 62.5686 46.6544 33.639 38.7477 49.1858 99.4712 42.5959 50.0762 33.3494 44.3262 31.4229 70.1944 39.7133 28.9082 32.991 28.6565 34.5077 29.6851 44.7964 28.5705 24.3754 29.8801 26.027 23.7017 93.1193 119.803
threshold=2.4166666666666674 1.5290736984448954 607.50000000000011 0.0017775000000000002 0.010125000000000002 1.6990566037735853 42.005000000000003 9.44032796068546 2141.9150000000004 2.9576648841354731 3.5000000000000004 25.500000000000004 10.740497681298372 41.125000000000007 4.5000000000000009 3.997336884154461 0.61861471861471873 52.500000000000007 0.19064323929961091 1.5000000000000002 -1.0000000180025095e-35 0.19230769833653849 1.0560014285714288e-06 27.355500000000003 16.198000000000004 9.5000000000000018 0.90550000000000008 5.3269901501620724 7.0366666666666673e-06 5.5000000000000009
decision_type=2 2 2 2 2 2 2 2 2 2 2 2 2 2 2 2 2 2 2 2 2 2 2 2 2 2 2 2 2 2
left_child=27 14 3 5 -5 -3 -7 8 9 10 -8 12 13 -12 15 -2 -17 19 -19 20 -16 22 -22 -4 -10 -26 -27 -1 -29 -30
right_child=1 2 23 4 -6 6 7 -9 24 -11 11 -13 -14 -15 17 16 -18 18 -20 -21 21 -23 -24 -25 25 26 -28 28 29 -31
leaf_value=7.9665973027951131e-05 0.015640122605480918 -0.13240594715959905 -0.19075934798061978 -0.14594396489706804 0.049878699589346445 0.12046856745842238 0.079330628217363225 0.073373922009446244 0.083162606362386524 -0.23588292456762075 -0.10482190856456014 0.077824677546084436 -0.17252094383798899 0.11999837899980924 0.059013264684567891 -0.045746689906974614 -0.20301622368345137 0.012209719486294818 -0.1418596183363445 0.020961937778341239 -0.012185389743004607 0.036499593836172108 -0.13638371163475846 -0.05511241066583597 0.064814936333659132 0.031396353234364252 -0.18975334398923666 0.012726671278081862 -0.049380633642391654 0.0082259248554950072
leaf_weight=71523.594757482817 326.28436530940235 21.253653153777122 26.912354119122028 42.350957460701466 26.542858421802521 30.544657289981842 37.76784130372107 76.893093213438988 64.557228362187743 22.964110933244228 26.711540003307164 23.91742268204689 28.652409560978413 13.056394062936304 82.861025251448154 182.60836987197399 17.604232404381037 30.717682272195816 25.382980741560459 2103.7527237981558 517.38592308759689 116.13558262586594 30.768022701144218 36.704406753182411 24.005974277853966 9.1788414465263486 12.664117367938161 1076.6805674775969 883.79365906119347 610.31491788290441
leaf_count=252887 650 69 107 178 51 52 108 131 94 95 160 46 132 24 122 500 73 54 78 3675 1044 176 100 89 33 31 92 6831 5194 1083
internal_value=7.71677e-05 0.0063778 -0.0141648 -0.000597093 -0.070499 0.0116829 0.0199393 0.0109178 -0.00730944 -0.044004 -0.0101367 -0.0467304 -0.0902707 -0.0310101 0.00951694 -0.0129622 -0.059575 0.0135882 -0.0574996 0.0149871 -0.00183632 -0.00942647 -0.0191567 -0.112496 0.0435647 -0.0121907 -0.0968219 -0.000259417 -0.00969326 -0.0258495
internal_weight=78052.6 3958.18 524.678 461.061 68.8938 392.167 370.914 340.369 263.476 153.07 130.106 92.3378 68.4203 39.7679 3433.5 526.497 200.213 2907 56.1007 2850.9 747.151 664.29 548.154 63.6168 110.406 45.8489 21.843 74094.4 2570.79 1494.11
internal_count=273959 7964 1492 1296 229 1067 998 946 815 565 470 362 316 184 6472 1223 573 5249 132 5117 1442 1320 1144 196 250 156 123 265995 13108 6277
is_linear=0
shrinkage=0.1


Tree=75
num_leaves=31
num_cat=0
split_feature=13 1 2 11 19 2 9 2 0 10 10 13 2 10 12 16 17 17 3 16 5 7 3 8 11 9 5 12 10 3
split_gain=16.7929 70.7704 47.4572 42.6449 47.1477 79.425 62.4773 45.7098 45.3817 44.4008 43.3509 41.454 53.1712 57.3589 54.0854 60.042 59.6031 72.0269 85.4139 55.6045 69.1502 52.7974 50.5657 66.8174 46.3549 46.0364 59.0039 41.9113 40.5728 40.4049
threshold=0.32250000000000006 0.0041783054003724403 137.50000000000003 1949.1050000000002 128.50000000000003 29.500000000000004 45.100000000000009 1.5000000000000002 0.10540935672514622 615.553 1405.4780000000003 -0.018500000000000013 7.5000000000000009 128.63000000000002 24.004175365344469 0.0021574998138079991 -0.0068106176190476176 -0.16239799999999996 0.0022034482758620695 0.0049140345793489823 22.516666666666669 0.74090608465608476 0.00030359913793103453 1.9172885572139307 58.010000000000012 1.3541666666666667 9.7596153846153868 46.012552301255234 118.50150000000001 0.00030359913793103453
decision_type=2 2 2 2 2 2 2 2 2 2 2 2 2 2 2 2 2 2 2 2 2 2 2 2 2 2 2 2 2 2
left_child=2 -2 3 4 6 -6 11 -8 9 -5 -10 -1 13 14 16 21 17 -13 -19 20 22 -16 -17 -24 -15 -26 -27 -23 -18 -9
right_child=1 -3 -4 8 5 -7 7 29 10 -11 -12 12 -14 24 15 19 28 18 -20 -21 -22 27 23 -25 25 26 -28 -29 -30 -31
leaf_value=-0.010023877510697388 -0.073962741533881174 -0.00061682263167443449 -0.14755711099395097 0.0015533245045284958 -0.081515730991171875 0.17938775517857175 0.04622872938689513 -0.10269840304516585 0.013596351149791606 -0.052947038430096086 0.065013867691288155 -0.031552736918575408 0.00983905453996675 -0.17077426233570653 -0.013429673392803402 -0.13342856367484598 -0.023813891392473099 0.094984899394936512 -0.10583291663151982 0.015156595219698081 0.0064179445572390059 -0.070968572344054792 0.035165751106198788 -0.062039828473529714 0.037400413651860351 -0.1241525844891177 -0.023875515876283119 0.11868060587033545 0.13487008794545494 0.018792442715790364
leaf_weight=3048.6616384452209 131.85085994802648 58175.294057825697 21.027511537773535 1420.8949286607094 17.347344804089516 35.639707339461893 36.258748932741582 132.66876005474478 3845.8615644574165 167.05826494190842 171.27697297930717 126.12270827312022 5681.1548118027858 25.224751849658787 61.945473164319992 58.293131975457072 1541.0273308861069 153.30283655319363 24.57515724003315 1635.3411810863763 604.45421073958278 12.984237218275664 101.58910400792956 232.67535944655538 79.013174356892705 77.006611672230065 246.53698877431452 113.6366488263011 16.282979691866785 34.491404186934233
leaf_count=11199 4891 203014 348 5997 195 215 203 2110 7001 1933 253 445 20664 164 197 424 6435 467 87 3330 1172 112 225 631 197 811 656 352 83 148
internal_value=7.05212e-05 -0.000782681 0.00259293 0.00275318 -0.000180584 0.093971 -0.00053583 -0.0555528 0.0101313 -0.00418031 0.0157886 0.000272814 0.00318178 -0.00421958 -0.00101719 0.00771309 -0.0142484 0.0262535 0.0672404 0.00380834 -0.0148055 0.0622226 -0.0474851 -0.0324973 -0.0392709 -0.0310308 -0.0477425 0.0992332 -0.0221547 -0.0776303
internal_weight=78029.5 58307.1 19722.4 19701.3 14096.2 52.9871 14043.2 203.419 5605.09 1587.95 4017.14 13839.8 10791.2 5110.01 4682.23 2820.92 1861.31 304.001 177.878 2632.35 997.012 188.566 392.558 334.264 427.782 402.557 323.544 126.621 1557.31 167.16
internal_count=273959 207905 66054 65706 50522 410 50112 2461 15184 7930 7254 47651 36452 15788 13960 6443 7517 999 554 5782 2452 661 1280 856 1828 1664 1467 464 6518 2258
is_linear=0
shrinkage=0.1


Tree=76
num_leaves=31
num_cat=0
split_feature=6 11 6 0 18 16 3 7 5 11 6 18 1 13 5 16 19 19 11 10 11 6 11 11 10 18 0 17 11 10
split_gain=16.7895 47.1161 39.4749 47.5245 47.1623 50.3112 40.5613 37.9335 46.1894 37.1514 37.5235 37.0832 42.3109 34.7202 33.5873 32.7041 101.195 67.7077 45.5105 45.3168 41.4637 54.318 42.8196 40.0552 34.3547 32.4126 35.5018 32.2666 31.124 40.5649
threshold=1.0133423697253487 2.0200000000000005 1.0429341528394351 0.21089696071163827 51.500000000000007 0.041812354312354319 0.015071428571428574 0.89250700280112061 22.968750000000004 405.70500000000004 1.0368069141960314 14.500000000000002 0.19292803970223329 0.48350000000000004 5.9750000000000005 0.0014347231828211969 10.500000000000002 65.500000000000014 2883.6800000000007 3.6785000000000001 18.605000000000004 17.613389588633122 25.105000000000004 80.00500000000001 299.19000000000011 8.5000000000000018 0.011385240235050123 -3.4841106723062496 8329.3750000000018 77.0595
decision_type=2 2 2 2 2 2 2 2 2 2 2 2 2 2 2 2 2 2 2 2 2 2 2 2 2 2 2 2 2 2
left_child=-1 -2 3 4 5 7 -5 28 9 10 11 13 14 -9 -13 16 19 -18 -19 20 -4 -22 -23 -21 -20 -7 -27 -11 -3 -30
right_child=1 2 15 6 -6 25 -8 8 -10 27 -12 12 -14 -15 -16 -17 17 18 24 23 21 22 -24 -25 -26 26 -28 -29 29 -31
leaf_value=0.0018121933928025092 0.018017312926572337 -0.09317665248278513 -0.0091974634357125315 0.0019440227735617916 0.1706394650004141 -0.027167478645085542 -0.12547449147479292 0.041013430534920348 0.082134031053631262 0.091368054614454783 -0.14427301808920776 -0.1395004534728187 0.16120360706276909 -0.11036798204867751 0.066004250617661242 -0.00038178168669098634 -0.10332686136631593 -0.113074721643574 0.26645063011189246 -0.080293894648980235 0.0059055862517835627 0.13559633085727502 0.0098386134130183569 0.013918556898770541 -0.0011257399312846123 0.1439855741042014 -0.039035135470826418 -0.11568932950169686 0.063952922582164271 -0.141233511565688
leaf_weight=32170.302541976096 1245.1952584497631 238.64005129551515 2106.0496243014932 822.18932717293501 10.69103827793151 61.332069480791688 25.766067817807198 26.525162795558572 34.314109906554222 8.3582238787785155 18.373812766745687 12.408918702043591 25.933751692995429 35.332066291943192 22.14780699275434 39963.784037010162 172.83551098871976 9.9772021637763846 10.979157086927446 144.88432279229164 452.24880451709032 65.689806327223778 46.05965818464756 65.542334176599979 8.523416384123264 31.698963241651654 15.922326259315012 75.599662504158914 30.045631000772119 14.183359920571091
leaf_count=125668 2261 1283 6373 1520 64 276 75 121 79 47 138 114 62 258 62 130019 1386 236 40 651 1561 165 162 203 75 110 57 700 65 128
internal_value=6.12922e-05 -0.00116852 -0.0017047 -0.0175999 -0.0376893 -0.0411115 -0.00192773 -0.053579 -0.0259277 -0.0424314 -0.0110223 0.00898891 0.0646616 -0.0454537 -0.0077901 -0.00114733 -0.0110715 -0.079435 0.0606395 -0.00626985 -0.00274866 0.0213321 0.0837629 -0.0509492 0.149509 0.0208936 0.082792 -0.0950762 -0.0788964 -0.0018463
internal_weight=77971.5 45801.2 44556 1509.46 661.507 650.816 847.955 541.863 258.994 224.679 140.722 122.348 60.4905 61.8572 34.5567 43046.6 3082.79 202.315 29.4798 2880.47 2670.05 563.998 111.749 210.427 19.5026 108.953 47.6213 83.9579 282.869 44.229
internal_count=273959 148291 146030 5159 3564 3500 1595 3057 1581 1502 755 617 238 379 176 140871 10852 1737 351 9115 8261 1888 327 854 115 443 167 747 1476 193
is_linear=0
shrinkage=0.1


Tree=77
num_leaves=31
num_cat=0
split_feature=8 10 7 1 8 19 10 9 6 18 15 0 7 17 11 2 7 19 9 11 18 9 16 0 16 11 17 1 15 19
split_gain=16.2575 37.7769 29.6358 25.4983 22.2253 38.1372 34.404 26.2431 35.4625 24.8999 32.7097 32.113 26.3737 41.8718 34.4767 27.9014 25.4742 24.3831 40.652 33.3039 34.257 29.3524 23.9649 63.4479 23.6548 36.7834 62.4058 62.419 60.9207 65.7539
threshold=48.525000000000006 280.51600000000002 1.0000000180025095e-35 0.15849282296650721 19.81666666666667 242.50000000000003 71.501000000000019 1.9375000000000002 7.0014005602240905 7.5000000000000009 63.250000000000007 0.55662393162393176 0.042349651154809327 2.4225881686868691 3761.4650000000006 8.5000000000000018 0.061781041880544375 199.50000000000003 330.00000000000006 5054.5600000000004 15.500000000000002 152.25000000000003 0.0024410105664574564 0.10355340622371742 0.0049140345793489823 80921.580000000016 2.2425900000000003 0.29814814814814822 108.25000000000001 33.500000000000007
decision_type=2 2 2 2 2 2 2 2 2 2 2 2 2 2 2 2 2 2 2 2 2 2 2 2 2 2 2 2 2 2
left_child=4 -2 -3 -4 5 17 -6 8 -8 10 -9 22 -11 16 -15 -16 -14 24 19 20 21 -19 23 -12 25 -1 28 -28 -27 -30
right_child=1 2 3 -5 6 -7 7 9 -10 12 11 -13 13 14 15 -17 -18 18 -20 -21 -22 -23 -24 -25 -26 26 27 -29 29 -31
leaf_value=-0.0015633294851690135 0.050217962022273382 -0.11706235776053819 0.028923795275296923 -0.096310439421708902 0.041418454627665302 -0.10959799413773813 -0.094323494217086412 -0.099922236329317182 0.026801158569557715 0.043122842725555693 -0.15778441794349099 -0.014726724478649367 -0.051225733434915148 0.026943121703757816 -0.059672599952489316 -0.24365967174164213 0.0230607291098677 -0.11038775157470465 0.20013078384885105 -0.093329821020781578 0.24333765073372421 0.16262096427813352 0.041120904630738073 0.018415950048039489 0.001367872257028515 0.12412976881605714 -0.047695147438379708 -0.20908775561829765 -0.050768079400218651 0.0037222072041780221
leaf_weight=31500.033890887629 42.097479235380888 51.734918421134353 44.130595808848739 25.74109835922718 299.11867207661271 31.839476497698342 59.184804476797581 33.653889268636703 40.858532197773457 315.70690955221653 24.165035292506218 582.38448607176542 51.164915837347507 20.013291604816914 19.158035349100828 14.466070264577864 472.06244510412216 9.7195695936679893 16.019038465805352 17.368838564958423 8.9825846385210735 6.6206814041361204 249.88057909533381 132.44579934328794 42712.84522586735 32.414883827790618 120.52760160109028 29.910245988983661 339.44239670084789 637.10408665705472
leaf_count=122990 66 283 111 91 511 5252 165 108 63 676 162 1303 120 39 47 63 869 271 142 1218 100 22 402 257 131983 237 826 158 1226 4198
internal_value=5.25381e-05 -0.0314279 -0.0596919 -0.0172132 0.000118798 -0.000177234 0.0097717 0.0050742 -0.0448552 0.00768247 -0.00297089 0.000328604 0.019887 0.00717041 -0.0769759 -0.138829 0.0157965 -0.000131047 0.0642883 0.0133167 0.0864651 0.000228892 0.0218985 -0.00877175 -0.000181226 -0.00220718 -0.0197 -0.0797834 -0.0107415 -0.0152183
internal_weight=77940.8 163.704 121.607 69.8717 77777.1 75462.8 2314.26 2015.14 100.043 1915.1 1022.53 988.876 892.572 576.865 53.6374 33.6241 523.227 75431 58.7107 42.6917 25.3228 16.3403 406.491 156.611 75372.3 32659.4 1159.4 150.438 1008.96 976.546
internal_count=273959 551 485 202 273408 268623 4785 4274 228 4046 2232 2124 1814 1138 149 110 989 263371 1753 1611 393 293 821 419 261618 129635 6645 984 5661 5424
is_linear=0
shrinkage=0.1


Tree=78
num_leaves=31
num_cat=0
split_feature=5 11 11 8 18 3 12 16 5 5 0 0 17 15 3 7 15 5 0 18 5 17 15 14 4 0 0 13 18 4
split_gain=15.8313 24.36 24.3558 49.5177 48.1016 38.054 32.8642 26.0759 56.9658 40.1736 33.5889 31.5953 29.839 57.8584 25.5263 24.9634 26.8474 34.9476 35.9777 28.5969 26.431 23.6181 22.873 25.7163 23.8764 22.3878 22.8028 24.7113 27.7688 21.8891
threshold=126.01879699248121 13616569.405000003 129369.08000000002 7.9514705882352947 3.5000000000000004 0.0013675438596491231 1803.4564604658065 0.0021238940714410309 43.464285714285722 39.160256410256416 0.36425061425061428 0.74901574803149618 6.0300947916663548 166.25000000000003 0.0017107954545454546 0.031637538086599415 904.50000000000011 35.025000000000006 0.53390804597701158 23.500000000000004 61.133928571428577 -17.199738044148567 1993.0000000000002 7.5000000000000009 10.010869565217392 0.99122807017543868 0.42940199335548174 0.10050000000000002 1.0000000180025095e-35 32.027027027027039
decision_type=2 2 2 2 2 2 2 2 2 2 2 2 2 2 2 2 2 2 2 2 2 2 2 2 2 2 2 2 2 2
left_child=2 -2 -1 7 6 15 22 8 9 12 -11 14 21 -14 -10 -6 17 19 20 -17 -19 -4 24 -24 -5 26 27 28 -23 -9
right_child=1 -3 3 4 5 -7 -8 29 11 10 -12 -13 13 -15 -16 16 -18 18 -20 -21 -22 25 23 -25 -26 -27 -28 -29 -30 -31
leaf_value=0.00011300477601673624 0.011525754509306289 -0.10353010617544443 0.098664369407679253 0.0187389127533223 0.030757593507531163 -0.150769155946225 -0.24977657058072636 0.01389098897909723 -0.1460871437888844 0.15153092660140308 0.0052951205172371407 -0.37731426960613684 0.27760614369053332 -0.060808017687130171 0.18032663545397942 0.064179295073899661 -0.010096186353636778 -0.16939059883374508 -0.29977137378562174 -0.10330599365612987 0.041922894843348296 0.12886690963019767 0.016090500185435543 -0.1023810061887087 -0.14165904017629832 0.054433677278995556 -0.22518319362459616 -0.095800701409517353 -0.1245268503439613 -0.052923660047250215
leaf_weight=74722.05069091625 1510.0949400970712 18.628782032348681 8.8547578286379558 11.210562077816574 102.72977284528315 20.802857333794236 11.043987592682241 761.33422313537449 21.153883309569217 22.676830922719091 51.101822972297668 5.3839323446154586 8.1979461163282412 13.165384852327405 2.701793670654296 21.659874367527664 255.48515163548291 14.393580358475448 11.072053074836729 19.25896242633462 10.053501792252062 11.487014696002008 44.087356684729457 31.351820223033428 53.904847325757146 12.730373397469519 10.582518994808195 74.959125346736982 6.9362681112252167 52.407717444002628
leaf_count=258374 3628 5954 44 83 217 127 73 1817 495 47 95 29 63 75 1 84 509 180 51 124 20 56 94 96 348 16 45 981 99 134
internal_value=4.7645e-05 0.0101237 -0.000153991 -0.0120952 -0.0348838 -0.0186436 -0.083675 0.000910637 -0.0273413 -0.00996373 0.0502426 -0.158502 -0.0401988 0.0690547 -0.109119 -0.01232 -0.0256524 -0.0776473 -0.150222 -0.0146498 -0.082491 -0.0587892 -0.0706237 -0.0331452 -0.114044 -0.0707367 -0.0860636 -0.070298 0.0334655 0.0095879
internal_weight=77921.5 1528.72 76392.8 1670.73 607.054 455.456 151.599 1063.67 249.932 220.692 73.7787 29.2396 146.913 21.3633 23.8557 434.653 331.923 76.438 35.5191 40.9188 24.4471 125.55 140.555 75.4392 65.1154 116.695 103.965 93.3824 18.4233 813.742
internal_count=273959 9582 264377 6003 2006 1312 694 3997 2046 1521 142 525 1379 138 496 1185 968 459 251 208 200 1241 621 190 431 1197 1181 1136 155 1951
is_linear=0
shrinkage=0.1


Tree=79
num_leaves=31
num_cat=0
split_feature=10 16 14 16 3 9 9 7 1 11 19 11 1 11 1 16 0 0 2 13 18 18 10 17 11 13 10 13 18 19
split_gain=15.2645 49.0014 48.9409 45.3487 41.0088 49.7579 43.2773 46.8799 78.4844 38.0687 43.6347 57.1919 36.2735 34.9451 35.8004 46.284 39.5489 44.6966 36.9916 76.5166 48.2435 38.9195 34.8851 49.8852 33.0875 31.0451 57.6834 46.8174 45.4486 37.2866
threshold=13.408500000000002 0.28869047619047622 5.5000000000000009 0.075134408602150551 0.00091909090909090922 16.928571428571434 134.50000000000003 1.9449494949494952 2.4166666666666674 26.570000000000004 19.500000000000004 239.21000000000001 0.030395417590539545 25.105000000000004 0.053667434715821818 0.091608391608391626 0.052015692640692647 0.13356807511737093 11.500000000000002 0.99750000000000016 9.5000000000000018 14.500000000000002 5.0005000000000015 -0.11072077922077921 293.23500000000007 0.083500000000000019 2.0005000000000006 0.39750000000000008 5.5000000000000009 2.5000000000000004
decision_type=2 2 2 2 2 2 2 2 2 2 2 2 2 2 2 2 2 2 2 2 2 2 2 2 2 2 2 2 2 2
left_child=1 3 12 4 6 -6 7 -1 -9 13 22 -12 -3 14 15 -5 -17 -18 21 20 -20 -16 -11 -24 -7 26 28 29 -14 -27
right_child=-2 2 -4 9 5 24 -8 8 -10 10 11 -13 25 -15 18 16 17 -19 19 -21 -22 -23 23 -25 -26 27 -28 -29 -30 -31
leaf_value=-0.00012829575021168981 -0.00069401611067799801 -0.12889848549425448 0.04563819927922616 0.18263682099602091 0.0099433085825411799 0.17012141740979361 0.10808017093169769 -0.091669259272866288 0.033093633290460077 0.040430717202653087 -0.02020341213436444 0.043476144689678718 -0.15337404194390394 -0.12997171957971848 0.017011564545946597 -0.084943483501191894 0.12634087580435069 -0.053172278102100096 -0.046503462434830167 -0.1217277161631001 0.10609010631622946 -0.10682601393779273 -0.088829995391406458 0.01939328596428927 0.047284781758091178 -0.1509338049107263 0.19438093734772391 -0.0048704352450109518 0.0907421469089148 -0.030100256310720126
leaf_weight=7815.6454861862585 61018.563826238271 25.525231076404452 164.85684243217111 21.637388851493597 2151.0026352228597 25.617198102176189 36.264474118128419 140.82948787463829 78.541156817227602 1180.9750094972551 427.28395637497306 210.52855522930622 13.958035243675115 21.553878705948591 317.37593820691109 25.681827161461115 39.351400449872017 21.420106038451195 51.752219505608082 78.755452536046505 34.551471553742886 27.583962768316269 48.524063527584076 348.41413539648056 152.28650567680597 26.691310897469521 21.199799098074436 2767.7243036907166 16.813010446727276 590.7483389582485
leaf_count=22590 225479 186 366 62 4431 32 140 1148 193 2318 1792 414 86 99 650 183 96 62 188 341 75 80 149 767 254 124 51 9208 46 2349
internal_value=4.22972e-05 0.00270347 -0.00759501 0.00552175 0.00245699 0.014147 -0.000916059 -0.00140799 -0.0470005 0.0166845 0.0228885 0.000815876 -0.0101294 -0.00480536 -0.000440728 0.0518362 0.0190997 0.063068 -0.01152 -0.0504535 0.014587 0.00710916 0.0318105 0.00616343 0.0649726 -0.00924742 0.0674548 -0.010425 -0.0199912 -0.0353238
internal_weight=77901.7 16883.1 3627.52 13255.6 10400.2 2328.91 8071.28 8035.02 219.371 2855.39 2215.73 637.813 3462.66 639.664 618.11 108.091 86.4533 60.7715 510.019 165.059 86.3037 344.96 1577.91 396.938 177.904 3437.13 51.9708 3385.16 30.771 617.44
internal_count=273959 48480 12416 36064 28788 4717 24071 23931 1341 7276 5440 2206 12050 1836 1737 403 341 158 1334 604 263 730 3234 916 286 11864 183 11681 132 2473
is_linear=0
shrinkage=0.1


Tree=80
num_leaves=31
num_cat=0
split_feature=18 10 10 2 7 8 3 17 17 16 3 18 1 7 0 7 12 12 3 3 19 19 7 1 6 6 17 8 9 2
split_gain=15.3963 27.6775 35.6795 42.6524 61.8054 45.0064 29.2536 38.0652 28.2375 75.6396 36.6882 36.3547 36.7686 28.979 56.7227 52.2544 56.683 56.124 47.9144 53.2231 46.3317 45.3294 43.7948 42.1131 40.3533 41.0677 39.6562 39.053 48.558 38.5682
threshold=25.500000000000004 280.51600000000002 263.37850000000009 10.500000000000002 2.2457713878750116 7.157072368421054 0.0021017241379310348 -0.30907802597402595 6.3505392138888892 0.014723948547477961 3.3375000000000005e-05 34.500000000000007 0.068337484433374854 0.79388422035480866 0.06653645833333334 1.3685855263157898 54.012127894156571 53.00356778797147 7.4019021739130445e-05 0.0010253571428571432 13.500000000000002 76.500000000000014 1.3118516597510375 0.08842144452717797 2.4106070584589165 2.5654188385194554 0.28641000000000005 2.8059027777777783 2.9375000000000004 55.500000000000007
decision_type=2 2 2 2 2 2 2 2 2 2 2 2 2 2 2 2 2 2 2 2 2 2 2 2 2 2 2 2 2 2
left_child=-1 2 6 5 -5 -4 -2 -8 13 10 11 12 -10 14 -3 22 17 18 -17 21 -16 -20 27 -21 -18 -26 -27 28 -15 -22
right_child=1 8 3 4 -6 -7 7 -9 9 -11 -12 -13 -14 15 20 16 24 -19 19 23 29 -23 -24 -25 25 26 -28 -29 -30 -31
leaf_value=-0.00048662145006613395 0.0029865752334021435 -0.060057707195053614 -0.19077511293502841 0.049365957302675026 0.237643030109188 0.039372149818244911 0.0012035760884270275 0.037523497745943289 -0.072351639942256157 0.077352801632079679 -0.12202451307448868 -0.13555389329128445 0.13273925987192131 0.059369564768711448 -0.14663832622201256 -0.065254745324898986 -0.10517122859084412 0.29408592442089038 0.035827989511778117 -0.1185551350007532 -0.0063561522231707513 -0.13266420292516001 0.12607223428689601 0.087632504344982556 0.16433681706591544 0.014509572515567254 -0.17757247702177439 0.03842808401163781 -0.12301585056205758 0.055384297436911159
leaf_weight=68385.230978991633 5338.5971853402443 205.33995305598364 13.346607405692337 119.56973811099306 20.411787243559957 23.384094636421651 542.72989345341921 616.1688846051693 15.56484290701337 39.779360229149461 80.84096219856292 16.845161355566233 19.940174824092537 24.646261736750603 22.178198926150799 84.450196157442406 88.017471582628787 6.7561409305781117 397.8632615217939 45.159508496522903 1127.0971159059554 16.6344696697779 48.470884766429663 12.689277105033396 12.160248115658758 38.346777129918337 14.9341225605458 347.78572115395218 35.803230272606015 111.15729678794742
leaf_count=240103 16641 3588 135 284 79 43 1038 1010 311 54 890 383 110 43 74 2108 780 40 1703 216 2395 172 82 36 23 138 115 865 266 234
internal_value=3.70926e-05 0.00381232 0.00731862 0.0516539 0.0768201 -0.044255 0.00611284 0.0205143 -0.00450845 -0.0436506 -0.0797899 -0.0145697 0.0428306 -0.0019434 -0.0113197 0.00976596 -0.00707376 0.00759832 0.00412209 0.0165259 -0.00337964 0.0290661 0.0362037 -0.0733274 -0.0609547 -0.00148404 -0.0393292 0.0255333 -0.0486543 -0.000813752
internal_weight=77871.9 9486.67 6674.21 176.712 139.982 36.7307 6497.5 1158.9 2812.46 172.971 133.191 52.3502 35.505 2639.49 1465.77 1173.72 717.011 563.553 556.797 472.347 1260.43 414.498 456.706 57.8488 153.459 65.4411 53.2809 408.235 60.4495 1238.25
internal_count=273959 33856 19230 541 363 178 18689 2048 14626 1748 1694 804 421 12878 6291 6587 5331 4275 4235 2127 2703 1875 1256 252 1056 276 253 1174 309 2629
is_linear=0
shrinkage=0.1


Tree=81
num_leaves=31
num_cat=0
split_feature=13 1 2 5 17 13 7 16 1 13 13 19 15 1 18 7 11 11 6 11 4 7 18 0 7 6 2 19 1 1
split_gain=15.3589 59.7925 42.0953 39.0224 36.1652 32.8133 83.2433 43.2353 40.1492 35.7343 36.2361 54.1535 39.0837 34.6599 34.2853 62.7611 39.3309 36.8706 52.1351 36.9705 56.2733 33.2849 37.4984 33.494 48.5623 41.5206 34.6027 33.5487 35.2571 55.0316
threshold=0.32250000000000006 0.0041783054003724403 137.50000000000003 92.571428571428584 -44.518346453004042 0.43550000000000005 1.0579831932773112 0.24568965517241384 0.019646441253666824 0.47750000000000004 0.5485000000000001 41.500000000000007 490.25000000000006 0.057831661092530663 7.5000000000000009 0.71466973886328733 21.825000000000006 18.605000000000004 12.744654438295454 1638.0350000000001 23.583898305084748 5.575187969924813 1.0000000180025095e-35 0.10029585798816569 1.4476425438596494 2.2014315969041842 20.500000000000004 3.5000000000000004 0.08842144452717797 0.052911534154535277
decision_type=2 2 2 2 2 2 2 2 2 2 2 2 2 2 2 2 2 2 2 2 2 2 2 2 2 2 2 2 2 2
left_child=2 -2 3 4 -1 6 8 -8 -3 21 11 14 -13 -14 15 17 -16 18 -11 -19 -21 23 -23 27 26 -26 -25 -7 29 -29
right_child=1 5 -4 -5 -6 9 7 -9 -10 10 -12 12 13 -15 16 -17 -18 19 -20 20 -22 22 -24 24 25 -27 -28 28 -30 -31
leaf_value=0.14649900650343611 -0.069837552050513951 0.078723840575735129 -0.14587876661105242 0.029220723783060423 0.0017165977860209359 -0.030636353995033644 -0.0630458052755902 0.088221103695189665 -0.0061275835605563034 -0.067966801316943756 -0.00012385134759545198 -0.11309261416655547 0.11740610012155912 -0.081040665092880826 0.14026272839516646 -0.097852251563715492 0.0021712409651654433 0.020582683223201777 0.1098572665211149 -0.2034829833724969 0.010953901773919542 0.098675415521297827 -0.15021951952650259 0.028927644073911848 -0.0075903968904163848 -0.21607955448952582 -0.055284734682740866 0.057566763782940324 0.082011997539372605 -0.13174782722091091
leaf_weight=17.268410423770547 125.12377281775116 58.327502578264102 19.114419291261584 535.39960549783427 19071.683836809127 45.969937108457088 365.01980895688757 19.926662966609001 1269.1248606028967 158.55345975235105 54224.207760034944 92.172346717212349 16.337649646215141 19.079201582819223 21.419982712250203 102.98708947375417 555.92301426734775 291.05929477140307 18.400678396224976 19.824047435075045 31.979334361851215 8.3428452005609888 22.055446504149586 343.47740250825882 21.462876215577126 17.212426662445068 56.872179351747036 52.201580207562074 213.21429831627756 21.753427281510085
leaf_count=63 4891 289 348 1088 64555 159 2085 49 3739 551 189422 784 37 70 48 561 1731 847 27 87 63 49 266 591 48 73 150 381 722 185
internal_value=3.21371e-05 -0.000784011 0.0024499 0.00259438 0.00184757 -0.000635213 -0.0142723 -0.0552155 -0.00239926 -0.000220833 -0.000523502 -0.0168451 -0.0787846 0.010502 -0.0102602 -0.0265336 0.00729457 -0.0124038 -0.0494757 0.00672929 -0.0711065 0.0207294 -0.08191 0.0247701 0.00662756 -0.100378 0.0169647 0.048679 0.0613758 0.001881
internal_weight=77835.5 58192 19643.5 19624.4 19089 58066.9 1712.4 384.946 1327.45 56354.5 55551.9 1327.74 127.589 35.4169 1200.15 622.804 577.343 519.817 176.954 342.863 51.8034 802.562 30.3983 772.164 439.025 38.6753 400.35 333.139 287.169 73.955
internal_count=273959 207905 66054 65706 64618 203014 6162 2134 4028 196852 194228 4806 891 107 3915 2136 1779 1575 578 997 150 2624 315 2309 862 121 741 1447 1288 566
is_linear=0
shrinkage=0.1


Tree=82
num_leaves=31
num_cat=0
split_feature=19 11 11 13 18 18 7 17 7 7 10 2 17 11 14 0 17 0 18 1 4 13 15 5 11 3 7 9 12 8
split_gain=15.0699 26.3722 42.2122 29.2096 14.9324 21.2642 28.4515 24.0901 16.2693 23.9843 21.9605 32.7602 37.6404 26.4327 23.3913 16.2099 15.9272 59.827 73.989 49.7175 70.1481 65.8288 60.5674 72.2067 101.503 57.6193 69.8516 63.0686 56.2929 52.7587
threshold=1.0000000180025095e-35 16.015000000000004 40.010000000000012 0.10050000000000002 157.50000000000003 81.500000000000014 0.14819994819994822 1.0000000180025095e-35 0.51933269910301727 0.65615047770700652 65.998500000000021 19.500000000000004 -1.1426585714285713 582.46500000000015 1.7500000000000002 0.18230694037145653 0.76971818181818197 0.066930171277997372 54.500000000000007 0.023323813409492727 37.354166666666679 0.99950000000000017 123.25000000000001 24.75961538461539 2569.2250000000008 2.0416666666666673e-06 0.10727306473637462 47.100000000000009 365.39562957088737 3.0577624856636434
decision_type=2 2 2 2 2 2 2 2 2 2 2 2 2 2 2 2 2 2 2 2 2 2 2 2 2 2 2 2 2 2
left_child=1 -1 -3 -4 5 16 7 -7 -8 -10 -11 12 -12 -13 15 -14 -2 18 19 -18 21 -21 -23 24 28 -25 -27 -28 -24 -29
right_child=4 2 3 -5 -6 6 8 -9 9 10 11 13 14 -15 -16 -17 17 -19 -20 20 -22 22 23 25 -26 26 27 29 -30 -31
leaf_value=-0.066146757754254895 -0.00078234981657889608 0.16540754357816123 0.088577620563850143 -0.079207340917305358 -0.094351346475470305 -0.001425161635985698 0.057678688364937107 -0.13470286886509261 -0.10610561662337339 0.09968892925258116 0.039526689005194057 0.14117684122425764 -0.12437499900844454 -0.017479173119052196 -0.01283166285818081 -0.32400905791635198 0.030913377087898659 0.0059776576490272217 -0.12451259017757357 -0.029565255000128351 -0.10920818364351713 -0.041551128502406824 0.076382187131102661 -0.072800820511286266 -0.022146814650259146 0.10846677127342459 -0.046863637907835792 0.28470310007800664 0.3213999196655894 0.031173977344936422
leaf_weight=18.025672599673271 63666.068731403153 27.641272202134132 21.058408379554749 20.453410800546408 16.77700173726771 60.318351530004293 167.06977607216686 17.495744646294042 15.292973438277839 31.287460467778146 32.611496943049133 24.560510195791721 15.394375637173654 18.343997298739851 14.794632247649131 5.5278620049357405 276.14500777935609 11321.957585245371 56.683542523300275 935.69229076034389 75.051697690039873 199.08540527150035 257.25946285203099 108.18157805805095 131.04209592472762 60.228981368243694 151.3943643970415 10.180032581090925 9.7315860055387002 42.372064433060586
leaf_count=120 228050 55 42 97 88 146 362 82 70 101 88 53 171 109 60 27 3471 21987 678 8651 458 3957 1488 1279 1007 111 824 22 37 268
internal_value=2.75708e-05 0.041581 0.0696616 0.0059078 -1.90394e-05 1.32782e-06 0.0229209 -0.0313914 0.0359295 0.0129046 0.0256748 0.0048562 -0.0381477 0.0733428 -0.109069 -0.17712 -0.000118071 0.00298365 -0.0116715 -0.00883671 -0.0143799 -0.0106443 0.00761734 0.0203235 0.0499346 -0.0113293 0.0138436 -0.0141003 0.0853129 0.0802859
internal_weight=77807.7 87.1788 69.1531 41.5118 77720.5 77703.8 402.697 77.8141 324.883 157.813 142.52 111.233 68.3284 42.9045 35.7169 20.9222 77301.1 13635 2313.05 2256.36 1980.22 1905.17 969.476 770.39 398.033 372.357 264.175 203.946 266.991 52.5521
internal_count=273959 314 194 139 273645 273557 1269 228 1041 679 609 508 346 162 258 198 272288 44238 22251 21573 18102 17644 8993 5036 2532 2504 1225 1114 1525 290
is_linear=0
shrinkage=0.1


Tree=83
num_leaves=31
num_cat=0
split_feature=3 7 5 7 9 9 18 13 18 3 4 4 11 13 7 8 18 13 0 8 8 1 18 6 0 8 11 2 17 12
split_gain=13.7268 40.7325 25.4403 30.7824 23.8039 28.126 39.1298 33.0859 35.1792 30.278 35.7193 40.1445 27.0629 57.6711 41.9228 41.5177 49.47 71.024 43.8505 27.7745 23.2982 37.0895 44.8475 46.0359 34.2825 30.6492 33.9141 26.9206 26.3699 24.5776
threshold=0.015071428571428574 4.3100961538461542 9.7596153846153868 0.022305140961857383 6.7083333333333348 3.0625000000000004 21.500000000000004 0.96450000000000002 1.5000000000000002 0.017550000000000007 11.436507936507939 3.9045454545454548 558.70500000000015 -1.0000000180025095e-35 0.17800996596132929 4.5040983606557381 3.5000000000000004 0.10250000000000001 0.16585760517799356 3.6680440771349869 3.0577624856636434 0.13921188630490958 1.0000000180025095e-35 1.709888996091961 0.14833149981664837 0.74937810945273642 606.28500000000008 6.5000000000000009 0.11711955555555557 14.002801120448181
decision_type=2 2 2 2 2 2 2 2 2 2 2 2 2 2 2 2 2 2 2 2 2 2 2 2 2 2 2 2 2 2
left_child=-1 2 20 -4 5 12 7 9 -9 -7 11 -11 13 -5 -14 16 17 -16 -18 -20 21 22 23 24 -2 -24 -27 -23 -29 -22
right_child=1 -3 3 4 -6 6 -8 8 -10 10 -12 -13 14 -15 15 -17 18 -19 19 -21 29 27 25 -25 -26 26 -28 28 -30 -31
leaf_value=-0.00025857442583083665 -0.13249259273276742 -0.10207973942461326 -0.079072870315507623 -0.10848079776159708 0.053602178994668209 0.06020944645450186 0.057098090590277831 -0.1790030536166306 -0.053154722652158676 -0.013334351329789712 0.016835958331438822 -0.23947124783408871 0.0098067976314671745 0.025560066214343959 0.022736590951086641 -0.16103499078753736 0.087979312351292277 -0.22882435828488515 -0.13167429324973987 0.010349858121631991 0.062066781972040186 0.0088538290764815283 -0.012579362127666738 0.10315218522788899 0.043713308401442552 -0.17982763599799195 -0.02674616570719365 0.086651692569130703 -0.025051585213097329 0.018321259241077702
leaf_weight=74423.719273005147 22.863065131008625 34.32158562541008 50.485352531075478 33.966979511082172 79.365718126296997 40.981586217880249 42.282627370208502 29.319970868527889 91.625804781913757 15.598457120358946 38.181783780455589 15.803866997361181 282.35619830712676 583.4982250854373 20.228326015174389 29.37146832048893 41.188811212778091 25.211060635745525 23.208313085138798 33.85733113437891 180.796197315678 897.68071304261684 43.374109901487827 37.570196956396103 21.354701094329357 38.498506441712379 23.189491286873817 88.536728151142597 27.760115288197994 443.43198639899492
leaf_count=266881 152 222 135 98 154 54 58 115 226 35 70 67 526 979 38 102 48 120 69 56 303 1987 130 60 35 162 63 154 80 780
internal_value=2.27183e-05 0.00629832 0.00742497 -0.00233428 0.000382448 -0.00275402 -0.0313619 -0.047518 -0.0836632 -0.00797952 -0.0481394 -0.127142 0.00454654 0.0181864 -0.0139466 -0.0527002 -0.0305562 -0.116837 0.00934557 -0.0474107 0.0153205 0.00717433 -0.0337661 0.0217605 -0.047395 -0.076992 -0.122282 0.0147186 0.0599881 0.0309913
internal_weight=77759.6 3335.91 3301.59 1476.53 1426.05 1346.68 273.794 231.511 120.946 110.566 69.5841 31.4023 1072.89 617.465 455.422 173.065 143.694 45.4394 98.2545 57.0656 1825.06 1200.83 186.85 81.788 44.2178 105.062 61.688 1013.98 116.297 624.228
internal_count=273959 7078 6856 2950 2815 2661 625 567 341 226 172 102 2036 1077 959 433 331 158 173 125 3906 2823 602 247 187 355 225 2221 234 1083
is_linear=0
shrinkage=0.1


Tree=84
num_leaves=31
num_cat=0
split_feature=10 17 16 18 0 19 1 10 3 3 8 18 18 2 5 5 4 18 17 3 1 0 0 1 1 13 18 6 2 0
split_gain=13.656 42.9966 30.1195 21.6358 25.6337 19.0727 94.276 18.8706 30.2706 49.442 29.0326 42.5137 37.0701 26.0652 28.8072 51.8499 39.3036 32.307 36.2968 48.4417 33.3729 46.7241 31.8027 33.6311 26.5669 25.8025 25.7371 21.2841 21.233 20.1845
threshold=5116.3460000000005 0.066774603174603195 0.0059940119760479053 1.0000000180025095e-35 0.13896316102198458 193.50000000000003 0.017937580437580442 2876.9790000000003 7.3912037037037041e-08 5.0222222222222233e-05 9.2344322344322354 12.500000000000002 23.500000000000004 151.50000000000003 14.968750000000002 25.809090909090912 8.4382621951219523 43.500000000000007 0.046470294117647061 0.00052649122807017551 0.060790835181079091 0.038554440728353782 0.064632165235553499 0.00795231771327389 0.011257075272450791 0.99950000000000017 35.500000000000007 1.0011680572428239 107.50000000000001 0.02806363540900977
decision_type=2 2 2 2 2 2 2 2 2 2 2 2 2 2 2 2 2 2 2 2 2 2 2 2 2 2 2 2 2 2
left_child=7 5 3 -3 -5 -2 -7 -1 10 -10 11 -9 27 14 16 26 17 18 20 -20 21 -11 -23 -24 28 -26 -16 -13 -17 -18
right_child=1 2 -4 4 -6 6 -8 8 9 13 -12 12 -14 -15 15 24 29 -19 19 -21 -22 22 23 -25 25 -27 -28 -29 -30 -31
leaf_value=-5.9868847036939019e-05 -0.094639856354726964 0.24506174272243153 0.11350106384824095 -0.084365294749445457 0.070670993527111814 -0.10245994118746833 0.96857145098783703 -0.11333409324746435 -0.090709909991257942 -0.080189178475802883 0.16949261115695774 0.40039343298376828 -0.13170339052733432 0.16444352099247797 -0.11312271310241495 -0.17712587166242655 0.18069061285563925 0.16172199036961979 -0.13538730723394185 0.044000415251736411 0.2156634712196632 0.15338844722999476 0.13889751172969186 -0.0018056511156446546 -0.013814923218108394 0.080775709057840248 0.05113590782108101 0.11958342190889951 0.0027499234227647577 0.057058978390180017
leaf_weight=76964.001176060061 73.638444569311105 2.9130339402472591 25.10642412933521 33.763587018533144 15.588327273726462 4.3242304257000788 1.0147130670957265 12.894492587773131 44.37294345968985 34.802037130109966 24.501055214554071 4.246954433154313 3.9757374455220988 12.07124073570594 55.746664804406464 10.752363033592703 24.354367880150676 14.91582780331373 34.17659065220505 26.903032432310283 9.4800277780741435 24.315231800079346 21.272994633764029 84.3283411860466 49.245183017104864 69.589878918603063 11.508231591433285 7.4061970785260201 16.840863397577778 28.84755789488554
leaf_count=262841 1405 24 204 2028 27 1863 5 436 2303 626 40 69 107 99 267 86 127 25 380 89 58 51 33 231 137 142 31 48 118 59
internal_value=2.13474e-05 -0.0295028 0.0234796 -0.0197639 -0.0353954 -0.0814077 0.101099 8.084e-05 0.0173653 0.0106819 0.089654 0.0210742 0.131967 0.0191843 0.0157932 -0.0123317 0.0356017 0.0190045 0.00995668 -0.0563745 0.0332145 0.0227141 0.0502798 0.0265385 0.0210522 0.0415774 -0.0850158 0.221924 -0.067343 0.113654
internal_weight=77746.9 156.349 77.3714 52.2649 49.3519 78.9774 5.33894 77590.5 626.548 573.523 53.0244 28.5234 15.6289 529.15 517.079 213.683 303.396 250.194 235.278 61.0796 174.199 164.719 129.917 105.601 146.428 118.835 67.2549 11.6532 27.5932 53.2019
internal_count=273959 5556 2283 2079 2055 3273 1868 268403 5562 4862 700 660 224 2559 2460 781 1679 1493 1468 469 999 941 315 264 483 279 298 117 204 186
is_linear=0
shrinkage=0.1


Tree=85
num_leaves=31
num_cat=0
split_feature=13 1 12 7 5 10 12 11 10 5 10 2 11 13 19 8 8 15 3 17 6 17 2 17 6 3 1 19 6 16
split_gain=13.362 52.753 37.0147 51.6794 75.5127 38.9588 44.3776 37.2545 33.1989 32.6376 41.7423 32.3746 53.6529 56.6352 51.5248 85.6258 52.4925 35.5003 68.5698 36.4477 39.4977 56.1971 38.866 59.5911 38.3493 35.6362 41.7751 35.2207 62.0038 37.9192
threshold=0.16950000000000004 0.0041783054003724403 459.38089252042749 1.3118516597510375 11.975000000000001 56.473500000000008 509.66730353879387 223157.35000000003 251.20200000000003 18.839743589743595 449.00500000000005 7.5000000000000009 1337.7750000000003 0.15150000000000002 15.500000000000002 9.601587301587303 0.65685449957947861 8.1250000000000018 0.00011830519480519482 -0.29090454545454542 10.37478943657803 -0.009499961538461537 6.5000000000000009 0.078555535714285737 19.261686866188477 7.6507936507936526e-05 1.8750000000000002 10.500000000000002 38.610614192009542 1.0833333333333337
decision_type=2 2 2 2 2 2 2 2 2 2 2 2 2 2 2 2 2 2 2 2 2 2 2 2 2 2 2 2 2 2
left_child=2 -2 7 4 -4 -6 8 11 -7 10 -8 12 13 14 17 16 -16 19 25 -1 -21 -22 -23 24 -24 26 -19 28 -13 -29
right_child=1 -3 3 -5 5 6 9 -9 -10 -11 -12 27 -14 -15 15 -17 -18 18 -20 20 21 22 23 -25 -26 -27 -28 29 -30 -31
leaf_value=-0.13388737046857255 -0.066636678406908817 -0.00056212366065342399 -0.16263010797070007 0.039515581272322797 0.025697513342239242 0.082284165413639476 -0.021080353793563544 -0.076626679868348979 -0.011449712462204885 -0.00058796779061500847 -0.15290510639480637 0.020072457108913984 0.0086571685653732602 0.0700887089623045 -0.11247635850014535 -0.29875317644948518 -0.022521173514952808 -0.084990010325396229 -0.0032924056855373599 -0.032392376104508513 0.086982608894308158 -0.018285728868147628 0.092923204332222523 0.15859083931695522 -0.15169170257225018 0.15946449970260876 0.10927569510113805 0.003990542880082249 0.14462178429684383 -0.1002318311428979
leaf_weight=27.489903479814529 121.07526406538091 59918.924301814521 26.209550388157368 561.50161643885076 856.64440228044987 108.29596518725157 102.9916603192687 62.848531689378433 58.035218370147049 1670.0804105692077 31.326782978139818 406.70369119290262 2202.4251969920006 86.355236714705825 72.577255367301404 12.255869306623934 610.87993469741195 18.90571266785264 2520.5958693418652 798.55298110283911 67.986996307969093 501.49543282389641 11.395016409456732 32.337969137355685 14.647185638546942 38.432961501181126 26.705927342176437 6692.3551908859517 44.32641763240099 35.092015011236072
leaf_count=137 4908 209582 161 1394 1547 154 283 341 192 4163 181 1092 5681 208 1523 66 2334 142 5732 4023 169 1949 26 64 86 83 36 27328 119 255
internal_value=1.64586e-05 -0.000695368 0.00243111 0.0117838 0.00632701 0.00789323 0.000153992 0.000195085 0.0495791 -0.00440206 -0.0518255 0.00053458 -0.00428229 -0.0101696 -0.0116274 -0.0367715 -0.0320736 -0.0073172 -0.00032965 -0.0198353 -0.0176372 0.00112921 -0.00929617 0.0679256 -0.0446581 0.0885269 0.0287539 0.00526057 0.0323129 0.00344689
internal_weight=77739.5 60040 17699.5 3415.09 2853.58 2827.37 1970.73 14284.4 166.331 1804.4 134.318 14221.5 7043.04 4840.61 4754.26 695.713 683.457 4058.55 2604.64 1453.91 1426.42 627.863 559.876 58.3802 26.0422 84.0446 45.6116 7178.48 451.03 6727.45
internal_count=273959 214490 59469 8075 6681 6520 4973 51394 346 4627 464 51053 22259 16578 16370 3923 3857 12447 5993 6454 6317 2294 2125 176 112 261 178 28794 1211 27583
is_linear=0
shrinkage=0.1


Tree=86
num_leaves=31
num_cat=0
split_feature=6 11 18 6 1 17 0 5 17 19 1 10 10 14 1 6 8 3 7 12 13 7 12 17 11 8 10 19 7 17
split_gain=14.0464 41.0561 33.3912 73.4236 60.1361 66.3177 51.5316 77.4164 52.1059 48.1403 47.9123 57.331 48.9226 45.622 44.1804 43.2477 44.3185 42.3707 39.8029 58.5086 40.4039 38.9803 51.0853 38.521 49.7533 46.2723 95.29 44.4201 37.883 37.008
threshold=1.0133423697253487 2.0200000000000005 7.5000000000000009 1.5007507507507509 0.16472868217054268 1.0388077302631582 0.069035604149144961 126.01879699248121 -0.11947736666666665 54.500000000000007 0.091507177033492829 324.66300000000007 13.408500000000002 0.62500000000000011 0.062895569620253181 1.0598837104804359 7.7641859138865135 0.018233766233766237 5.717142857142858 20.998687664041999 0.86650000000000016 41.875000000000007 7.6377545918197276 0.13166976190476193 1337.7750000000003 1.1150399779432039 48.003000000000007 5.5000000000000009 2.2006944444444447 -44.518346453004042
decision_type=2 2 2 2 2 2 2 2 2 2 2 2 2 2 2 2 2 2 2 2 2 2 2 2 2 2 2 2 2 2
left_child=-1 -2 3 4 6 15 7 8 10 -9 11 12 -3 -4 -8 16 23 -7 28 20 -20 -15 -23 24 25 26 -6 -25 -17 -5
right_child=1 2 13 29 5 17 14 9 -10 -11 -12 -13 -14 21 -16 18 -18 -19 19 -21 -22 22 -24 27 -26 -27 -28 -29 -30 -31
leaf_value=0.0016179141398142711 0.016840410496805531 0.037598588567544382 -0.079800026321255296 0.11713952477084333 -0.11716197801957916 -0.10214636811444906 -0.014987827444164704 -0.11941354651263114 -0.047782580601161834 0.42254156370486928 -0.12445935086615829 -0.040493002935236694 0.26931294391310895 0.0019615255538472168 0.0138561198741471 -0.015455248633108147 -0.18386643856470067 0.058273812936689789 0.067759794023498396 0.2396268736802156 -0.10916439316300786 -0.12711837128741754 0.089447131600317697 0.088835864109639451 -0.0019100568819305011 -0.16722372449755299 0.20524691291598873 -0.078879998870073742 -0.075437208205309414 -0.0014969686726884434
leaf_weight=32060.47182407006 1239.145963139832 17.342365805059671 68.900556203676388 26.329529725946486 37.446685513947159 160.82410139264539 910.94614917039871 2.2625961899757367 496.78642083331943 5.94695533340564 14.016009601764379 23.646540521411225 19.19909596722573 19752.659254930826 1273.2854798622429 1531.8148089745082 25.847728177905083 18.342265442013741 41.320429575629532 13.979338595643638 18.771546751260757 47.642416102113202 14.120546375866978 38.300056159496307 67.205974068492651 63.331670742481947 12.138759145047514 26.871316200122237 113.06565232388675 19560.220480879303
leaf_count=125668 2261 63 1192 83 202 595 2413 17 5262 179 126 233 71 61383 2782 4388 96 23 245 35 152 1520 153 67 164 270 63 93 586 63574
internal_value=1.36997e-05 -0.00111316 -0.00161419 -0.00408366 -0.014988 -0.0274502 -0.00520538 -0.0317238 -0.0361076 0.273176 0.0420553 0.0808316 0.159343 0.00143104 0.00182659 -0.022204 -0.0593214 -0.0857233 -0.0163492 0.0553589 0.0124922 0.00171351 -0.0776061 -0.0461975 -0.0700344 -0.110581 -0.0382347 0.0196836 -0.0195783 -0.00133749
internal_weight=77702.2 45641.7 44402.6 24519.2 4932.69 2169.26 2763.43 579.2 570.99 8.20955 74.204 60.188 36.5415 19883.3 2184.23 1990.09 271.142 179.166 1718.95 74.0713 60.092 19814.4 61.763 245.294 180.123 112.917 49.5854 65.1714 1644.88 19586.6
internal_count=273959 148291 146030 81782 18125 6979 11146 5951 5755 196 493 367 134 64248 5195 6361 955 618 5406 432 397 63056 1673 859 699 535 265 160 4974 63657
is_linear=0
shrinkage=0.1


Tree=87
num_leaves=31
num_cat=0
split_feature=19 11 11 13 6 3 7 7 17 18 17 6 11 9 11 7 0 17 11 9 3 18 15 15 12 5 12 12 18 19
split_gain=13.7437 21.0324 31.7412 23.6706 12.8894 12.7206 21.3736 16.7877 13.1807 13.11 40.44 41.2948 52.7623 45.474 42.5182 60.6086 34.6917 34.628 31.7124 30.7142 49.3349 35.3798 40.6744 77.5722 49.3688 47.2143 38.7286 58.213 52.8389 77.1407
threshold=1.0000000180025095e-35 16.015000000000004 40.010000000000012 0.10050000000000002 9.8099362444364271 0.044494949494949504 0.85423565121412814 1.9961538461538464 0.03556733990147784 14.500000000000002 -5.4514250611444437 1.3097582565376409 2883.6800000000007 53.166666666666679 300.29000000000002 1.2695360195360197 1.0842198581560285 -44.518346453004042 5355.7400000000007 78.250000000000014 0.0035045454545454551 12.500000000000002 274.25000000000006 263.12500000000006 298.70374504660384 17.577380952380956 194.34218950064022 236.00699300699304 10.500000000000002 116.50000000000001
decision_type=2 2 2 2 2 2 2 2 2 2 2 2 2 2 2 2 2 2 2 2 2 2 2 2 2 2 2 2 2 2
left_child=1 4 -3 -4 -1 9 -7 8 -8 17 11 12 -11 -14 15 -13 -12 18 -2 -19 21 22 23 26 -24 -26 28 -28 -21 -30
right_child=5 2 3 -5 -6 6 7 -9 -10 10 16 14 13 -15 -16 -17 -18 19 -20 20 -22 -23 24 -25 25 -27 27 -29 29 -31
leaf_value=0.045627917827189973 0.1061249824066841 0.14430893850463133 0.080645451778630486 -0.071432839359077863 -0.13212749895408066 0.023076959398947688 -0.15059693623170775 0.020299065452612702 -0.027083459298433938 -0.087382150869631733 0.0020304527909231949 -0.24307861574333178 0.0073575625860088272 -0.15954713450750235 0.0073708955076899176 0.011001919282889005 0.023795332452477599 -0.001383634570334206 -0.030392637934204766 -0.042865152131742079 -0.20038648894682445 -0.068478093979745067 -0.12617416420775457 0.20059313078449131 0.17652953904247354 0.0083173552374043204 0.15797909662338736 0.03150910264509417 -0.11311714576700578 0.33118768318660585
leaf_weight=6.8512184321880367 55.969871095381677 28.880180817097425 21.261588633060455 19.734035424888134 10.082637995481489 454.54986508563161 16.446125313639641 26.260699674487114 18.202666021883488 163.13753856206313 19933.76103609812 16.997473921626806 164.87394384806976 18.117817151360214 458.96685213409364 20.972169491462409 760.27242352813482 54333.203162121994 24.448589188046753 93.328425481682643 10.498522996902464 45.961695280449931 26.659971695800778 30.766587531194091 17.116308623924851 664.13385479856515 46.656560397706926 165.4839985864237 6.5362783642485764 9.7169810198247415
leaf_count=64 248 55 42 97 56 777 61 71 50 1227 73643 91 512 163 1283 69 1631 182165 89 2860 54 679 294 71 52 5957 117 1136 216 129
internal_value=1.03692e-05 0.0397775 0.0640087 0.00743963 -0.06021 -3.41273e-05 0.0156229 -0.0400046 -0.0857094 -0.000138848 0.00195545 -0.0195132 -0.0460316 -0.00916749 -0.00104237 -0.10274 0.00283007 -0.000951105 0.0646213 -0.0010462 0.0153692 0.0174166 0.0211396 0.0488947 0.00731953 0.0125437 0.0343876 0.0593239 -0.013887 0.15251
internal_weight=77669.8 86.8097 69.8758 40.9956 16.9339 77583 515.459 60.9095 34.6488 77067.6 21537.1 843.066 346.129 182.992 496.936 37.9696 20694 55530.5 80.4185 55450.1 1116.86 1106.36 1060.4 352.489 707.91 681.25 321.722 212.141 109.582 16.2533
internal_count=273959 314 194 139 120 273645 959 182 111 272686 78619 3345 1902 675 1443 160 75274 194067 337 193730 11565 11511 10832 4529 6303 6009 4458 1253 3205 345
is_linear=0
shrinkage=0.1


Tree=88
num_leaves=31
num_cat=0
split_feature=10 16 17 14 11 16 3 9 11 1 1 9 7 8 1 11 0 16 11 0 11 13 13 18 17 1 1 11 11 17
split_gain=14.17 40.0272 42.9279 46.5349 35.4813 35.2839 33.0634 41.6857 32.6687 42.1232 32.4044 32.306 37.1934 67.6456 51.6411 28.8207 28.696 49.1121 28.4634 47.099 39.3355 40.7406 42.1736 55.885 45.7294 39.5985 56.7025 31.4761 36.9332 31.336
threshold=13.408500000000002 0.28869047619047622 2.5581309523809526 5.5000000000000009 62.020000000000003 0.075134408602150551 0.00091909090909090922 16.928571428571434 4.0200000000000005 0.267948717948718 0.030395417590539545 134.50000000000003 1.9449494949494952 0.79906103286384988 2.4166666666666674 323.36500000000007 1.1270161290322582 0.01220754060901098 93.785000000000011 0.12459150326797387 50.005000000000003 0.39750000000000008 0.44850000000000007 4.5000000000000009 0.21321147142857147 0.20942982456140355 0.094044811320754734 20.020000000000003 44.005000000000003 1.3450858611111112
decision_type=2 2 2 2 2 2 2 2 2 2 2 2 2 2 2 2 2 2 2 2 2 2 2 2 2 2 2 2 2 2
left_child=1 5 3 10 -4 6 11 -8 9 -7 -3 12 16 14 -14 -9 -1 -18 20 -20 21 25 23 -23 -24 26 27 -12 -29 -21
right_child=-2 2 4 -5 -6 8 7 15 -10 -11 18 -13 13 -15 -16 -17 17 -19 19 29 -22 22 24 -25 -26 -27 -28 28 -30 -31
leaf_value=0.00053610744350723232 -0.00070207252718398059 -0.12540897957893696 -0.18289359999837393 0.047302961123228737 0.004255203885972854 -0.12728619996473697 0.0091528377478413553 0.15350559813519615 0.016464460593798677 0.064070653661532473 0.13918314041402466 0.093991662258692751 -0.059281275679765981 -0.15395731347386316 0.053469588783495364 0.042340279720844559 -0.19255437982181381 0.026257816047558131 -0.077750186136929023 -0.019936411352334298 0.023133632635275059 0.1779146922589423 0.001478987383738962 -0.044923992433052944 -0.047469820968176604 -0.013994366757663974 -0.11570421528593929 -0.14775400232693914 0.091277741773001353 0.06806463634925855
leaf_weight=7753.7935480379965 60840.586853780085 23.356967195868492 25.042883276939392 159.09159315750003 17.012108124792576 34.597483694553375 2135.1783704077825 27.799513101577759 2789.7821042090654 17.233793668448925 14.765022419393061 35.941014429088682 100.62365835811943 43.236647037789226 68.122226055711508 144.7991875000298 20.546302437782288 20.484183125197887 139.54986519925296 432.5681579709053 480.04208973608911 28.931636743247509 1598.3490515202284 18.419066861271858 216.73918851464987 281.60472950339317 108.12335322424769 14.791607785969974 11.481643732637165 44.639585763216019
leaf_count=22473 225479 186 101 347 38 147 4431 36 7104 25 44 140 907 271 163 250 77 40 759 947 1940 60 5420 71 666 1113 546 94 28 56
internal_value=7.93907e-06 0.0025782 -0.00674511 -0.00556269 -0.107188 0.00513269 0.00242292 0.012974 0.015003 -0.0636604 -0.00802668 -0.000604597 -0.00102922 -0.0423583 -0.0137641 0.0602451 9.47367e-05 -0.0833139 -0.00721792 -0.0266482 -0.0028967 -0.0083457 -0.00193549 0.0912321 -0.00436598 -0.0360605 -0.0777196 0.0223582 -0.043295 -0.0117045
internal_weight=77647.2 16806.6 3614.51 3572.45 42.055 13192.1 10350.5 2307.78 2841.61 51.8313 3413.36 8042.75 8006.81 211.983 168.746 172.599 7794.82 41.0305 3390 616.758 2773.25 2293.21 1862.44 47.3507 1815.09 430.766 149.162 41.0383 26.2733 477.208
internal_count=273959 48480 12416 12277 139 36064 28788 4717 7276 172 11930 24071 23931 1341 1070 286 22590 117 11744 1762 9982 8042 6217 131 6086 1825 712 166 122 1003
is_linear=0
shrinkage=0.1


Tree=89
num_leaves=31
num_cat=0
split_feature=13 1 2 5 8 11 17 13 4 19 13 1 9 1 13 10 7 6 7 8 18 13 11 4 17 10 3 7 4 13
split_gain=12.8053 41.9663 36.9933 30.3315 28.9375 37.1396 108.937 28.079 34.1193 28.5737 50.2024 51.9709 43.5456 68.6746 47.9755 42.8169 44.7525 43.6474 46.9712 53.2457 47.7993 46.5604 82.7551 45.375 44.3174 41.994 86.1457 81.5828 47.9159 64.9404
threshold=0.32250000000000006 0.0041783054003724403 137.50000000000003 92.571428571428584 13.183031148303117 146.00500000000002 0.05454547727272728 0.33750000000000008 12.457002457002458 23.500000000000004 0.7835000000000002 0.067117117117117139 88.500000000000014 0.055250305250305255 0.76750000000000018 603.54050000000007 26.225000000000005 1.0930953177523939 1.0000000180025095e-35 0.19782608695652179 44.500000000000007 0.93050000000000022 108.91500000000001 0.44353369763205835 0.051575291866028716 358.75250000000005 9.9583333333333346e-05 67.250000000000014 10.255434782608697 0.95050000000000001
decision_type=2 2 2 2 2 2 2 2 2 2 2 2 2 2 2 2 2 2 2 2 2 2 2 2 2 2 2 2 2 2
left_child=2 4 3 -1 5 6 -2 8 -3 25 11 12 14 -14 -11 -12 17 18 20 -20 21 22 -17 -21 -19 -9 27 -27 29 -28
right_child=1 7 -4 -5 -6 -7 -8 9 -10 10 15 -13 13 -15 -16 16 -18 24 19 23 -22 -23 -24 -25 -26 26 28 -29 -30 -31
leaf_value=0.0016967228736024444 -0.11200163832710174 -0.062567420810588151 -0.14404665224368382 0.026162263782044993 0.074848827230635656 -0.11260809923855131 0.36925217140431621 0.0020202956046305987 0.036212401225707014 -0.0033546708962135597 -0.0044086869617475481 -0.032996151462974868 0.0062297297639083427 0.34264446786800251 -0.096583135877186768 1.1283669791825914 -0.11411258096097031 0.0077459657760506964 0.21233440616576568 -0.067049014614719418 0.12144091186215616 -0.095011549103976578 -0.11408607484596217 0.0039120948563717414 0.041429655789075398 -0.11693377301812509 -0.040825480474574183 0.18599301306966187 -0.02776596373536358 0.021681161780005502
leaf_weight=19028.029332900187 15.52151697385125 145.56845810334198 17.276443255133927 520.60255826392677 13.712990961270405 77.879663800762501 6.7486461624503127 34091.551471227314 46.022599712014198 1496.7948854062706 14095.924187413882 1089.0394364683889 17.721639271243479 9.2275943369604629 57.311417233198881 0.87072306126356069 30.715543061494827 1056.7442904842319 12.071930398698894 92.689916961127892 12.610665645450352 100.22785097290762 1.3948953861836342 3238.2937976969406 619.63703790382715 115.91342170862481 216.81021881382912 9.6289682565256935 685.07883101329207 712.20753876119852
leaf_count=64618 238 669 348 1088 98 4513 42 92157 78 7335 57968 4665 229 48 364 21 1336 5890 119 1007 51 2161 90 18659 3382 1612 991 92 1694 2396
internal_value=6.48455e-06 -0.000739021 0.002219 0.00234827 -0.0613893 -0.0800437 0.0338353 -0.000619861 -0.0388393 -0.000493092 -0.00333597 -0.0161861 -0.00460729 0.12142 -0.0067927 -0.00155461 0.00623413 0.00695406 0.000534688 0.00269724 -0.062274 -0.0848781 0.363414 0.00193749 0.0201964 0.00124696 -0.0139081 -0.0936996 -0.007702 0.00709363
internal_weight=77633.8 58067.9 19565.9 19548.6 113.863 100.15 22.2702 57954.1 191.591 57762.5 21931.3 2670.09 1581.06 26.9492 1554.11 19261.2 5165.26 5134.54 3458.16 3343.06 115.104 102.493 2.26562 3330.98 1676.38 35831.2 1739.64 125.542 1614.1 929.018
internal_count=273959 207905 66054 65706 4891 4793 280 203014 747 202267 103325 12641 7976 277 7699 90684 32716 31380 22108 19785 2323 2272 111 19666 9272 98942 6785 1704 5081 3387
is_linear=0
shrinkage=0.1


Tree=90
num_leaves=31
num_cat=0
split_feature=11 15 18 12 2 5 15 15 19 4 7 15 16 9 4 19 7 15 16 9 7 10 4 0 11 7 3 12 9 0
split_gain=12.1675 82.4578 52.8296 48.0701 66.1819 53.7916 74.0075 64.482 44.6136 44.1215 53.1978 51.3248 44.9337 50.8188 45.1913 43.5595 42.6016 42.13 40.9755 40.5452 39.2757 45.2361 43.1634 66.8529 39.125 47.6952 60.6929 56.3883 51.4659 49.9119
threshold=6459.5700000000006 99.250000000000014 3.5000000000000004 110.32743980930648 46.500000000000007 24.75961538461539 354.50000000000006 375.25000000000006 17.500000000000004 10.164414414414415 1.3685855263157898 213.37500000000003 0.0062578320802005021 24.200000000000003 6.7521929824561413 25.500000000000004 0.82637681159420306 937.50000000000011 0.0099108125098224132 2.9375000000000004 1.1890001890001891 615.553 4.0142857142857151 0.097631062517521752 2141.9150000000004 1.6680272108843541 5.7577586206896557e-05 167.00100603621732 14.062500000000002 0.16585760517799356
decision_type=2 2 2 2 2 2 2 2 2 2 2 2 2 2 2 2 2 2 2 2 2 2 2 2 2 2 2 2 2 2
left_child=24 18 3 4 20 6 8 -8 -5 11 -11 15 13 -13 -14 -7 19 -9 -2 -10 22 -22 23 -3 -1 27 29 28 -26 -27
right_child=1 2 -4 5 -6 9 7 17 16 10 -12 12 14 -15 -16 -17 -18 -19 -20 -21 21 -23 -24 -25 25 26 -28 -29 -30 -31
leaf_value=-0.00033724990222831915 -0.035705929238858847 0.25605611155955904 0.0046022608739342413 -0.29180739717518445 0.19572102883802134 0.023924984219791851 0.12576876462491954 -0.071572181254880504 0.08454279213187553 -0.011757101437475272 -0.13882213279602604 0.15998755870341477 -0.080267983838738968 0.035791572460923529 0.019044225411066956 -0.10654050939406932 -0.027398203366784432 0.026120319835367584 0.031675957789738134 -0.13352908980606221 -0.089257664625750785 0.099764124048128899 0.012112943987699919 0.027046392699332886 4.4797575330089013e-06 -0.055653754617574547 0.040845976670323268 0.013855150807396445 -0.037192116645636972 0.051703063305018018
leaf_weight=56602.916345335776 967.00378720241133 20.65329435095191 7718.2131593361264 9.9395435824990255 21.997737026133109 45.250395774841309 33.113385794684291 95.127053369767964 9.2604634389281255 3038.0500360161532 33.310198843479156 36.741835087537766 62.974571567028761 318.94713975070044 168.19744782149792 58.904748853296041 100.42427179729566 82.365421459078789 99.537717255065218 107.48410123842768 57.260451581794769 16.254910708405077 170.85022613068577 33.299329355359077 3095.9126392784528 134.88254584465176 765.44999739481136 3215.5143679240718 422.77062901784666 63.784493312239647
leaf_count=204273 5383 57 24060 60 144 84 117 393 9 9984 117 45 193 1178 319 264 579 141 430 848 255 37 343 71 7043 3132 2571 9312 2393 124
internal_value=2.86833e-06 -0.00274978 -0.000425825 -0.00901086 0.0283304 -0.0118587 -0.0450377 -0.00233806 -0.0846346 -0.00799861 -0.0131352 0.0148319 0.0263132 0.0486207 -0.00800984 -0.0498595 -0.0751526 -0.026238 -0.0294173 -0.116231 0.0159871 -0.0474632 0.0367368 0.114712 0.000572445 0.0072611 0.0280637 0.00428285 -0.0044647 -0.0211855
internal_weight=77606.4 13305.2 12238.6 4520.41 320.316 4200.09 437.714 210.606 227.108 3762.38 3071.36 691.016 586.861 355.689 231.172 104.155 217.169 177.492 1066.54 116.745 298.318 73.5154 224.803 53.9526 64301.2 7698.31 964.117 6734.2 3518.68 198.667
internal_count=273959 45111 39298 15238 907 14331 2147 651 1496 12184 10101 2083 1735 1223 512 348 1436 534 5813 857 763 292 471 128 228848 24575 5827 18748 9436 3256
is_linear=0
shrinkage=0.1


Tree=91
num_leaves=31
num_cat=0
split_feature=5 8 19 10 19 17 2 10 2 9 13 11 8 7 17 10 4 16 9 10 1 18 0 0 4 15 0 5 2 1
split_gain=12.13 23.178 24.0599 34.9847 32.8024 27.4296 35.0631 23.1073 22.1052 22.8367 21.7866 20.2511 36.1169 43.6995 36.5029 50.5554 26.8287 27.7836 29.0886 28.4983 27.2015 55.9186 29.1508 26.5268 47.1346 26.1783 24.0588 23.7104 23.689 40.584
threshold=126.01879699248121 7.2629012440485345 25.500000000000004 218.26200000000003 26.500000000000004 0.072730303030303048 4.5000000000000009 384.00300000000004 8.5000000000000018 102.20000000000002 0.36350000000000005 153764.46000000005 9.2344322344322354 0.030925981531526526 0.10050166666666668 43.501000000000012 32.027027027027039 0.0021238940714410309 27.100000000000005 304.00100000000003 0.083771929824561414 1.0000000180025095e-35 0.62563131313131326 0.84668803418803429 31.303846153846155 774.50000000000011 0.42940199335548174 56.853571428571435 9.5000000000000018 0.68333333333333346
decision_type=2 2 2 2 2 2 2 2 2 2 2 2 2 2 2 2 2 2 2 2 2 2 2 2 2 2 2 2 2 2
left_child=11 2 3 5 -4 6 -2 -3 -9 -10 -6 -1 16 -14 15 -15 17 18 -13 27 21 26 -23 24 -16 -22 -19 -20 -18 -30
right_child=1 7 4 -5 10 -7 -8 8 9 -11 -12 12 13 14 23 -17 28 20 19 -21 25 22 -24 -25 -26 -27 -28 -29 29 -31
leaf_value=4.1101882091652168e-05 -0.15466886329689677 0.025579506196834009 0.24116964211064518 -0.12889207306817693 0.064137173488832924 0.023966675361802699 0.024905700553064809 -0.30621804709109157 0.0033221062224664216 -0.10312859676941487 -0.0085422262913136867 -0.14793480833797587 0.018283517841350606 0.024480655179119924 0.0053219471974107722 -0.12873345354654789 -0.15010362507393604 0.24073463645498994 0.0054424701853111636 -0.14721496761000111 -0.068794343303593838 -0.17058654363805165 0.081798675578902552 -0.12824266328058423 -0.16102239845403321 0.012092634310339939 0.067183576344506654 -0.15669537988066232 -0.16575001410671891 0.26757146346182153
leaf_weight=74761.790050741634 25.069469161331654 790.10861385054886 5.8118949010968199 35.597722940146923 47.931742552143987 69.361506644636393 19.201412349939346 2.5063485428690901 197.32432018418331 22.445197808701778 295.634074871341 19.265003586187959 109.50314769893885 27.358599632978439 149.84514254052192 101.19616737868637 21.400699902325872 17.6213010083884 141.4695499856025 15.514264864614232 43.098169066477567 10.095501738833265 8.3710586279630643 22.914036385715008 19.219112006016076 558.64733499474823 14.610574930906294 9.6333916475996357 4.4231111658737046 4.2269206047058105
leaf_count=259332 86 1734 13 188 114 119 48 12 1052 1758 4458 422 194 44 387 534 82 86 991 368 190 135 8 71 86 1233 22 81 109 2
internal_value=2.31716e-06 0.00887446 -0.00877374 -0.0423852 0.00558274 -0.0152851 -0.0767828 0.0175663 -0.0109175 -0.00754977 0.00159746 -0.000173934 -0.0125556 -0.0362557 -0.0548879 -0.0961269 -0.00081885 0.00250902 -0.0315978 -0.0181464 0.0122261 0.0825712 -0.056178 -0.0272729 -0.013588 0.00629935 0.162065 -0.00489444 -0.0936566 0.0459967
internal_weight=77571.2 1510.99 498.608 149.23 349.378 113.632 44.2709 1012.38 222.276 219.77 343.566 76060.2 1298.41 430.036 320.533 128.555 868.377 838.326 185.882 166.617 652.444 50.6984 18.4666 191.978 169.064 601.746 32.2319 151.103 30.0507 8.65003
internal_count=273959 9582 5026 441 4585 253 134 4556 2822 2810 4572 264377 5045 1316 1122 578 3729 3536 1862 1440 1674 251 143 544 473 1423 108 1072 193 111
is_linear=0
shrinkage=0.1


Tree=92
num_leaves=31
num_cat=0
split_feature=18 18 19 19 2 10 8 3 19 0 12 11 10 18 17 12 17 11 17 15 4 11 15 8 15 9 17 8 17 1
split_gain=12.0724 19.93 13.0496 31.401 57.7268 49.7163 31.0934 30.7148 53.9478 91.5145 41.4883 33.3938 33.0807 26.3749 26.3308 45.8139 27.548 23.6493 25.9152 23.0972 28.7987 28.3396 22.9059 26.0638 22.9018 19.6766 20.437 50.6397 16.4327 15.7644
threshold=157.50000000000003 149.50000000000003 159.50000000000003 147.50000000000003 30.500000000000004 2536.257000000001 2.0381383322559796 1.4777511961722491e-07 189.50000000000003 0.052015692640692647 2514.3170731707323 5054.5600000000004 98.000500000000017 1.0000000180025095e-35 0.053476071428571435 371.80328370809252 0.27475700574712653 1337.7750000000003 1.0072178968253971 485.50000000000006 1.4596147872009944 223157.35000000003 20.125000000000004 6.7819293478260878 1604.0000000000002 152.25000000000003 0.0013143428571428574 4.1117353308364555 -0.16239799999999996 1.2916666666666667
decision_type=2 2 2 2 2 2 2 2 2 2 2 2 2 2 2 2 2 2 2 2 2 2 2 2 2 2 2 2 2 2
left_child=1 2 3 25 6 -6 -5 19 10 11 12 14 -9 -8 15 -10 -16 -15 -19 20 21 28 -7 -24 -11 -1 27 -27 -4 -14
right_child=-2 -3 7 4 5 22 13 8 9 24 -12 -13 29 17 16 -17 -18 18 -20 -21 -22 -23 23 -25 -26 26 -28 -29 -30 -31
leaf_value=3.8292949101331562e-05 -0.084825547487597547 0.11399822578799812 0.072000579415413934 0.19533751061723315 -0.11199497726671051 -0.1465896109579897 0.12533600593884561 0.01286528251966142 0.14343525577596061 -0.072373997447551824 0.060283209916410452 -0.10720316339950541 -0.097638670487925863 0.11774188496318101 0.29451048569006111 -0.15135141638044813 0.11870308972274966 -0.11841791925874481 0.037783016881544701 -0.12491805167104519 0.10583122071482216 0.23183453865787979 0.18825982124158405 -0.051347654510164153 0.035574904620798146 -0.077707909030125602 -0.11888068794648905 0.2729332192417494 -0.11293056942821218 0.091857493539112239
leaf_weight=76847.386992701446 16.773457315575797 15.338501096004618 5.5861119370674706 19.984342192765325 36.496713156811893 4.0615043787984204 37.684216785710305 43.620793260633945 22.550698733306493 50.748529851436615 34.500450052320957 5.7316846613539374 106.88506420422345 17.856825228780508 16.982776793185622 6.8806910058483473 18.756577764637768 16.471874667331576 29.905380215495825 40.246999593538931 12.847078830003737 2.9955598581582299 14.415415955008941 6.6267592697404316 32.07471127063036 16.530615226365629 28.230479351710528 5.4855174785479894 34.360201643547043 4.5781678259372702
leaf_count=260813 88 30 98 179 515 131 69 97 190 282 63 445 1205 25 49 62 111 320 70 6064 171 18 128 124 58 256 527 21 1746 4
internal_value=2.23433e-06 2.05853e-05 -1.96679e-06 9.59866e-05 0.0414134 -0.0374876 0.0812839 -0.0171874 -0.00320301 0.0408192 -0.0388987 0.12421 -0.060963 0.0589201 0.144562 0.0745178 0.202244 0.0199559 -0.0176951 -0.0671789 -0.0255251 -0.0648234 0.0708343 0.112801 -0.0305689 -2.61029e-06 -0.0625602 0.00965748 -0.0870697 -0.0898554
internal_weight=77552.6 77535.8 77520.5 77081.1 183.503 61.6004 121.903 439.346 343.31 153.726 189.584 70.9024 155.084 101.918 65.1707 29.4314 35.7394 64.2341 46.3773 96.036 55.789 42.9419 25.1037 21.0422 82.8232 76897.6 50.2466 22.0161 39.9463 111.463
internal_count=273959 273871 273841 263178 1561 898 663 10663 2566 1197 1369 857 1306 484 412 252 160 415 390 8097 2033 1862 383 252 340 261617 804 277 1844 1209
is_linear=0
shrinkage=0.1


Tree=93
num_leaves=31
num_cat=0
split_feature=9 11 4 0 8 10 11 10 10 10 12 10 11 18 8 1 13 19 13 1 17 1 11 1 7 12 16 7 7 16
split_gain=12.0671 47.1685 42.2845 89.694 58.1323 63.3913 53.0532 40.4117 52.8824 115.541 40.3023 37.4077 72.3458 39.4273 106.251 110.932 187.586 38.3549 36.2056 34.2728 33.5654 49.8297 49.2336 38.458 52.8912 50.5447 44.9874 59.9284 54.869 50.2533
threshold=0.41428571428571431 171.75500000000002 0.33356086461888518 0.030395417590539545 0.061646727656579879 93.001000000000019 46.005000000000003 126.52400000000002 84.989500000000007 94.624000000000009 5.0025025025025034 2695.0590000000007 171.75500000000002 3.5000000000000004 0.23861283643892342 0.11583184257602865 0.99950000000000017 5.5000000000000009 0.10650000000000001 0.079156223893066008 1.0388077302631582 0.060790835181079091 56.010000000000012 0.38675213675213682 15.775000000000002 198.38187525739178 0.043614130434782614 5.1846590909090917 2.154700854700855 0.31009615384615391
decision_type=2 2 2 2 2 2 2 2 2 2 2 2 2 2 2 2 2 2 2 2 2 2 2 2 2 2 2 2 2 2
left_child=1 20 3 6 5 -4 7 8 -2 -10 -5 13 18 14 -8 16 17 -16 -13 -11 23 -22 -23 24 25 26 -1 28 29 -28
right_child=2 -3 4 10 -6 -7 11 -9 9 19 -12 12 -14 -15 15 -17 -18 -19 -20 -21 21 22 -24 -25 -26 -27 27 -29 -30 -31
leaf_value=-0.015658420169780439 0.0022070289585953643 0.010701529224504848 0.012451843211914686 0.014850216462807859 -0.00034136303979801218 0.24185901132776252 -0.042620938187470342 -0.10394343710674686 0.49031691598057825 0.29541411149234814 -0.097537008733318262 0.58409061687333974 -0.10289102334513836 -0.074869656794251518 0.49622028871311558 0.00068707870589209243 1.2299759947496842 -0.10783400158033736 0.13745695716076259 -0.10828831666108669 -0.10675271036982675 -0.025940528365431471 0.034517505339785717 0.007091943892468127 0.16881357679493525 -0.20265339853987829 0.010199551181208868 0.11327423774526005 -0.10347617722243861 -0.010796220724244767
leaf_weight=2343.370501535479 178.90496592549607 4847.0692352177575 28.918272892013192 670.86161357769743 57923.982829308225 20.644036176614463 176.79188223043457 30.839188933372498 7.2914271680638221 2.7312046168372026 33.501138301566243 3.1259846598841241 8.4286521691828948 418.71842791733798 1.771460479125383 9.2759079011157137 2.4607739732600749 2.5851507540792227 4.3276936137117445 9.1419835793785733 61.267254162579775 640.37755086645484 170.57390552386642 5151.6602785214782 17.6164581310004 12.872156217694281 2679.314797885716 47.293663263320923 50.555004492402077 1984.2398327961564
leaf_count=9276 1332 12248 126 1982 193961 51 5589 1244 67 56 193 20 699 13517 4 177 84 117 112 160 199 1402 282 14259 121 52 8305 132 285 7907
internal_value=4.84718e-08 0.0022684 -0.000686015 -0.0169286 -0.000248735 0.108006 -0.0386693 0.00253941 0.0191187 0.176992 0.00950482 -0.0537024 0.0978129 -0.057637 -0.0202281 0.225767 0.532016 0.137783 0.32477 -0.0154241 -0.000837885 -0.0197936 -0.0132239 0.000507739 -0.00424606 -0.00467439 -0.0043157 0.00126673 0.000143034 0.00126631
internal_weight=77540.5 18006.2 59534.3 1560.76 57973.5 49.5623 856.395 228.909 198.07 19.1646 704.363 627.486 15.8823 611.604 192.885 16.0933 6.81739 4.35661 7.45368 11.8732 13159.1 872.219 810.951 12286.9 7135.26 7117.65 7104.77 4761.4 4714.11 4663.55
internal_count=273959 54468 219491 25353 194138 177 23178 2859 1615 283 2175 20319 831 19488 5971 382 205 121 132 216 42220 1883 1684 40337 26078 25957 25905 16629 16497 16212
is_linear=0
shrinkage=0.1


Tree=94
num_leaves=31
num_cat=0
split_feature=6 6 18 0 10 19 16 3 10 0 18 3 11 7 3 11 0 4 13 4 2 0 4 5 10 1 0 4 17 15
split_gain=12.3783 34.5905 34.4931 50.8999 40.9522 51.4723 33.6658 39.0278 32.2273 49.11 66.6931 36.7376 31.8363 30.1186 29.5972 29.2578 28.0269 34.0915 28.4097 39.4915 27.4764 85.2421 95.3317 103.337 110.182 61.2764 44.5634 50.7685 39.9817 37.0158
threshold=1.0157442944987827 1.0429341528394351 8.5000000000000018 0.65024271844660209 285.55350000000004 21.500000000000004 0.11200716845878138 0.003746428571428572 130.66500000000002 0.18786764705882356 51.500000000000007 0.00043380952380952387 3.9950000000000006 2.4205263157894739 0.0011017241379310348 35.505000000000003 0.40946348733233989 4.1639784946236569 0.95850000000000002 0.99166666666666681 49.500000000000007 0.021937916098500047 2.2382529170608643 16.025000000000002 1355.3665000000003 0.055867665418227221 0.025723738626964438 3.3388888888888895 -44.518346453004042 1504.5000000000002
decision_type=2 2 2 2 2 2 2 2 2 2 2 2 2 2 2 2 2 2 2 2 2 2 2 2 2 2 2 2 2 2
left_child=-1 2 3 4 6 -6 7 -2 11 10 -10 -4 16 -7 -13 -16 17 18 -3 -20 -14 22 -22 24 -24 -26 27 -23 -25 -28
right_child=1 12 8 -5 5 13 -8 -9 9 -11 -12 14 20 -15 15 -17 -18 -19 19 -21 21 26 23 28 25 -27 29 -29 -30 -31
leaf_value=0.001494720824870009 -0.076547085783459048 0.023287719374804641 0.050485027167074197 0.016008633481148182 0.10872939781786498 -0.07670668289660465 -0.0099042849667535775 -0.19545847868584842 -0.092501775552081722 0.00048373403300221461 0.25908903561218949 -0.064878307334050464 -0.0016155659451536103 0.07209792817892284 0.12744692808530889 -0.0014337240362857163 -0.038796565634452156 0.12649639823119155 -0.024857150621567126 0.096350096554500664 -0.088318550271996851 -0.0074442645221152104 0.4954231948135428 0.327339359757298 0.039750773498000887 0.46083067805440331 0.019877400524110578 0.29200959185792436 -0.087760047287264817 -0.10760485716602924
leaf_weight=32126.047424413569 183.61228274274617 1019.5439712395892 169.34779108408839 134.57088126242161 29.643797665368766 64.175071417354047 60.274805568158627 32.484307829290628 120.57082303406787 236.43087484687567 5.6479016481898716 69.787894554436207 40795.56768865406 17.260321960784495 19.300630062818527 201.607203155756 93.646555416285992 28.242084249854088 258.53581104241312 30.000362003222108 164.67319532320835 10.219989558681847 7.2135876584798089 2.4377896822988978 41.638616128824651 3.7687238175421944 1495.668979536742 12.693103373050688 48.172719858324854 23.12874760478735
leaf_count=126133 883 1736 501 226 69 355 223 158 1038 442 38 196 129176 109 43 422 199 36 725 71 3897 103 59 11 711 37 4429 27 1794 112
internal_value=-7.26406e-06 -0.00107057 -0.0168696 -0.0369756 -0.0553783 -0.00409682 -0.0759894 -0.0944222 -0.00411183 -0.0264038 -0.0767692 0.0134608 -0.000588113 -0.0451674 -0.00810801 0.00982653 0.0140886 0.0177947 0.0154478 -0.0122547 -0.00108071 0.0109769 -0.041088 0.0342535 0.132375 0.0746996 0.0200243 0.158443 -0.0677657 0.0179361
internal_weight=77505.9 45379.9 1344.71 522.021 387.451 111.079 276.371 216.097 822.693 362.65 126.219 460.044 44035.2 81.4354 290.696 220.908 1429.97 1336.32 1308.08 288.536 42605.2 1809.62 267.905 103.231 52.6209 45.4073 1541.71 22.9131 50.6105 1518.8
internal_count=273959 147826 4703 2023 1797 533 1264 1041 2680 1518 1076 1162 143123 464 661 465 2767 2568 2532 796 140356 11180 6509 2612 807 748 4671 130 1805 4541
is_linear=0
shrinkage=0.1


Tree=95
num_leaves=31
num_cat=0
split_feature=18 9 19 3 0 0 11 12 15 11 19 19 16 5 10 17 4 19 18 11 17 0 3 3 17 1 12 10 0 9
split_gain=11.5236 31.4033 48.2807 28.3118 37.5034 32.293 31.8728 22.2416 25.4195 27.6209 21.7274 35.5168 23.8725 16.524 23.5671 16.2382 32.6413 20.517 18.0603 17.7175 16.5408 15.5926 13.8793 14.0456 13.1588 27.6164 24.9148 38.5091 29.5236 36.6618
threshold=70.500000000000014 92.250000000000014 62.500000000000007 5.4522727272727278e-08 0.034557396626362154 0.083130081300813022 15712.640000000001 549.00980392156873 271.25000000000006 380.20500000000004 42.500000000000007 37.500000000000007 0.0029455144889814337 139.12894736842108 1309.6265000000001 -0.073646428571428571 6.9106858054226485 48.500000000000007 83.500000000000014 354.59500000000008 -1.4316409090909088 0.06653645833333334 0.00025720779220779228 4.2928571428571439e-05 22.818175839473685 0.071067821067821071 75.765660877720663 144.50200000000004 0.071279139270771077 12.708333333333334
decision_type=2 2 2 2 2 2 2 2 2 2 2 2 2 2 2 2 2 2 2 2 2 2 2 2 2 2 2 2 2 2
left_child=24 2 3 6 10 -6 21 8 9 -3 11 12 -5 14 -4 19 -17 18 -18 20 -7 -2 23 -14 -1 -26 27 -27 -28 -30
right_child=1 7 13 4 5 15 -8 -9 -10 -11 -12 -13 22 -15 -16 16 17 -19 -20 -21 -22 -23 -24 -25 25 26 28 -29 29 -31
leaf_value=-5.448132071222986e-05 0.095209605984694148 0.31695569487735353 -0.15849860598429144 -0.12457070481864058 0.12499955621542863 -0.074270634874862684 0.20805944646261648 0.0013282388033424124 0.34465902736943099 -0.11111343338139171 -0.14257110147238203 0.12513968445001145 -0.040173280041994122 0.047316206432953846 0.010102728898086555 -0.10903800538759151 0.027713825474988848 0.076691251421801332 -0.063733733045596 0.049244644246463673 0.037060867581404637 -0.038464523863895067 -0.05884069094306791 0.092640366401711513 -0.12513865631031559 0.10564531129713504 -0.087070832942045887 -0.14269842712328443 -0.047257710531443606 0.089173644000392072
leaf_weight=76632.770978023269 19.739900044165552 2.5728165586479026 29.677320682443678 26.321665261872113 29.891289483755827 25.739133656024933 15.506000446155666 7.9647380871465421 6.9369205832481384 3.639751645270735 17.17785181151703 14.309791948180644 14.148664926178752 7.802474468946456 11.504390483722089 26.584448099136353 48.468715500086546 35.972736231982708 38.952540464699268 174.70751614123583 27.714066509157419 15.639906294643877 31.281739786267281 18.21187012642622 24.470406799344346 32.300636608386412 57.169709990732372 7.7401405859272918 50.057062245905399 32.474214375019073
leaf_count=270169 100 38 251 291 68 64 28 41 14 78 192 72 66 12 86 84 85 49 99 248 40 37 91 49 666 159 446 171 117 48
internal_value=-9.83293e-06 0.0132443 0.00921976 0.0172664 0.0104194 0.0249393 0.0885122 0.133204 0.213082 0.0661632 -0.0383621 -0.0211949 -0.0444711 -0.0861177 -0.111399 0.0170297 -0.00852961 0.0131243 -0.0130327 0.0338308 -0.0165482 0.036118 -0.0113428 0.0345716 -0.000122036 -0.0254727 -0.011904 0.0576389 -0.0318362 0.00642498
internal_weight=77487.4 650.466 629.352 580.368 529.482 408.03 50.8858 21.1142 13.1495 6.21257 121.452 104.274 89.9639 48.9842 41.1817 378.139 149.978 123.394 87.4213 228.161 53.4532 35.3798 63.6423 32.3605 76837 204.212 179.742 40.0408 139.701 82.5313
internal_count=273959 2183 2012 1663 1498 737 165 171 130 116 761 569 497 349 337 669 317 233 184 352 104 137 206 115 271776 1607 941 330 611 165
is_linear=0
shrinkage=0.1


Tree=96
num_leaves=31
num_cat=0
split_feature=13 1 15 11 11 17 17 13 4 0 8 15 3 8 15 10 2 7 10 18 13 16 1 1 13 15 11 1 0 1
split_gain=11.5023 38.0306 32.4165 27.8873 32.9946 26.4108 35.8707 44.2415 38.7021 35.0614 57.6763 69.802 45.673 51.9428 33.462 35.2577 40.0016 43.5187 40.88 39.3859 30.5507 36.6479 63.2785 32.6054 43.0216 31.3485 57.8701 29.4288 27.9068 26.9235
threshold=0.16950000000000004 0.0041783054003724403 1504.5000000000002 4.0200000000000005 1.9850000000000001 1.5377500000000002 1.2000001915714287 -0.094499999999999959 2.2508333333333339 0.076749826749826763 3.4452991452991459 255.50000000000003 0.0015031250000000003 3.6680440771349869 134.12500000000003 198.34600000000003 4.5000000000000009 1.3118516597510375 9.0135000000000023 14.500000000000002 0.10450000000000001 0.21680376028202117 0.19292803970223329 0.34057971014492755 0.15150000000000002 1388.2500000000002 11511.760000000002 0.13423423423423428 0.26689497716894983 0.27888888888888896
decision_type=2 2 2 2 2 2 2 2 2 2 2 2 2 2 2 2 2 2 2 2 2 2 2 2 2 2 2 2 2 2
left_child=2 -2 3 4 -1 6 20 28 -9 10 11 14 -11 -14 15 16 18 -18 -7 -19 25 -22 -23 29 -25 -5 -27 -10 -8 -24
right_child=1 -3 -4 5 -6 9 7 8 27 12 -12 -13 13 -15 -16 -17 17 19 -20 -21 21 22 23 24 -26 26 -28 -29 -30 -31
leaf_value=0.018818471375819545 -0.059251467276558049 -0.00056237064966691952 0.022855252262253972 0.00056449686229475269 -0.10954599695467043 0.12634764145049437 -0.13349020239473339 -0.052824154064727825 0.097706056637460931 0.0067395372240478041 -0.10850454714978947 0.064828013997283981 -0.18897123561151907 -0.019348714995815402 -0.13462093998003943 -0.089923389359527234 -0.11548086852160147 0.038027080748613405 -0.12036396801312066 0.35106106861611019 0.017992359731123297 -0.1280077160035952 -0.01141947974389129 -0.098427327529797215 0.11245369053824972 -0.21237405397195286 0.0030740754839537312 0.027497005787068842 0.0028555556817131149 0.12662721906452493
leaf_weight=34.078297208994627 110.61678765022953 59753.818413851783 730.8518415648723 13447.450281837373 48.554194276221097 9.8408254534006137 19.976977473590523 30.472859538625926 135.41420210432261 662.87116492167115 92.018213572446257 73.713399108499289 25.96548192948103 59.246598858386278 38.724788414314389 44.802301931660622 5.2448691190220442 7.0890638094861087 21.153488798532635 9.2822362482547742 1739.8205931433477 48.077275456860662 26.491496462374926 39.756995424628258 12.785158276557921 19.699342232197523 33.958943615609314 106.77798929810524 60.395399998873472 30.272100403904915
leaf_count=78 4908 209582 1378 46018 212 31 140 191 250 1328 833 253 92 128 317 1091 118 121 311 104 5321 273 102 193 33 81 99 200 110 63
internal_value=-9.8876e-06 -0.000670816 0.0022363 0.00134377 -0.0566075 0.00162879 0.00265242 0.0341689 0.0533884 -0.0137278 -0.0424948 -0.01355 -0.00211959 -0.0710354 -0.0559887 -0.0247298 0.030788 0.135201 -0.042032 0.215512 0.00192984 0.0138122 -0.0323983 0.00965472 -0.0471133 0.000260112 -0.0760225 0.0667522 -0.0310339 0.062201
internal_weight=77479.2 59864.4 17614.8 16883.9 82.6325 16801.3 15751.3 353.037 272.665 1049.95 301.869 209.851 748.083 85.2121 136.138 97.4128 52.6105 21.6162 30.9943 16.3713 15398.3 1897.2 157.383 109.306 52.5422 13501.1 53.6583 242.192 80.3724 56.7636
internal_count=273959 214490 59469 58091 290 57801 53074 891 641 4727 3179 2346 1548 220 2093 1776 685 343 342 225 52183 5985 664 391 226 46198 180 450 250 165
is_linear=0
shrinkage=0.1


Tree=97
num_leaves=31
num_cat=0
split_feature=19 7 16 17 4 16 17 6 18 12 18 18 4 8 18 11 6 17 17 19 1 8 4 18 1 18 16 1 1 3
split_gain=11.7727 18.256 15.0753 11.4535 36.3321 29.5271 27.9535 61.6817 78.5089 54.6507 46.3276 52.5521 42.9944 53.2866 41.2762 37.4443 53.9498 43.9257 50.9218 46.3022 69.13 51.6907 49.6749 46.2161 39.9181 37.2476 48.0126 47.3948 48.9554 45.8666
threshold=1.0000000180025095e-35 1.5857862741961288 0.0045523625310859355 -1.0000000180025095e-35 24.397368421052636 4.5000000000000009 -0.29090454545454542 0.50025025025025038 23.500000000000004 530.10067114093965 10.500000000000002 6.5000000000000009 4.3390804597701154 0.3353413654618474 13.500000000000002 22.565000000000001 20.699857172005718 -0.11072077922077921 -0.16239799999999996 16.500000000000004 1.4500000000000002 1.9844837935174071 5.4944444444444454 6.5000000000000009 0.81666666666666676 13.500000000000002 0.14415584415584418 0.55050505050505061 0.11834733893557424 0.015071428571428574
decision_type=2 2 2 2 2 2 2 2 2 2 2 2 2 2 2 2 2 2 2 2 2 2 2 2 2 2 2 2 2 2
left_child=1 2 -1 4 5 6 -2 8 9 10 11 -8 13 -12 -15 16 17 18 -9 20 22 -21 23 24 -19 27 -27 28 -17 -30
right_child=3 -3 -4 -5 -6 -7 7 15 -10 -11 12 -13 -14 14 -16 25 -18 19 -20 21 -22 -23 -24 -25 -26 26 -28 -29 29 -31
leaf_value=0.0012439889518824888 -0.0032396544886308977 -0.067523052684742721 0.094478563065754403 -0.00075558102764934935 0.015085126815625821 -0.087289947222268238 0.079088342457017166 0.014451007620180721 -0.1200968589902129 0.38419053848219675 -0.013203592764710441 -0.12317962115060649 0.013283197360806015 0.45198709517612801 0.19238223506367796 0.0012583375097226181 0.15715267074274708 -0.0053595575435764244 0.084260450123499364 0.072002559098642768 0.056527276972708422 -0.07858725038978083 0.070414218738751963 -0.11350646253537361 -0.082746110485506771 0.0076426087878497407 0.08189408347590578 0.016437310410182933 -0.026593638968223234 0.032624570793482459
leaf_weight=28.910402663052082 8628.3935740118613 14.018965268507598 43.342258218675852 57947.881961827123 1926.3500809674151 38.128119660541415 54.579240907914937 265.64927161950618 19.009870837442577 6.3326106965541831 7.6613513284828505 16.798552601132542 14.429479058831928 9.5891955308616179 16.951082600280643 1981.5839275841136 27.955734837800264 272.32761555351317 172.23807052895427 143.76867144508287 121.16995252668858 27.088896941393614 46.237636715173721 69.227972920052707 88.258403636515141 2761.4582626943011 89.92106768488884 870.38783870730549 1594.9972806423903 142.47694309800863
leaf_count=146 26392 73 95 213124 3737 200 447 803 308 7 221 255 80 45 101 7729 57 934 427 546 268 90 68 318 338 8868 207 2198 5621 256
internal_value=-1.01451e-05 0.0369099 0.0571727 -5.13178e-05 0.00205091 0.000615047 0.000807136 0.00476597 0.0693701 0.0978781 0.08277 0.0314852 0.158043 0.219116 0.286179 0.00368348 0.0198171 0.0166335 0.0419098 0.00222327 -0.0109092 0.048127 -0.0280739 -0.0386689 -0.024301 0.00100803 0.0099842 -0.00456879 -0.00948494 -0.0217376
internal_weight=77447.1 86.2716 72.2527 77360.9 19413 17486.6 17448.5 8820.1 145.351 126.342 120.009 71.3778 48.6311 34.2016 26.5403 8674.75 1233.92 1205.97 437.887 768.079 597.222 170.858 476.052 429.814 360.586 7440.83 2851.38 4589.45 3719.06 1737.47
internal_count=273959 314 241 273645 60521 56784 56584 30192 1464 1156 1149 702 447 367 146 28728 3849 3792 1230 2562 1926 636 1658 1590 1272 24879 9075 15804 13606 5877
is_linear=0
shrinkage=0.1


Tree=98
num_leaves=31
num_cat=0
split_feature=10 3 1 0 1 0 17 19 6 11 10 4 11 0 9 18 12 4 14 13 8 0 12 6 0 1 18 11 5 6
split_gain=10.979 36.7019 31.9333 35.9638 30.1772 24.0241 14.3046 22.7914 29.2571 20.2003 14.0161 50.161 39.4029 39.3519 35.6638 32.0865 29.9681 19.7964 17.7049 29.8492 22.2559 19.1201 15.7152 14.6045 12.6268 12.6219 12.1848 28.0033 37.4124 42.3649
threshold=5116.3460000000005 0.00020031250000000005 0.010443935427574174 0.13896316102198458 0.039538822303282962 0.2994252873563219 0.066774603174603195 193.50000000000003 20.699857172005718 558.70500000000015 4029.1675000000005 8.4382621951219523 748.09000000000015 0.094467108618052034 7.9375000000000009 25.500000000000004 4.7761211053227388 2.2382529170608643 4.5000000000000009 0.10450000000000001 10.329166666666667 0.033445190156599559 69.471482036203597 1.9986684420772305 0.70074626865671652 0.0061100049776007968 25.500000000000004 20463.150000000005 68.045454545454561 5.6850501603061341
decision_type=2 2 2 2 2 2 2 2 2 2 2 2 2 2 2 2 2 2 2 2 2 2 2 2 2 2 2 2 2 2
left_child=10 2 3 -2 6 -3 7 8 -4 -8 26 12 14 15 16 18 -12 -18 19 -13 21 22 -21 -24 -14 -16 -1 -28 29 -29
right_child=1 5 4 -5 -6 -7 9 -9 -10 -11 11 13 24 -15 25 -17 17 -19 -20 20 -22 -23 23 -25 -26 -27 27 28 -30 -31
leaf_value=-0.00048828707809037185 -0.10667780356316353 -0.12187911951442645 -0.11283646951963684 0.28028181563576421 -0.11449526463743354 0.004465980504534897 0.24215257535478815 0.28679767422371599 0.2554417798900056 0.071208485367815724 -0.10992777806521095 -0.14172424643381493 -0.13887510937782097 -0.0045066713068424571 0.036363023693821758 -0.12374612667461121 0.23060937768153267 0.063436023823701379 0.35306024613267395 0.10053049545395804 -0.0022451676186782577 0.11293725054401733 0.44100734628393079 0.23452887018839161 0.041689716850274873 -0.14131520172466458 0.0054248648996912067 -0.042010776478694528 0.021759567796735303 0.0017103138506970646
leaf_weight=67799.180900386185 24.626519863071739 46.317555231391452 10.247313018888233 2.6613459326326838 8.0024612341076118 22.293523050844669 11.329822963103654 2.6441855258890419 2.7323248758912078 17.731200907495804 6.5381513292668378 3.3659529816359273 27.007840755046349 30.168141946196556 5.8174944445490864 4.227759590081404 11.341618336737158 18.8675268124789 4.4769123648293307 4.2366330549120965 6.3407440757146096 13.586193919181822 5.8519724869402117 8.261938155977985 4.5211303681135169 12.783991849049924 8173.4591886028647 462.52917096100282 264.89886917208787 425.52488134615123
leaf_count=233659 4037 781 301 7 226 39 46 16 4 99 247 24 371 62 84 147 42 100 5 15 118 36 410 41 6 167 28863 2145 1049 812
internal_value=-1.15751e-05 -0.0271682 0.0188654 -0.0689382 0.0643407 -0.0808263 0.0963679 0.0192031 -0.0353107 0.137853 4.06301e-05 0.0289456 -0.0237532 0.0858081 0.0270757 0.139924 0.0841869 0.126199 0.164094 0.143779 0.168885 0.202861 0.269438 0.32014 -0.112983 -0.0857475 -2.21054e-05 0.00336684 -0.0112228 -0.0210611
internal_weight=77441.6 148.586 79.9752 27.2879 52.6873 68.6111 44.6848 15.6238 12.9796 29.061 77293 167.394 86.8778 80.5162 55.3488 50.3481 36.7473 30.2091 46.1203 41.6434 38.2775 31.9367 18.3505 14.1139 31.529 18.6015 77125.6 9326.41 1152.95 888.054
internal_count=273959 5556 4736 4044 692 820 466 321 305 145 268403 1875 1017 858 640 796 389 142 649 644 620 502 466 451 377 251 266528 32869 4006 2957
is_linear=0
shrinkage=0.1


Tree=99
num_leaves=31
num_cat=0
split_feature=10 16 17 14 1 11 1 9 11 3 12 4 7 7 4 12 4 19 19 7 18 7 12 9 4 12 9 3 10 2
split_gain=10.8875 28.071 34.6222 37.2697 28.6476 27.1178 26.9589 61.6418 42.9551 48.3047 57.4291 46.5208 56.0227 102.094 48.7175 90.0315 78.6189 100.288 65.7272 44.0881 47.6137 46.0086 44.8574 42.6361 48.196 57.5793 56.4753 46.4673 42.3088 60.5081
threshold=13.408500000000002 0.28869047619047622 2.5581309523809526 5.5000000000000009 0.030395417590539545 62.020000000000003 0.4188596491228071 90.166666666666671 414.79500000000007 0.0014041666666666668 1.0005005005005008 0.74754901960784326 41.875000000000007 31.041666666666668 1.6018867924528306 6.0030030030030037 1.9588963963963966 45.500000000000007 151.50000000000003 13.422222222222224 26.500000000000004 2.0961627369394367 41.00113895216402 88.500000000000014 9.9916666666666689 198.38187525739178 52.166666666666679 0.0004504545454545455 101.581 3.5000000000000004
decision_type=2 2 2 2 2 2 2 2 2 2 2 2 2 2 2 2 2 2 2 2 2 2 2 2 2 2 2 2 2 2
left_child=1 -1 3 4 -3 -4 -2 8 9 -8 -11 12 13 -10 19 -16 17 -17 -19 20 -13 -22 -23 24 25 26 -18 -27 29 -12
right_child=6 2 5 -5 -6 -7 7 -9 11 10 28 14 -14 -15 15 16 23 18 -20 -21 21 22 -24 -25 -26 27 -28 -29 -30 -31
leaf_value=0.0043874859660437216 0.00059802001110420609 -0.12239149075828988 -0.16225966593960606 0.042913678263080846 -0.0059968345783375484 0.0016088074532539965 -0.0030215315181206155 -0.069474599974113455 0.026749305268662676 0.066521803006606955 -0.032199693289140789 -0.08368999227468224 -0.13015234859094435 0.29041395295174294 -0.19460981091974186 0.11309083222090766 -0.0046689177445985493 -0.10579069581703769 0.079640601485307536 0.048541727755986308 -0.14737526251415892 -0.064045541880527926 0.18937390046894134 0.1292819219595048 0.0036693049052070391 -0.048563867606720657 0.15140265234044567 -0.002352844575634146 -0.089368256228852763 0.014376893214217838
leaf_weight=13144.253017311217 45206.91143585516 21.278952814638615 24.950505033135414 158.29906628653407 3376.6094818059355 16.965338937938213 2754.0871388926171 143.49528030958027 529.18215319607407 68.327207457274199 1447.9862189628184 182.00219697877765 21.598239336162806 15.104938569478689 23.841843387112021 133.19493537396193 2507.2309808116406 46.283411491662264 32.564472191035748 43.188399314880371 10.213354252278803 10.920371720567347 19.381378564983606 24.90629580616951 6045.7796475295909 611.09581430442631 23.401625212281942 337.92731702327728 102.22850679606199 345.46407357417047
leaf_count=36064 184519 186 101 347 11744 38 9135 994 2432 205 3741 1133 575 68 141 263 5821 390 48 179 66 78 57 44 11562 1914 38 640 423 1013
internal_value=-1.24744e-05 0.00224514 -0.00558108 -0.00451611 -0.00672575 -0.0959343 -0.000635313 -0.00423721 -0.00362679 -0.0115662 -0.0235482 -9.88768e-05 0.0277987 0.0340665 -0.0016694 -0.000522279 -4.82756e-05 0.0601776 -0.0292069 -0.0439192 -0.061865 0.0361774 0.0980447 -0.00138545 -0.00172711 -0.0111032 -0.00322567 -0.0321091 -0.0267946 -0.0232279
internal_weight=77428.7 16742.4 3598.1 3556.19 3397.89 41.9158 60686.3 15479.4 15335.9 4718.09 1964.01 10617.8 565.885 544.287 10051.9 9786.23 9762.38 212.043 78.8479 265.706 222.517 40.5151 30.3018 9550.34 9525.44 3479.66 2530.63 949.023 1895.68 1793.45
internal_count=273959 48480 12416 12277 11930 139 225479 40960 39966 14517 5382 25449 3075 2500 22374 20861 20720 701 438 1513 1334 201 135 20019 19975 8413 5859 2554 5177 4754
is_linear=0
shrinkage=0.1


Tree=100
num_leaves=31
num_cat=0
split_feature=16 3 13 11 5 12 9 5 1 1 1 16 18 13 6 3 17 7 10 11 1 12 0 17 19 7 7 11 8 0
split_gain=11.3229 31.3471 39.6906 71.3566 38.0677 58.7467 65.1365 55.48 55.8759 72.9064 79.9921 39.3971 52.8337 36.9635 44.214 39.0082 36.0526 37.2857 32.6874 35.9629 44.0861 31.8194 31.7384 41.1607 40.9214 35.447 108.188 45.7762 38.4317 31.6152
threshold=0.0025031328320802011 0.00037366666666666673 0.88750000000000007 153764.46000000005 38.535714285714292 292.06126914660837 7.9375000000000009 27.837719298245617 0.075134408602150551 0.049752475247524762 0.018320653390020144 0.0020020040080160327 41.500000000000007 0.7835000000000002 1.1743985258988323 0.0012754310344827589 2.5581309523809526 0.11355377724092809 330.00050000000005 3583.6900000000005 0.036900871459694999 1142.7213114754102 0.83239700374531844 0.54998214285714297 1.5000000000000002 0.22245131729667814 0.56960594315245483 46539.080000000009 3.5566239316239319 0.3465463108320252
decision_type=2 2 2 2 2 2 2 2 2 2 2 2 2 2 2 2 2 2 2 2 2 2 2 2 2 2 2 2 2 2
left_child=1 22 13 4 7 6 -6 -4 9 10 -9 12 -7 16 15 -15 18 -18 -3 20 -20 -22 -1 25 -25 -24 27 -27 -28 -21
right_child=-2 2 3 -5 5 11 -8 8 -10 -11 -12 -13 -14 14 -16 -17 17 -19 19 29 21 -23 23 24 -26 26 28 -29 -30 -31
leaf_value=0.00089866246765818675 0.00058982896562003676 0.0092954950282901367 -0.043077958395654377 0.054213352687281828 -0.012432223054110472 -0.13151290771424412 -0.16584294913009381 0.18095151152276576 -0.033667585759731777 0.20455528422420843 -0.092916878488174814 -0.020780070037565778 0.08889994568568732 0.055948231131138552 -0.045672264720604962 0.2245057878104727 0.057159286394021937 -0.18117703150949796 0.055821889102113921 -0.15499362251198426 -0.15615435396000793 0.051682997082269366 -0.025893508451125646 -0.043204229995020854 0.010359655352199305 -0.39359027929565282 -0.11595780593612988 -0.12422074199405862 0.044497558007619585 -0.040577995254438635
leaf_weight=12093.635088033014 62022.739823322801 622.52360508032143 217.29768307507038 95.263662923127413 41.822956323623657 70.358454028144479 81.824631571769714 17.128061551600695 61.939881384372711 33.712439820170403 28.264250308275223 344.56712591648102 12.863480780273674 51.112016472965479 28.988294959068298 18.772246632725 9.2946552820503729 22.341414920054376 66.526292243972421 33.381523850373924 21.737528014928102 11.14189090579748 412.0233739875257 183.89829453825951 635.5506035014987 13.722867123782637 26.081669837236404 11.676921151578425 34.903766334056854 87.333584096282721
leaf_count=69930 194429 1708 1119 217 132 546 405 48 212 79 156 785 26 171 102 18 23 162 273 243 149 21 942 397 1244 73 73 34 47 195
internal_value=-1.26102e-05 -0.00244053 -0.0141919 -0.0281301 -0.0367524 -0.053242 -0.113953 -0.0113772 0.037462 0.0931572 0.010423 -0.0356943 -0.097444 0.000203101 0.0581571 0.101226 -0.00635093 -0.111154 -0.00241623 -0.0355381 0.00900411 -0.0857242 -0.000707205 -0.0154438 -0.00166099 -0.0381046 -0.0963468 -0.269754 -0.0241245 -0.0722175
internal_weight=77412.4 15389.7 1978.2 1005.04 909.779 551.437 123.648 358.342 141.045 79.1048 45.3923 427.789 83.2219 973.153 98.8726 69.8843 874.28 31.6361 842.644 220.121 99.4057 32.8794 13411.5 1317.86 819.449 498.409 86.3852 25.3998 60.9854 120.715
internal_count=273959 79530 6790 3725 3508 1894 537 1614 495 283 204 1357 572 3065 291 189 2774 185 2589 881 443 170 72740 2810 1641 1169 227 107 120 438
is_linear=0
shrinkage=0.1


Tree=101
num_leaves=31
num_cat=0
split_feature=6 6 18 0 10 19 8 4 18 2 17 5 7 18 17 11 3 3 11 1 5 5 7 5 7 16 17 5 5 8
split_gain=11.4112 28.1743 28.0754 41.1495 33.826 41.2914 29.0764 41.6715 31.8765 44.1968 35.4504 34.5506 29.0543 60.0859 48.4591 41.866 34.2059 29.8051 27.9457 32.7775 30.4128 48.3081 62.2912 60.4934 74.1212 120.068 84.1957 70.6922 61.6553 58.5282
threshold=1.0157442944987827 1.0429341528394351 8.5000000000000018 0.65024271844660209 285.55350000000004 21.500000000000004 2.0020661157024797 15.550505050505052 1.0000000180025095e-35 6.5000000000000009 -0.17498638749999998 10.055555555555557 1.1617262423714039 14.500000000000002 0.9818465909090911 54.025000000000006 0.00041690476190476194 0.00010825757575757577 2.0200000000000005 0.12060606060606062 0.52500000000000013 10.343137254901963 0.75041528239202671 25.350877192982459 0.6039701257861636 0.0032715415132574138 9.565046420833335 13.818014705882355 11.408333333333335 0.23861283643892342
decision_type=2 2 2 2 2 2 2 2 2 2 2 2 2 2 2 2 2 2 2 2 2 2 2 2 2 2 2 2 2 2
left_child=18 2 3 4 6 -6 8 -8 -2 -10 -11 -12 -4 -14 15 -15 17 -17 19 -1 -20 29 23 24 26 -26 -23 -28 -27 -22
right_child=1 -3 12 -5 5 -7 7 -9 9 10 11 -13 13 14 -16 16 -18 -19 20 -21 21 22 -24 -25 25 28 27 -29 -30 -31
leaf_value=-0.093620476965773497 0.030887169871582937 -0.00059886805196955779 0.0067546735749166231 0.014364034986664895 0.096451605115611905 -0.040796540114380865 -0.15585381048923752 -0.031881393974962584 -0.15714022930544388 0.12411737209356705 -0.089270717259105126 0.10881469619118192 -0.13670421398579682 0.097050734468727237 0.099953626840772483 -0.15263887531001852 -0.12351188522490236 0.0363958288714612 0.0089427834724488797 -0.012495381858292923 0.037598293443017079 -0.0067894205963296766 0.011718983790601316 0.0031264137815022958 -0.12151148075892143 -0.18318519858034543 0.32869934404083967 0.058121401151682378 -0.014196922381869349 -0.011624253025021312
leaf_weight=61.115836848504841 44.023275851737708 43981.916388178419 622.57784516818356 132.94154102727771 30.051290015690029 81.015128640923649 69.710762899369001 44.372009124606848 38.156926762778312 13.135367691516874 52.979275287128985 10.560681592673062 46.47494859714061 19.435599286109209 33.240667946636677 10.666538638994096 48.209563428536057 38.253595969639719 4939.4421140014892 269.0839846264571 255.72188823460601 3900.6242882581428 5368.8971402181778 12050.384422283518 141.59464361332357 22.352813482284546 11.030097451061009 77.495373654179275 632.83633767161518 4364.0603975560516
leaf_count=518 209 143123 1632 226 69 464 351 114 249 26 291 24 348 53 142 135 224 146 22763 632 2892 12379 17694 36827 1032 108 75 372 1567 29274
internal_value=-1.16596e-05 -0.00103341 -0.0153407 -0.0335869 -0.0501875 -0.00366125 -0.0691203 -0.107635 -0.0414606 -0.0691966 -0.0254321 -0.0563479 -0.00382185 -0.0373692 -0.00655212 -0.0369241 -0.0637324 -0.00482127 0.00143105 -0.0275106 0.0017319 0.000404123 0.00233976 -0.000651162 -0.0101626 -0.0380083 -0.00460079 0.0918349 -0.0199622 -0.0088996
internal_weight=77412.4 45317.7 1335.81 516.946 384.005 111.066 272.938 114.083 158.856 114.832 76.6753 63.54 818.859 196.281 149.806 116.565 97.1297 48.9201 32094.6 330.2 31764.4 26825 22205.2 16836.3 4785.93 796.784 3989.15 88.5255 655.189 4619.78
internal_count=273959 147826 4703 2023 1797 533 1264 465 799 590 341 315 2680 1048 700 558 505 281 126133 1150 124983 102220 70054 52360 15533 2707 12826 447 1675 32166
is_linear=0
shrinkage=0.1


Tree=102
num_leaves=31
num_cat=0
split_feature=10 2 15 14 3 4 8 18 10 10 8 11 3 5 0 7 16 18 1 7 8 19 16 16 0 10 17 4 10 19
split_gain=10.7193 48.6356 76.0364 54.3702 45.0453 41.2653 47.0366 40.0668 36.2564 36.0522 33.3748 51.0116 47.6823 44.4251 55.2279 46.7484 33.1048 32.3521 32.2679 34.9367 31.7806 30.0868 40.1169 42.9231 40.2997 35.8165 31.5327 31.5686 29.8845 39.4799
threshold=186.66100000000003 7.5000000000000009 21.250000000000004 2.2500000000000004 0.012535714285714287 4.496666666666667 3.6018867924528304 7.5000000000000009 474.17250000000007 433.52100000000007 4.6679487179487191 65913.015000000014 8.0142857142857159e-05 16.763888888888893 0.39613300952736791 0.395242807662402 0.019975062344139653 21.500000000000004 0.16472868217054268 0.55111996017919374 11.026943942133817 28.500000000000004 0.003374582447616156 0.0036540858109311027 0.14243448858833477 294.48300000000006 0.081252500000000019 2.1883445945945952 195.39600000000002 19.500000000000004
decision_type=2 2 2 2 2 2 2 2 2 2 2 2 2 2 2 2 2 2 2 2 2 2 2 2 2 2 2 2 2 2
left_child=20 2 3 5 8 -2 -7 16 9 10 11 12 17 14 15 -12 -5 18 -4 -20 -1 22 24 -24 -15 -25 -23 -28 29 -3
right_child=1 28 4 7 -6 6 -8 -9 -10 -11 13 -13 -14 21 -16 -17 -18 -19 19 -21 -22 26 23 25 -26 -27 27 -29 -30 -31
leaf_value=0.0002221557386147956 -0.14287001746639036 -0.059768752405077764 -0.12126980803051404 0.21116939557196468 -0.16532926229016576 0.041297764097989832 -0.16000519089579665 -0.10206909996339773 -0.070532125815077756 0.08103317593859069 0.08927731284826694 0.17790362409157245 0.034818075079361362 0.11707127476496237 -0.27205065537260537 -0.094160469441528255 -0.028625191273305008 -0.12881963901878554 -0.16488547354835942 0.035766659844416043 0.011305950013832722 -0.10447985734391274 -0.14333530172126707 -0.0018439583256740701 0.010580337178825935 -0.12951198331180991 0.14161758752805442 -0.039053655600298193 -5.564986920262962e-05 -0.0030310271330376941
leaf_weight=49723.870637395652 99.82043331861496 195.6386103159748 22.051051029935479 13.48526248149574 18.563162945210934 31.996329326182604 18.215549692511559 14.603335939114912 87.766341209411621 47.915914263576269 17.932322472333908 18.520614097826183 243.98378879763186 42.787380362860858 13.432087652385233 61.672683529555798 10.046180185861884 30.771173184737563 9.7423172611743194 79.391588834580034 2728.9053258020431 63.500040179584175 28.040709286928177 244.54078672453761 209.70548694953322 24.144060038030148 11.970088819041846 50.354743745410815 22891.233588625953 328.67993392189965
leaf_count=148825 1433 744 238 70 71 73 96 183 404 107 38 29 676 161 57 277 87 314 74 418 5241 272 93 497 413 85 32 245 111395 1311
internal_value=-1.26101e-05 -0.00171979 -0.0190844 -0.0785738 -0.0106475 -0.105674 -0.0317297 0.0280466 -0.00845259 -0.00398829 -0.00746269 0.0157867 0.00800693 -0.0197055 -0.0844866 -0.0528381 0.108795 -0.0380741 -0.0129597 0.0138354 0.000798801 -0.0107771 -0.000672162 -0.0256031 0.0286263 -0.0133162 -0.0548845 -0.00435399 -0.000596322 -0.0242015
internal_weight=77383.3 24930.5 1514.95 188.167 1326.79 150.032 50.2119 38.1348 1308.22 1220.46 1172.54 404.461 385.94 768.08 93.0371 79.605 23.5314 141.956 111.185 89.1339 52452.8 675.043 549.218 296.726 252.493 268.685 125.825 62.3248 23415.6 524.319
internal_count=273959 119893 6443 1942 4501 1602 169 340 4430 4026 3919 1749 1720 2170 372 315 157 1044 730 492 154066 1798 1249 675 574 582 549 277 113450 2055
is_linear=0
shrinkage=0.1


Tree=103
num_leaves=31
num_cat=0
split_feature=11 15 18 12 2 5 15 15 5 10 14 4 5 0 8 2 7 7 4 19 10 10 19 17 19 7 19 15 10 8
split_gain=10.4799 64.5412 43.7963 38.7836 52.1586 41.9908 63.3162 50.9674 38.3573 46.3054 59.0786 37.1661 40.4378 48.8588 54.4545 41.3425 37.1672 55.6433 45.8858 36.7974 39.1568 77.1316 36.3536 37.5793 36.2207 38.1444 35.188 35.1871 49.4149 39.55
threshold=6459.5700000000006 99.250000000000014 3.5000000000000004 110.32743980930648 46.500000000000007 24.75961538461539 354.50000000000006 382.25000000000006 18.026315789473689 519.32950000000017 6.5000000000000009 10.918333333333335 59.345238095238102 0.35758377425044097 2.0602547770700643 20.500000000000004 0.16678709055876687 0.1112047967022672 8.6266592920354004 5.5000000000000009 1641.9625000000003 2146.5775000000003 48.500000000000007 17.52804023571429 17.500000000000004 0.82637681159420306 125.50000000000001 150.25000000000003 397.27450000000005 1.1150399779432039
decision_type=2 2 2 2 2 2 2 2 2 2 2 2 2 2 2 2 2 2 2 2 2 2 2 2 2 2 2 2 2 2
left_child=-1 19 3 4 -3 6 24 -8 -9 10 -10 16 13 14 -13 -15 17 26 -19 -2 22 -22 -21 -24 -5 -26 -7 28 29 -4
right_child=1 2 27 5 -6 11 7 8 9 -11 -12 12 -14 15 -16 -17 -18 18 -20 20 21 -23 23 -25 25 -27 -28 -29 -30 -31
leaf_value=0.00051687864173282933 0.034060261536855006 0.014399926088102914 0.084427269083387227 -0.26591305575280644 0.17593618199534627 0.02056154227639892 0.10361207214383644 0.024445473972814467 -0.20942261860681777 0.060713906947409524 -0.023941121611711903 0.079120953234355237 -0.003313630696726794 -0.019995145096103843 -0.058840267050228712 0.049824910309728312 0.022817253610819738 -0.24165107085580875 -0.038190677437618836 -0.030424416605403577 0.11875880314972907 -0.08730821821970243 -0.10250086323190327 0.27359117840454633 -0.11009616953527737 -0.02452698050384949 -0.1253364171742109 0.0021360807558894078 0.074872891256047722 -0.0026884282795081784
leaf_weight=64124.606763532967 92.461730260401964 298.39466514938977 60.816661570221186 9.8206418007612211 21.423892338760197 131.9458427503705 37.880721201188862 83.395340146496892 31.750751161947846 20.912647690623999 37.400041118264198 30.431895479559898 1763.0972275498352 545.09838187322021 477.91286266699899 100.43365304917097 637.51867757318541 19.15681990608573 26.305477522313595 787.72287409193814 45.779843535274267 30.111582448706031 103.20944975747261 2.7270113688427946 109.5448498018086 99.334437950514257 18.898578858235851 7085.9368774888135 160.71546077146195 364.18299780972302
leaf_count=228848 168 763 160 60 144 269 134 204 182 54 77 41 5958 1135 2435 155 1885 101 80 3379 96 138 2011 21 857 579 125 22152 618 1130
internal_value=-1.18854e-05 -0.00257392 -0.000511172 -0.00834256 0.0252209 -0.01091 -0.0405074 -0.00147392 -0.0244231 -0.0696735 -0.109105 -0.00751662 -0.0128387 -0.0273928 -0.0505813 -0.00913235 0.0111017 -0.0269454 -0.123924 -0.0262162 -0.0319645 0.0369972 -0.0378209 -0.0928195 -0.0782272 -0.069403 0.00228268 0.0040832 0.0276393 0.00977767
internal_weight=77358.9 13234.3 12172.3 4500.66 319.819 4180.84 430.039 211.34 173.459 90.0634 69.1508 3750.8 2916.97 1153.88 508.345 645.532 833.825 196.307 45.4623 1062.01 969.551 75.8914 893.659 105.936 218.7 208.879 150.844 7671.65 585.715 425
internal_count=273959 45111 39298 15238 907 14331 2147 651 517 313 259 12184 9724 3766 2476 1290 2460 575 181 5813 5645 234 5411 2032 1496 1436 394 24060 1908 1290
is_linear=0
shrinkage=0.1


Tree=104
num_leaves=31
num_cat=0
split_feature=13 1 16 7 16 13 15 11 11 17 19 14 17 18 17 7 12 7 14 17 19 11 8 17 7 10 8 7 3 10
split_gain=10.7102 32.1292 27.6461 54.4859 49.0355 43.6559 27.5783 23.2719 27.6548 22.8245 22.4594 37.1787 55.667 44.4203 109.741 61.4223 85.3255 68.6551 71.0806 64.858 53.3032 52.0587 65.8304 51.6896 109.425 40.6446 40.4777 39.795 39.1797 53.1211
threshold=0.16950000000000004 0.0041783054003724403 0.0030896016291205295 0.15400641025641029 0.0029168699163934614 0.8155 1504.5000000000002 4.0200000000000005 1.9850000000000001 17.52804023571429 23.500000000000004 0.87500000000000011 10.499778571428573 7.5000000000000009 0.54998214285714297 1.395446006348384 138.00212314225055 0.61861471861471873 0.62500000000000011 -0.18681424999999999 15.500000000000002 840.92000000000019 6.5803827751196176 -0.014992857142857141 17.779220779220783 25.504500000000004 2.0602547770700643 12.125000000000002 0.0004504545454545455 285.55350000000004
decision_type=2 2 2 2 2 2 2 2 2 2 2 2 2 2 2 2 2 2 2 2 2 2 2 2 2 2 2 2 2 2
left_child=6 2 3 4 5 -2 7 8 -1 -9 11 12 13 14 15 16 17 18 -3 -17 -20 22 23 24 -15 -21 -19 -13 29 -29
right_child=1 10 -4 -5 -6 -7 -8 9 -10 -11 -12 27 -14 21 -16 19 -18 26 20 25 -22 -23 -24 -25 -26 -27 -28 28 -30 -31
leaf_value=0.01667276405548147 0.23898897927988241 -0.089888584270529814 -0.093580751866102527 -0.11527969799623253 0.34075498032743134 -0.13174456384858615 0.021302508765289933 0.0017236076144634166 -0.10145539575567662 -0.10707407318796335 -0.0030410554024045472 0.00097923938081541199 0.28874185917791911 -0.12919122235583955 0.32449444562474228 0.20806662241763388 -0.1010762930527335 0.3099937964592735 0.15624584033388067 0.13509757517527021 -0.12461697172463466 -0.07234043074263774 0.26672863125097396 0.049431664898005212 0.40575654360027535 -0.098033511937174619 0.12720580318264471 0.0050555089866165352 -0.074257896054411313 -0.10503499158884728
leaf_weight=34.094079345464706 5.2059550408448585 25.67550148582086 68.349905409908388 17.718914408469573 6.9224972183292257 8.1469455313199415 721.64534458896378 16746.525562177761 47.330107342451811 19.304651366313919 22542.9080355271 36138.559032136574 8.073421140201388 41.097228829748929 14.107935947366057 9.6350558819249255 23.56513447035104 19.208998378366232 44.228289315477014 8.5418815538287145 7.9756868719123295 80.437356477370486 10.648712404072283 99.496428285725415 4.2160797612741581 60.059854655060917 32.804278828203678 308.88514639716595 131.99696681648493 51.077246848959476
leaf_count=78 13 394 849 856 126 3064 1378 57564 212 237 106331 94123 71 484 65 58 163 46 235 54 109 752 19 1091 62 876 109 2444 1241 855
internal_value=-1.1225e-05 -0.000649243 -0.0555662 0.0128202 0.124768 0.012795 0.00215932 0.00133933 -0.0519926 0.00159833 -0.000551358 0.000960618 0.0283301 0.0239655 0.0537143 0.0372265 0.0739899 0.10575 0.0463363 -0.0348833 0.113336 -0.00703269 0.0267589 0.00911247 -0.0794182 -0.0690054 0.194711 0.000594672 -0.027655 -0.0105659
internal_weight=77338.4 59769.5 106.344 37.9943 20.2754 13.3529 17568.9 16847.3 81.4242 16765.8 59663.2 37120.3 489.772 481.698 245.803 231.695 153.458 129.893 77.8795 78.2368 52.204 235.896 155.458 144.81 45.3133 68.6017 52.0133 36630.5 491.959 359.962
internal_count=273959 214490 4908 4059 3203 3077 59469 58091 290 57801 209582 103251 4588 4517 2109 2044 1056 893 738 988 344 2408 1656 1637 546 930 155 98663 4540 3299
is_linear=0
shrinkage=0.1


Tree=105
num_leaves=31
num_cat=0
split_feature=17 1 1 5 7 3 9 18 19 12 7 0 11 4 7 12 5 3 17 4 5 11 8 3 19 12 7 10 18 16
split_gain=9.84652 28.116 25.4792 46.9589 31.5118 62.2532 30.7398 30.3911 42.9032 30.4331 38.3352 33.2458 30.3777 27.9878 25.7548 25.4937 28.4011 25.8141 22.153 56.1569 67.6995 35.7611 40.1871 38.9352 30.8487 28.2147 27.8814 27.8067 24.875 22.0673
threshold=11.622270146428574 0.00795231771327389 0.068337484433374854 4.3484848484848486 0.32713446249567929 0.0004101724137931035 31.083333333333339 40.500000000000007 20.500000000000004 326.04347826086962 1.395446006348384 0.32672684458398749 1067.2550000000003 38.933035714285722 0.52740447957839265 229.00777202072541 16.387500000000003 5.8875000000000006e-09 9.565046420833335 1.7279220779220783 10.343137254901963 582.46500000000015 2.7448894451397585 7.8519230769230783e-06 32.500000000000007 763.05241935483889 5.1846590909090917 54.012000000000008 7.5000000000000009 0.017563138615770198
decision_type=2 2 2 2 2 2 2 2 2 2 2 2 2 2 2 2 2 2 2 2 2 2 2 2 2 2 2 2 2 2
left_child=18 -2 3 6 13 7 -3 9 12 15 11 -11 -9 -4 -10 16 17 -6 -1 20 26 22 -21 28 27 -26 -20 -25 -23 -19
right_child=1 2 4 -5 5 -7 -8 8 14 10 -12 -13 -14 -15 -16 -17 -18 29 19 21 -22 23 -24 24 25 -27 -28 -29 -30 -31
leaf_value=-1.1716219482336222e-05 0.15761423911870912 0.21444488745402568 0.023187949630999342 -0.08198186146021802 0.093079695766232942 -0.25120373742855695 -0.10376239252176474 0.22760238683468026 0.021399491042143177 -0.11525475617628121 0.13041979074708637 0.045683335485354228 0.039845979246158583 -0.077159724772962332 -0.14689992576592714 -0.16263218999089291 0.023653638708667601 -0.10798270695952124 0.11245868932940882 0.17729222577194848 0.39106946876262094 -0.10134832213541141 -0.014319869577835652 -0.12274756506342432 -0.19570601928163653 -0.00085660401428516893 -0.13722700151755965 0.033122748922027621 0.038470170367859081 0.059402053575492747
leaf_weight=76186.201717313423 9.7610066102351976 9.5863704632502031 325.7490302445367 97.652595571707934 8.2815521382726711 12.088206924498079 4.4428330379305399 14.261046875268219 26.738851422443986 24.335529224947095 20.824295552447438 27.162388160824776 21.774031884968281 30.386921901255846 13.777960777748374 21.843827535398304 40.798929030075669 80.082185990409926 26.650860167341307 24.916120748966932 8.2978125680237991 13.98029889911413 19.521349466405809 16.006457526236773 22.794291686266661 11.0263753272593 5.374074693536385 40.163513036444783 141.63411194598302 8.7353672385215742
leaf_count=267431 102 155 933 1316 60 64 316 35 80 202 54 37 80 104 233 150 145 831 200 66 22 110 106 59 201 28 191 117 517 14
internal_value=-1.49385e-05 -0.0110636 -0.0131516 -0.0574041 -0.00584977 -0.0285876 0.113674 -0.0198679 0.0347695 -0.0378914 0.0159285 -0.0303685 0.114151 0.0146259 -0.0358316 -0.062258 -0.0463582 -0.0757757 0.00010033 0.0259395 0.136515 0.0105669 0.0931172 -0.00436898 -0.0567265 -0.13218 0.0705592 -0.0112948 0.025909 -0.0915201
internal_weight=77314.8 798.283 788.522 111.682 676.84 320.704 14.0292 308.616 76.5519 232.064 72.3222 51.4979 36.0351 356.136 40.5168 159.742 137.898 97.0991 76516.6 330.365 40.3227 290.043 44.4375 245.605 89.9906 33.8207 32.0249 56.17 155.614 88.8176
internal_count=273959 4911 4809 1787 3022 1985 471 1921 428 1493 293 239 115 1037 313 1200 1050 905 269048 1617 413 1204 172 1032 405 229 391 176 627 845
is_linear=0
shrinkage=0.1


Tree=106
num_leaves=31
num_cat=0
split_feature=6 11 17 8 18 4 7 9 5 16 15 5 1 1 7 16 9 19 16 17 16 9 18 4 15 7 12 17 12 0
split_gain=9.76681 25.3414 25.0329 109.69 62.0137 49.7498 45.3293 59.8562 39.4631 34.9586 40.9166 37.4119 43.1458 31.9544 34.0033 30.2537 29.2264 28.3228 52.5263 26.0016 89.4829 38.7786 45.3129 48.4894 47.558 52.6377 40.3402 54.0145 51.632 72.6787
threshold=1.0133423697253487 3.9950000000000006 -3.4841106723062496 2.1587793011941625 13.500000000000002 22.138095238095243 0.32153299916457817 94.250000000000014 42.52272727272728 0.0020020040080160327 189.50000000000003 19.767857142857146 0.31414473684210531 0.48529411764705888 1.028848821081831 0.059114735002912061 10.083333333333334 15.500000000000002 0.0039735169045513876 2.2425900000000003 0.0020855080027835774 46.125000000000007 11.500000000000002 16.865765765765769 44.125000000000007 1.4136414197593288 540.01013171225952 2.9812516968253973 320.02747252747258 0.077221228384019097
decision_type=2 2 2 2 2 2 2 2 2 2 2 2 2 2 2 2 2 2 2 2 2 2 2 2 2 2 2 2 2 2
left_child=2 -2 3 15 6 13 7 8 16 10 11 12 -8 14 17 -1 -5 -6 -19 -4 21 22 23 -21 25 -24 27 -23 -29 -30
right_child=1 -3 19 4 5 -7 9 -9 -10 -11 -12 -13 -14 -15 -16 -17 -18 18 -20 20 -22 26 24 -25 -26 -27 -28 28 29 -31
leaf_value=-0.12883386807197866 0.012163033345642093 -0.0013816644405176099 0.0024069681244495845 0.014377119368533253 -0.22690471150578573 0.030764089222308111 -0.043805386947791694 0.1465972642282751 0.0090616551873295599 0.0022764730011656637 0.051825845262205052 0.28414557960927067 0.26401845883623409 0.016371290953834654 0.010667347863585344 0.0062597938205194914 -0.16084535991702009 -0.10677304727235166 0.051063828968784003 -0.10080663742738123 -0.06923158648932802 -0.072047642404242593 0.34137445255505661 0.0043711369595757733 -0.011009115578587981 0.049298050161888096 -0.02242692408992164 0.0088534664434044962 0.1540284932918933 0.021414087274171378
leaf_weight=96.864599012129474 1426.09057631623 43991.854840618558 29666.462789498866 14.071266356855629 14.16247997432947 99.795799610204995 10.645236028358342 23.855974562466145 105.34156511165202 41.051282311789691 47.200371756218374 20.315830744802952 7.9568369910120955 52.953210793435574 40.550728476606309 19.999777086079121 29.424652114510536 118.5771650201641 25.644135653972626 108.76979250833392 225.24648794566747 38.180874473415315 7.0055629697162649 73.420040464494377 497.51654977397993 51.749937748885714 148.16606932622381 137.55197293241508 87.947385163512081 77.958977609872818
leaf_count=1309 2784 145507 110972 26 57 226 103 38 218 125 200 40 12 115 186 36 207 680 36 876 1400 524 81 292 2791 850 995 2597 495 181
internal_value=-1.45432e-05 -0.000956371 0.00132688 -0.0165036 -0.000502297 -0.0289899 0.0329084 -0.000455865 -0.0240258 0.0782163 0.114416 0.190326 0.087863 -0.052664 -0.0710401 -0.105714 -0.10416 -0.0919595 -0.0787079 0.00176715 -0.0112917 -0.000666329 -0.0151373 -0.0584214 -0.000960907 0.084123 0.021151 0.0400504 0.0541545 0.0917133
internal_weight=77306.3 45417.9 31888.4 768.411 651.547 351.684 299.863 172.693 148.837 127.17 86.1183 38.9179 18.6021 251.888 198.935 116.864 43.4959 158.384 144.221 31120 1453.51 1228.27 738.462 182.19 556.272 58.7555 489.805 341.639 303.458 165.906
internal_count=273959 148291 125668 3614 2269 1300 969 489 451 480 355 155 115 1074 959 1345 233 773 716 122054 11082 9682 4890 1168 3722 931 4792 3797 3273 676
is_linear=0
shrinkage=0.1


Tree=107
num_leaves=31
num_cat=0
split_feature=16 17 1 19 18 7 16 3 11 0 2 17 13 17 17 0 2 17 19 7 10 4 2 10 4 9 12 15 6 12
split_gain=10.3777 24.7764 36.2292 30.9942 28.6489 25.177 35.1948 23.5507 55.4499 62.1237 43.7459 38.4015 45.0564 34.7182 32.6234 31.1002 31.8213 31.1848 32.5577 31.1307 44.4852 33.8694 30.1049 52.4575 47.5997 52.8901 38.5681 42.9059 31.3323 28.9038
threshold=0.0024009638443091685 0.88260403437500001 0.071796759941089847 156.50000000000003 47.500000000000007 15.050000000000002 0.0058910289779628673 0.00028629464285714293 80921.580000000016 0.1156191369606004 73.500000000000014 3.1236666666666673 0.98750000000000016 -9.0753752166666661 35.674224650000006 0.77849927849927869 73.500000000000014 0.54998214285714297 36.500000000000007 0.14819994819994822 25.504500000000004 136.63257575757578 57.500000000000007 1950.2400000000005 9.1690476190476193 84.166666666666671 42.002710027100278 84.375000000000014 1.2353309221871234 607.0066505441356
decision_type=2 2 2 2 2 2 2 2 2 2 2 2 2 2 2 2 2 2 2 2 2 2 2 2 2 2 2 2 2 2
left_child=7 -2 4 5 -3 -4 -7 15 10 -10 11 12 13 -9 -13 16 22 19 -19 21 -21 -17 23 -1 25 26 -24 -28 -26 -22
right_child=1 2 3 -5 -6 6 -8 8 9 -11 -12 14 -14 -15 -16 17 -18 18 -20 20 29 -23 24 -25 28 -27 27 -29 -30 -31
leaf_value=0.0013214183911696622 -0.00028638608357518591 0.018424980029533945 0.0028980543247592626 -0.10056617874961744 -0.098190602360817045 0.020685599206695507 -0.16101485723323083 0.11716354268304506 0.18503708055062229 0.016853240012786604 0.097446405696046234 -0.098922796628011414 -0.032731098981485261 -0.003898648718409739 0.083145093428873579 -0.012862033654473996 -0.062673114938414209 -0.021096119968864617 0.018960240355497236 -0.20162973527675765 -0.017987768760704775 -0.13065632808414679 -0.10949643990387964 -0.090255785797098684 -0.061826008690239714 -0.11030803927933178 0.30711466078762623 0.11039161373139933 0.086931571136531771 -0.14021524576384808
leaf_weight=10993.918833154021 53271.555143105506 1989.12345918559 7249.671801647637 29.324944060179405 21.292119030607864 20.436081589665264 22.284819582710043 24.321599058806896 25.696230607107282 151.16693646088243 32.682050779461861 90.375747356563807 833.14480607956648 910.22764250729233 11.044210590422152 375.09288683161139 78.107175237397314 447.67042318731546 371.13753061555326 23.498018175363541 76.186495810747147 26.108546826988459 5.7035164637491098 62.908757361583412 44.10866552265361 9.9268116080202145 15.175465550273655 41.149913889355958 20.852902823127806 25.93263877928257
leaf_count=57622 174655 5038 16336 468 176 124 350 50 121 341 143 534 3312 3117 29 815 6113 924 724 85 147 83 225 1188 542 244 102 222 49 80
internal_value=-1.51245e-05 0.000546262 0.00529935 0.00203441 0.0171899 0.002447 -0.0740962 -0.00240656 -0.0122693 0.0412885 -0.01725 -0.0192555 -0.0158222 -0.000748011 -0.0790964 -0.000781738 0.000933642 -0.0151509 -0.00293995 -0.0341297 -0.0775728 -0.0205276 0.00137747 0.000800382 0.0479808 0.104004 0.138302 0.163394 -0.0140743 -0.0490268
internal_weight=77299.8 62603.7 9332.13 7321.72 2010.42 7292.39 42.7209 14696.1 2078.66 176.863 1901.8 1869.11 1767.69 934.549 101.42 12617.5 11271.9 1345.63 818.808 526.819 125.617 401.201 11193.7 11056.8 136.917 71.9557 62.0289 56.3254 64.9616 102.119
internal_count=273959 197147 22492 17278 5214 16810 474 76812 7647 462 7185 7042 6479 3167 563 69165 66307 2858 1648 1210 312 898 60194 58810 1384 793 549 324 591 227
is_linear=0
shrinkage=0.1


Tree=108
num_leaves=31
num_cat=0
split_feature=17 1 11 0 3 2 6 5 17 15 15 2 8 12 7 7 3 18 19 4 11 4 18 19 10 9 4 11 12 10
split_gain=10.1054 39.0319 24.9718 31.8444 29.5434 48.0419 27.954 15.3158 14.5071 30.271 36.0526 45.0975 28.6889 32.1962 27.554 17.6034 12.0294 11.4543 38.0399 25.598 44.8943 52.034 49.7715 48.1732 57.0928 50.7851 49.9669 47.6959 60.9621 59.995
threshold=-44.518346453004042 0.021352583586626141 206.03000000000003 0.16585760517799356 1.2713636363636365e-07 14.500000000000002 6.9965034965034976 71.944444444444457 -25.539935077159026 145.25000000000003 245.25000000000003 6.5000000000000009 9.783816425120774 239.7990716682223 0.1026645809233358 1.028848821081831 2.5062500000000003e-05 18.500000000000004 2.5000000000000004 13.522727272727275 27157.040000000005 12.258333333333335 76.500000000000014 16.500000000000004 114.57500000000002 4.2678571428571432 5.4944444444444454 7898.1600000000008 254.73769993646235 666.79250000000013
decision_type=2 2 2 2 2 2 2 2 2 2 2 2 2 2 2 2 2 2 2 2 2 2 2 2 2 2 2 2 2 2
left_child=1 -1 -3 4 5 -4 7 -6 9 -2 11 -11 13 -12 -15 -13 -5 -10 -19 20 23 22 -22 24 -20 -26 -27 28 -25 -30
right_child=8 2 3 16 6 -7 -8 -9 17 10 12 15 -14 14 -16 -17 -18 18 19 -21 21 -23 -24 27 25 26 -28 -29 29 -31
leaf_value=0.18792924964526928 -0.13826026339656614 0.12048958060514095 -0.12061892075513077 0.083857134626026869 -0.13176019145151593 0.33089620773364858 0.080391948284335435 0.029836686517653189 -0.00061666797224927848 0.13922591061240683 0.025566805431000351 -0.16556506981178798 0.05317108064767561 0.01009081176630121 -0.1614487084789501 0.036427300901833701 0.001044844408138345 0.047365484441990964 -0.00077718477417234796 0.0084983763867035808 -0.027085539755904366 -0.13209156741937378 0.09462953790969944 0.0065941061560411424 -0.017175843862376607 -0.13138827966272446 -0.03172719478998904 0.028987652699314394 -0.016109785257543942 -0.12471608017754938
leaf_weight=13.434189948486162 22.261908463027794 18.174403499346226 4.5901118912734074 35.580782845616341 42.445226184092462 4.8428419311530888 9.2084633111953718 6.8054549917578688 61484.948802611441 27.951130524277687 21.300906743854284 8.7830805107951182 21.678270989097655 12.293481417000292 39.294015549123287 8.4801140127237868 34.597054742276669 186.1061436496675 2716.7023240104318 4227.659614873337 509.60234538058285 44.014256049878895 35.967573465313762 5236.4604108772473 788.62653213553131 85.507796573452652 122.20485229045153 789.73689194081817 668.46260768827051 55.052289532497525
leaf_count=107 335 60 74 47 438 32 21 12 215716 52 49 76 53 24 214 35 68 306 6652 11405 2267 182 110 26131 2652 763 379 2362 2727 610
internal_value=-1.40663e-05 0.0243633 0.0102996 -0.00420496 -0.0530316 0.111187 -0.0795299 -0.109431 -6.77059e-05 -0.0299571 -0.0127085 0.0607387 -0.0478251 -0.0778632 -0.12057 -0.0663414 0.0430314 -4.76492e-06 0.00242783 0.00188051 -0.000650914 -0.0274993 -0.0190613 0.000862015 -0.00828664 -0.0287626 -0.0727541 0.00589473 0.00283476 -0.0243736
internal_weight=77282.8 169.679 156.244 138.07 67.8921 9.43295 58.4591 49.2507 77113.1 162.043 139.781 45.2143 94.5667 72.8884 51.5875 17.2632 70.1778 76951.1 15466.1 15280 11052.3 589.584 545.57 10462.8 3713.04 996.339 207.713 6749.71 5959.98 723.515
internal_count=273959 859 752 692 577 106 471 450 273100 838 503 163 340 287 238 111 115 272262 56546 56240 44835 2559 2377 42276 10446 3794 1142 31830 29468 3337
is_linear=0
shrinkage=0.1


Tree=109
num_leaves=31
num_cat=0
split_feature=18 18 19 11 11 13 6 16 11 17 17 19 16 17 13 10 6 3 17 19 18 17 1 1 6 6 11 6 13 17
split_gain=10.223 14.9772 9.73215 15.9069 23.3827 17.5234 11.6409 10.2873 40.4275 48.3077 39.7735 50.6852 49.7156 58.044 44.8791 37.6651 37.4069 55.6193 46.2067 43.303 36.2036 34.1623 33.2765 31.1602 28.9723 26.8198 50.7433 37.7265 34.8442 24.3197
threshold=157.50000000000003 149.50000000000003 1.0000000180025095e-35 16.015000000000004 40.010000000000012 0.10050000000000002 9.8099362444364271 1.0833333333333337 23.355000000000004 0.30910639204545459 0.062498750000000006 10.500000000000002 2.5833333333333335 0.14545818181818185 0.50550000000000017 1.0000000180025095e-35 5.8263742729762162 0.0028558441558441563 0.14480625000000005 3.5000000000000004 6.5000000000000009 0.18721625000000003 0.27888888888888896 0.31414473684210531 3.6975412615253367 9.2646238358868747 29.915000000000003 38.610614192009542 0.99550000000000016 -0.012210892857142856
decision_type=2 2 2 2 2 2 2 2 2 2 2 2 2 2 2 2 2 2 2 2 2 2 2 2 2 2 2 2 2 2
left_child=1 2 3 6 -5 -6 -1 -4 9 10 11 15 13 24 -14 29 17 -10 22 -19 -21 -20 -18 -24 -12 28 -27 -28 -25 -9
right_child=-2 -3 7 4 5 -7 -8 8 16 -11 12 -13 14 -15 -16 -17 18 19 21 20 -22 -23 23 25 -26 26 27 -29 -30 -31
leaf_value=0.044850231907005558 -0.078714960519993327 0.10034431400870703 9.2937675052418757e-05 0.12098740248556002 0.065471053900400228 -0.067506428450858844 -0.12819164080002976 0.045129022997744017 -0.064465077822281724 -0.11595695769822252 0.12494704553176959 -0.12824593572047971 -0.0019838329431646476 -0.16880570311404366 0.15010585789810352 -0.064276629748498057 -0.13541115097818263 0.12223769088865788 0.11817506406994548 -0.10352536176120486 0.096637140457250206 0.0076637443476940742 0.12082197559230085 -0.14494871888805816 -0.061098186924462561 -0.14347783126300306 0.070252053310890392 -0.081413216915905487 0.024057383735271862 -0.025657106991790954
leaf_weight=6.6520984433591392 16.501322369207628 14.872689688811077 75920.897858396653 29.966838080435991 21.465583965182304 18.407860701903701 9.3547811806201917 197.505600258708 308.43445973563939 27.910835709422827 22.767031982541084 28.017678249627352 27.276916559785604 16.745640251785517 67.203116778284311 53.596664894372225 25.519538355991244 31.063470274209976 45.294104490429163 26.400547347962856 13.738580390810965 73.145806849002838 15.783459544181822 34.18081833422184 13.237083248794077 19.682946711778641 68.246808432042599 21.589547779411077 18.969084456562996 64.34922200255096
leaf_count=64 88 30 268634 55 42 97 56 482 1632 97 54 209 99 87 170 211 194 48 137 118 31 256 51 197 67 112 209 128 43 261
internal_value=-1.353e-05 3.283e-06 -1.6041e-05 0.0336351 0.0542428 0.00408105 -0.0562793 -5.34897e-05 -0.00916078 0.0120133 0.0192922 0.000652325 0.0627768 -0.0149924 0.106197 0.0121008 -0.0248023 -0.0460745 0.00024559 0.0335895 -0.0350149 0.0499258 -0.0286021 -0.0133279 0.0565466 -0.0263441 0.00194246 0.0338037 -0.0846308 0.0277338
internal_weight=77258.8 77242.3 77227.4 85.8472 69.8403 39.8734 16.0069 77141.6 1220.66 518.61 490.699 343.469 147.23 52.7498 94.48 315.451 702.049 379.637 322.412 71.2026 40.1391 118.44 203.972 178.453 36.0041 162.669 109.519 89.8364 53.1499 261.855
internal_count=273959 273871 273841 314 194 139 120 273527 4893 1737 1640 1163 477 208 269 954 3156 1829 1327 197 149 393 934 740 121 689 449 337 240 743
is_linear=0
shrinkage=0.1


Tree=110
num_leaves=31
num_cat=0
split_feature=1 3 3 15 7 10 18 4 8 3 17 17 18 11 7 4 11 7 19 7 15 2 18 7 4 5 3 14 1 3
split_gain=9.47699 27.0271 19.9827 19.8581 27.5301 47.2747 35.3063 22.9938 19.3324 18.3533 16.5345 15.5219 14.9055 11.2932 10.7396 10.507 10.461 53.9021 52.8033 49.2385 53.286 47.9259 47.0029 43.8193 55.2993 54.9189 62.9437 44.1996 78.6551 65.7045
threshold=7.5000000000000009 2.3232142857142859e-07 0.00065045454545454553 462.50000000000006 0.097954534889126504 24.590000000000003 3.5000000000000004 10.918333333333335 4.625631313131314 0.0013345238095238098 0.682411374269006 -0.055478684210526312 14.500000000000002 80921.580000000016 0.48490544543176128 11.168439716312058 6459.5700000000006 1.5602650063856962 4.5000000000000009 1.2952069716775603 99.250000000000014 27.500000000000004 1.0000000180025095e-35 0.18185525730387073 22.138095238095243 67.560714285714297 0.00026324561403508775 5.5000000000000009 0.76388888888888895 7.3912037037037041e-08
decision_type=2 2 2 2 2 2 2 2 2 2 2 2 2 2 2 2 2 2 2 2 2 2 2 2 2 2 2 2 2 2
left_child=16 12 3 -3 15 6 7 -6 9 -4 11 -8 -2 -12 -13 -5 -1 19 -19 20 -18 22 -21 24 25 26 27 28 29 -22
right_child=1 2 8 4 5 -7 10 -9 -10 -11 13 14 -14 -15 -16 -17 17 18 -20 21 23 -23 -24 -25 -26 -27 -28 -29 -30 -31
leaf_value=0.00040058421467436287 -0.15921299470259553 0.050772953576721451 0.032909739363310202 -0.010589144779079579 -0.14977438517994265 -0.14005088981008271 -0.020477184156892606 -0.026513143687099033 0.061117363831932926 -0.05677696492173983 -0.09049150775102488 0.019943405342626917 -0.003632403063066419 0.0081272637118314835 0.082070631316780801 0.056272361418401189 -0.028895599406730973 0.073848397165219001 -0.036211686999385144 -0.074216079826139786 0.028468599583774012 0.16257333698198173 0.051108750181025897 0.0058923149688760619 0.0024439008283334944 0.00063915241072013047 -0.012851250411727584 -0.025053955110320509 -0.22119381634855517 -0.086560817038850379
leaf_weight=63631.042464317288 14.076868434436621 73.112295109778643 73.410878077149391 33.408856526017189 24.280177414417267 30.252579778432846 48.416710786521435 40.17700606584549 145.31199288368225 33.107081361114979 23.04890651255846 63.432382635772228 10.946445229463277 23.400777794420719 49.566083744168282 79.269111648201942 694.36311146290973 46.573058851063251 680.91364188282751 37.029094483703375 62.945748245809227 30.182394549250603 156.01102928444743 5614.9716116422787 3057.0653697016824 1004.7295710451872 917.05940604954958 281.66578582674265 34.777223555371165 235.20507995429216
leaf_count=228094 74 127 105 62 78 91 94 79 178 76 60 98 42 42 50 99 2438 68 4735 154 300 25 324 16097 9196 6585 2012 606 168 1802
internal_value=-1.42525e-05 0.0110591 0.0145146 0.00271588 -0.00574538 -0.0214581 -0.00828348 -0.072944 0.0373955 0.00503402 0.0117672 0.0268967 -0.0911543 -0.0408086 0.0471951 0.036448 -0.00012504 -0.00272714 -0.0291657 -0.00114098 -0.00201363 0.0453907 0.0270689 -0.000348288 -0.0066129 -0.0175289 -0.0294468 -0.0542096 -0.0788761 -0.0622758
internal_weight=77249.8 765.218 740.195 488.365 415.253 302.575 272.322 64.4572 251.83 106.518 207.865 161.415 25.0233 46.4497 112.998 112.678 76484.5 12853.5 727.487 12126 11902.8 223.223 193.04 11208.4 5593.45 2536.38 1531.65 614.594 332.928 298.151
internal_count=273959 1355 1239 880 753 592 501 157 359 181 344 242 116 102 148 161 272604 44510 4803 39707 39204 503 478 36766 20669 11473 4888 2876 2270 2102
is_linear=0
shrinkage=0.1


Tree=111
num_leaves=31
num_cat=0
split_feature=10 3 1 0 1 0 10 17 17 10 3 5 0 3 14 17 6 12 0 12 11 17 7 12 13 0 0 19 9 0
split_gain=9.36064 31.7997 26.1446 25.6565 24.1571 22.0456 12.2732 21.5942 34.4883 30.9771 28.0268 45.374 30.8201 23.5082 19.9437 18.2914 50.4852 31.0149 19.7699 19.4638 33.136 31.0459 29.6041 28.6681 16.6646 22.5789 16.6583 31.8212 15.9293 19.271
threshold=5116.3460000000005 0.00020031250000000005 0.010443935427574174 0.13896316102198458 0.039538822303282962 0.2994252873563219 2876.9790000000003 0.046470294117647061 0.086672083333333358 3102.9325000000003 0.00032236111111111116 15.563492063492065 0.52223320158102771 6.3875000000000013e-07 4.5000000000000009 0.0041684285714285721 9.2646238358868747 8.6515883165598115 0.13356807511737093 10.005005005005007 793.41500000000008 -0.45451022727272722 15.050000000000002 21.997067448680355 0.82350000000000001 0.012539308176100631 0.031348270440251576 28.500000000000004 2.535714285714286 0.43804824561403516
decision_type=2 2 2 2 2 2 2 2 2 2 2 2 2 2 2 2 2 2 2 2 2 2 2 2 2 2 2 2 2 2
left_child=6 2 3 -2 -4 -3 -1 15 -9 13 14 -12 -13 -10 -11 16 19 -17 24 20 21 -8 -23 -21 25 -19 27 -26 -15 -30
right_child=1 5 4 -5 -6 -7 7 8 9 10 11 12 -14 28 -16 17 -18 18 -20 23 -22 22 -24 -25 26 -27 -28 -29 29 -31
leaf_value=-7.8001018089559663e-05 -0.10632035625643177 -0.11987836588165257 0.08452555002786355 0.19867608772080939 -0.11368062036955646 0.0032825827487258149 -0.14770062556957492 -0.12765371480849783 0.17290338211029815 -0.10962001974725594 0.093667774435556808 -0.15411546236497958 0.015330484811842427 0.11694618151625667 0.065376352555000461 -0.11539028425313405 -0.19283238959135027 0.16169263340786499 -0.0018395754644363643 -0.099746511869646406 -0.073486003954368675 0.14240981645489989 -0.11141275769279005 0.020995406445691964 0.337337635598281 -0.028256900641608757 0.19697421653637684 -0.10870748372827184 -0.095373385299003924 0.06616496018473543
leaf_weight=76470.435764215537 21.516531643530474 42.291415449697524 45.279436246026307 3.1636096388101569 7.1153831779956809 22.143398970365524 4.6941617673728606 22.921923959234846 14.632144625938961 42.816771853104001 36.920046331360936 18.678435653448105 25.238542154431343 13.305713669862596 7.6807724616955957 8.3332638374995422 11.123508036136625 11.043605708051475 18.877982571721077 21.685231612529606 13.511267420835791 51.776059173163958 5.0425824190024278 211.02929496434808 2.3112395107746115 14.440719762817023 27.183109831064939 5.193067689819145 14.810925839236008 14.729493185877798
leaf_count=262841 4037 781 466 7 226 39 49 373 134 1419 106 96 45 29 20 219 68 68 41 248 191 442 165 1311 2 65 32 269 151 19
internal_value=-1.1741e-05 -0.0257075 0.0176358 -0.0672246 0.0576085 -0.0775534 3.54282e-05 0.0140715 -0.0118214 0.00224071 -0.0245551 0.0119562 -0.056737 0.0634676 -0.0830027 0.0275668 0.0164586 0.0681005 0.0874438 0.0240237 0.0683166 0.0994635 0.119883 0.00974421 0.115455 0.0540575 0.160563 0.0286692 0.0260948 -0.0148269
internal_weight=77229.9 141.51 77.075 24.6801 52.3948 64.4348 77088.4 617.98 211.735 188.813 131.335 80.837 43.917 57.4783 50.4975 406.245 318.862 87.383 79.0497 307.739 75.0241 61.5128 56.8186 232.715 60.1717 25.4843 34.6874 7.50431 42.8461 29.5404
internal_count=273959 5556 4736 4044 692 820 268403 5562 2392 2019 1686 247 141 333 1439 3170 2474 696 477 2406 847 656 607 1559 436 133 303 271 199 170
is_linear=0
shrinkage=0.1


Tree=112
num_leaves=31
num_cat=0
split_feature=13 1 13 10 3 10 11 11 15 7 0 15 6 3 12 19 1 5 7 17 13 16 15 0 12 0 1 0 12 17
split_gain=9.32902 25.6065 25.3663 31.1691 56.4506 40.9777 29.3485 40.1607 53.4172 36.9313 36.9174 42.8574 33.1604 33.8891 40.6175 31.6866 44.1083 41.0315 47.3394 44.4619 34.6905 31.0793 46.8866 46.7046 40.4887 57.9769 75.6784 62.718 47.5368 40.3222
threshold=0.32250000000000006 0.0041783054003724403 0.26750000000000007 2046.1200000000001 0.00023105555555555558 615.553 1949.1050000000002 3761.4650000000006 89.125000000000014 1.6397674418604653 0.66797900262467202 80.125000000000014 0.74981259370314846 0.0003295454545454546 77.000506585612982 74.500000000000014 0.043668954996186123 28.369318181818183 1.3350694444444446 -0.014992857142857141 0.10450000000000001 0.0042223806976882392 572.25000000000011 0.69292803970223338 343.00395778364123 0.0075901601567000812 0.025078616352201263 0.083130081300813022 2392.0784313725494 1.4484037765818185
decision_type=2 2 2 2 2 2 2 2 2 2 2 2 2 2 2 2 2 2 2 2 2 2 2 2 2 2 2 2 2 2
left_child=2 -2 6 5 -5 -4 21 9 10 15 11 -9 -10 14 -14 16 -8 18 19 -18 -21 22 24 -24 -1 26 -26 -27 -29 -28
right_child=1 -3 3 4 -6 -7 7 8 12 -11 -12 -13 13 -15 -16 -17 17 -19 -20 20 -22 -23 23 -25 25 27 29 28 -30 -31
leaf_value=-0.013146479727449454 -0.051376453194263177 -0.000562668228687336 0.021421493115025027 0.27638372277374951 -0.027126878502874093 -0.081707359053428075 0.054510255362780549 -0.032904298393818324 -0.10178988669085759 0.052730733182073289 0.020990315948267758 -0.15362049198520913 0.076860615872335114 -0.0017388925886778835 0.014035658938027322 -0.063034019146335843 -0.10251723861489681 0.026804001118070148 -0.16639242676958022 0.012294633595352333 -0.095978806160829655 0.0019455343118011663 -0.13136975369795012 0.039848371768316654 -0.10036894075335939 -0.10531915041284411 0.057927930571568136 0.0080921849854410088 -0.088245735876961495 -0.039861214243230858
leaf_weight=2997.2175982691115 99.342349662008928 57673.078687178262 720.46497916709632 12.739899996668102 11.807602992281316 40.705788997001946 245.9182500760071 365.1710064408835 27.973640894924756 297.39787921519019 118.41801871731877 31.986026586964726 111.37405945360661 1774.2000299524516 1353.7851898809895 51.862958039855585 44.613803623244166 491.370465926826 19.776254242286086 345.98771603102796 32.359073369763792 9085.9592762826942 57.930079191923141 21.97508605197072 37.644908274523914 62.19671019539237 390.9670033454895 594.38888721913099 56.04933312907815 47.263425949960947
leaf_count=15613 4891 203014 2119 58 52 278 541 1982 471 1467 208 163 191 3637 3631 386 156 878 117 861 107 29531 292 38 256 304 1142 1117 155 303
internal_value=-1.23077e-05 -0.000650045 0.00188201 0.0194832 0.130392 0.0159064 0.00114103 0.00742773 0.00189938 0.0211029 -0.0280149 -0.0426265 0.00661976 0.00755594 0.0188113 0.0134674 0.0168297 0.0069097 -0.01517 -0.00809928 0.00303427 -0.00136025 -0.00840171 -0.0842823 -0.00695316 0.00866533 0.0356933 -0.00938309 -0.000209412 0.0473813
internal_weight=77221.9 57772.4 19449.5 785.718 24.5475 761.171 18663.8 5312.19 3782.91 1529.29 515.575 397.157 3267.33 3239.36 1465.16 1231.89 1180.03 934.107 442.737 422.961 378.347 13351.6 4265.63 79.9052 4185.73 1188.51 475.875 712.635 650.438 438.23
internal_count=273959 207905 66054 2507 110 2397 63547 14796 10283 4513 2353 2145 7930 7459 3822 3046 2660 2119 1241 1124 968 48751 19220 330 18890 3277 1701 1576 1272 1445
is_linear=0
shrinkage=0.1


Tree=113
num_leaves=31
num_cat=0
split_feature=9 19 19 8 9 17 8 2 5 1 19 4 4 17 3 17 3 12 12 12 3 10 9 12 0 0 18 10 17 17
split_gain=9.5762 41.0591 88.8877 72.1656 37.4186 34.8263 33.5988 70.3165 57.7173 75.124 169.954 47.3646 47.9854 72.6031 64.982 64.9004 55.0887 45.7685 43.3263 40.3431 37.4821 37.1838 36.6126 34.1182 32.7172 46.7009 41.3248 44.8728 39.9389 117.272
threshold=78.250000000000014 51.500000000000007 50.500000000000007 7.3769254036949148 91.500000000000014 13.034751139892002 3.6680440771349869 21.500000000000004 23.646428571428576 0.043290854572713651 119.50000000000001 4.2521186440677976 2.4104278074866312 3.3339615384615389 9.7071428571428607e-07 0.044567532467532478 1.2608796296296298e-06 272.03783974179265 1501.5337423312885 388.85785226567356 0.003750714285714286 1355.3665000000003 460.00000000000006 219.97067448680355 0.10355340622371742 0.15349965349965353 31.500000000000004 30.001000000000001 3.8701333809357146 3.1236666666666673
decision_type=2 2 2 2 2 2 2 2 2 2 2 2 2 2 2 2 2 2 2 2 2 2 2 2 2 2 2 2 2 2
left_child=-1 2 3 4 -2 6 7 11 9 23 -11 12 13 18 19 17 -16 -14 -3 22 21 24 -15 -9 26 -26 27 -8 29 -29
right_child=1 5 -4 -5 -6 -7 20 8 -10 10 -12 -13 15 14 16 -17 -18 -19 -20 -21 -22 -23 -24 -25 25 -27 -28 28 -30 -31
leaf_value=-0.00017349613292038296 -0.11782477651368857 -0.092423187241911176 0.49208158434269378 0.45737870252632951 0.14739111239849351 -0.10550736654851707 -0.012506596960987557 0.00057625679762850896 -0.11300119893854305 0.93559051123451875 -0.12209758075339404 -0.11601458239863141 0.15397484547830281 -0.11542966653950414 0.5103171284438951 -0.073151210474412684 0.066183004307856327 0.019111365564701888 0.15949720568958706 0.22093663860613921 -0.18046005640027163 -0.077136533558660181 0.28544919664540352 0.1183713886362484 -0.10659975725874607 0.016173347073009183 -0.038709078688066195 0.078479948312410688 -0.027766737937720182 0.42920266024817261
leaf_weight=75590.468752067682 14.532573620788762 154.15909798152279 5.3431973350234321 3.6610300466418257 8.3914304734207672 27.833801332046278 67.015796594321728 47.592934322485235 17.649803018197417 3.1381314909085622 2.9448436871170998 57.733802068978548 37.300596348941326 20.365649535087876 5.2326584924012405 50.412629408761859 5.9894422572106123 77.338232146576047 7.1432685218751422 5.9864181336015454 9.4004156738519651 37.768906081400928 2.565229218453168 50.869852523319423 32.842099498957396 547.22453995421529 48.542056461563334 213.62093672069022 30.550116786034778 9.9791531157679838
leaf_count=254774 274 3774 56 4 103 527 194 1369 421 30 88 781 87 907 24 301 83 408 23 19 53 4932 6 172 183 1123 450 2382 345 66
internal_value=-1.1294e-05 0.00763684 0.119903 0.0451006 -0.0207414 0.00535549 0.00735484 -0.0125747 0.0542651 0.0825037 0.423551 -0.0318275 -0.0185655 -0.0513189 0.0690288 0.0214094 0.273275 0.0629926 -0.0812669 -0.010234 0.0182782 0.02017 -0.0705842 0.061434 0.0240395 0.0092222 0.0472876 0.0602854 0.0794796 0.0941325
internal_weight=77193.6 1603.13 31.9282 26.585 22.924 1571.2 1543.37 546.423 122.196 104.546 6.08298 424.227 366.493 201.442 40.1394 165.051 11.2221 114.639 161.302 28.9173 996.944 987.544 22.9309 98.4628 949.775 580.067 369.708 321.166 254.15 223.6
internal_count=273959 19185 437 381 377 18748 18221 8493 2080 1659 118 6413 5632 4836 1039 796 107 495 3797 932 9728 9675 913 1541 4743 1306 3437 2987 2793 2448
is_linear=0
shrinkage=0.1


Tree=114
num_leaves=31
num_cat=0
split_feature=17 16 17 9 16 3 16 2 0 18 6 11 0 19 17 3 11 19 17 18 1 14 6 6 17 18 17 1 13 11
split_gain=9.25851 26.2762 25.5886 72.1061 29.3701 38.2062 38.4346 34.8641 34.8044 34.4076 29.0948 43.445 60.0041 39.5553 36.2954 41.8538 34.3423 45.2984 32.7725 41.1789 44.5052 39.5445 58.6906 31.0067 33.935 53.2657 35.3376 35.1461 30.1827 28.8176
threshold=-1.0000000180025095e-35 4.5000000000000009 -0.014992857142857141 24.200000000000003 0.0025586358597452937 0.00027897368421052636 0.003001501501501502 79.500000000000014 0.041812354312354319 24.500000000000004 4.0342925034992358 34.005000000000003 0.094467108618052034 15.500000000000002 -0.021172759740259738 0.001060769230769231 26.570000000000004 30.500000000000004 -0.20089892857142852 3.5000000000000004 1.8750000000000002 4.5000000000000009 5.0025025025025034 8.936557628418095 -0.073646428571428571 7.5000000000000009 -0.080215199999999987 0.94444444444444453 0.96250000000000002 9501.465000000002
decision_type=2 2 2 2 2 2 2 2 2 2 2 2 2 2 2 2 2 2 2 2 2 2 2 2 2 2 2 2 2 2
left_child=1 2 10 4 -4 6 9 -8 -9 -6 14 12 13 18 29 -16 17 -15 -12 20 -20 -21 -23 -13 26 27 -25 -26 -17 -1
right_child=-2 -3 3 -5 5 -7 7 8 -10 -11 11 23 -14 16 15 28 -18 -19 19 21 -22 22 -24 24 25 -27 -28 -29 -30 -31
leaf_value=0.0012356380274594209 -0.00065048493515470953 -0.083210607410740878 -0.059766208667017595 0.076887486638784266 0.041913433599616391 5.684625799956246e-05 0.02096553883490556 0.32918807683415374 0.055506308859064407 0.2746554648716707 -0.026692666127040202 0.011433078699381819 -0.029360117472869086 -0.048264846920809269 -0.054621481147690498 0.060341936793459339 0.19948914779781751 0.14371856304483943 -0.069025140565353554 0.12093287958480275 0.064712842166120471 0.12664326826427724 -0.15133679660027904 -0.0081397161393668028 -0.1890375256781778 1.5923625525697839e-06 0.11435187375135894 0.0062251197771173881 -0.025114177352279995 -0.015235464511293493
leaf_weight=12797.661660401209 57839.389086036579 36.226135220378637 63.115664012730122 163.48641086491989 13.04773955140263 1073.76417550724 355.74144004005939 7.3814685209654298 12.541851405054329 12.377615163102744 61.021942835301161 1937.0952371465974 106.33604687452316 20.570259775966406 262.40792942745611 68.482052693143487 31.27158872410655 30.532032118178904 43.525418840348721 104.47595300525427 58.095169499516487 15.605395875871183 14.797050654888151 664.998560057953 37.154934928752482 59.265828530304134 24.416561611928046 12.259628891944883 104.24533843994141 1158.3607114657061
leaf_count=41247 213426 200 330 708 80 2629 1639 87 42 27 219 4877 244 105 1235 117 80 85 190 241 112 37 75 1781 223 173 41 28 272 3409
internal_value=-1.70199e-05 0.00187645 0.00203605 0.0137469 0.00703503 0.00989376 0.0362283 0.028175 0.156904 0.155217 0.000904726 0.00949527 0.0370387 0.0556244 -0.00101824 -0.0294594 0.116949 0.0664393 0.0386456 0.0555043 0.00743113 0.0917238 -0.00865127 0.0045989 -0.0119886 -0.0639238 -0.00380151 -0.140593 0.00876702 -0.000131476
internal_weight=77189.7 19350.3 19314 1701.46 1537.97 1474.85 401.09 375.665 19.9233 25.4254 17612.6 3221.42 486.231 379.895 14391.2 435.135 82.3739 51.1023 297.521 236.499 101.621 134.878 30.4024 2735.19 798.096 108.68 689.415 49.4146 172.727 13956
internal_count=273959 60533 60333 5542 4834 4504 1875 1768 129 107 54791 8511 1388 1144 46280 1624 270 190 874 655 302 353 112 7123 2246 424 1822 251 389 44656
is_linear=0
shrinkage=0.1


Tree=115
num_leaves=31
num_cat=0
split_feature=6 18 6 11 0 17 19 19 13 8 2 0 7 5 2 11 7 13 8 11 4 6 16 17 15 5 2 0 10 0
split_gain=9.43092 23.0148 44.9565 41.2643 38.7064 38.1874 37.6765 46.8785 43.3331 38.6985 41.7115 74.9407 47.978 59.6106 35.9142 44.3451 42.7334 42.9119 38.7074 93.7357 37.6105 37.5162 44.2175 42.7128 42.3655 62.8445 35.9787 40.5148 35.8952 39.1451
threshold=1.0133423697253487 1.5000000000000002 1.4996251874062969 1.9850000000000001 0.14339826839826844 0.54998214285714297 50.500000000000007 62.500000000000007 0.73150000000000015 7.6015568226284316 4.5000000000000009 0.057190957190957202 3.6691542288557217 24.75961538461539 33.500000000000007 1222.3400000000001 0.32713446249567929 0.10650000000000001 1.2513736263736266 11511.760000000002 33.724747474747481 2.3710737436260705 0.20256410256410259 -0.11947736666666665 31.250000000000004 8.0277777777777803 37.500000000000007 0.16585760517799356 1712.7705000000001 0.1502688172043011
decision_type=2 2 2 2 2 2 2 2 2 2 2 2 2 2 2 2 2 2 2 2 2 2 2 2 2 2 2 2 2 2
left_child=-1 2 4 -3 5 6 9 8 -8 10 -2 -12 13 -13 -4 20 17 -17 19 -18 21 24 23 -23 28 -26 27 -25 -16 -30
right_child=1 3 14 -5 -6 -7 7 -9 -10 -11 11 12 -14 -15 15 16 18 -19 -20 -21 -22 22 -24 26 25 -27 -28 -29 29 -31
leaf_value=0.0013021967621977531 0.012635197751137401 0.053659493780411884 -0.0043520174560643509 0.00017060412683918454 -0.036406531760210734 0.094198170114606988 0.010177299128566748 -0.017394010818964651 0.24137765061575919 -0.10220352376755415 -0.11079674157363595 -0.068359416845171023 0.16802145158963427 0.13351213251039656 -0.12019447188718919 0.075113268431680688 0.056351595058423645 -0.030242449416402969 0.054494782385494593 0.38908379854566499 -0.15761340609389574 0.15501443352039429 -0.13044190410910603 0.11553298578553646 0.19442845586401841 -0.035279812198016548 0.001445901400966329 -0.016565758669423541 -0.12122517466169991 0.15855573924521196
leaf_weight=31836.660721041961 310.54518521134742 144.85497498326004 9484.19870650745 33287.175200711354 778.04902675375342 37.753026908962056 13.861494615906848 37.627841425361112 19.52636141795665 49.932132963091135 93.070334727875888 58.253326833248138 16.945651404559612 19.532202590256929 67.000809988938272 61.005570388399065 25.111203561536968 105.54558295381139 138.79322302341461 12.773573153652249 14.722658075392244 23.372528578154743 19.502413679845631 65.764212926849723 15.915954564698039 47.320241255220026 356.1634950011503 35.887271836400032 9.1356192936655152 11.049067512154577
leaf_count=125668 1049 221 29744 107729 1903 169 108 422 98 210 1166 264 39 54 465 110 191 677 452 50 97 52 166 241 75 416 1863 75 174 11
internal_value=-1.71268e-05 -0.000943108 -0.0047141 0.000402362 -0.0213146 -0.00344329 -0.00939565 0.059139 0.145391 -0.0182726 -0.00986308 -0.0470658 0.0155477 -0.0176688 -0.00244376 0.015492 0.04469 0.00834801 0.078949 0.168539 0.000440705 0.00401456 0.0171714 0.0231542 -0.0397791 0.0225356 0.0164224 0.0688965 -0.0849763 0.0319265
internal_weight=77197 45360.4 11928.4 33432 1435.1 657.048 619.295 71.0157 33.3879 548.279 498.347 187.802 94.7312 77.7855 10493.3 1009.06 343.229 166.551 176.678 37.8848 665.834 651.112 500.69 481.188 150.422 63.2362 457.815 101.651 87.1855 20.1847
internal_count=273959 148291 40341 107950 5482 3579 3410 628 206 2782 2572 1523 357 318 34859 5115 1480 787 693 241 3635 3538 2397 2231 1141 491 2179 316 650 185
is_linear=0
shrinkage=0.1


Tree=116
num_leaves=31
num_cat=0
split_feature=10 2 15 6 3 3 18 4 16 11 5 8 9 4 5 8 16 10 18 0 5 11 8 12 13 3 12 12 11 8
split_gain=9.27704 37.2309 64.3174 47.8882 43.7697 36.2863 30.7703 30.5053 29.8224 60.0302 54.0771 32.3572 40.1099 58.0753 34.7431 45.6534 35.3779 34.1772 39.5795 28.7869 28.3032 52.2044 35.0899 33.4653 36.4354 30.2863 27.0659 64.4019 27.7207 25.99
threshold=186.66100000000003 7.5000000000000009 21.250000000000004 2.482416643386522 0.00034309523809523815 0.013585714285714286 7.5000000000000009 4.496666666666667 0.0017878452096829187 22443.155000000002 33.447619047619057 4.6679487179487191 22.900000000000002 1.654037773359841 16.763888888888893 8.7513440860215059 0.0090171398835658789 192.39200000000002 25.500000000000004 0.16585760517799356 14.02777777777778 18636.715000000004 2.7448894451397585 32.008537886873007 0.71050000000000002 6.3773076923076941e-08 623.01832460732987 607.0066505441356 176.22500000000002 19.81666666666667
decision_type=2 2 2 2 2 2 2 2 2 2 2 2 2 2 2 2 2 2 2 2 2 2 2 2 2 2 2 2 2 2
left_child=29 2 3 7 6 8 -5 -2 9 10 -4 17 14 -14 15 16 -13 18 -10 -9 21 23 -22 -19 -25 -26 27 28 -15 -1
right_child=1 -3 5 4 -6 -7 -8 19 11 -11 -12 12 13 26 -16 -17 -18 20 -20 -21 22 -23 -24 24 25 -27 -28 -29 -30 -31
leaf_value=0.00047468904286121559 -0.14704417120165456 -0.00062674264474372641 -0.11802544847298076 0.11103039951090843 -0.14502129984487663 -0.16484056253385804 -0.059882450266030021 -0.13380975559901465 -0.17642856056377826 0.28443977178002366 0.16807210702810627 -0.15640037086927697 0.059796789209893342 0.035872142646637503 -0.0023241198148974489 0.019965704324244004 0.0059146024054085424 0.068496825213141752 0.079591493392162427 0.036065031157053729 -0.074446992907325024 -0.22987426492112686 0.069271977662225315 0.032445594359602745 0.057806140107423389 -0.10262867285975003 -0.1810714453400093 0.12430379809464265 -0.13988705924319167 0.019642298810757557
leaf_weight=51629.277786304941 77.555942652048543 23345.025789438107 15.747997653670611 28.797418779693544 15.735518263652919 14.822707712650297 16.60916826617904 18.034098628908396 18.762242622673515 10.413781795417888 11.381595250219105 50.461128758266568 27.667429242283106 10.664436977356671 617.24284603819251 41.146624431014061 18.297108888626099 62.970741830766201 8.9040651768445951 22.324131578207016 19.250671109184623 9.6722061999607813 144.56588936969638 69.341128250584006 14.852338239550589 56.634077044203877 31.216109599918127 13.917292237281798 56.59884187579155 717.23714915476739
leaf_count=152645 1273 113450 222 195 120 61 205 113 132 56 19 276 62 41 1372 83 41 265 35 36 107 51 345 265 98 426 226 19 299 1421
internal_value=-1.79773e-05 -0.0016091 -0.0168613 -0.0731131 -0.00129525 -0.00925694 0.0485126 -0.110353 -0.00749612 0.0803433 0.00200019 -0.0100884 -0.0209865 -0.0699882 -0.0115478 -0.0633493 -0.113207 0.0132502 -0.0940316 -0.0398436 0.0211171 -0.0028763 0.052383 0.00789696 -0.0192001 -0.069296 -0.101936 -0.0715062 -0.112021 0.000737318
internal_weight=77195.1 24848.6 1503.59 179.056 61.1421 1324.53 45.4066 117.914 1309.71 37.5434 27.1296 1272.17 867.212 140.064 727.148 109.905 68.7582 404.953 27.6663 40.3582 377.287 213.47 163.817 203.798 140.828 71.4864 112.397 81.1806 67.2633 52346.5
internal_count=273959 119893 6443 1942 520 4501 400 1422 4440 297 241 4143 2419 647 1772 400 317 1724 167 149 1557 1105 452 1054 789 524 585 359 340 154066
is_linear=0
shrinkage=0.1


Tree=117
num_leaves=31
num_cat=0
split_feature=3 7 5 17 10 2 16 17 7 7 18 7 4 11 17 0 1 17 18 11 18 4 17 10 15 17 17 0 16 9
split_gain=9.21865 33.3905 21.5294 40.9933 17.0861 23.175 38.3856 21.1298 52.8415 34.8616 29.8419 25.4005 31.039 23.2932 22.7698 23.4645 22.2301 19.4394 51.0251 33.4896 20.5518 27.0142 19.2121 24.4663 32.3632 22.2641 27.1789 24.1835 19.4235 18.9412
threshold=0.015071428571428574 4.3100961538461542 98.213235294117666 0.031284235714285728 815.10400000000016 29.500000000000004 0.062746062992125998 0.18721625000000003 0.19064323929961091 0.2480323433560844 18.500000000000004 0.33840370156159633 7.9455882352941183 558.70500000000015 0.24630000000000005 0.55662393162393176 0.055250305250305255 -0.75083392857142839 4.5000000000000009 44.005000000000003 12.500000000000002 8.2817460317460334 0.23333430154479171 13.408500000000002 2.3750000000000004 2.0134125014107149 0.40195666666666674 0.44365079365079368 0.033403068340306839 2.9375000000000004
decision_type=2 2 2 2 2 2 2 2 2 2 2 2 2 2 2 2 2 2 2 2 2 2 2 2 2 2 2 2 2 2
left_child=-1 2 4 -4 5 7 -7 17 16 -10 11 13 14 -11 -13 -16 -9 18 -2 -20 21 -21 28 24 -24 26 -25 -28 -18 -19
right_child=1 -3 3 -5 -6 6 -8 8 9 10 -12 12 -14 -15 15 -17 22 29 19 20 -22 -23 23 25 -26 -27 27 -29 -30 -31
leaf_value=-0.00024853321584114915 -0.14747810481635543 -0.09665463834803624 -0.17785940369443509 0.016398161842023085 0.081321836178486873 -0.1394400540920315 0.0713169619793734 0.093318599312833872 -0.11802663561053275 0.035316803330258578 0.0633010047550253 -0.13605575348984617 -0.16609426782125955 -0.060494440961353792 0.00094279231133234274 -0.10056534557480548 0.010774314550538656 0.019816694280142742 0.073587604189797304 -0.16586759988996891 -0.00073554659309432659 -0.0017052294782886708 -0.040842986556752253 -0.083076413114638537 0.070773205691328236 -0.088060544769233945 -0.053948771845907344 0.034832986467848034 -0.1324599999075276 -0.0062944412141738336
leaf_weight=73873.454851917078 25.64960552752018 31.902689035981894 18.29495394974947 26.742074560374022 30.726952636614442 26.259218007326126 12.880804911255835 33.783988904207945 44.696650184690952 73.30184942483902 35.075698304921389 21.74596431106329 23.447585441172123 38.808488383889198 89.610857456922531 30.531229071319103 19.454238295555115 1712.0171171166003 50.021520398557186 19.624567069113255 138.57371636852622 20.490458689630032 32.997642002999783 29.508189477026463 122.10451484844089 27.512871526181698 37.171520680189133 175.71587060764432 18.44266589730978 331.62917908653617
leaf_count=266881 87 222 94 46 105 129 26 48 128 110 44 82 81 93 201 81 37 3446 72 71 259 39 84 86 165 76 88 278 65 735
internal_value=-1.75757e-05 0.00515462 0.00614885 -0.0625132 0.00710867 0.00639407 -0.0700809 0.00734372 -0.00608795 -0.0354211 -0.0236069 -0.0345941 -0.0595097 0.00215046 -0.0418961 -0.0248531 0.0150083 0.0123348 -0.0137354 0.00126368 -0.0189824 -0.0820147 0.00929303 0.0153764 0.0470271 -0.00281163 0.00686447 0.0193311 -0.0589312 0.0155796
internal_weight=77172.2 3298.72 3266.82 45.037 3221.78 3191.06 39.14 3151.92 853.91 357.218 312.522 277.446 165.336 112.11 141.888 120.142 496.692 2298.01 254.36 228.71 178.689 40.115 462.908 425.011 155.102 269.908 242.396 212.887 37.8969 2043.65
internal_count=273959 7078 6856 140 6716 6611 155 6456 1747 820 692 648 445 203 364 282 927 4709 528 441 369 110 879 777 249 528 452 366 102 4181
is_linear=0
shrinkage=0.1


Tree=118
num_leaves=31
num_cat=0
split_feature=13 1 16 7 3 13 15 15 7 8 1 16 8 11 7 3 0 5 19 9 8 17 17 17 13 11 16 1 11 0
split_gain=9.2005 23.4609 25.1365 45.24 34.6902 28.2055 22.4241 63.7464 50.4382 44.3048 42.3695 46.3562 52.4374 53.9511 40.5329 44.5598 39.2734 41.9393 38.1808 37.7043 32.8316 34.6806 49.6529 30.7796 29.649 29.431 40.9526 55.0934 39.3986 32.4259
threshold=0.16950000000000004 0.0041783054003724403 0.0030896016291205295 0.15400641025641029 0.00080111111111111127 0.73950000000000016 213.37500000000003 202.25000000000003 4.5013368983957234 7.8461174242424248 0.73863636363636376 0.026359214868855309 2.3349358974358982 142.00500000000002 2.4902948861515495 0.0024585714285714289 0.83457711442786076 55.291666666666679 103.50000000000001 94.250000000000014 0.74937810945273642 -0.0046529785714285706 -0.036405599999999989 13.034751139892002 -0.35549999999999993 12.995000000000003 0.052805855698849775 0.049752475247524762 18.605000000000004 0.055684754521963829
decision_type=2 2 2 2 2 2 2 2 2 2 2 2 2 2 2 2 2 2 2 2 2 2 2 2 2 2 2 2 2 2
left_child=6 2 3 4 5 -2 7 10 18 -9 16 14 13 20 -12 -16 17 23 19 -8 21 22 -13 25 -20 26 27 -1 -27 -28
right_child=1 -3 -4 -5 -6 -7 8 9 -10 -11 11 12 -14 -15 15 -17 -18 -19 24 -21 -22 -23 -24 -25 -26 28 29 -29 -30 -31
leaf_value=-0.13233148152678828 0.24195957059673745 -0.00052588412837305286 -0.087916716221861521 -0.11394916906070063 0.24021143958775282 -0.1270279905740993 0.0080303465315737909 -0.12506133808539296 0.11451178340766505 0.010306862043152312 -0.013806730561487294 -0.10302791761260517 0.019756754367577602 -0.12522168099517741 0.011878346196288626 0.1222416622438952 0.02567738432949029 -0.097770754695378978 0.085758611724058381 0.11188235267878066 0.021055087801694666 -0.095633331341493655 0.13566938335663617 -0.15019871099931509 -0.083239831722140056 -0.038980995741411534 0.21229370772059536 0.038002036269505934 0.0021813292321655599 0.043635689898142663
leaf_weight=21.82026026211679 2.9243085607304256 59549.863672555541 62.191474365157774 15.132123208197298 10.567555680871008 7.1046760317694861 3681.905233733356 68.408249005675316 44.566230848431587 37.394235916435719 1121.5671485522762 16.782900258898735 97.678448893129826 98.486535934731364 256.31687230372336 42.675252206623554 711.32482257112861 42.449681453406811 12.120872173691167 35.294282179325819 68.951389372348785 95.017977794632316 18.12746637314558 13.303167279460466 72.326693232287653 237.78167458530515 21.429501412436366 146.3389969880227 10530.511098783929 24.354507654905319
leaf_count=146 11 209582 849 856 9 3183 8468 301 63 76 3022 73 167 542 1096 93 1252 128 45 82 157 533 32 262 730 1030 70 480 40576 45
internal_value=-1.4569e-05 -0.000606305 -0.0495143 0.0173314 0.113782 -0.0194365 0.00200038 0.000102585 0.00874578 -0.0772176 0.00070566 -0.0135115 -0.043812 -0.064693 -0.00508522 0.0276305 0.00290262 0.00143494 0.0075059 0.00901641 -0.0347188 -0.0643174 0.0209174 0.00181793 -0.0589833 0.00200208 0.0387287 0.0158996 0.0012724 0.122577
internal_weight=77164.7 59647.8 97.9201 35.7287 20.5965 10.029 17516.9 13670.7 3846.21 105.802 13564.9 1815.6 395.045 297.366 1420.56 298.992 11749.3 11038 3801.65 3717.2 198.88 129.928 34.9104 10995.5 84.4476 10982.2 213.943 168.159 10768.3 45.784
internal_count=273959 214490 4908 4059 3203 3194 59469 50081 9388 377 49704 5715 1504 1337 4211 1189 43989 42737 9325 8550 795 638 105 42609 775 42347 741 626 41606 115
is_linear=0
shrinkage=0.1


Tree=119
num_leaves=31
num_cat=0
split_feature=6 11 3 11 14 14 18 14 17 19 4 4 16 18 16 11 14 17 3 17 19 16 0 6 6 14 6 16 16 17
split_gain=9.28167 38.8339 26.6439 25.0041 24.3407 23.9544 23.718 29.2799 23.5291 34.3306 20.168 22.2211 20.681 11.6654 11.0388 37.6247 41.1659 36.1023 31.1384 30.86 41.5202 37.7594 49.8886 35.1727 30.346 30.127 29.6191 43.8948 35.7167 35.0899
threshold=48.134847080630216 22.565000000000001 0.0010020833333333336 64.010000000000005 6.5000000000000009 5.5000000000000009 1.5000000000000002 5.5000000000000009 0.22648095238095239 13.500000000000002 0.99166666666666681 1.9588963963963966 0.062746062992125998 1.5000000000000002 1.0833333333333337 23.355000000000004 6.5000000000000009 0.30910639204545459 0.0028558441558441563 0.062498750000000006 10.500000000000002 2.5833333333333335 0.12459150326797387 4.275789569907217 3.6975412615253367 3.5000000000000004 4.7327945046945299 4.5000000000000009 1.3666666666666669 0.29824780702631587
decision_type=2 2 2 2 2 2 2 2 2 2 2 2 2 2 2 2 2 2 2 2 2 2 2 2 2 2 2 2 2 2
left_child=14 6 3 8 5 -4 -2 -8 9 13 12 -12 -5 -3 -1 17 18 19 26 20 -16 22 24 -23 -21 -20 29 28 -28 -17
right_child=1 2 4 10 -6 -7 7 -9 -10 -11 11 -13 -14 -15 15 16 -18 -19 25 21 -22 23 -24 -25 -26 -27 27 -29 -30 -31
leaf_value=4.0795765735337109e-05 -0.14870924080529721 0.052628446428590873 -0.069222631364253842 -0.16072652871528637 -0.10206190637615929 0.046888126935425045 -0.10284643774253795 0.060788708032834239 0.18462284571935705 0.14397017619421454 0.12393900557083951 0.022535542154673849 0.0048332599428130745 -0.074064359965588786 0.01031461832180483 -0.08678781910213304 0.063922663711462366 -0.099934249703188149 0.051531645123170593 0.14015553573594949 -0.12572687307796734 0.17338876177386425 -0.14610710723758311 0.046476648256881574 -0.052595473615012489 -0.086590176694275614 -0.11359286964587748 -0.1279148564254983 0.0051241589581108036 0.021547248211505679
leaf_weight=75395.940702544118 20.652762144804001 13.002169452607633 27.29996906593442 11.375054392963646 28.173673272132874 50.888659052550793 21.26470872759819 22.510506987571716 18.507355928421021 23.433997793123126 23.503365769982338 268.29677855595946 22.408637389540672 16.478351645171642 308.86922378093004 187.10972571186721 47.8222301825881 27.838648609817028 71.903193928301334 19.50867922604084 24.191667443141341 34.722767237573862 18.214226275682449 58.845524232834578 14.050460424274204 20.236152075231075 28.377573281526566 34.219360491260886 236.93110816460103 35.584098428487778
leaf_count=267738 119 49 97 113 80 77 109 51 28 64 52 482 95 80 931 1023 108 95 170 54 196 81 67 179 82 93 186 265 1100 95
internal_value=-1.42144e-05 0.0127241 0.0220804 0.0339888 -0.0223685 0.00634745 -0.0603755 -0.0187004 0.0875713 0.0536265 0.0222346 0.0307032 -0.0509111 -0.0181874 -0.000108681 -0.00975409 -0.0254442 0.0107692 -0.0324006 0.0172111 0.000433331 0.0556586 -0.0128632 0.0935732 0.059455 0.0211966 -0.0418571 -0.0213222 -0.00757388 -0.069477
internal_weight=77132.2 567.796 503.368 397.006 106.362 78.1886 64.428 43.7752 71.4219 52.9145 325.584 291.8 33.7837 29.4805 76564.4 1168.42 662.183 506.241 614.361 478.403 333.061 145.342 51.7734 93.5683 33.5591 92.1393 522.222 299.528 265.309 222.694
internal_count=273959 1496 1217 963 254 174 279 160 221 193 742 534 208 129 272463 4725 3040 1685 2932 1590 1127 463 203 260 136 263 2669 1551 1286 1118
is_linear=0
shrinkage=0.1


Tree=120
num_leaves=31
num_cat=0
split_feature=19 7 16 8 5 16 8 17 4 12 6 8 11 3 11 6 10 10 16 10 12 6 6 19 4 7 11 5 8 5
split_gain=9.05351 14.4971 9.83548 8.85755 42.5143 91.3201 79.7034 67.481 47.2708 46.4689 45.2429 44.1666 114.488 57.5798 41.1869 41.0652 40.5422 50.706 45.2024 39.9915 38.8717 63.1999 42.2303 37.5115 38.9629 36.9561 51.837 60.5944 36.6735 35.9589
threshold=1.0000000180025095e-35 1.5857862741961288 0.0045523625310859355 5.8313008130081307 21.027777777777782 0.0047751698767158702 6.4387500000000015 13.034751139892002 9.3903207331042413 35.002917152858821 0.93023336310080096 6.2673539518900352 149.84500000000003 6.3875000000000013e-07 52.015000000000008 16.472210916655367 346.60850000000005 465.51500000000004 0.0034863463252572729 52.802000000000014 41.00113895216402 1.099303921884567 1.3449905208469011 23.500000000000004 14.971217105263159 0.29185938945420914 5054.5600000000004 64.696969696969717 12.40689655172414 32.033333333333339
decision_type=2 2 2 2 2 2 2 2 2 2 2 2 2 2 2 2 2 2 2 2 2 2 2 2 2 2 2 2 2 2
left_child=1 2 -1 29 5 6 10 8 14 -10 -5 12 19 -13 -8 28 -16 -18 -19 -6 -20 -22 -23 -21 -25 -14 27 -27 -7 -2
right_child=3 -3 -4 4 11 15 7 -9 9 -11 -12 13 25 -15 16 -17 17 18 20 23 21 22 -24 24 -26 26 -28 -29 -30 -31
leaf_value=0.0037501174966477939 0.00020530468781824074 -0.063119994918875696 0.080134953526511093 0.098689516228925814 0.0086068725077898534 0.012271657451904424 0.099217018108743338 0.1814714614227419 -0.18578492676808522 -0.042072841521152898 -0.12726025239479463 -0.02431211713810251 0.01348103032821666 0.0032920493964267877 -0.07531209816469886 -0.089733454926011147 0.096684716608520627 0.03127077606086761 0.056594060579249476 -0.19238783896337053 -0.14971597868785977 0.10872884375697983 -0.090108891599271657 -0.12002446391750732 0.060229242941329475 0.013340988951957773 0.088827013864373985 0.12932138723989037 -0.043943819955617941 -0.0077634180615624472
leaf_weight=27.46191943064332 50615.983596846811 13.297399383038281 43.652225624769926 9.6163785085082036 42.238088943064213 1387.4473324753344 36.189432601444423 15.786971947643904 23.772445879876614 420.23877740523312 112.95078452676535 795.5266718819621 858.77690402977169 15075.340352329134 80.58835669234395 44.652147449553013 49.818944402039051 115.05904097482562 24.936995943076909 33.778899572789669 59.079866908490658 21.498189680278301 21.228953745216131 34.578905584290624 18.358275525271893 394.62838028557599 191.20603348687291 50.851365298032761 126.64134417101741 6376.1107302871533
leaf_count=146 201206 73 95 44 76 2777 59 64 94 1820 567 9908 1903 34527 285 119 87 436 68 133 280 40 79 143 35 931 251 48 367 17298
internal_value=-1.44303e-05 0.0327174 0.0506377 -5.02954e-05 0.00175777 -0.0103065 -0.0340451 -0.0233882 -0.0271823 -0.0497672 -0.109533 0.00351583 0.0192208 0.00190839 -0.00262809 0.00478231 -0.0125303 0.00481911 -0.0141081 -0.0711859 -0.0553033 -0.0827118 0.00993644 -0.110052 -0.0575136 0.0270166 0.0452738 0.0265801 0.00756968 -0.000686213
internal_weight=77121.3 84.4115 71.1141 77036.9 20044.8 2549.51 990.765 868.198 852.411 444.011 122.567 17495.3 1624.42 15870.9 408.4 1558.74 372.21 291.622 241.803 128.954 126.744 101.807 42.7271 86.7161 52.9372 1495.46 636.686 445.48 1514.09 56992.1
internal_count=273959 314 241 273645 55141 7186 3923 3312 3248 1914 611 47955 3520 44435 1334 3263 1275 990 903 387 467 399 119 311 178 3133 1230 979 3144 218504
is_linear=0
shrinkage=0.1


Tree=121
num_leaves=31
num_cat=0
split_feature=11 7 19 7 15 8 8 2 0 2 5 18 8 3 9 16 11 2 0 11 16 12 17 1 5 1 7 11 17 0
split_gain=8.52981 46.8026 41.6926 38.9653 42.2114 39.4235 45.6261 65.3521 42.7991 38.8511 38.5912 37.6107 37.3302 36.8266 53.1388 45.7865 44.6864 41.6182 37.9544 32.3162 32.891 67.9136 46.7197 67.0318 43.1599 56.9029 38.2795 37.7495 38.692 32.0922
threshold=6459.5700000000006 1.5602650063856962 4.5000000000000009 1.2952069716775603 99.250000000000014 0.80047393364928932 1.1431498829039815 5.5000000000000009 0.025723738626964438 27.500000000000004 7.3416666666666677 1.0000000180025095e-35 3.2231800766283532 0.00023105555555555558 2.6904761904761911 0.0030596642326655436 10745.685000000003 56.500000000000007 0.32672684458398749 80921.580000000016 0.0029455144889814337 87.001048218029368 0.2181866233766234 0.12060606060606062 25.809090909090912 0.10432213930348259 0.30794920728126846 18636.715000000004 0.13572008983333336 0.20864427860696519
decision_type=2 2 2 2 2 2 2 2 2 2 2 2 2 2 2 2 2 2 2 2 2 2 2 2 2 2 2 2 2 2
left_child=-1 3 -3 4 19 -6 7 -7 -9 11 -8 12 -5 16 -15 18 -4 -18 -16 20 21 -2 -23 -24 27 -26 -27 -22 -29 -13
right_child=1 2 13 9 5 6 10 8 -10 -11 -12 29 -14 14 15 -17 17 -19 -20 -21 24 22 23 -25 25 26 -28 28 -30 -31
leaf_value=0.00046491716218581422 -0.15477009259344882 0.06570684578101825 0.020711591853968599 -0.17944220586524212 -0.12935222737938529 0.004245634757677314 0.078103896647738646 0.22649217463491864 0.05781386798462497 0.1486192235104942 -0.0011036174288437965 0.1142954919612279 0.02303862202691832 -0.01928254439786602 -0.11737492612643854 -0.18836076593693193 -0.04638219524508011 0.20759027428933241 0.07422161878109379 0.11360534114088179 0.016219976093891624 -0.077545491365952596 -0.09631320036328514 0.1631899401582024 -0.0085535251366929254 -0.20075679639479965 -0.014593089077369155 -0.11930489348017229 0.0087963394005530458 0.01557111581227107
leaf_weight=63936.102312413976 58.171360091306269 45.880451649427414 185.44985775474925 16.272182090207934 23.577391487080604 103.96502402797341 61.849469292908907 27.697847502306104 32.92181458324194 29.038429766893387 11252.476751241018 47.751662958413363 20.673161074519157 102.98546487651765 29.323326874524355 50.398814661428332 310.14085197413806 6.5893219858407965 15.970132209360598 16.29002582654357 304.32875747093931 56.856422382872552 16.345589958131313 25.455606148345396 68.414926830679178 37.767755776643753 15.610631875693796 47.850311191752553 46.483187340199947 106.05953463166952
leaf_count=228848 458 70 1057 109 332 229 174 133 68 25 36369 144 45 224 388 229 2793 84 19 47 653 346 139 52 176 151 32 241 144 180
internal_value=-1.23307e-05 -0.00233052 -0.0266452 -0.000868138 -0.00162019 -0.000175567 8.9759e-05 0.0523626 0.134885 0.0408622 -0.000670632 0.0244586 -0.0661419 -0.0326909 -0.0691344 -0.122786 -0.0182727 -0.0410985 -0.0498194 -0.0255784 -0.028926 -0.0690711 -0.0185404 0.061716 -0.0168291 -0.0689293 -0.146313 -0.000912274 -0.0561825 0.0462207
internal_weight=77098.7 13162.6 746.738 12415.9 12196.1 11502.5 11478.9 164.585 60.6197 219.795 11314.3 190.757 36.9453 700.858 198.678 95.6923 502.18 316.73 45.2935 693.575 677.285 156.829 98.6576 41.8012 520.456 121.793 53.3784 398.662 94.3335 153.811
internal_count=273959 45111 4864 40247 39744 37305 36973 430 201 503 36543 478 154 4794 860 636 3934 2877 407 2439 2392 995 537 191 1397 359 183 1038 385 324
is_linear=0
shrinkage=0.1


Tree=122
num_leaves=31
num_cat=0
split_feature=2 8 11 19 18 10 10 2 5 8 0 16 10 12 17 0 6 1 12 12 1 2 16 0 3 4 0 6 8 11
split_gain=8.55346 18.9243 15.6212 13.2255 8.53072 22.4488 28.1336 32.5865 42.8997 36.8222 27.3009 23.4019 34.4534 29.2248 57.0249 43.4261 37.8921 33.4273 33.0754 33.8743 31.7938 33.8119 49.7544 41.2234 109.145 52.3176 34.6528 31.2856 25.9118 39.1967
threshold=166.50000000000003 2.213700234192038 1778.5250000000003 210.50000000000003 25.500000000000004 280.51600000000002 263.37850000000009 10.500000000000002 9.3589743589743613 7.9514705882352947 0.083130081300813022 0.033403068340306839 548.84500000000014 5.360493550454156 0.25515975324675327 0.35032467532467537 1.1978439287559068 0.022792207792207798 19.00118764845606 21.997067448680355 0.018576029445594666 49.500000000000007 0.018590251277989779 0.025105042016806727 0.00031464285714285719 4.496666666666667 0.12541390728476823 1.0133423697253487 1.668439716312057 56.010000000000012
decision_type=2 2 2 2 2 2 2 2 2 2 2 2 2 2 2 2 2 2 2 2 2 2 2 2 2 2 2 2 2 2
left_child=4 -2 3 -3 -1 6 -6 9 10 -8 -9 13 -13 14 15 17 -16 -7 20 -20 -15 22 23 24 25 -22 27 -25 -21 -30
right_child=1 2 -4 -5 5 11 7 8 -10 -11 -12 12 -14 18 16 -17 -18 -19 19 28 21 -23 -24 26 -26 -27 -28 -29 29 -31
leaf_value=-0.00037857716060954319 -0.10799364150384523 -0.013236701625071104 -0.11020661374253736 0.18997362251855632 0.0049422635449626615 0.0096123949735700334 -0.16525046434186777 0.23435575772043016 0.031579935642742932 0.045209857243933761 0.070621092308308375 -0.017668427902698357 0.15739854096942241 -0.075673835180166155 0.11455287716477447 -0.37677069120439177 -0.17167525480545542 -0.11646060447942855 -0.10459253935975028 -0.045393246414784309 -0.10539801721549365 0.1317202845910356 -0.1737928386030432 0.0034259446867676382 0.23618186124610646 0.42728828734701363 0.036213519931880274 -0.15472875261459373 -0.1132208586550006 -0.0016535363793762409
leaf_weight=67741.833072457623 22.22481415427319 6.3053397377952951 5.6020375504667745 6.5087912906892598 6395.5417590996949 31.658010367304087 14.152765898033975 20.625425782520324 98.893357122782618 20.148027813993394 20.114806219935417 23.312943532131612 21.710102286189795 28.462738906266168 26.324666572385471 4.9926133304834357 5.6109514540294176 62.650662520900369 35.742560463491827 158.48749841586687 20.07245504879393 32.2288663322106 12.21778881549835 32.735994331538677 30.098026169463992 2.0302506666630498 161.31789247691631 20.241766607388854 31.994161234237254 1999.1261175823893
leaf_count=235992 879 66 3645 37 18665 566 140 100 237 38 26 90 88 349 425 26 138 973 243 2020 642 56 59 110 104 16 246 102 145 7736
internal_value=-1.26844e-05 -0.0458769 0.0290861 0.0899817 1.15065e-05 0.0028497 0.00602146 0.0457034 0.0671562 -0.0416277 0.153515 -0.00475216 0.0667488 -0.00594622 -0.0519731 -0.0893553 0.0642638 -0.0741398 -0.00359106 -0.00802602 0.0254872 0.0347472 0.0235338 0.0325804 0.112269 -0.056468 0.013169 -0.0570019 -0.00644969 -0.00341094
internal_weight=77093 40.641 18.4162 12.8141 77052.3 9310.49 6569.48 173.934 139.634 34.3008 40.7402 2741.02 45.023 2695.99 131.237 99.3013 31.9356 94.3087 2564.76 2225.35 339.406 310.943 278.714 266.496 52.2007 22.1027 214.296 52.9778 2189.61 2031.12
internal_count=273959 4627 3748 103 269332 33340 19206 541 363 178 126 14134 178 13956 2128 1565 563 1539 11828 10144 1684 1335 1279 1220 762 658 458 212 9901 7881
is_linear=0
shrinkage=0.1


Tree=123
num_leaves=31
num_cat=0
split_feature=17 15 3 16 17 19 16 16 19 3 16 6 9 16 5 17 2 5 4 10 11 18 16 9 17 4 9 8 6 8
split_gain=8.74146 74.3342 67.7493 44.8619 41.5614 48.1829 40.0529 38.3446 42.0895 37.1833 40.1268 35.8434 34.9956 37.0331 33.4158 28.4991 40.8886 39.4029 42.0191 38.3894 54.2645 32.6482 28.6983 32.0029 28.4544 27.5271 28.8188 26.5939 29.293 26.416
threshold=4.3636850595218579 136.25000000000003 1.9052380952380955e-05 0.11200716845878138 6.3505392138888892 5.5000000000000009 0.02503918495297806 0.0010060728744939274 19.500000000000004 0.00034309523809523815 0.014300321355536081 6.3576163401686836 0.41428571428571431 0.0047244211654068223 42.52272727272728 8.1255716666666675 10.500000000000002 5.5444444444444452 0.75290697674418616 144.50200000000004 1091.3350000000003 6.5000000000000009 0.015990867579908679 134.50000000000003 35.674224650000006 9.288018433179726 19.900000000000002 3.7538377192982462 5.558645408478557 1.8194357366771163
decision_type=2 2 2 2 2 2 2 2 2 2 2 2 2 2 2 2 2 2 2 2 2 2 2 2 2 2 2 2 2 2
left_child=-1 2 3 15 29 -6 9 8 -7 -3 11 25 -9 -14 -13 16 22 18 21 20 -20 -17 23 27 -19 26 -11 28 -2 -4
right_child=1 6 4 -5 5 7 -8 12 -10 10 -12 14 13 -15 -16 17 -18 24 19 -21 -22 -23 -24 -25 -26 -27 -28 -29 -30 -31
leaf_value=0.00021538251564153801 -0.072939918783485616 0.0054978416427504707 0.011725065969189825 -0.19262496119028627 -0.38864050104324877 0.2934083775045348 0.060103413930677675 0.12386144116507894 -0.11217586787698407 -0.25245438807685694 0.00051093055691598548 -0.059232547319379249 -0.10218466067320645 -0.26321559812859185 -0.28479084122315473 0.11939021321085069 -0.097506673493134632 -0.092396305416622929 0.45520576856886796 0.074043084757370786 0.094337729328955122 -0.095643276343954531 0.14823419563528259 0.20632627683842186 0.14098186319455178 -0.028087999796633945 -0.034278078509054316 0.16983538513512458 0.051968662025687451 -0.075814047233733806
leaf_weight=73683.153638898977 64.341288885916583 2115.0243458030745 67.765328311827034 12.128112301230429 5.9212923943996421 5.0755510032176954 113.01203758269548 6.0028830319643012 5.1597476084716618 11.81737118586898 322.72642094641924 14.331728532910349 108.89946848689578 16.437047898769379 12.124501321464775 11.153744204901161 51.059765886398964 28.134236100362614 7.5264348704367903 37.902731391834095 9.3354851650074107 19.240610171109438 13.262542118784038 6.5323146888986221 6.4156586285680524 209.05319835618138 12.414331980049608 6.7082488872110835 26.510941488435492 70.163045216817409
leaf_count=257700 651 8184 299 54 34 12 139 5 148 58 590 46 1332 114 64 73 1089 417 21 386 91 1060 19 146 13 677 54 28 66 389
internal_value=-1.3248e-05 -0.00497359 -0.0373823 -0.00422146 -0.0722659 -0.109167 0.00178002 -0.0974779 0.0889481 -0.000663455 -0.023036 -0.0522929 -0.112006 -0.123303 -0.162603 0.00370908 -0.0228063 0.0410129 0.0775562 0.129887 0.255414 -0.0167329 0.00969481 -0.00795659 -0.0490597 -0.039783 -0.140679 -0.0223042 -0.0364912 -0.0328054
internal_weight=77079.3 3396.18 585.676 300.252 285.424 147.496 2810.5 141.575 10.2353 2697.49 582.468 259.741 131.339 125.337 26.4562 288.124 168.415 119.709 85.159 54.7647 16.8619 30.3944 117.355 104.093 34.5499 233.285 24.2317 97.5605 90.8522 137.928
internal_count=273959 16259 6447 4114 2333 1645 9812 1611 160 9673 1489 899 1451 1446 110 4060 1999 2061 1631 498 112 1133 910 891 430 789 112 745 717 688
is_linear=0
shrinkage=0.1


Tree=124
num_leaves=31
num_cat=0
split_feature=18 2 2 10 17 1 9 6 5 5 11 0 19 4 5 12 17 4 11 5 10 8 5 6 10 16 12 18 17 1
split_gain=8.42822 26.2127 29.5453 29.2287 33.1162 31.6047 36.6392 31.5426 30.7419 30.6769 29.3458 35.6024 33.8476 29.4223 26.4594 29.2077 34.5207 21.5408 32.7955 21.3225 17.6313 16.5212 16.4969 15.7794 14.4456 12.9854 11.1507 11.1232 10.5212 30.0456
threshold=70.500000000000014 41.500000000000007 19.500000000000004 25.504500000000004 -0.0046529785714285706 0.23205128205128209 36.20000000000001 1.4996251874062969 41.51315789473685 18.839743589743595 2772.5250000000005 0.4971910112359551 15.500000000000002 19.873214285714287 14.345238095238097 388.85785226567356 -1.0499756656111108 5.829710144927537 731.79500000000007 8.5147058823529438 335.96800000000002 2.0602547770700643 19.055555555555561 2.5992029891509967 1188.2315000000001 0.002218114905732167 201.3136607778425 110.50000000000001 -44.518346453004042 0.021352583586626141
decision_type=2 2 2 2 2 2 2 2 2 2 2 2 2 2 2 2 2 2 2 2 2 2 2 2 2 2 2 2 2 2
left_child=28 2 3 4 -2 7 8 10 17 -8 11 12 -5 25 20 16 -16 18 -7 -20 -4 27 -12 -9 -3 -14 -19 -22 29 -1
right_child=1 24 14 5 -6 6 9 23 -10 -11 22 -13 13 -15 15 -17 -18 26 19 -21 21 -23 -24 -25 -26 -27 -28 -29 -30 -31
leaf_value=0.16613833248206145 -0.011051343988062748 -0.20103499224104635 0.17357575648088705 -0.26140628990471343 -0.20043572090220857 0.043289550753925418 0.23712898863966414 -0.16728716303266214 -0.075230421289683769 0.039167942742850917 -0.037629454690604219 0.042480566681778943 -0.13633556186254445 0.096743031444309041 0.046672320502207321 0.089686657489381094 -0.1451292019841823 0.074008226038611291 -0.029934847406383309 -0.25231777056995702 -0.1370508401099518 0.11175713464474268 0.076122216010402907 -0.026577388109015526 -0.034982073895815896 -0.032350900188989277 0.009662223885851029 0.081176761385221466 -0.00016055463096568815 0.012039672642909671
leaf_weight=13.937566562322898 26.631137592718005 8.0903758117929119 24.80062293028459 8.6839802227914316 14.133313621394334 28.504943925887346 15.524014841299506 18.629846119321883 28.484986186027527 15.790283508598803 16.620925115188584 39.388267617672682 23.810126086231321 11.101441156119106 20.533465296030045 31.238419802859426 17.281139688566327 98.945142507553101 9.4911032612435537 7.9006268866360179 5.7231203052215296 19.591645926237106 54.733494646847248 13.928014333359895 14.864363567030521 24.230759959667921 37.00309345126152 3.9460936044342816 76281.223487482057 137.24944986822084
leaf_count=90 68 50 26 47 79 75 56 110 78 46 101 55 307 24 39 60 94 130 65 46 96 43 138 51 107 90 79 23 271022 664
internal_value=-1.26605e-05 0.0114188 0.0153247 0.00439216 -0.0767122 0.0116942 0.0363899 -0.016571 0.0213652 0.137307 -6.65251e-05 -0.033138 -0.0770514 -0.0499823 0.0591505 0.0181312 -0.0409803 0.0364963 -0.0227384 -0.130958 0.111545 0.0589688 0.0496255 -0.107093 -0.0935073 -0.083888 0.0564942 -0.0479902 -0.000108322 0.0262457
internal_weight=77072 639.605 616.65 493.536 40.7645 452.771 241.644 211.127 210.33 31.3143 178.569 107.215 67.8263 59.1423 123.115 69.053 37.8146 181.845 45.8967 17.3917 54.0615 29.2609 71.3544 32.5579 22.9547 48.0409 135.948 9.66921 76432.4 151.187
internal_count=273959 2183 2026 1645 147 1498 575 923 473 102 762 523 468 421 381 193 133 395 186 111 188 162 239 161 157 397 209 119 271776 754
is_linear=0
shrinkage=0.1


Tree=125
num_leaves=31
num_cat=0
split_feature=17 2 5 8 8 3 13 13 3 12 0 4 13 12 15 17 3 19 12 12 15 4 9 19 9 15 9 9 8 5
split_gain=8.38405 40.3248 45.2666 52.1402 73.2759 72.0265 48.9839 47.1391 54.9988 38.733 36.0846 72.0233 43.8219 71.0097 56.5499 70.5762 75.0581 74.4952 56.2163 46.9847 42.7394 89.0911 42.8536 42.2421 40.333 38.9883 73.4483 83.0529 50.0039 80.1913
threshold=0.76971818181818197 1.5000000000000002 48.81666666666667 5.9911504424778768 6.8268365817091459 0.00028629464285714293 0.75950000000000017 -0.0065000000000000049 0.00080111111111111127 329.04229432213214 0.066930171277997372 31.303846153846155 0.99350000000000016 489.01754385964915 131.75000000000003 1.5377500000000002 0.00031464285714285719 16.500000000000004 471.00087873462223 452.01156069364168 55.250000000000007 5.9136645962732928 13.937500000000002 33.500000000000007 5.5357142857142865 300.50000000000006 13.35416666666667 33.083333333333336 4.625631313131314 11.763888888888891
decision_type=2 2 2 2 2 2 2 2 2 2 2 2 2 2 2 2 2 2 2 2 2 2 2 2 2 2 2 2 2 2
left_child=-1 2 3 7 9 -6 -7 8 -2 -5 11 12 -3 14 20 17 18 -16 19 24 21 22 -14 -15 -17 26 -26 -28 29 -29
right_child=1 10 -4 4 5 6 -8 -9 -10 -11 -12 -13 13 23 15 16 -18 -19 -20 -21 -22 -23 -24 -25 25 -27 27 28 -30 -31
leaf_value=-0.0004910464628667139 -0.27843827381982339 -0.020980038035028219 0.014783611199751768 -0.33628248384277437 -0.19984857761873509 0.061888357019730479 -0.076140391145509162 -0.010445314071989321 -0.026822540370745485 -0.098150438785806593 0.0064954826476189727 -0.093189800033364287 -0.092398315279102486 0.089100913737801712 0.16363095607760597 -0.013266455755353622 -0.098151246161758479 -0.099512412745101364 0.2339708347468577 -0.12768516999957555 -0.070887111761604144 0.22650578018534376 0.028939705368297753 -0.10062444381479148 0.14176217758866524 0.10824110474949949 -0.095278880913937269 0.17705329640168649 0.16678999938719377 -0.052691431240748036
leaf_weight=63617.546534327703 14.416063033044336 814.24587882636115 409.67180525511503 14.760488361120226 24.578196626156569 49.83777067810297 53.109115496277809 861.48855333635584 21.860103636980057 12.713587522506712 10160.85922367312 95.76806116104126 45.469854316266719 13.797671213746069 13.032803639769552 65.19307516515255 31.810920480638742 61.644427155144513 17.977997510228306 13.848992895334957 98.96061471500434 17.420450814068317 80.881767532788217 78.511896806070581 55.939834410324693 165.70577584998682 51.79466975806281 21.511710878461599 30.72556662466377 51.720816024579108
leaf_count=229505 90 9313 772 77 111 64 138 2126 50 37 19996 744 914 53 15 223 235 536 111 133 1913 54 2742 1367 167 858 693 165 205 552
internal_value=-1.14744e-05 0.00225699 -0.0134196 -0.0243945 -0.0779541 -0.0460403 -0.00931909 -0.0151474 -0.126814 -0.226087 0.00416959 -0.00877322 -0.00410067 0.0109045 0.0202258 0.0371637 0.0505511 -0.0535882 0.0605219 0.0536902 -0.0203098 0.0145034 -0.0147259 -0.0722659 0.0593656 0.0719123 0.0434753 0.00817484 0.0597182 0.014795
internal_weight=77066.8 13449.3 1462.44 1052.76 154.999 127.525 102.947 897.765 36.2762 27.4741 11986.8 1825.96 1730.19 915.949 823.639 580.907 506.229 74.6772 474.418 456.44 242.733 143.772 126.352 92.3096 442.591 377.398 211.693 155.753 103.958 73.2325
internal_count=273959 44454 3465 2693 427 313 202 2266 140 114 40989 20993 20249 10936 9516 3893 3342 551 3107 2996 5623 3710 3656 1420 2863 2640 1782 1615 922 717
is_linear=0
shrinkage=0.1


Tree=126
num_leaves=31
num_cat=0
split_feature=10 2 0 19 18 11 16 2 0 16 0 16 2 11 1 0 2 2 6 11 0 1 17 11 6 18 17 17 0 1
split_gain=8.39865 28.8322 96.0928 36.2868 43.0418 42.8156 32.5004 46.4134 50.1317 43.0952 38.903 82.2146 59.6535 38.312 46.1484 49.9625 55.3133 40.5919 37.5181 46.9595 35.9616 46.8116 38.9524 35.7047 33.3851 32.7807 30.603 39.6479 33.3803 30.4938
threshold=13.408500000000002 19.500000000000004 0.35758377425044097 9.5000000000000018 46.500000000000007 2.0200000000000005 0.014101077050538527 71.500000000000014 0.023904761904761908 0.075134408602150551 0.047458172458172465 0.097800095648015326 29.500000000000004 6.0150000000000015 0.037175234936428971 0.23582887700534763 27.500000000000004 46.500000000000007 9.7959248952435818 108.91500000000001 0.24202037351443126 0.046966911764705889 0.0074746428571428577 13.010000000000002 1.0554092648782076 17.500000000000004 0.064577500000000024 0.089519875000000013 0.089845339845339864 0.071796759941089847
decision_type=2 2 2 2 2 2 2 2 2 2 2 2 2 2 2 2 2 2 2 2 2 2 2 2 2 2 2 2 2 2
left_child=1 3 6 -1 5 -5 7 -3 -9 13 11 12 -11 -8 15 16 -15 24 29 -20 22 -22 -12 -24 -17 -10 28 -28 -25 -16
right_child=-2 2 -4 4 -6 -7 9 8 25 10 20 -13 -14 14 18 17 -18 -19 19 -21 21 -23 23 26 -26 -27 27 -29 -30 -31
leaf_value=0.00058902696844308341 -0.00056212221569895086 -0.030408013108697615 0.024935936798820467 -0.10444438403220697 -0.088742291165616591 0.01388157222479241 0.098025817555002601 -0.10601377050549909 0.17096509086536038 0.20021097423105105 -0.014008392700179454 -0.056719560830416495 -0.026694235290207355 0.11507918337074384 -0.068821223340560705 0.030455001954899086 -0.046272501112866148 0.083946350066161413 0.052960978858768819 -0.11295630760486225 0.018465328061883418 -0.14804544890849972 0.14425489604142303 -0.013316505520744924 -0.13583480376968518 0.012184857542640171 -0.12152536533044392 0.020034757495399048 0.10748933636275473 -0.1538424289014636
leaf_weight=9947.94869781124 60349.02683663262 69.096469800919294 688.71079827845097 30.82128643989563 42.059924724511802 3911.4069885467179 20.556108217686415 11.599598996341227 41.316402305383235 23.300405077636242 263.40317628532648 271.72022985108197 23.046422462910414 22.425267532467842 239.95964255183935 31.631462529301643 404.12060068082064 70.653413265943527 49.188360504806042 26.115198664367199 34.815130725502968 32.781038999557495 28.631658762693405 33.045074343681335 19.525841891765594 18.97346693277359 22.344386525452137 172.73640986531973 74.300801515579224 51.182871490716934
leaf_count=26523 225479 342 1060 134 153 11342 59 291 152 80 791 2209 186 44 829 60 2611 82 98 87 61 109 46 125 63 82 89 448 123 201
internal_value=-1.3196e-05 0.00197315 -0.00739383 0.0038188 0.0118829 0.0129565 -0.0182211 0.0281166 0.0843675 -0.0216317 -0.00697875 -0.0357222 0.0873801 -0.0369859 -0.0400196 -0.021659 -0.0377896 0.0348257 -0.0674949 -0.00457897 0.00683024 -0.0622848 0.0146893 0.0375223 -0.0330149 0.120996 0.0274176 0.00382058 0.0703008 -0.083768
internal_weight=77026.4 16677.4 2745.18 13932.2 3984.29 3942.23 2056.47 140.986 71.8895 1915.48 980.125 318.067 46.3468 935.359 914.803 548.357 426.546 121.811 366.446 75.3036 662.058 67.5962 594.462 331.058 51.1573 60.2899 302.427 195.081 107.346 291.143
internal_count=273959 48480 10328 38152 11629 11476 9268 867 525 8401 4267 2475 266 4134 4075 2860 2655 205 1215 185 1792 170 1622 831 123 234 785 537 248 1030
is_linear=0
shrinkage=0.1


Tree=127
num_leaves=31
num_cat=0
split_feature=15 5 13 18 19 15 7 3 17 18 5 4 11 0 2 10 6 4 18 9 1 7 11 8 8 3 9 18 3 18
split_gain=8.30685 14.0219 10.6376 15.388 16.0502 8.74134 44.4034 40.7655 41.2869 28.7228 16.6877 35.0378 36.285 17.8546 17.5088 30.1157 16.5808 20.8257 16.0045 14.6396 13.6698 13.4011 13.2779 50.9231 40.482 39.2714 35.3125 36.0222 34.8908 44.3269
threshold=10544.000000000002 151.90873015873018 0.85750000000000004 7.5000000000000009 80.500000000000014 4493.5000000000009 0.17295821462488131 1.4777511961722491e-07 -0.0046529785714285706 3.5000000000000004 87.416666666666671 25.307575757575759 3001.1650000000004 0.72792207792207797 10.500000000000002 26.458000000000002 8.0040040040040061 10.755000000000001 13.500000000000002 19.071428571428573 0.45804195804195807 0.13896316102198458 29713.905000000002 1.4103913630229423 1.1150399779432039 0.00061771159874608164 5.9285714285714297 36.500000000000007 4.7700892857142869e-07 2.5000000000000004
decision_type=2 2 2 2 2 2 2 2 2 2 2 2 2 2 2 2 2 2 2 2 2 2 2 2 2 2 2 2 2 2
left_child=5 2 -2 -4 -5 22 7 8 -7 10 11 12 -9 -12 15 -14 17 19 20 -11 -8 -19 -1 24 26 28 -24 -28 29 -25
right_child=1 -3 3 4 -6 6 18 9 -10 16 13 -13 14 -15 -16 -17 -18 21 -20 -21 -22 -23 23 25 -26 -27 27 -29 -30 -31
leaf_value=0.00025330709393096205 0.042789390327084238 0.048254830189909753 -0.27682736111013589 0.092958482849854765 -0.13865129084801869 0.12224346815747177 0.018823461017937797 0.0032269519086349516 -0.18348704358302489 -0.092637777185026582 0.049554896322342813 0.027679251077214979 -0.063837910671551604 -0.029354962331900832 -0.031372258236786708 -0.21921478275040027 -0.0372122365745206 0.044274248112651002 -0.0084681374525570185 0.024747306434870581 0.070786879251769672 -0.0258264792677559 0.034532735878552621 -0.034526655079296857 -0.119878345741375 0.014482260978740988 -0.074559356496859144 0.14301227505609834 -0.011551270568409516 0.025879316880402643
leaf_weight=70687.657439549977 4.8004611432552364 10.392906799912451 4.8947481634095338 4.2029483541846266 10.385038238018749 5.5060992538929012 74.874071560800076 34.807511314749718 22.332686702720821 22.970212906599045 48.896736197173595 43.56608672440052 22.117732681334019 69.330591142177582 15.957537487149237 28.610985934734344 46.478273026645184 249.21987132541835 49.939921330660582 19.767284348607063 156.31831160932779 30.621330574154854 62.682859988890414 155.11135341317276 61.638898921199143 1044.6787615325302 105.79036105162231 8.1994669314008188 3341.2963538083131 560.29741559034301
leaf_count=248792 7 19 88 4 222 5 125 69 839 62 66 75 57 181 41 118 102 416 100 45 187 68 177 1770 408 2037 1610 95 9772 6402
internal_value=-1.33749e-05 -0.0489468 -0.0905478 -0.123402 -0.0719221 8.67068e-06 0.00958611 -0.00458695 -0.123018 0.00062695 -0.024606 -0.0473344 -0.079534 0.00328076 -0.122732 -0.15147 0.0186283 0.026674 0.0428687 -0.0383439 0.053958 0.0366035 -0.00010991 -0.00491823 -0.0501008 -0.00280753 -0.0257563 -0.0589091 -0.00725998 0.0127824
internal_weight=77003.3 34.6761 24.2832 19.4827 14.588 76968.7 941.315 660.183 27.8388 632.344 263.287 145.06 101.494 118.227 66.6863 50.7287 369.057 322.579 281.132 42.7375 231.192 279.841 76027.4 5339.7 238.312 5101.38 176.673 113.99 4056.71 715.409
internal_count=273959 340 321 314 226 273619 2556 2144 844 1300 607 360 285 247 216 175 693 591 412 107 312 484 271063 22271 2290 19981 1882 1705 17944 8172
is_linear=0
shrinkage=0.1


Tree=128
num_leaves=31
num_cat=0
split_feature=17 15 5 16 12 10 7 0 16 15 7 7 3 16 4 7 3 3 8 15 17 1 16 11 12 15 10 10 19 15
split_gain=8.10457 57.2455 57.6951 42.5972 48.7651 42.7792 40.894 33.8342 33.6148 31.3247 28.7182 52.6955 28.2945 30.1563 35.3012 27.5348 28.3072 40.7712 26.5115 40.5447 31.1773 28.6872 26.5075 27.8053 40.9113 37.7963 29.1112 25.4361 54.8106 27.5163
threshold=4.3636850595218579 136.25000000000003 6.0250000000000012 0.0033370452858203421 25.012512512512519 11.000500000000001 0.18754128137384415 0.21896404109589043 0.02503918495297806 107.12500000000001 1.395446006348384 1.2695360195360197 0.00034309523809523815 0.016315439219165933 6.4027027027027037 0.1213115488136757 0.00043380952380952387 0.0015031250000000003 1.3164313222079593 329.50000000000006 6.0300947916663548 0.73863636363636376 0.24568965517241384 594.3900000000001 132.00249066002493 44.125000000000007 21.454500000000003 22.333500000000004 62.500000000000007 2676.0000000000005
decision_type=2 2 2 2 2 2 2 2 2 2 2 2 2 2 2 2 2 2 2 2 2 2 2 2 2 2 2 2 2 2
left_child=-1 2 9 5 -5 -4 -6 -8 12 22 11 -7 18 15 -15 -14 -17 -18 19 20 -3 -22 23 25 26 -2 -25 28 29 -20
right_child=1 8 3 4 6 10 7 -9 -10 -11 -12 -13 13 14 -16 16 17 -19 27 -21 21 -23 -24 24 -26 -27 -28 -29 -30 -31
leaf_value=0.00020826107065645226 -0.0027181246793202274 -0.15733840738006388 0.16504445693451386 -0.032263348491326449 -0.00042449201919217617 -0.057550447326362768 -0.15300017903877347 -0.35176020484023535 0.05574231877977201 0.091332588644505427 -0.11798477755436627 0.11935021395982784 0.011185144395965928 -0.10706967341185154 0.017870153949933701 -0.012923576063651871 -0.10332449963525395 0.039918230253728357 -0.1155405803367702 -0.14372220087777837 -0.051948071367090724 0.091363687972946014 -0.14456195443883807 -0.27080831737430389 0.1412901518179821 0.12843813878897037 -0.045407907676625871 0.0096586116406672043 0.052281490378843276 0.028545704772501498
leaf_weight=73610.443005735229 108.97686769621214 11.047781368717549 9.3080240339040738 27.691224075853825 8.0709435865282995 104.3641932180617 17.436320510692894 16.832016341388226 108.24297775328159 30.36628292221576 51.198896778863855 20.078588387463242 78.702687479555607 25.11269373446703 227.33395944908261 93.493061128072441 135.3397840783 23.289885617792606 64.287016395479441 29.850382542237639 25.555928281508386 30.803482541814446 15.066921286284922 6.0128717683255664 11.450997189152984 27.52089780010283 121.77822863939218 1887.2419863969553 44.53290955722332 16.696182858198881
leaf_count=257700 760 89 20 60 14 1036 142 84 139 111 984 102 173 68 379 261 572 36 219 240 201 60 60 80 67 116 2811 7276 73 26
internal_value=-1.15214e-05 -0.00480128 -0.0335084 -0.0690238 -0.135447 -0.0438729 -0.202933 -0.250628 0.00110253 -0.00531262 -0.0549443 -0.0290079 -0.00109344 -0.0205882 0.00544149 -0.0404509 -0.0565696 -0.0822937 0.0042955 -0.0466973 -0.00373108 0.0263796 -0.0154044 -0.00834699 -0.0397877 0.0237258 -0.0560135 0.0067595 -0.0368312 -0.0858345
internal_weight=76988.1 3377.68 576.153 254.98 70.0305 184.95 42.3393 34.2683 2801.53 321.173 175.642 124.443 2693.29 583.272 252.447 330.825 252.123 158.63 2110.02 97.2576 67.4072 56.3594 290.807 275.74 139.242 136.498 127.791 2012.76 125.516 80.9832
internal_count=273959 16259 6447 2442 300 2142 240 226 9812 4005 2122 1138 9673 1489 447 1042 869 608 8184 590 350 261 3894 3834 2958 876 2891 7594 318 245
is_linear=0
shrinkage=0.1


Tree=129
num_leaves=31
num_cat=0
split_feature=6 11 3 16 0 18 14 11 17 13 4 1 4 1 1 17 9 10 18 3 4 6 11 13 18 19 11 7 7 1
split_gain=8.15761 32.8151 22.7121 22.5748 27.4223 21.3126 24.4329 19.7205 17.6006 31.1971 16.2192 19.4817 18.4463 13.2355 11.4637 40.7135 32.3724 15.2909 32.0343 21.5528 11.353 9.33485 23.7805 22.9876 26.7814 25.2114 22.6243 26.8994 29.8781 32.5601
threshold=48.134847080630216 22.565000000000001 0.0012487500000000001 0.043614130434782614 0.53950103950103967 1.5000000000000002 5.5000000000000009 64.010000000000005 0.22648095238095239 0.10050000000000002 0.99166666666666681 0.31414473684210531 1.9588963963963966 0.40588235294117653 1.5500000000000003 0.21321147142857147 2.6904761904761911 364.61900000000009 3.5000000000000004 0.00012870238095238098 2.9576648841354731 1.0157442944987827 3.9950000000000006 0.77750000000000019 5.5000000000000009 11.500000000000002 2.0200000000000005 0.395242807662402 0.11776262567895529 0.12060606060606062
decision_type=2 2 2 2 2 2 2 2 2 2 2 2 2 2 2 2 2 2 2 2 2 2 2 2 2 2 2 2 2 2
left_child=21 5 7 4 -4 -2 -7 8 9 -3 11 -9 -12 -11 15 17 -17 18 19 -14 -5 26 23 -23 25 -25 27 28 29 -1
right_child=1 2 3 20 -6 6 -8 10 -10 13 12 -13 14 -15 -16 16 -18 -19 -20 -21 -22 22 -24 24 -26 -27 -28 -29 -30 -31
leaf_value=-0.107784887600055 -0.14358220522550547 -0.057296317682574066 -0.16982832498700187 -0.028910775242189709 0.0049018842395602072 -0.096696942123420282 0.054056533624404747 -0.14383613869402734 0.1593253091123927 0.16519060560398102 0.11206998414551157 0.014320425341355442 0.032793210311881392 0.0421733673889432 0.046164300402723735 -0.011191448628418126 -0.18162985595773784 0.080816751478778315 0.075690943293978033 -0.10025919166299591 0.06883002125135744 0.026201653864101511 -0.0014514159191856295 0.00036115490606239208 0.074023336789009395 -0.079235598667026758 0.0014789287245014842 -0.11198876236606468 0.12092417985523668 -0.0092258986188609605
leaf_weight=38.927050466190849 19.347126737236977 18.480944221839309 18.910471357405186 24.712883457541466 17.10732613503933 20.40230180695653 22.726064428687096 12.697767554782329 19.245204351842403 17.389900408685207 23.591562014073133 20.144702253863215 21.035210959613323 17.595212031155825 106.61448511108756 30.018253564834595 17.723729837685823 44.69519630074501 40.23118669912219 28.90327824652195 22.892157558351755 618.00599573832005 43115.83796687545 700.99619885534048 46.56136123277247 42.187870506197214 31560.527741375212 32.028550061397254 15.225065916776655 241.27619776129723
leaf_count=415 119 82 70 77 33 109 51 118 28 45 53 90 45 66 150 62 75 63 48 80 32 1061 143585 1381 98 205 124983 178 18 539
internal_value=-9.94728e-06 0.0119675 0.0204735 -0.0271036 -0.0868369 -0.0563781 -0.0172589 0.0299832 0.0773203 0.0478024 0.0200255 -0.0468271 0.0270444 0.103321 0.0201089 0.00489655 -0.074465 0.0329904 0.00928393 -0.0442145 0.0180905 -9.84268e-05 -0.00103382 0.0117562 0.000452063 -0.00415726 0.00120761 -0.0249422 -0.0155051 -0.0229181
internal_weight=76976 564.465 501.989 83.6228 36.0178 62.4755 43.1284 418.367 72.7113 53.4661 345.655 32.8425 312.813 34.9851 289.221 182.607 47.742 134.865 90.1697 49.9385 47.605 76411.6 44523.6 1407.75 789.745 743.184 31888 327.457 295.428 280.203
internal_count=273959 1496 1217 212 103 279 160 1005 221 193 784 208 576 111 523 373 137 236 173 125 109 272463 146330 2745 1684 1586 126133 1150 972 954
is_linear=0
shrinkage=0.1


Tree=130
num_leaves=31
num_cat=0
split_feature=1 3 18 9 5 8 13 8 8 8 10 18 4 9 4 9 7 11 16 11 19 10 15 9 9 12 5 7 8 0
split_gain=8.07844 20.9659 17.5826 40.7954 40.0096 19.5289 19.3524 19.3394 16.4969 16.0205 14.2925 14.2349 13.4079 11.3721 10.8382 25.6338 20.1439 27.6819 9.58356 9.10515 28.7262 29.5661 29.3289 26.435 31.1735 32.0466 28.3291 37.3244 25.4056 29.558
threshold=7.5000000000000009 0.00078047619047619059 6.5000000000000009 3.7750000000000004 61.732142857142868 6.8516402116402126 0.99750000000000016 10.003703703703705 2.9966101694915257 4.5793287566742951 28.202000000000005 11.500000000000002 4.5080645161290329 1.6904761904761907 18.014285714285716 2.4142857142857146 0.4938942665673865 1529.7200000000003 0.022253172392448162 129369.08000000002 10.500000000000002 56.473500000000008 937.50000000000011 126.50000000000001 14.062500000000002 540.01013171225952 26.897368421052636 0.37134302822925586 7.4765395894428162 1.3647450110864747
decision_type=2 2 2 2 2 2 2 2 2 2 2 2 2 2 2 2 2 2 2 2 2 2 2 2 2 2 2 2 2 2
left_child=19 2 3 5 6 9 -5 -7 -3 12 14 13 -2 -10 15 18 17 -17 -4 -1 21 -21 -22 24 26 -26 -24 28 -28 -30
right_child=1 8 10 4 -6 7 -8 -9 11 -11 -12 -13 -14 -15 -16 16 -18 -19 -20 20 22 -23 23 -25 25 -27 27 -29 29 -31
leaf_value=8.0965290728158515e-05 0.028592306377818427 -0.019827820575207968 -0.095332272947163677 -0.1058287043716889 0.0044682246574310859 -0.12638216651268697 -0.28352944860886398 0.0049464245380592808 0.044076575946460618 0.05526667453350001 -0.049485556007302367 0.0029815140853660803 -0.063261480738175932 0.10572413473261477 0.053890656041438834 0.05692486682301471 0.072849090060775806 -0.047092969324680059 -0.01080687643463921 -0.15873194916447103 -0.023472052447522061 -0.0071743306153899018 0.035065251956325066 -0.11171091453880769 0.1470229954850521 0.01946817719537175 0.0061001430337756365 -0.11342446397858441 -0.037243121329374858 0.049073195996653968
leaf_weight=73926.72596465997 32.715176437050104 41.605174571275711 25.001380227506161 12.449925020337105 17.550888000056148 21.367395482957363 12.070126543752849 23.595358364284039 78.179149813950062 62.472047314047813 31.738215203396976 46.503759972751141 30.902821987867355 48.478406071662903 75.308116167783737 48.194445386528969 64.968955051153898 54.535796344280243 28.941723167896271 24.818338312215928 602.62841567408759 26.74033073708415 149.56448536366224 20.067212878733699 20.560411225829739 468.73295673665416 542.29950152337551 34.772412210702896 345.97304059192538 44.810877673327923
leaf_count=258643 67 81 66 40 35 62 61 40 106 76 84 83 72 41 104 67 95 119 56 88 3722 54 236 4697 52 2728 1335 100 842 107
internal_value=-8.95401e-06 0.0102734 -0.00020727 -0.0225787 -0.110798 -0.00088089 -0.193303 -0.0574641 0.0367139 0.0192963 0.0142985 0.0502991 -0.0160262 0.0676723 0.0211158 0.00997973 0.0292675 0.00170553 -0.0499824 -0.000111035 -0.00633383 -0.0801283 -0.00462721 0.00235371 0.00377834 0.0248281 -0.00543889 -0.0116981 -0.00790712 -0.0273453
internal_weight=76964.3 756.579 541.812 213.124 42.0709 171.053 24.5201 44.9628 214.766 126.09 328.689 173.161 63.618 126.658 296.95 221.642 167.699 102.73 53.9431 76207.7 2280.97 51.5587 2229.41 1626.78 1606.71 489.293 1117.42 967.856 933.083 390.784
internal_count=273959 1355 1044 453 136 317 101 102 311 215 591 230 139 147 507 403 281 186 122 272604 13961 142 13819 10097 5400 2780 2620 2384 2284 949
is_linear=0
shrinkage=0.1


Tree=131
num_leaves=31
num_cat=0
split_feature=13 19 16 19 6 7 8 6 15 17 8 11 14 11 0 7 11 7 18 11 16 7 16 1 11 11 10 0 1 6
split_gain=8.00483 21.796 37.338 29.0601 40.5319 33.1769 49.429 48.2489 53.0742 52.8693 34.789 28.7261 38.6477 34.7872 28.3886 38.3696 46.6058 83.958 41.9314 31.5943 52.3746 23.8026 24.9239 23.5424 48.0682 48.7267 42.6976 63.7542 107.176 39.8359
threshold=0.16950000000000004 27.500000000000004 0.20256410256410259 29.500000000000004 0.93023336310080096 0.99825174825174834 0.94038734896943865 0.5659311376785231 30.250000000000004 0.42791437500000001 2.9236596736596741 34.005000000000003 3.5000000000000004 35.505000000000003 0.11796331435800128 2.3348909657320878 536.48500000000013 0.59427126059611712 16.500000000000004 330.92500000000007 0.0084835726366547931 0.99825174825174834 0.0093545451363365902 0.012232530300763133 48.010000000000012 72.515000000000015 172.12750000000003 0.022792207792207798 0.041451890034364267 4.7327945046945299
decision_type=2 2 2 2 2 2 2 2 2 2 2 2 2 2 2 2 2 2 2 2 2 2 2 2 2 2 2 2 2 2
left_child=1 -1 3 14 5 -5 -7 8 9 -8 -10 12 -6 -13 15 16 21 18 -18 -17 -21 22 -3 29 -25 26 -26 28 -28 -15
right_child=-2 2 -4 4 11 6 7 -9 10 -11 -12 13 -14 23 -16 19 17 -19 -20 20 -22 -23 -24 24 25 -27 27 -29 -30 -31
leaf_value=-0.00059250180378017301 -0.00055879015949295734 -0.016646144923750796 -0.10233586653491378 -0.090491868313607421 -0.062718742532572799 -0.10714713316605276 0.095930957658685242 -0.11022638210761018 -0.11504194616652302 0.42096345117318007 0.13324428809708885 0.13783735454255272 0.096645989325607237 -0.011835390147399101 0.0095672080285653504 -0.13485157227315223 0.024421414303116791 -0.13521308052325637 0.20089281633939768 -0.11674146325888567 0.22086753403717188 0.1614087085077518 0.11759521864068286 -0.079352845586480925 -0.0037589294250248424 0.0049394931121123503 -0.10972608711612489 0.05964235586224808 0.39730255052891922 0.074759286765024177
leaf_weight=11727.344628009727 59503.63280593192 21.280625876970589 31.101563416421413 78.735906520683784 108.32231122115627 29.197395507479087 13.527056455612184 13.897855068091301 12.498619165271522 7.9428703095763913 10.28903003875166 20.55729450378567 17.704501587897539 89.722611072706059 316.68162065371871 17.774095102678984 43.027955164667219 25.630573908798397 19.596884280908853 9.1861274021212029 9.1941644586622697 54.964103471487761 39.50684061832726 65.126093776896596 76.266698797233403 4338.2745225361432 5.8329159668646779 104.86055304855108 14.614879273809491 130.23636804660782
leaf_count=34350 214490 100 268 1507 565 1231 103 252 320 35 33 53 47 748 575 186 139 204 35 174 44 133 105 319 280 16729 105 213 75 541
internal_value=-6.43878e-06 0.00187674 0.00693436 0.00753116 0.00517931 -0.0434158 -0.000983562 0.0523167 0.103359 0.216178 -0.00293628 0.00680278 -0.0403309 0.00802869 0.02923 0.0551578 0.0719845 0.0172464 0.0796437 -0.0397898 0.0521368 0.11372 0.0705997 0.00747562 0.00594898 0.00717267 0.0552348 0.0911403 0.252668 0.0394368
internal_weight=76956.5 17452.9 5725.55 5694.45 5137.61 166.089 87.3528 58.1554 44.2576 21.4699 22.7876 4971.52 126.027 4845.49 556.843 240.161 204.007 88.2554 62.6248 36.1544 18.3803 115.752 60.7875 4824.93 4604.98 4539.85 201.575 125.308 20.4478 219.959
internal_count=273959 59469 25119 24851 23156 3481 1974 743 491 138 353 19675 612 19063 1695 1120 716 378 174 404 218 338 205 19010 17721 17402 673 393 180 1289
is_linear=0
shrinkage=0.1


Tree=132
num_leaves=31
num_cat=0
split_feature=10 1 7 1 4 17 17 2 11 8 11 5 11 16 5 1 3 15 4 3 9 13 3 1 10 4 13 17 1 8
split_gain=7.91789 33.4774 49.511 45.1299 44.3588 39.1621 38.9661 83.9738 38.3567 45.2652 40.2361 49.8162 36.6007 35.3195 91.8376 46.4686 45.9971 59.9181 48.4923 65.3201 58.4071 55.7726 43.5332 41.6044 41.2226 41.1553 39.0106 37.5933 36.4395 42.4199
threshold=186.66100000000003 0.099019607843137278 20.100000000000005 0.68333333333333346 153.83333333333334 -2.91645615505406 4.072061111111112 18.500000000000004 16.015000000000004 7.31676443346712 11.010000000000002 9.7596153846153868 41464.495000000003 0.011376579001863741 12.34848484848485 0.12060606060606062 0.002355042016806723 22.250000000000004 7.2540322580645169 0.00018014285714285718 9.9166666666666696 0.97250000000000003 0.00020031250000000005 0.14907407407407411 290.00150000000008 6.9883720930232567 -0.50649999999999984 -7.0694055814714281 0.12613636363636366 0.23861283643892342
decision_type=2 2 2 2 2 2 2 2 2 2 2 2 2 2 2 2 2 2 2 2 2 2 2 2 2 2 2 2 2 2
left_child=-1 6 4 5 12 -4 8 -8 9 10 11 -2 13 14 15 -3 17 22 19 20 -19 -21 25 -23 -20 28 -15 -16 29 -17
right_child=1 2 3 -5 -6 -7 7 -9 -10 -11 -12 -13 -14 26 27 16 -18 18 24 21 -22 23 -24 -25 -26 -27 -28 -29 -30 -31
leaf_value=0.00068938870475730675 -0.05476842053987975 -0.073952215963488041 0.26264300631995735 0.1398550241898785 -0.13121158864254326 -0.12356678530529211 -0.084328275570824146 -0.00073011791054550072 0.0022819814718156722 -0.25452640410100286 -0.094592281190312225 0.066419811524899383 0.01125543535088885 -0.097064378097917459 -0.087417080642429756 0.14280793384000995 0.098741836979869144 -0.10797443147517588 -0.17512427748985934 -0.018635199952155939 -0.0035218825148784433 -0.0056214304937410569 -0.15051761253554513 0.1370531008540242 -0.027395911808595019 0.09519345618915985 0.0027196833202788881 -0.0038379479653541364 -0.13233519492447376 -0.14802007881312171
leaf_weight=52200.060230774339 74.468749552266672 299.84137417399324 2.7265355992130926 8.0692818451207113 28.33764660730958 70.883399620768614 167.4169720239006 425.65614074934274 16771.500773339998 9.4414599854499084 66.097175517585129 62.293282248079777 1063.1202542900573 39.880768304690719 54.911222960799932 12.836386041948574 28.030484225600958 76.977501740679145 32.218261692672968 78.773859813809395 175.77815720625222 29.132743127644062 63.957009250298142 68.483810223639011 45.656352132558823 17.601093649864197 2228.5666760723107 2699.1303852684796 41.453679171856493 8.2313749170862121
leaf_count=154066 687 2150 22 67 135 1962 2101 4693 84372 47 502 147 2626 171 246 85 56 800 175 292 1474 90 412 159 169 17 7550 7868 677 141
internal_value=-9.10284e-06 -0.0014822 -0.00723855 -0.0846506 -0.0063471 -0.109261 0.000867451 -0.0243288 0.0017473 -0.0404917 -0.0305301 0.000431204 -0.00584624 -0.0088757 -0.0148559 -0.0411634 -0.0266869 -0.0320867 -0.0159155 -0.00274146 -0.0353332 0.0439603 -0.0889939 0.0944732 -0.088514 -0.0398832 0.000965415 -0.00550438 -0.0779101 0.0291787
internal_weight=76951.5 24751.5 7174.6 81.6792 7092.92 73.6099 17576.9 593.073 16983.8 212.301 202.859 136.762 7064.58 6001.46 3733.01 978.972 679.131 651.1 507.021 429.146 252.756 176.39 144.08 97.6166 77.8746 80.1225 2268.45 2754.04 62.5214 21.0678
internal_count=273959 119893 27344 2051 25293 1984 92549 6794 85755 1383 1336 834 25158 22532 14811 6697 4547 4491 3159 2815 2274 541 1332 249 344 920 7721 8114 903 226
is_linear=0
shrinkage=0.1


Tree=133
num_leaves=31
num_cat=0
split_feature=17 1 17 1 19 0 13 0 6 11 0 17 17 0 9 9 0 12 15 6 0 7 11 1 4 9 12 17 7 2
split_gain=7.97565 37.8493 32.7642 48.6876 41.6695 43.1277 33.3569 45.3693 32.4067 49.86 45.0361 31.5878 35.6671 31.45 55.6094 51.3355 34.2319 57.2926 34.2083 31.3315 31.3135 31.0899 43.1346 36.5518 30.9088 29.8609 32.4483 28.4553 84.7402 51.512
threshold=0.76971818181818197 0.20256410256410259 1.5377500000000002 0.16869918699186995 35.500000000000007 0.19478319783197837 0.97650000000000003 0.076749826749826763 2.0010010010010015 105.68000000000002 0.41719409282700431 6.3505392138888892 8.1255716666666675 0.30068493150684933 47.100000000000009 43.100000000000009 0.35758377425044097 11.675991933880544 368.50000000000006 1.556824498132134 0.071279139270771077 0.395242807662402 118.01000000000001 0.023880809808953525 8.8360215053763458 35.100000000000009 268.06317174819043 0.36892500000000006 0.85423565121412814 24.500000000000004
decision_type=2 2 2 2 2 2 2 2 2 2 2 2 2 2 2 2 2 2 2 2 2 2 2 2 2 2 2 2 2 2
left_child=27 2 13 6 20 -6 7 -4 9 10 -8 21 -13 14 15 -2 17 -15 -17 -16 -5 22 -9 -23 -10 -25 -27 -1 29 -29
right_child=1 -3 3 4 5 -7 8 11 24 -11 -12 12 -14 16 19 18 -18 -19 -20 -21 -22 23 -24 25 -26 26 -28 28 -30 -31
leaf_value=9.3335059431912886e-06 0.027804565580535623 -0.0033410804178191432 -0.051812417466421658 -0.097047139823853379 0.12169613021991953 0.02239343819577079 -0.16316700830091174 -0.13220235621409387 0.062570764884335703 0.0014099743128429419 0.018977559027642654 -0.13977720049139192 -0.021824489278921701 -0.18317697440531761 -0.10328737416549927 0.055931384922024964 0.010396295208003545 -0.013626564290068102 0.2794043717732661 0.067953841391842532 0.017807391954876982 0.14413075448978288 -0.0061698083956148574 -0.0017446408163625301 2.3179556778437706e-05 0.14727241262611881 0.0047921649534790438 0.0069509562804889891 -0.035086826330725976 -0.036030671846671199
leaf_weight=60345.670026643173 1196.944098925218 6404.4511209581397 296.97011494851904 27.36750562582165 82.170331543544307 93.502588406205177 35.657884519547224 29.447886660695076 166.23973130626837 1215.4874225127278 21.919040158390999 32.91008179821074 115.9872486712411 22.465420752763748 48.815126366680488 13.878206386929378 2395.1951777152717 176.56773702800274 13.52572575211525 13.678776737069709 178.96277303248644 24.558859996497631 348.86667375266552 206.81469625234604 150.56070523196831 32.155645925551653 31.782107166945934 1937.6928383260965 930.16151670273393 325.70017171392101
leaf_count=217766 3731 16302 5231 259 461 166 246 96 546 9050 35 150 351 79 912 83 4223 329 33 109 332 38 759 459 339 52 83 5063 4977 1699
internal_value=-1.02632e-05 0.00220905 0.00730705 -0.000373779 0.0330484 0.0688419 -0.0050861 -0.0183091 0.00422478 -0.00289727 -0.0938261 -0.00621277 -0.047895 0.013425 0.0262063 0.0309029 0.00708496 -0.0327642 0.166231 -0.0658058 0.00257317 0.00300062 -0.0159801 0.0273163 0.0328448 0.0167205 0.0764485 -0.000477493 -0.00967661 0.00076594
internal_weight=76916.1 13376.9 6972.43 3091.36 382.003 175.673 2709.36 1119.49 1589.86 1273.06 57.5769 822.523 148.897 3881.07 1286.84 1224.35 2594.23 199.033 27.4039 62.4939 206.33 673.626 378.315 295.311 316.8 270.752 63.9378 63539.2 3193.55 2263.39
internal_count=273959 44454 28152 18653 1218 627 17435 7219 10216 9331 281 1988 501 9499 4868 3847 4631 408 116 1021 591 1487 855 632 885 594 135 229505 11739 6762
is_linear=0
shrinkage=0.1


Tree=134
num_leaves=31
num_cat=0
split_feature=10 17 13 1 12 5 12 3 0 11 18 2 10 4 7 0 19 11 18 11 6 19 6 2 11 18 18 4 4 11
split_gain=7.99776 28.8352 19.6983 17.9446 13.8305 22.1923 11.8532 10.1611 15.6508 13.3509 13.3299 17.9113 10.1361 33.5959 32.1236 26.0412 26.0009 22.1369 21.9692 9.99493 20.1806 13.8488 9.78195 14.6424 21.2494 9.0285 8.75314 20.3524 77.2671 48.3379
threshold=5116.3460000000005 0.066774603174603195 0.12250000000000001 0.0075949853868635606 121.00531914893618 9.0312500000000018 130.28348749801867 0.00020031250000000005 0.2994252873563219 558.70500000000015 22.500000000000004 182.50000000000003 4029.1675000000005 8.4382621951219523 0.86563151982025366 0.094467108618052034 91.500000000000014 748.09000000000015 25.500000000000004 493.71500000000009 12.744654438295454 71.500000000000014 1.1117290816957115 151.50000000000003 11511.760000000002 6.5000000000000009 25.500000000000004 1.9110671936758896 2.5045454545454553 158.14500000000001
decision_type=2 2 2 2 2 2 2 2 2 2 2 2 2 2 2 2 2 2 2 2 2 2 2 2 2 2 2 2 2 2
left_child=12 4 -3 -4 -2 -6 -7 9 -9 -5 11 -11 26 14 -14 18 17 19 22 20 21 -16 23 -15 -25 -24 -1 29 -29 -28
right_child=1 2 3 7 5 6 -8 8 -10 10 -12 -13 13 15 16 -17 -18 -19 -20 -21 -22 -23 25 24 -26 -27 27 28 -30 -31
leaf_value=-0.00041627550622281721 -0.11454759296828694 -0.11633918299697343 -0.11295124650233851 0.17176798344083691 0.11237157925754485 0.0079304417945423016 -0.14134932769766725 -0.11807288335162375 0.08169024578099314 -0.14386322397165394 0.10855895366653585 0.13819358164763446 -0.13365791307999583 0.029130712454805748 -0.12186478142456532 -0.0039130510687950008 -0.12066861809533969 -0.067679021570165546 -0.12188780814758193 0.13764557406409084 0.20611295217724201 0.065128823271062536 0.1157722008263723 0.48218459945491354 -0.11055091746552262 0.22366464003479619 -0.011578244063523948 -0.041623122825491007 0.0030973682840241008 0.025055245594823469
leaf_weight=67375.589450214407 35.150873144397337 9.06549956044182 6.6448415048143934 13.011185214156283 8.7115939017385262 9.3902338296175021 12.268354100466238 6.9424514430575064 9.0145573914051038 6.3264083266258258 13.963819744705686 3.4952838924364187 19.154919505934231 14.223150302655997 7.2701448411680785 30.079757072031498 11.707234704750588 13.196570523083208 3.6991888436459694 17.713231173343956 5.2432122752070418 8.7001832220703346 17.340168133727278 1.7978725433349603 0.91143253029440519 14.03229638020275 536.81950836593751 408.32982042664662 7177.5704722319351 1094.700098194473
leaf_count=233659 1122 165 1661 103 72 17 2062 113 9 152 56 24 334 121 157 62 314 97 147 68 4 43 66 1 392 69 2368 2002 20282 8217
internal_value=-1.01344e-05 -0.0244207 0.0209623 0.0419174 -0.0718421 -0.0224141 -0.076628 0.0614246 -0.00522114 0.0903258 0.0457752 -0.0434866 3.24755e-05 0.0247859 -0.0200822 0.0701469 0.0140007 0.0442483 0.112984 0.0821928 0.0358899 -0.019996 0.13097 0.0697168 0.282783 0.16403 -2.08719e-05 0.00286937 0.000690177 0.0130017
internal_weight=76892.1 133.985 68.464 59.3985 65.5211 30.3702 21.6586 52.7537 15.957 36.7967 23.7855 9.82169 76758.1 165.069 82.9855 82.0839 63.8306 52.1233 52.0041 38.9268 21.2135 15.9703 48.3049 16.9325 2.70931 31.3725 76593 9217.42 7585.9 1631.52
internal_count=273959 5556 2283 2118 3273 2151 2079 457 122 335 232 176 268403 1875 1017 858 683 369 796 272 204 200 649 514 393 135 266528 32869 22284 10585
is_linear=0
shrinkage=0.1


Tree=135
num_leaves=31
num_cat=0
split_feature=18 18 9 3 15 15 10 18 18 9 15 11 9 17 12 18 19 11 3 9 19 0 10 19 12 19 7 9 4 5
split_gain=7.92677 12.1925 7.95011 28.7026 28.0436 51.2115 46.3138 27.3854 36.9321 26.689 30.0589 26.5012 25.3872 25.3525 25.5215 22.3489 21.812 86.0206 48.3707 46.0137 31.4618 28.4955 44.0348 27.0556 25.4407 32.3476 29.1484 23.4639 35.4325 42.5059
threshold=157.50000000000003 149.50000000000003 72.500000000000014 0.0035045454545454551 29.250000000000004 33.375000000000007 48.003000000000007 41.500000000000007 75.500000000000014 66.166666666666671 937.50000000000011 20.020000000000003 460.00000000000006 17.52804023571429 5700.9615384615399 2.5000000000000004 78.500000000000014 17095.935000000001 2.204166666666667e-06 91.500000000000014 68.500000000000014 0.04532614278376991 118.50150000000001 80.500000000000014 1501.5337423312885 51.500000000000007 0.22245131729667814 90.166666666666671 7.1595925297113761 40.025000000000006
decision_type=2 2 2 2 2 2 2 2 2 2 2 2 2 2 2 2 2 2 2 2 2 2 2 2 2 2 2 2 2 2
left_child=1 2 9 4 12 6 -6 11 -9 -1 -11 -7 -4 14 16 -12 17 18 20 -20 -13 22 -21 -18 25 26 -19 -25 -29 -30
right_child=-2 -3 3 -5 5 7 -8 8 -10 10 15 13 -14 -15 -16 -17 23 24 19 21 -22 -23 -24 27 -26 -27 -28 28 29 -31
leaf_value=-7.1030986621181363e-05 -0.069792416723268982 0.092593308805684796 -0.10321514375091737 -0.17177869732191059 0.54342957526870217 0.21280758613633088 0.070969073146418066 -0.077812722955928032 0.068531534355100426 -0.019431854080181214 -0.21652776693505277 -0.12203178230561947 0.19184457405824773 -0.15178412674934408 -0.096457795419854817 -0.050704213295647671 -0.099062477896880052 -0.1286223333358649 0.069696155641737367 0.18835572124511918 0.072791917693903987 0.09472432810224557 0.46737400936703061 0.029369469702865959 0.081172934766738494 -0.11320280619942465 0.13589106465861486 -0.015896651842173738 0.10181700775206395 0.010218548747201652
leaf_weight=74873.247792573617 16.274821090220939 14.219883600715546 34.262328329932643 8.9746725112199766 3.3370954748243076 6.4944771947339168 5.4851863249205053 73.886057290947065 22.494732826948166 169.34646640869323 14.533311225619398 11.297420730814336 3.1873269446659824 9.581501081120221 21.656732708215714 18.440101563581266 22.951253848150373 6.3327285191044238 30.3016661060974 14.250743215903642 31.126996248029172 9.5910275653004629 9.3788432627916318 443.21878749084135 14.862055707722901 42.151176058221608 12.176015098579226 522.02826575632207 59.055783340707421 356.38668005687941
leaf_count=251846 88 30 3274 54 25 47 107 737 134 1395 64 158 24 155 106 83 163 63 131 86 240 41 48 2811 48 669 105 5226 168 5833
internal_value=-1.03162e-05 4.45906e-06 -1.2673e-05 0.00660308 0.00750986 0.00936523 0.249681 0.00813204 -0.0436568 -0.000169042 -0.0364402 0.0112078 -0.0781027 0.0103978 0.0113649 -0.123792 0.012838 0.0454626 0.103592 0.158811 0.0209113 0.240096 0.299101 0.00862017 -0.0360842 -0.064813 0.0453884 0.0104102 0.00144659 0.0232394
internal_weight=76880.5 76864.3 76850 1774.47 1765.49 1728.05 8.82228 1719.22 96.3808 75075.6 202.32 1622.84 37.4497 1616.35 1606.77 32.9734 1585.11 181.469 105.947 63.5223 42.4244 33.2206 23.6296 1403.64 75.522 60.6599 18.5087 1380.69 937.471 415.442
internal_count=273959 273871 273841 20453 20399 17101 132 16969 871 253388 1542 16098 3298 16051 15896 147 15790 1589 704 306 398 175 134 14201 885 837 168 14038 11227 6001
is_linear=0
shrinkage=0.1


Tree=136
num_leaves=31
num_cat=0
split_feature=2 8 11 17 13 15 7 5 1 2 8 5 1 16 7 3 13 13 11 4 10 19 15 9 10 18 16 16 19 17
split_gain=7.79173 15.8754 11.7156 8.05811 7.55136 19.9534 20.3354 29.7574 39.5308 29.6176 24.5098 19.2329 19.1515 23.3492 37.5167 24.2536 21.252 18.8305 68.2314 38.2343 39.0534 33.4187 31.9586 41.3491 28.52 35.1229 28.4061 37.4271 31.772 46.7734
threshold=166.50000000000003 2.213700234192038 1778.5250000000003 0.046470294117647061 0.16950000000000004 1504.5000000000002 0.19064323929961091 61.732142857142868 1.8750000000000002 6.5000000000000009 7.0848571428571434 50.071428571428577 0.0041783054003724403 0.0030896016291205295 0.15400641025641029 0.00080111111111111127 0.89950000000000008 0.20850000000000002 2300.5500000000006 2.9576648841354731 433.52100000000007 2.5000000000000004 21.250000000000004 2.3541666666666674 510.00150000000008 24.500000000000004 0.021768747778699211 0.031311274509803928 6.5000000000000009 -0.13914199999999996
decision_type=2 2 2 2 2 2 2 2 2 2 2 2 2 2 2 2 2 2 2 2 2 2 2 2 2 2 2 2 2 2
left_child=4 -2 3 -3 5 -1 7 8 9 -7 -8 -11 13 14 15 16 -6 18 19 20 21 -14 -21 -24 -22 -26 -23 -28 -29 -30
right_child=1 2 -4 -5 12 6 10 -9 -10 11 -12 -13 17 -15 -16 -17 -18 -19 -20 22 24 26 23 -25 25 -27 27 28 29 -31
leaf_value=0.001146305290035374 -0.10773207811040358 -0.014161666290777695 -0.10990523216098579 0.14321075693999263 0.18832012839707846 -0.18134379882893145 0.052738420648569852 0.025282764359270394 0.017475453683648418 0.016178072193683543 -0.02750481339189445 -0.10217752107724254 0.063668442232400799 -0.084273754655419253 -0.11402680804966188 0.20509191194517096 -0.12790210136839975 -0.0003114119599000377 0.051423969214817539 -0.20795214818968508 0.21870185769067516 -0.12120117699356114 0.029032836261362528 -0.12193623233825333 -0.1405580728900705 0.16967161357898108 0.11899891363236124 0.031995466351039198 0.027124531956910947 -0.16886491241883161
leaf_weight=16721.226067373471 19.620406202331651 5.9756024028174597 4.8841253546997896 7.1430402938276529 3.3153424076735991 21.370515733957291 230.53544751182199 265.61786069383379 85.814472496509552 27.649752333760262 45.592846296727657 27.272340789437294 27.319906003773212 58.379512222425546 12.671918543288482 11.06814271211624 5.9206462630827446 58933.891864605335 94.868096957914531 20.467440893873572 10.771022432483734 46.547182932961732 28.312585152685642 50.504934123717248 7.8110670766327512 6.849643103312701 15.012864748015998 28.67219865322113 18.968699373304844 34.007874464616179
leaf_count=57941 879 46 3645 57 9 78 334 595 146 54 94 77 73 782 429 9 394 206915 198 101 24 306 54 220 106 24 30 76 46 217
internal_value=-1.22425e-05 -0.0455092 0.0223046 0.0715269 1.00341e-05 0.00184058 0.0183341 0.00467705 -0.0290861 -0.0814589 0.0394891 -0.0425931 -0.000526819 -0.0462778 0.0209889 0.105253 -0.0143912 -0.000456365 -0.0223543 -0.0460606 -0.0204457 -0.0376856 -0.0966172 -0.0677056 0.0951537 0.00438461 -0.0570209 -0.0261151 -0.0527974 -0.0986893
internal_weight=76878.1 37.6232 18.0028 13.1186 76840.4 17425.1 703.853 427.725 162.107 76.2926 276.128 54.9221 59415.4 91.3556 32.976 20.3041 9.23599 59324 390.114 295.245 195.96 170.529 99.285 78.8175 25.4317 14.6607 143.209 96.6616 81.6488 52.9766
internal_count=273959 4627 3748 103 269332 59319 1378 950 355 209 428 131 210013 1623 841 412 403 208390 1475 1277 902 748 375 274 154 130 675 369 339 263
is_linear=0
shrinkage=0.1


Tree=137
num_leaves=31
num_cat=0
split_feature=11 19 7 15 15 6 7 8 0 12 4 18 0 8 6 18 15 7 7 5 15 9 11 19 12 16 6 17 5 4
split_gain=7.74627 33.3023 46.7531 42.0548 48.7626 39.1091 36.4793 68.7559 55.9546 39.7162 70.6076 45.1904 42.7228 34.0688 38.1474 33.6327 34.8742 37.192 43.818 45.6264 40.3622 50.2531 37.5354 35.8754 34.5472 55.362 38.4865 34.4765 33.4581 44.4066
threshold=6459.5700000000006 5.5000000000000009 1.5602650063856962 66.250000000000014 57.250000000000007 0.74981259370314846 0.71466973886328733 4.2506410256410261 0.23827838827838829 84.005420054200556 6.6055555555555561 19.500000000000004 0.39613300952736791 2.8559907834101388 1.9986684420772305 3.5000000000000004 242.25000000000003 0.18754128137384415 0.14819994819994822 34.767857142857146 937.50000000000011 145.00000000000003 129369.08000000002 50.500000000000007 222.27862380146647 0.0041710160055671549 5.2383461204956818 0.020670625000000005 15.35416666666667 1.5659420289855075
decision_type=2 2 2 2 2 2 2 2 2 2 2 2 2 2 2 2 2 2 2 2 2 2 2 2 2 2 2 2 2 2
left_child=-1 -2 3 4 28 -6 15 9 -9 11 13 12 -8 -11 -15 16 24 18 -18 -20 21 -19 -21 -22 25 -5 27 -26 29 -3
right_child=1 2 -4 6 5 -7 7 8 -10 10 -12 -13 -14 14 -16 -17 17 20 19 22 23 -23 -24 -25 26 -27 -28 -29 -30 -31
leaf_value=0.00044345301413753116 0.028659143797186593 0.028802404776288471 -0.028687132592856358 0.002537184989706863 0.085081831716330825 -0.12654931073142003 0.10246057413616622 0.12368991430563002 0.029948607671592672 -0.075261392695153168 0.012417494078237825 -0.048797982220819248 -0.0063549391919776477 0.042815339501312548 -0.12733254489390275 0.001593777709620459 -0.0097748652715396352 -0.013629118834308007 -0.17863880438914959 -0.02204633029078204 0.015498793800256547 0.13001498264710906 -0.15480989061234807 0.08259548349666157 -0.078573857551927639 -0.084419799547637536 0.0027280660106435485 -0.22128811488192857 0.072559656176352946 -0.10000785218707409
leaf_weight=63764.234700821828 340.02992840483785 52.58370734914206 673.77815230225679 309.55531084910035 9.8394280876964313 77.590380746871233 106.08279888704419 86.119101211428642 244.33413600176573 180.50660849921405 523.71307925134897 44.12437392026186 54.678127974271774 58.745824517682195 16.987118368968368 6614.0086150677453 1825.4489731526992 714.6373448795639 27.296166729182005 157.47751791702467 489.59192960336804 25.214265126734972 24.625283369794488 95.180255210027099 84.966622335079592 95.896735552698374 45.739219733513892 21.138665829552338 37.90771640650928 54.505802114494145
leaf_count=228848 578 241 4749 864 58 377 200 118 390 1264 1451 119 99 167 76 21393 6404 2392 111 809 852 63 108 160 914 404 103 214 104 329
internal_value=-1.1457e-05 -0.00222703 -0.00305059 -0.0016205 -0.043746 -0.102732 -0.000793971 0.014908 0.0543784 0.00166411 -0.00862843 0.0408455 0.0654502 -0.051643 0.00465068 -0.00275515 -0.0100989 -0.00625569 -0.0147449 -0.0580719 0.00678525 -0.0087337 -0.0399996 0.0264198 -0.0332665 -0.0180297 -0.0739514 -0.107006 -0.00817878 -0.0367587
internal_weight=76856.5 13092.3 12752.3 12078.5 232.427 87.4298 11846.1 1315.29 330.453 984.838 779.953 204.885 160.761 256.24 75.7329 10530.8 3916.77 3359.47 2034.85 209.399 1324.62 739.852 182.103 584.772 557.297 405.452 151.845 106.105 144.997 107.09
internal_count=273959 45111 44533 39784 1109 435 38675 3884 508 3376 2958 418 299 1507 243 34791 13398 10899 7432 1028 3467 2455 917 1012 2499 1268 1231 1128 674 570
is_linear=0
shrinkage=0.1


Tree=138
num_leaves=31
num_cat=0
split_feature=19 7 1 0 12 2 11 10 0 6 16 4 11 7 1 7 17 6 17 18 12 3 11 11 12 16 15 11 11 1
split_gain=7.28019 11.643 8.59001 41.2368 64.4961 40.1219 50.6153 58.1427 55.4285 50.1178 52.8092 39.2038 34.3346 33.688 33.9433 32.2365 32.4586 55.662 38.923 41.0925 40.2782 50.5857 38.3703 34.9022 36.6666 52.3325 44.5155 30.2637 35.9012 58.5479
threshold=1.0000000180025095e-35 1.5857862741961288 0.017937580437580442 0.071579264617239305 16.004268943436504 59.500000000000007 405.70500000000004 2046.1200000000001 0.034557396626362154 9.2646238358868747 0.018590251277989779 14.677083333333334 17095.935000000001 0.30135024549918171 0.0069204980842911884 17.04545454545455 -0.35824558441558435 1.0133423697253487 0.034196500000000012 3.5000000000000004 138.00212314225055 0.00065045454545454553 272.77000000000004 493.71500000000009 53.00356778797147 0.0016797333493845368 49.250000000000007 40.010000000000012 35.505000000000003 0.0072639651048262291
decision_type=2 2 2 2 2 2 2 2 2 2 2 2 2 2 2 2 2 2 2 2 2 2 2 2 2 2 2 2 2 2
left_child=1 -1 3 4 5 -2 7 9 -9 27 -11 12 15 14 -13 16 17 -6 23 20 21 22 -20 24 25 -18 -27 28 29 -7
right_child=2 -3 -4 -5 11 6 -8 8 -10 10 -12 13 -14 -15 -16 -17 18 -19 19 -21 -22 -23 -24 -25 -26 26 -28 -29 -30 -31
leaf_value=0.045313911009792283 -0.10007971350486955 -0.058005428830572282 0.0001493612797330788 0.0079313289270511195 -0.047546806036741107 0.23669068979158545 -0.11217719868119261 -0.014728894235821936 0.21120205673674641 0.2471063722391727 -0.04674055244895961 0.0089472190251177718 0.066502806297446967 -0.10028811297343394 -0.11083191478062121 0.14159998526464138 0.26231310766919308 0.14166176942355965 0.47505434118501794 -0.013108909941103745 -0.026739631949810539 0.05392179440419477 0.16463667736262327 -0.010572377163269909 -0.14079889941380122 -0.11176254607476169 0.08582513446564756 -0.099227672654422727 0.22442392268629777 -0.11223822838055236
leaf_weight=70.976712185889482 124.07557751261629 12.887244224548338 74307.559751601249 1148.0470500211231 26.649527687812224 6.1577428672462728 56.776067733531818 21.9822609120165 21.459189487621188 11.701006609946491 12.813443968072532 118.33984648113255 85.273721145815216 67.42200969485566 29.57050964559312 15.453131737885995 5.6753257659729561 37.323981801047921 5.5144350838381824 145.41696201160084 26.837397469673306 38.010784976184368 14.329221174586563 212.51877037470695 52.272836008574814 40.584635676816106 15.857440527528523 77.161362982587889 6.5340321818366638 21.951707103289664
leaf_count=241 3305 73 248498 3200 428 84 1980 875 82 70 100 4588 601 621 1459 175 49 158 27 2238 181 83 130 1714 508 528 75 1444 81 363
internal_value=-1.03895e-05 0.029437 -4.2565e-05 -0.00587383 -0.0180873 -0.0540247 -0.0298665 -0.00386933 0.0968764 -0.0359744 0.0935157 -0.00425722 0.00691536 -0.0417038 -0.0149992 -0.00106844 -0.00461869 0.0628429 -0.0123667 0.019141 0.0745144 0.121484 0.2509 -0.0345446 -0.0790812 -0.0271448 -0.0562501 -0.0643665 0.0132796 -0.0358008
internal_weight=76837.1 83.864 76753.3 2445.71 1297.66 360.612 236.537 179.761 43.4415 136.319 24.5145 937.051 721.718 215.332 147.91 636.444 620.991 63.9735 557.018 230.109 84.6918 57.8544 19.8437 326.909 114.39 62.1174 56.4421 111.805 34.6435 28.1094
internal_count=273959 314 273645 25147 21947 8384 5079 3099 957 2142 170 13563 6895 6668 6047 6294 6119 586 5533 2659 421 240 157 2874 1160 652 603 1972 528 447
is_linear=0
shrinkage=0.1


Tree=139
num_leaves=31
num_cat=0
split_feature=15 5 13 18 19 5 11 8 15 4 3 9 0 13 10 10 2 18 6 1 18 10 3 15 8 17 1 19 17 10
split_gain=7.2806 12.0718 9.15733 12.5787 13.7842 8.38343 15.7415 27.9773 29.6245 28.2451 27.2282 22.1372 21.7651 28.1915 27.5247 30.7024 29.3038 25.6396 24.1556 21.1906 21.0711 22.2079 37.1199 51.7142 19.7071 24.8631 22.0981 26.5408 19.3943 20.8807
threshold=10544.000000000002 151.90873015873018 0.85750000000000004 7.5000000000000009 80.500000000000014 126.01879699248121 180623.31000000003 7.9514705882352947 2576.5000000000005 32.027027027027039 4.5732142857142865e-06 1.6125000000000003 0.35329985652797707 0.74350000000000016 236.03600000000003 94.624000000000009 2.5000000000000004 12.500000000000002 8.4968646002365329 5.5000000000000009 36.500000000000007 710.9620000000001 0.00041690476190476194 1604.0000000000002 11.723809523809525 -12.229766769927535 7.5000000000000009 15.500000000000002 1.4484037765818185 72.857000000000014
decision_type=2 2 2 2 2 2 2 2 2 2 2 2 2 2 2 2 2 2 2 2 2 2 2 2 2 2 2 2 2 2
left_child=5 2 -2 -4 -5 6 -1 9 24 11 -10 -8 18 -14 15 16 -15 -18 20 -11 21 -13 23 -23 25 -9 27 -27 29 -26
right_child=1 -3 3 4 -6 -7 7 8 10 19 -12 12 13 14 -16 -17 17 -19 -20 -21 -22 22 -24 -25 28 26 -28 -29 -30 -31
leaf_value=2.8514912411014714e-05 0.039050774457505509 0.045345094876139296 -0.25823908191048234 0.087102499574819928 -0.13288541571589388 0.0075750451672041133 0.079556206263542872 0.056364267980794018 -0.070025308336537542 -0.18237776589682922 0.026459519265776256 0.03089427239827592 0.025800631966103604 0.0053881593317785473 -0.14648923983288617 0.022479385412402887 -0.18081918409990905 -0.034806473876521589 -0.079379341490907626 0.038852463077767935 -0.11775056394996242 -0.021295829070188815 0.66485386942902613 0.64341333436745263 0.015447878984591601 -0.29773062278237816 0.042154091599746292 -0.10797678966330078 0.0079741098982009703 -0.085228737945172009
leaf_weight=74363.414549498906 4.6697192937135723 9.9630386084318143 4.7389441413106423 3.9993111118674269 9.8966402950463799 1436.2169092431141 38.119543570093811 9.7968838065862638 39.091200614348054 14.028181432746353 116.16068205609918 208.71463800000492 89.150306321680546 31.86952506005764 22.563658118247986 66.449348635971546 27.85974133759737 21.160674870014191 21.593206649646163 6.2625527977943412 9.1031463429098931 6.1934387977235001 1.3976424932479856 1.4431608244776724 27.450326215475798 8.4750527143478376 8.1316675245761854 56.588751532370225 67.523026123642921 82.562502657994628
leaf_count=260264 7 19 88 4 222 9285 74 19 153 161 206 1261 145 58 84 111 99 46 71 9 86 339 1 7 50 43 11 479 185 372
internal_value=-1.3558e-05 -0.0467847 -0.0861715 -0.117551 -0.069572 6.70697e-06 -0.00013756 -0.0127178 -0.0324128 0.00175241 0.0021654 0.00606068 0.000540238 -0.0197405 -0.0436366 -0.0278856 -0.0692594 -0.11779 0.0216869 -0.114097 0.0313071 0.0375385 0.191038 0.104321 -0.0530184 -0.0932445 -0.113269 -0.132694 -0.034214 -0.060108
internal_weight=76814.6 33.2677 23.3046 18.6349 13.896 76781.3 75345.1 981.689 415.78 565.909 155.252 545.618 507.498 259.053 169.903 147.339 80.8899 49.0204 248.445 20.2907 226.852 217.749 9.03424 7.6366 260.528 82.9924 73.1955 65.0638 177.536 110.013
internal_count=273959 340 321 314 226 273619 264334 4070 1518 2552 359 2382 2308 543 398 314 203 145 1765 170 1694 1608 347 346 1159 552 533 522 607 422
is_linear=0
shrinkage=0.1


Tree=140
num_leaves=31
num_cat=0
split_feature=16 8 16 4 11 8 7 17 19 10 12 16 4 10 6 8 10 18 17 0 8 0 5 16 7 17 10 4 7 7
split_gain=7.35253 18.3212 18.4028 64.4976 57.4132 57.1039 52.9708 48.3285 48.2091 50.0021 42.3538 38.4683 38.0199 38.216 37.7773 37.7192 34.0736 26.9395 25.1534 23.3515 21.884 30.3632 21.6352 33.3207 18.8708 39.0542 129.796 40.694 26.8224 43.8209
threshold=0.0024009638443091685 48.525000000000006 0.002218114905732167 8.8360215053763458 272.77000000000004 5.8313008130081307 2.8908730158730163 2.2425900000000003 43.500000000000007 60.001500000000007 215.02688172043014 0.0022641522330521806 19.675438596491233 205.001 2.3710737436260705 8.2436611008039602 44.70150000000001 2.5000000000000004 0.47955691666666672 0.16585760517799356 1.3674523497744799 0.14243448858833477 70.126984126984141 0.002361278379945582 10.514705882352944 -0.087993749999999982 101.581 0.44353369763205835 2.3348909657320878 1.3118516597510375
decision_type=2 2 2 2 2 2 2 2 2 2 2 2 2 2 2 2 2 2 2 2 2 2 2 2 2 2 2 2 2 2
left_child=1 2 24 8 10 6 11 12 20 -10 -5 19 13 17 -11 -14 -13 -7 -15 -6 21 -4 23 -18 28 26 -26 -27 29 -1
right_child=-2 -3 3 4 5 7 -8 -9 9 14 -12 16 15 18 -16 -17 22 -19 -20 -21 -22 -23 -24 -25 25 27 -28 -29 -30 -31
leaf_value=-0.0024217681496788261 0.00046096049828935791 -0.13970905378736129 -0.11310446241517801 0.15377670321866241 0.057818318834840135 0.071043459877938087 0.088568138267979588 -0.14487021359122357 0.11534913396203322 -0.11972018165806718 0.0037248827229840625 -0.21994526053217742 0.07318515769629641 -0.045867575116615732 0.088018916050661145 0.0049339690450366114 -0.13117201965299327 -0.024130719927159129 -0.1753406008941685 -0.08148610859730776 -0.1474801207505286 0.081590241000192118 -0.17782370894792807 0.03799978698789358 0.49846206035734275 -0.060212108653809826 -0.10981264508708358 0.071416148383702333 -0.025724541131759589 0.016939399591816721
leaf_weight=11679.603830886044 62243.756704295753 9.6596677647903544 25.439141611685045 38.167682183906436 23.230092929676175 49.670710705220699 19.682637944817543 21.608897101599723 22.85187401343137 33.781243045814335 37.091403685510159 26.641971338540316 120.92515213787556 92.636481309309602 11.815505626145749 245.08792097307742 24.111257012933493 74.121529772877693 17.905341449193656 24.965645670890808 67.111555675975978 11.691448554396628 18.286386430263519 22.514724671840668 7.055146773112936 39.761614284827374 6.9773755988571793 57.384001166326925 435.12998380907811 1299.0301784773474
leaf_count=52753 197147 106 696 55 55 63 21 133 40 516 111 124 183 269 42 525 109 167 84 74 501 26 85 54 48 2312 291 907 7577 8885
internal_value=-1.23081e-05 -0.00203498 -0.0019436 -0.0148331 -0.0035941 -0.0116285 -0.0650222 0.00205855 -0.0705849 -0.00538162 0.0798237 -0.0866542 0.0073471 -0.0241039 -0.0658887 0.0274831 -0.12472 0.0140572 -0.0668394 -0.0143421 -0.113399 -0.0518002 -0.0856373 -0.0494824 -0.000962628 0.0400666 0.19601 0.0175408 -0.00130269 -0.000483911
internal_weight=76807.7 14563.9 14554.3 1029.34 856.648 781.389 159.433 621.956 172.691 68.4486 75.2591 139.75 600.347 234.334 45.5967 366.013 91.5543 123.792 110.542 48.1957 104.242 37.1306 64.9124 46.626 13524.9 111.178 14.0325 97.1456 13413.8 12978.6
internal_count=273959 76812 76706 3933 2112 1946 522 1424 1821 598 166 501 1291 583 558 708 372 230 353 129 1223 722 248 163 72773 3558 339 3219 69215 61638
is_linear=0
shrinkage=0.1


Tree=141
num_leaves=31
num_cat=0
split_feature=5 12 17 3 17 8 7 16 6 16 12 10 17 13 17 16 2 10 7 4 10 6 16 7 8 19 17 5 1 0
split_gain=7.49807 60.1355 65.3225 73.5946 59.4187 42.2425 40.3298 37.3175 71.8074 56.171 53.819 60.4527 52.527 46.9914 44.2934 36.29 46.4366 58.483 50.4308 45.8835 35.8283 51.7019 35.1234 38.626 74.76 87.3961 64.9298 34.7878 43.2091 34.3163
threshold=0.52500000000000013 5.9654009119507307 -0.11947736666666665 0.0012007142857142859 -0.12932729999999995 1.2360681114551086 2.4902948861515495 0.015018796992481204 1.4695085082491148 0.017259998510463993 1.9323689536455495 666.79250000000013 0.044567532467532478 -0.063499999999999931 0.04312916666666667 0.077524038461538478 6.5000000000000009 51.605500000000013 3.1639784946236564 0.99166666666666681 280.51600000000002 2.1197674209608719 0.0033370452858203421 2.7543103448275867 0.23861283643892342 36.500000000000007 -0.024840454545454544 1.5147058823529413 0.94444444444444453 0.034557396626362154
decision_type=2 2 2 2 2 2 2 2 2 2 2 2 2 2 2 2 2 2 2 2 2 2 2 2 2 2 2 2 2 2
left_child=5 2 4 7 29 -1 -7 8 13 20 11 -11 14 -4 27 16 -5 -18 -19 -17 -9 -22 -15 -24 25 -25 -27 -12 -29 -2
right_child=1 -3 3 15 -6 6 -8 9 -10 10 12 -13 -14 22 -16 19 17 18 -20 -21 21 -23 23 24 -26 26 -28 28 -30 -31
leaf_value=-2.9652898854550865e-06 0.040286321481584224 6.7910874226065609e-05 0.11585555235676653 -0.097327996839756278 0.16077335021983125 0.016023344114410275 -0.11092091639364135 0.14450603250267247 -0.09888867578231457 -0.0038998748510346154 -0.068402405131404082 0.15330645973006285 -0.095161393424263538 -0.092228576502614124 0.25283895659601618 -0.075120011491563637 0.10520735310253976 -0.078324911827777011 -0.0081830542589713604 0.03285548284602869 -0.15851288425866203 0.14712801537127934 0.068550908883516254 0.0096814624418477546 -0.065303415352139613 0.58376826304657081 0.1167528100214324 -0.010180463547834877 0.15221475427624356 -0.014699993436393548
leaf_weight=17092.218461248776 188.12501754052937 55201.706771967249 29.597934424527921 206.76506107673049 26.575046761892736 2218.3428430315107 25.312061063945293 49.460227961651981 102.25762999663129 60.966554860584438 52.7947051320225 40.851623557275161 77.206425855401903 51.041274761082605 6.9944689990952602 61.753430451266468 26.108940061181784 245.3807793725282 176.04387142229825 108.50789109244943 11.27906054724008 10.866861123125998 61.510494862275664 123.77576085506007 158.48712891613832 4.6082413699477902 8.4101499373791722 57.532271950505674 22.908262027427554 286.11805879510939
leaf_count=70283 1753 181737 239 1202 86 4597 114 157 1140 400 789 131 867 1993 19 475 73 1287 1487 364 93 59 273 732 2161 16 144 433 67 788
internal_value=-1.28704e-05 -0.000586089 -0.0165892 -0.0256791 0.015266 0.00169048 0.0145912 -0.00640329 -0.0234455 0.0171281 -0.000825535 0.0591747 -0.0289216 -0.00580925 0.00754804 -0.0474326 -0.0581343 -0.0400264 -0.0490242 -0.00630701 0.0971738 -0.00853686 -0.0146389 -0.00353923 -0.0185564 0.0356037 0.282067 -0.00532903 0.0360673 0.00711224
internal_weight=76793.5 57457.6 2255.93 1755.11 500.818 19335.9 2243.65 930.549 539.689 390.86 319.254 101.818 217.436 437.431 140.23 824.56 654.299 447.534 421.425 170.261 71.6061 22.1459 407.833 356.792 295.281 136.794 13.0184 133.235 80.4405 474.243
internal_count=273959 198965 17228 14601 2627 74994 4711 9713 6698 3015 2706 531 2175 5558 1308 4888 4049 2847 2774 839 309 152 5319 3326 3053 892 160 1289 500 2541
is_linear=0
shrinkage=0.1


Tree=142
num_leaves=31
num_cat=0
split_feature=6 6 3 7 7 7 17 8 11 16 0 0 7 11 4 17 18 13 19 10 7 11 7 12 4 18 10 18 8 17
split_gain=7.20529 20.7837 27.0838 56.8662 25.1998 33.2581 31.8411 26.6899 24.5623 32.3147 37.3591 33.5073 26.1651 27.6277 33.0419 29.7677 32.1645 24.3187 23.5169 23.056 23.0493 37.6596 24.9687 39.949 22.5106 21.6396 27.9327 21.5465 20.7045 35.1707
threshold=1.0157442944987827 1.0429341528394351 0.016267857142857146 0.26028525648258899 4.4463601532567063 3.1639784946236564 -0.0027241071428571423 1.1761982570806102 24.210000000000004 0.041812354312354319 0.21089696071163827 0.011385240235050123 0.048331479421579539 54.025000000000006 12.912878787878789 1.5377500000000002 29.500000000000004 0.96650000000000003 11.500000000000002 6.2540000000000004 1.0000000180025095e-35 307.77000000000004 1.1617262423714039 27.013513513513519 267.88888888888897 15.500000000000002 44.70150000000001 17.500000000000004 9.3821486928104587 -3.4841106723062496
decision_type=2 2 2 2 2 2 2 2 2 2 2 2 2 2 2 2 2 2 2 2 2 2 2 2 2 2 2 2 2 2
left_child=28 2 4 -4 5 8 -7 -8 18 10 12 19 -10 -14 15 16 -15 -17 -2 -11 -12 22 23 -22 -3 -6 -27 -19 29 -1
right_child=1 24 3 -5 25 6 7 -9 9 11 20 -13 13 14 -16 17 -18 27 -20 -21 21 -23 -24 -25 -26 26 -28 -29 -30 -31
leaf_value=-0.024511807556399624 -0.033417849254002562 -0.0004003944986452536 -0.22335368116644175 0.022272886019970805 -0.14292055245855498 -0.050073284525734785 0.21568916038244013 0.030877869162871958 -0.13071099558477883 0.20229656822521902 0.06953139109841748 0.0050109565066971135 0.074984455822523957 -0.092468478348385078 0.011136573740778925 -0.12420003734568615 0.018412070026667587 -0.039378711188076065 -0.180457011189774 0.046834362089113499 0.042952248941456821 0.0080194274794503154 -0.14147070367046341 -0.09923123598297813 -0.092870949641387923 0.12094097092982692 -0.081909196619268626 0.13319087195770493 0.0071610140872135162 0.00058735000692067588
leaf_weight=570.36650124538573 35.214073203504086 43636.442881359078 18.279586270451546 19.45920642465353 25.994308207416907 13.84810461103916 17.22346803825349 14.304027438163756 28.426867033456801 17.625382054597139 45.920996628701687 82.128274671733379 23.000331331044436 163.09341081697494 95.583277913741767 8.8991866770666075 31.160046054050326 12.083073572255673 15.738552697934209 20.794868534430861 38.657653816044331 471.60962482169271 26.764675512909889 40.425588890910149 26.341593235731125 9.7607429996132833 22.291160261025652 18.03318572207354 4837.8873225366988 26376.485902371074
leaf_count=3158 128 143031 77 39 383 55 57 61 320 56 59 199 74 930 282 124 114 122 101 91 56 861 88 111 92 20 224 71 12072 110903
internal_value=-1.49895e-05 -0.000829415 -0.0132097 -0.0967016 -0.0107453 -0.00768375 0.0763224 0.13184 -0.0109274 -0.00784958 -0.0137254 0.0410707 -0.0384272 -0.0309714 -0.0383821 -0.0586727 -0.0746822 0.0210368 -0.0788362 0.118153 0.00134352 -0.00407896 -0.0579838 -0.0297288 -0.000456182 -0.0751212 -0.0201354 0.0639535 0.00113752 5.60925e-05
internal_weight=76763.8 44979.1 1316.32 37.7388 1278.58 1220.53 45.3756 31.5275 1175.16 1124.21 1003.66 120.549 380.279 351.853 328.852 233.269 194.253 39.0154 50.9526 38.4203 623.379 577.458 105.848 79.0832 43662.8 58.0462 32.0519 30.1163 31784.7 26946.9
internal_count=273959 147826 4703 116 4587 3960 173 118 3787 3558 3212 346 2037 1717 1643 1361 1044 317 229 147 1175 1116 255 167 143123 627 244 193 126133 114061
is_linear=0
shrinkage=0.1


Tree=143
num_leaves=31
num_cat=0
split_feature=7 5 4 15 9 4 2 7 0 11 11 8 0 10 13 16 7 14 3 8 5 0 7 3 12 5 0 16 9 2
split_gain=7.7385 68.9207 59.3604 64.2609 57.9027 79.4519 80.5774 58.6278 57.3348 68.2428 51.9493 51.6397 66.0241 57.6659 49.7208 48.027 46.2704 68.4355 96.5104 91.7454 72.3126 86.2074 77.3199 64.1845 58.2914 55.4542 88.8946 65.6789 72.8465 63.7397
threshold=0.75041528239202671 61.133928571428577 4.496666666666667 382.25000000000006 27.100000000000005 2.8373983739837403 42.500000000000007 0.83910594439117936 0.30810147299509011 293.23500000000007 46539.080000000009 2.4984472049689446 0.06653645833333334 71.501000000000019 -0.23349999999999996 0.0035650737163192684 0.51069549302219175 5.5000000000000009 0.0004504545454545455 5.1583124477861331 23.646428571428576 0.017278698313181077 0.68237250554323736 0.00035045454545454551 87.001048218029368 11.522727272727275 0.50274725274725285 0.027826171118854048 1.5357142857142858 17.500000000000004
decision_type=2 2 2 2 2 2 2 2 2 2 2 2 2 2 2 2 2 2 2 2 2 2 2 2 2 2 2 2 2 2
left_child=16 2 4 10 8 7 -7 -6 -2 14 -4 12 -5 -13 -10 -11 -1 18 19 20 22 23 -18 -22 -24 26 27 28 -20 -30
right_child=1 -3 3 11 5 6 -8 -9 9 15 -12 13 -14 -15 -16 -17 17 -19 25 -21 21 -23 24 -25 -26 -27 -28 -29 29 -31
leaf_value=0.00037994776199133369 0.0025404203450847722 -0.12806720183956391 0.0087524149265233199 -0.14408868297667124 0.096062089739197845 -0.10081657240669591 0.2947327018641408 -0.019832322759384718 -0.17257255378351696 0.043553359340076599 0.092334516294384605 0.03084765541492758 -0.0015051074408143888 -0.033581369124987236 -0.030202199328306163 -0.0076341977307578428 -0.081769936069061314 0.01832758765002987 -0.12841302853316866 -0.098761913842207144 0.080013313252018547 -0.033679205158758795 0.06554999162565063 -0.15304031437528365 -0.051049088473646455 -0.0010494608318462031 -0.20981732455313909 0.0087514818757731556 -0.063995375633204676 0.036772056055924381
leaf_weight=46181.652198246942 10166.057255912689 41.014791057445109 9830.8079703440308 70.524692971026525 46.382517768070102 164.4593165400438 5.3165477067232123 740.76491933845682 25.123143866658211 210.94605706632137 74.929169837385416 224.92864951863885 60.195771113038063 363.28205233812332 1039.1570090949535 1398.4728884324431 303.65913776960224 802.3598723448813 95.832085710018873 211.64507217332721 151.31296117790043 222.97348085418344 78.67244435288012 12.818403605371712 94.231550436932594 3511.9308183295652 26.959953442215919 315.56038416549563 170.62511793151498 99.307454317808151
leaf_count=144247 58500 620 30089 459 155 1554 58 13851 85 306 94 366 124 1022 2196 2638 2028 1306 395 1233 1028 820 209 76 650 8111 98 767 623 251
internal_value=-1.41873e-05 0.00145382 0.00167135 0.00728949 -0.00265512 -0.0263853 -0.0884299 -0.0130033 -0.000886554 -0.0139167 0.00938465 -0.0215784 -0.07843 -0.00894405 -0.033563 -0.00092506 -0.00070109 -0.00888821 -0.0130118 -0.0397562 -0.0252966 0.00680888 -0.0513754 0.0618122 0.00200425 -0.00619737 -0.0317226 -0.0246754 -0.0535141 -0.0269233
internal_weight=76741.9 24462.4 24421.3 10624.7 13796.7 956.923 169.776 787.147 12839.8 2673.7 9905.74 718.931 130.72 588.211 1064.28 1609.42 52279.5 6097.89 5295.53 1075.31 863.668 387.105 476.563 164.131 172.904 4220.22 708.285 681.325 365.765 269.933
internal_count=273959 112117 111497 32154 79343 15618 1612 14006 63725 5225 30183 1971 583 1388 2281 2944 161842 17595 16289 6044 4811 1924 2887 1104 859 10245 2134 2036 1269 874
is_linear=0
shrinkage=0.1


Tree=144
num_leaves=31
num_cat=0
split_feature=17 18 15 5 18 11 18 10 6 17 9 1 19 10 10 3 9 0 19 18 5 1 10 9 18 2 15 10 5 17
split_gain=7.68027 30.92 27.9267 25.226 29.9706 26.9924 22.2126 19.4304 12.5607 10.5336 29.772 37.4702 37.2678 36.3375 25.2158 18.7881 16.1756 15.9154 9.20517 8.65025 23.7604 26.8621 47.2027 44.6706 39.3356 50.0839 36.3913 53.6621 75.5124 51.1829
threshold=-44.518346453004042 9.5000000000000018 213.37500000000003 28.031250000000004 4.5000000000000009 315.47000000000008 40.500000000000007 276.19950000000006 2.995806947256566 -25.539935077159026 20.928571428571434 0.23904761904761906 38.500000000000007 1152.9610000000002 1226.6990000000003 5.1568181818181831e-06 44.166666666666679 0.28669275929549903 15.500000000000002 14.500000000000002 47.038461538461547 0.4188596491228071 16.923500000000001 33.083333333333336 23.500000000000004 1.5000000000000002 107.12500000000001 46.943500000000007 4.3484848484848486 1.5377500000000002
decision_type=2 2 2 2 2 2 2 2 2 2 2 2 2 2 2 2 2 2 2 2 2 2 2 2 2 2 2 2 2 2
left_child=1 3 18 4 5 -1 -4 -8 -7 10 11 14 -12 15 17 -14 -17 -2 -3 -11 21 -21 -23 26 -25 -26 27 29 -29 -24
right_child=9 2 6 -5 -6 8 7 -9 -10 19 12 -13 13 -15 -16 16 -18 -19 -20 20 -22 22 23 24 25 -27 -28 28 -30 -31
leaf_value=0.16315944934918114 -0.13868124472950102 0.041471136689361414 -0.078427724241214483 -0.016231191235939871 0.18151411335753487 -0.13809598348585603 -0.012613128338517 0.11227391608370317 0.043307587442009375 -0.00066358363786633032 0.10703839958918392 -0.0087191857512926296 -0.13591834112645115 0.18587217678975249 0.024240634834573269 -0.089785241005485919 0.084653594157277634 -0.30215680876817219 -0.13723289878140801 0.0025908754775664923 0.0095871259343265902 0.012692097574818409 -0.0037757177368942063 -0.13348513726527184 -0.13276478965275718 0.021595481388710255 -0.0010012580705345542 -0.0066705027693985805 -0.090556539568762418 -0.12188185003648977
leaf_weight=9.2916168142110127 18.600377382244918 3.3647248968482044 18.61532018519938 23.768189467489719 26.801377555821091 8.1236864752136153 25.0101222936064 24.822481587529182 7.2000065026804796 55368.582408905895 29.222859333036467 44.153942211531103 21.184588611358777 6.4274734212667672 6.7926678596995762 10.667731577064844 10.596015782561151 8.7602315172553045 20.110570453107357 13145.592214387958 3245.5567348021941 1023.7213093559258 902.36883859941736 53.777812420157716 30.664019586751238 66.832038973923773 2089.3804930988699 202.18905104720034 228.67814535647631 38.248008177615702
leaf_count=19 158 10 93 82 66 89 82 59 25 194588 94 114 223 48 42 80 37 42 334 55069 9878 2374 2526 437 232 365 4349 1422 819 203
internal_value=-1.41645e-05 0.0214007 -0.0175014 0.0689637 0.108346 0.0286806 0.0147777 0.0495953 -0.0528615 -6.09118e-05 -0.0259859 -0.069557 0.0177016 -0.035713 -0.148209 -0.0692651 -0.00285999 -0.191022 -0.111619 -7.83518e-06 0.00171889 0.000282741 -0.00626228 -0.0116342 -0.0648253 -0.0269532 -0.00930919 -0.0219659 -0.0511921 -0.00857823
internal_weight=76719.1 167.108 91.9232 75.1849 51.4167 24.6153 68.4479 49.8326 15.3237 76552 156.406 78.3072 78.0987 48.8758 34.1533 42.4483 21.2637 27.3606 23.4753 76395.6 21027 17781.5 4635.86 3612.14 151.274 97.4961 3460.86 1371.48 430.867 940.617
internal_count=273959 859 578 281 199 133 234 141 114 273100 838 356 482 388 242 340 117 200 344 272262 77674 67796 12727 10353 1034 597 9319 4970 2241 2729
is_linear=0
shrinkage=0.1


Tree=145
num_leaves=31
num_cat=0
split_feature=3 3 7 17 11 11 5 18 1 9 7 10 5 15 12 1 19 4 0 15 5 17 12 13 17 16 11 7 8 1
split_gain=7.6766 75.7264 76.5954 42.3576 53.8547 48.601 38.2009 46.0582 47.2569 37.56 69.6452 61.352 70.3376 65.0452 64.4942 52.58 38.4235 95.4345 65.9832 58.9954 35.4535 55.4542 35.2676 56.6972 49.4117 55.2111 43.0705 57.4591 70.8905 67.1591
threshold=0.0007171921182266011 0.00075045454545454558 9.1937500000000014 -1.0000000180025095e-35 72.515000000000015 3761.4650000000006 0.84523809523809534 18.500000000000004 0.21525096525096529 15.071428571428573 0.81359784283513104 74.251000000000019 33.447619047619057 82.250000000000014 78.007092198581574 0.14907407407407411 36.500000000000007 12.912878787878789 0.42340286831812263 607.50000000000011 45.033333333333339 -0.0027241071428571423 11.001222493887534 -0.23349999999999996 0.034196500000000012 0.034602490421455946 72.515000000000015 1.0809817170111289 0.33156028368794327 0.021798526966025186
decision_type=2 2 2 2 2 2 2 2 2 2 2 2 2 2 2 2 2 2 2 2 2 2 2 2 2 2 2 2 2 2
left_child=-1 3 9 4 -2 -6 -4 -8 -9 22 11 12 -11 14 -13 -14 19 -18 -19 -15 21 -17 23 -3 25 -24 -25 28 -28 -30
right_child=1 2 6 -5 5 -7 7 8 -10 10 -12 13 15 16 -16 20 17 18 -20 -21 -22 -23 24 26 -26 -27 27 -29 29 -31
leaf_value=0.00087775605921311037 0.13615834650213429 -0.087444156107832613 0.0039676453934448554 -0.047391188199579097 -0.044023165761580885 0.062755604052880762 -0.10541760278505059 -0.12423708850778044 0.097403703439463002 -0.058851160127857807 -0.057993147280774218 -0.073790523626884638 0.10345057798493185 -0.063398482525308414 0.14346296239228576 0.055621952939203849 0.020024705050122771 -0.12552429356965703 -0.018422497593522474 0.064136622487024494 0.026468436999651804 -0.082175366507347081 -0.0028873344090336985 0.0046873084426148331 0.0080677395437791701 0.020644597927588108 -0.14601088735156134 -0.026306751358534504 -0.14167625512566481 0.0044522341083156952
leaf_weight=42770.923055481253 27.027919128537178 83.699566607363522 79.668763705529273 541.63150158431381 150.62586903572083 59.44994043186307 144.35431174212135 15.36048750579357 25.739829774945974 116.25813798233867 291.67718594893813 19.782997108995914 76.167775500565767 376.1815063804388 44.179463058710098 45.908275760710239 371.8346536885947 95.197295885533094 145.35038120299578 40.141326570883393 578.2098677419126 80.266490161418915 13153.95454734005 2783.6298525391612 10002.798767806031 1078.8075848985463 32.916707370430231 1555.0258039864711 31.987346366047859 1875.8744995221496
leaf_count=190634 39 433 422 1686 413 92 1637 182 101 359 1265 94 119 1121 109 69 898 476 311 74 986 231 28831 9215 20109 2234 203 6842 254 4520
internal_value=-1.32471e-05 -0.00113662 -0.000412422 -0.0319604 0.00328913 -0.0138055 -0.0539469 -0.0788261 0.0145695 1.92473e-05 -0.0123594 -0.00566899 0.0137148 -0.0215783 0.0762685 0.024523 -0.0276622 -0.011727 -0.0608083 -0.0511017 0.0159883 -0.0320383 0.000942081 -0.00568355 0.00268167 -0.00110367 -0.00459375 -0.011984 -0.000508153 0.00200223
internal_weight=76694.6 33923.7 33145 778.735 237.104 210.076 265.123 185.455 41.1003 32879.9 2281.16 1989.48 896.811 1092.67 63.9625 780.552 1028.71 612.382 240.548 416.323 704.385 126.175 30598.7 6363.13 24235.6 14232.8 6279.43 3495.8 1940.78 1907.86
internal_count=273959 83325 81095 2230 544 505 2342 1920 283 78753 6112 4847 1764 3083 203 1405 2880 1685 787 1195 1286 300 72641 21467 51174 31065 21034 11819 4977 4774
is_linear=0
shrinkage=0.1


Tree=146
num_leaves=31
num_cat=0
split_feature=7 5 16 13 12 12 12 9 8 6 15 11 0 2 7 4 19 1 10 8 17 17 8 7 10 17 18 0 11 11
split_gain=8.76862 61.6292 49.402 42.0525 69.617 40.163 50.1935 47.111 77.5954 59.5727 52.5565 73.8794 78.4342 97.1237 59.2069 69.439 49.0018 43.5651 62.8431 43.5066 42.7488 63.3408 42.5419 42.3271 41.9074 52.4176 40.7375 40.1544 39.7752 64.1249
threshold=0.75041528239202671 61.133928571428577 0.016684064022268619 -0.0065000000000000049 16.004268943436504 496.01587301587307 302.00154083204933 29.100000000000005 4.4013888888888895 1.0005005005005008 235.25000000000003 380.20500000000004 0.052015692640692647 6.5000000000000009 0.82637681159420306 1.6018867924528306 46.500000000000007 0.060790835181079091 528.0055000000001 2.8559907834101388 0.10401000000000001 0.00049365238571428584 0.91779279279279291 1.2087483793441485 57.602500000000013 0.88260403437500001 8.5000000000000018 0.6632788559754853 4.0200000000000005 12.995000000000003
decision_type=2 2 2 2 2 2 2 2 2 2 2 2 2 2 2 2 2 2 2 2 2 2 2 2 2 2 2 2 2 2
left_child=-1 2 5 4 -4 6 7 -2 9 10 14 12 13 -12 -9 22 -10 18 -7 -17 21 -21 -16 -20 26 -26 -24 -11 -5 -30
right_child=1 -3 3 28 -6 17 -8 8 16 27 11 -13 -14 -15 15 19 -18 -19 23 20 -22 -23 24 -25 25 -27 -28 -29 29 -31
leaf_value=-0.00074442080793490862 0.0055449679963273249 -0.12614481625367513 -0.087047331994584046 -0.093922262898226458 0.0057414658040119181 -0.09634568286238275 -0.02458414367822849 0.093736627999888675 0.14603021540163905 -0.055807265028655732 0.0941416845520643 -0.0059562608428941014 0.003042125503272982 0.42834838096129346 -0.019329434676583532 -0.07847221877723079 -0.036466372031067416 0.035093440348863636 -0.068373727385732525 0.0022506944863270209 -0.092942719314447683 0.26845258763406032 0.044942536525195781 0.052686048179289624 -0.061393779700207679 0.12505122963473916 0.2592583764319954 -0.32857560633986838 0.053426715614715251 -0.0057981171263509785
leaf_weight=52211.485104927764 16099.781120058324 37.736528626643121 165.1565604112111 49.201900014653802 158.41692497581244 66.861275136005133 632.59963285923004 42.167373442091048 47.017116688191891 270.84862703399267 23.129732856526971 135.38507956376998 30.382692761719227 13.933875788934527 203.87969377310947 268.08810620708391 21.414182122796774 763.02459397912025 39.350640379358083 47.496641758829355 30.971449901349843 11.010512378066776 18.532231591641903 108.55702193407342 38.411995272617787 24.82412301003933 17.009884810075164 5.506642445921897 189.9492784012109 4869.666510355426
leaf_count=161842 68056 620 1151 227 373 342 2765 173 70 3875 73 906 89 72 6944 3073 86 1747 237 251 270 48 118 321 637 208 66 27 591 18701
internal_value=-1.27523e-05 0.00155094 0.00174849 -0.00665905 -0.0416193 0.00415739 0.00308416 0.00409299 -0.0146081 -0.0206041 -0.0081976 0.0366416 0.122148 0.219785 -0.0211459 -0.0284833 0.0889216 0.0238949 -0.0158911 -0.0583201 0.00205781 0.0523475 0.00676669 0.0204783 0.0606295 0.0117975 0.147511 -0.0612424 -0.0044448 -0.00357468
internal_weight=76641.8 24430.3 24392.6 5432.39 323.573 18960.2 17982.4 17349.8 1250.01 1181.58 905.223 202.831 67.4463 37.0636 702.392 660.225 68.4313 977.794 214.769 357.567 89.4786 58.5072 302.658 147.908 98.7782 63.2361 35.5421 276.355 5108.82 5059.62
internal_count=273959 112117 111497 21043 1524 90454 87807 85042 16986 16830 12928 1140 234 145 11788 11615 156 2647 900 3642 569 299 7973 558 1029 845 184 3902 19519 19292
is_linear=0
shrinkage=0.1


Tree=147
num_leaves=31
num_cat=0
split_feature=11 3 15 4 17 17 15 18 0 8 2 15 10 15 17 15 7 19 4 18 18 18 3 2 3 4 12 7 7 7
split_gain=7.63515 31.8812 34.8488 67.8806 79.0486 87.6048 53.2685 52.9296 47.8766 42.9281 42.45 34.7346 31.3241 44.8632 45.8284 42.5991 41.8073 39.5692 30.9847 29.9015 27.9799 27.5626 27.1838 48.0256 33.9556 32.9268 48.2677 26.275 29.7389 26.0768
threshold=20463.150000000005 0.00061771159874608164 512.12500000000011 16.865765765765769 -0.032621142543859637 -1.0000000180025095e-35 426.50000000000006 17.500000000000004 0.32672684458398749 6.4387500000000015 67.500000000000014 108.25000000000001 68.562000000000012 411.50000000000006 0.0013143428571428574 266.25000000000006 0.51069549302219175 13.500000000000002 5.5092592592592604 76.500000000000014 2.5000000000000004 6.5000000000000009 0.00030359913793103453 4.5000000000000009 0.00023105555555555558 31.303846153846155 509.66730353879387 0.37134302822925586 0.29185938945420914 0.074541734860883807
decision_type=2 2 2 2 2 2 2 2 2 2 2 2 2 2 2 2 2 2 2 2 2 2 2 2 2 2 2 2 2 2
left_child=-1 2 3 4 7 -6 10 9 -9 -2 -5 -3 13 14 16 -16 -7 -18 21 29 -8 -4 24 -24 -20 27 -27 28 -25 -14
right_child=1 11 18 6 5 12 20 8 -10 -11 -12 -13 19 -15 15 -17 17 -19 22 -21 -22 -23 23 25 -26 26 -28 -29 -30 -31
leaf_value=0.00031193948797664895 -0.012821276344960723 0.072993201557276566 0.0033376361080691714 -0.13478315653940279 0.15998297494310756 0.0858519092941748 -0.14370970214746401 -0.082545117925223108 -0.27049086264983951 -0.19425786787424626 0.076348548343733169 0.0061400246275953412 -0.11664380715126042 -0.16693417857533296 -0.018234115427988581 -0.12973223388936542 0.12028835904886886 -0.13637884511525966 -3.1367074492968942e-05 0.11938218892149383 0.014694423969053468 -0.10881482852466384 0.015006738263709841 -0.032125707770774559 0.038542418032011409 -0.22002942109154644 -0.032565677731970354 -0.10376874238495593 0.059980722924768248 0.0032693267937387856
leaf_weight=69185.324934802018 106.7575414115563 82.037521746009588 38.635738998418674 108.86462669842876 32.721973314881325 56.391130588941451 13.342601667682173 37.413585122441873 21.252940699458122 14.854945088736711 10.435801390209233 1475.7842057915404 18.573901719180867 23.835249370429665 101.85360702266917 51.638654753565788 8.4709680825471896 20.644892248092219 3436.9418375268651 21.718532373663038 67.886973147280514 50.627568574505858 241.1912202835083 246.86104013770819 244.43586231954396 23.986135266721249 32.136690741404891 41.941734921187162 40.85625122115016 767.67136191786267
leaf_count=245206 482 166 153 960 88 169 435 296 94 105 254 2912 101 176 684 260 11 258 14452 66 141 481 428 587 419 99 82 128 55 4211
internal_value=-1.53981e-05 -0.00305944 -0.00642833 -0.0196771 -0.0112254 -0.00119581 -0.0737858 -0.072618 -0.150632 -0.0349837 -0.116314 0.00966063 -0.00612119 -0.0361087 -0.0230615 -0.0557449 0.0356078 -0.0617041 -0.00195644 0.00363388 -0.0113247 -0.060272 -0.000748224 -0.019996 0.00252985 -0.0418798 -0.112685 -0.0298255 -0.0190465 0.000436553
internal_weight=76625.1 7439.77 5881.94 1484.33 1283.8 1103.52 200.53 180.279 58.6665 121.612 119.3 1557.82 1070.8 262.835 238.999 153.492 85.507 29.1159 4397.61 807.964 81.2296 89.2633 4308.35 626.973 3681.38 385.782 56.1228 329.659 287.717 786.245
internal_count=273959 28753 25675 8791 7001 6024 1790 977 390 587 1214 3078 5936 1558 1382 944 438 269 16884 4378 576 634 16250 1379 14871 951 181 770 642 4312
is_linear=0
shrinkage=0.1


Tree=148
num_leaves=31
num_cat=0
split_feature=10 17 13 17 18 2 18 1 6 10 13 0 12 9 18 8 7 1 9 2 18 1 2 4 10 5 17 0 13 19
split_gain=7.44692 23.7933 15.8583 16.8776 16.7822 13.268 13.976 13.2389 11.7388 8.58243 30.0089 24.5301 19.1201 14.3387 26.5055 14.3095 14.4407 11.7141 9.3897 8.56623 8.43237 12.378 7.87678 25.7648 10.9438 9.91523 9.76052 10.3169 7.70162 23.4337
threshold=5116.3460000000005 0.066774603174603195 0.99950000000000017 0.068894444444444466 1.0000000180025095e-35 135.50000000000003 1.0000000180025095e-35 0.0075949853868635606 20.699857172005718 4029.1675000000005 0.10050000000000002 0.13123033614836896 4.7761211053227388 7.9375000000000009 11.500000000000002 5.467948717948719 0.37949117900172119 2.4166666666666674 3.2250000000000005 166.50000000000003 25.500000000000004 0.015189970773727121 146.50000000000003 7.7525510204081636 1712.7705000000001 48.81666666666667 -0.16239799999999996 0.6632788559754853 0.12250000000000001 26.500000000000004
decision_type=2 2 2 2 2 2 2 2 2 2 2 2 2 2 2 2 2 2 2 2 2 2 2 2 2 2 2 2 2 2
left_child=9 5 3 -3 -5 8 19 -4 -2 22 18 12 -12 20 15 -15 17 -17 -11 -7 21 -14 28 26 -25 -26 -24 -28 29 -1
right_child=1 2 7 4 -6 6 -8 -9 -10 10 11 -13 13 14 -16 16 -18 -19 -20 -21 -22 -23 23 24 25 -27 27 -29 -30 -31
leaf_value=-0.0008034797637102107 -0.11163762482501512 0.18455962068982215 -0.11980664256216533 0.13703624049906241 -0.11131769478800256 0.14195029280698676 -0.11595897104777247 0.07447370765175626 0.044939645000276612 0.01240908852087004 -0.1078128223570462 -0.042888979299948997 0.042672903774562732 -0.10858651689238537 -0.12391704194538421 -0.11478544126818975 0.13248686191696055 0.15121989056049737 -0.15919330565837769 -0.12384949872996028 0.027584599738420829 0.14725401396851356 0.027445378457228289 -0.10967338712332614 0.1292989853068085 -0.1036308935924571 -0.12815439096705888 0.094653798844133705 -0.00052820351019279295 0.0070807725701244996
leaf_weight=10993.497850728672 42.243338967353338 2.823479442784449 3.8764608175988533 3.1836674672085818 18.716757696784043 7.0426196399203018 4.890406946768052 36.848590188485105 5.4002061169594517 4.4925144841035936 6.5620271597290403 30.430396854877472 16.374499317258596 4.1451810200233004 9.5788160706943 5.1057830081845195 21.186602768488228 2.4498143196105957 10.98646015615668 1.4646609895062281 13.953869097866116 36.643717292696238 6.1277599406894288 3.1511246040463474 12.633683383464811 2.1365317373129065 27.33818242279813 2.2491676062345496 59539.622359427405 5737.1668830389099
leaf_count=32263 1089 10 1360 18 626 93 1186 269 24 44 368 79 91 131 497 329 27 1 145 881 44 119 83 43 38 469 692 2 208398 24540
internal_value=-1.37676e-05 -0.0242576 0.0176274 -0.0455482 -0.0752145 -0.0691671 0.0187508 0.0559809 -0.0938902 2.63262e-05 0.0230253 0.0370226 0.0579858 0.0679273 0.0224708 0.0651079 0.0901579 -0.0285363 -0.109389 0.0961887 0.0967507 0.114954 -2.24626e-05 -0.0383306 0.059511 0.0956054 -0.0874262 -0.111217 4.47728e-06 0.00190013
internal_weight=76612.3 126.49 65.449 24.7239 21.9004 61.0412 13.3977 40.7251 47.6435 76485.8 161.91 146.431 116 109.438 42.4662 32.8874 28.7422 7.5556 15.479 8.50728 66.9721 53.0182 76323.9 53.6364 17.9213 14.7702 35.7151 29.5874 76270.3 16730.7
internal_count=273959 5556 2283 654 644 3273 2160 1629 1113 268403 1875 1686 1607 1239 985 488 357 330 189 974 254 210 266528 1327 550 507 777 694 265201 56803
is_linear=0
shrinkage=0.1


Tree=149
num_leaves=31
num_cat=0
split_feature=10 10 2 0 1 14 2 10 0 16 1 15 18 12 6 1 14 5 0 18 15 0 9 10 12 16 19 2 6 7
split_gain=7.68436 27.4553 50.8362 49.6008 82.5999 51.708 40.3506 37.6905 68.865 100.702 93.4102 53.9254 52.6107 46.9632 44.2445 40.7275 50.3894 37.1169 36.8171 34.9758 43.3039 34.8762 41.4283 54.9064 60.4865 47.0327 52.0713 37.7189 47.9009 35.986
threshold=280.51600000000002 603.54050000000007 38.500000000000007 0.27798663324979117 0.039538822303282962 2.2500000000000004 23.500000000000004 666.79250000000013 0.058925653594771248 0.0032292825361512796 0.037175234936428971 5.7500000000000009 18.500000000000004 2758.7126949805165 1.4114333070370462 0.049752475247524762 3.5000000000000004 92.571428571428584 0.76967285587975254 41.500000000000007 448.50000000000006 0.013536417773705912 0.93750000000000011 1226.6990000000003 16.004268943436504 0.011126586196224081 86.500000000000014 25.500000000000004 1.1897684162844688 0.25132289945964109
decision_type=2 2 2 2 2 2 2 2 2 2 2 2 2 2 2 2 2 2 2 2 2 2 2 2 2 2 2 2 2 2
left_child=-1 2 -2 4 -4 -6 17 8 9 13 12 -10 14 -8 -11 -12 -17 19 -19 -3 -21 -9 23 24 -23 27 -27 28 29 -24
right_child=1 6 3 -5 5 -7 7 21 11 10 15 -13 -14 -15 -16 16 -18 18 -20 20 -22 22 25 -25 -26 26 -28 -29 -30 -31
leaf_value=0.00054512378828813106 -0.0041069740605747702 -0.0055476261655682153 -0.12332130779017432 -0.0025154238429509583 0.13155402709937236 -0.063106441668374313 -0.11053926925690188 -0.018594294916148817 -0.12666564085926826 -0.016320827400180045 -0.12599514151779534 0.020646019062212889 0.34592888392185228 0.36629362549983679 0.23220453441323086 0.1606737445604309 -0.11809480614343769 -0.21325821312909601 -0.032928184278451865 -0.13741279487098521 0.029538744983627786 0.055973726086276966 0.0027215408130834519 -0.075834716444484376 -0.055003788852166106 0.040440120273220949 -0.054953420282716305 0.0021199638241408318 -0.028045872988493079 0.089278142977957137
leaf_weight=58439.289734488702 9173.8661608331568 1827.0141745822039 127.22033460042439 158.6092320010066 24.482490763999522 30.829412109218538 25.861086011864248 630.7971049867956 26.468254515901208 10.90505450544879 11.52267927629873 406.33914916217327 22.828077686484903 2.2447871709009624 20.877542386297137 25.966257418040186 8.6421943432651442 17.334754835814238 32.639313213527203 44.068777030101046 23.995858445763588 109.22210507560521 69.766185119748116 139.28031556028873 89.238361962139606 657.98467020643875 62.671882095746696 4150.5653672470944 79.491016808897257 154.18505805358291
leaf_count=178152 38890 9389 1195 315 38 263 580 24032 116 159 118 902 71 55 82 148 127 97 77 391 51 384 166 658 250 1590 464 14659 226 314
internal_value=-1.32717e-05 -0.00180971 -0.0055165 -0.043421 -0.0789655 0.0230554 0.0022678 0.00594646 0.0307426 0.0949187 0.141614 0.0116372 0.230116 -0.0724551 0.146932 0.0368449 0.0910615 -0.010413 -0.0954802 -0.00816979 -0.0785548 0.00367942 0.00622825 -0.0277052 0.00607234 0.00844303 0.0321442 0.00460818 0.0386427 0.0623137
internal_weight=76604.2 18164.9 9515.01 341.141 182.532 55.3119 8649.91 6704.86 561.655 128.848 100.742 432.807 54.6107 28.1059 31.7826 46.1311 34.6085 1945.05 49.9741 1895.08 68.0646 6143.2 5512.4 337.741 198.46 5174.66 720.657 4454.01 303.442 223.951
internal_count=273959 95807 40701 1811 1496 301 55106 45101 2358 1340 705 1018 312 635 241 393 275 10005 174 9831 442 42743 18711 1292 634 17419 2054 15365 706 480
is_linear=0
shrinkage=0.1


Tree=150
num_leaves=31
num_cat=0
split_feature=17 17 11 17 18 16 0 2 10 1 4 3 7 3 10 13 18 11 10 0 0 11 7 12 12 16 5 3 15 5
split_gain=7.14059 58.6466 53.2713 37.1861 37.2611 42.0336 54.6737 38.0123 40.0442 38.7331 45.7622 37.2583 45.5651 40.9519 40.3349 39.8556 42.2725 76.9056 49.7046 45.0372 59.8104 42.2132 38.9468 46.3807 88.5772 56.6268 52.5003 53.0968 77.6241 52.9101
threshold=0.0013143428571428574 0.0018103618421052635 222.10500000000005 0.034196500000000012 1.5000000000000002 0.0010060728744939274 0.083130081300813022 25.500000000000004 559.22750000000008 0.052911534154535277 3.3388888888888895 0.0054772727272727282 0.37949117900172119 0.0040125000000000013 151.36850000000004 0.96650000000000003 4.5000000000000009 443.01000000000005 30.001000000000001 0.077221228384019097 0.10029585798816569 16.015000000000004 6.5125000000000011 20.998687664041999 19.617971155404316 0.0058910289779628673 10.055555555555557 0.00025720779220779228 186.50000000000003 17.345238095238098
decision_type=2 2 2 2 2 2 2 2 2 2 2 2 2 2 2 2 2 2 2 2 2 2 2 2 2 2 2 2 2 2
left_child=-1 2 -2 4 7 6 -6 8 -3 10 -9 13 -13 15 -15 21 17 19 -19 -17 -21 -7 23 24 25 -23 -25 28 29 -28
right_child=1 3 -4 -5 5 11 -8 9 -10 -11 -12 12 -14 14 -16 16 -18 18 -20 20 -22 22 -24 26 -26 -27 27 -29 -30 -31
leaf_value=0.0010040700216011826 -0.17369164562724054 -0.035909582151629781 -0.032049737529051707 0.00066019578394857395 0.089116911694007442 -0.12434464419044387 -0.16751529341029339 0.037753814949094883 -0.18674978399604797 0.11375296743765835 -0.11483735854889471 -0.012655858980142976 0.04270967588298219 -0.040509016366842066 -0.2005958432448999 -0.053441296524366626 -0.0088160046181586186 -0.17888351688795498 -0.060618267371662739 0.13903775925664028 -0.0033805617230888946 -0.068892304102467092 -0.051736756784549393 -0.045545262729543186 0.18860939971373131 0.036702850476457917 0.038622857702408038 0.00033993246420562569 0.015246870136650367 0.28369453615614088
leaf_weight=36242.928379824356 33.012391696218401 537.68658220929501 135.70029611634527 33620.574173646579 80.841597374048433 26.051686629652977 9.2515235245227796 58.483885233988985 18.195297275204211 32.817582561634481 29.601674809709948 272.62717462703586 326.86436749622226 76.921739056706429 19.787392124533653 146.1869614518364 2150.9435218223589 42.379202898358926 220.11466469743755 34.375946972519159 207.38087218254805 58.781669243122451 120.08214092731941 228.3210543198511 34.605353530496359 373.29746043367777 14.288272729143499 1327.3142900876701 80.769105108687654 22.97474123723805
leaf_count=125493 226 2088 602 121746 742 153 52 309 181 101 230 635 714 224 109 1210 8917 297 1124 81 497 638 1502 1016 51 1587 70 3049 235 80
internal_value=-1.46575e-05 -0.000929914 -0.0597651 -0.000682818 -0.00757539 -0.00501546 0.0627637 -0.0297943 -0.0408469 0.0210227 -0.0135254 -0.0060712 0.0175314 -0.00880036 -0.0732639 -0.00757505 -0.0155711 -0.0379096 -0.079712 -0.00962493 0.0168702 0.00222163 0.00368031 0.00678943 0.0346666 0.0223373 -0.000983831 0.00605553 0.0703295 0.189723
internal_weight=76583.2 40340.2 168.713 40171.5 6550.95 5874.16 90.0931 676.785 555.882 120.903 88.0856 5784.07 599.492 5184.58 96.7091 5087.87 2801.38 650.438 262.494 387.944 241.757 2286.49 2260.43 2140.35 466.684 432.079 1673.67 1445.35 118.032 37.263
internal_count=273959 148466 828 147638 25892 22983 794 2909 2269 640 539 22189 1349 20840 333 20507 12126 3209 1421 1788 578 8381 8228 6726 2276 2225 4450 3434 385 150
is_linear=0
shrinkage=0.1


Tree=151
num_leaves=31
num_cat=0
split_feature=7 7 3 4 5 7 8 1 1 8 1 11 3 7 17 4 0 7 19 16 8 16 13 11 16 6 9 18 16 12
split_gain=6.97387 74.8437 36.8444 58.1742 35.2293 65.0899 54.7237 70.6428 75.7538 70.6442 59.5205 57.2183 68.4184 49.0117 57.915 45.3846 41.1636 40.5412 45.7558 71.4041 122.183 38.363 40.0132 36.5661 35.4412 35.1987 34.1263 33.1116 32.063 43.9356
threshold=7.5108695652173916 7.0779610194902558 1.4017857142857145e-08 0.050862068965517253 1.8500000000000003 28.291666666666668 0.13423423423423428 0.19292803970223329 0.067117117117117139 0.19782608695652179 2.4166666666666674 3583.6900000000005 0.0017775000000000002 14.155555555555557 -0.82554853124999983 2.1883445945945952 0.16585760517799356 13.422222222222224 9.5000000000000018 0.0030596642326655436 0.23861283643892342 0.0045095885953673771 0.53850000000000009 23.355000000000004 0.12599206349206352 7.95967156059403 1.2250000000000003 2.5000000000000004 0.0036540858109311027 30.006002400960391
decision_type=2 2 2 2 2 2 2 2 2 2 2 2 2 2 2 2 2 2 2 2 2 2 2 2 2 2 2 2 2 2
left_child=1 -1 3 -2 -4 6 10 8 9 -8 -6 12 17 15 -15 26 23 -9 -19 20 -20 -18 -23 -10 -14 -21 -11 -5 29 -3
right_child=2 28 4 27 5 -7 7 11 16 13 -12 -13 24 14 -16 -17 21 18 19 25 -22 22 -24 -25 -26 -27 -28 -29 -30 -31
leaf_value=-8.2367901627064695e-05 -0.10819782251938195 -0.11293419168894225 -0.0091581814878223863 0.39538580720867489 -0.13978467880524872 0.25367461764831328 0.16201788097665615 0.09290491467130764 0.10337285951571479 -0.07880554519727713 0.081731693426400243 -0.064505524183165699 -0.10120051858948143 0.47345329144795356 -0.10187846056044431 -0.052526869911735975 0.065415880855574898 0.077614058878496636 0.87560442807189309 -0.1358885788407321 -0.11091893680216805 0.030407628895543565 -0.14108490745915789 -0.09948329103809446 0.12665998222857031 0.027421073067362179 0.053385472919230681 0.12206859166726336 -0.13143623814164249 0.23932474778320675
leaf_weight=74185.836896497349 8.188590978272261 8.5086449491791409 1079.8141257407842 6.4158495198935297 44.156807451974601 11.384803452529011 33.386381028685719 268.58437432721257 9.5695578604936582 21.250578596256673 16.723871693015099 42.169368670322001 36.992181867361069 1.8146763457916666 48.836811082204804 61.882899917429313 47.176759308204055 76.043790871277452 2.2247148174792519 33.688697186298668 2.8815295021049678 26.459986820816994 28.005705095827579 124.38629564619623 8.3706869501620513 21.698388265445828 241.09399800933897 14.338170446921138 61.044106701388955 6.0642633754760018
leaf_count=246021 1299 179 14694 77 499 110 73 1153 89 138 37 306 237 30 1261 875 88 222 23 526 122 44 100 2345 57 77 2463 204 539 71
internal_value=-1.51398e-05 -0.000183723 0.00538681 0.117508 0.00396887 0.0156954 0.0134327 0.0183806 -0.00342765 0.0226291 -0.0789343 0.0468823 0.0573092 0.0102153 -0.0812662 0.0245067 -0.0485811 0.07035 0.025982 -0.0389227 0.318895 -0.000595102 -0.0577721 -0.0849916 -0.059154 -0.0719106 0.0426777 0.206561 -0.0996204 0.0336523
internal_weight=76579 74261.5 2317.54 28.9426 2288.6 1208.78 1197.4 1136.52 643.864 408.265 60.8807 492.654 450.484 374.879 50.6515 324.227 235.598 405.121 136.537 60.4933 5.10624 101.642 54.4657 133.956 45.3629 55.3871 262.345 20.754 75.617 14.5729
internal_count=273959 246810 27149 1580 25569 10875 10765 10229 7506 4840 536 2723 2417 4767 1291 3476 2666 2123 970 748 145 232 144 2434 294 603 2601 281 789 250
is_linear=0
shrinkage=0.1


Tree=152
num_leaves=31
num_cat=0
split_feature=11 19 5 19 13 3 19 0 3 18 0 17 11 16 12 10 0 9 0 9 15 18 13 10 0 19 17 5 8 3
split_gain=6.83738 14.9298 7.31184 16.7891 29.0366 35.5418 25.0609 23.3352 21.5428 19.8121 26.9552 34.8864 23.1308 26.628 22.3043 19.0623 17.5549 20.5152 16.4209 16.1934 36.1388 15.925 14.7674 19.3817 38.8591 52.7641 52.7093 27.9215 16.1221 13.3931
threshold=13616569.405000003 21.500000000000004 126.01879699248121 52.500000000000007 0.8155 0.00047398496240601506 67.500000000000014 0.074154940967168056 0.00080111111111111127 9.5000000000000018 0.12541390728476823 0.091885357142857157 46539.080000000009 0.0021574998138079991 2273.2924528301892 56.473500000000008 1.2522727272727276 25.100000000000005 0.54606060606060614 7.9375000000000009 2393.0000000000005 6.5000000000000009 0.20850000000000002 267.26100000000008 0.11163032191069576 185.50000000000003 0.0023371610526315791 206.41666666666671 7.8461174242424248 3.3375000000000005e-05
decision_type=2 2 2 2 2 2 2 2 2 2 2 2 2 2 2 2 2 2 2 2 2 2 2 2 2 2 2 2 2 2
left_child=2 -2 -1 4 5 15 7 -5 9 10 19 12 -12 18 -13 -4 17 21 -14 -6 -21 -8 -19 28 26 27 -25 -26 29 -24
right_child=1 -3 3 6 8 -7 16 -9 -10 -11 11 14 13 -15 -16 -17 -18 22 -20 20 -22 -23 23 24 25 -27 -28 -29 -30 -31
leaf_value=-0.00013831619660403433 0.093046661708981487 -0.10740758230624824 -0.10525521082411789 0.10636630398003342 0.1220682960363865 -0.16456953389782319 -0.20274271824424842 0.027922990809692873 0.03642249476041115 0.035423396095661065 -0.019962465854691455 0.054012891341645546 -0.12274694905782622 -0.036447223978368019 -0.055954325546824273 0.0045175628168319208 0.041448153483192973 0.062112616484633454 -0.25752835029729709 -0.096782519239179854 0.058644233741605517 -0.0076167892060073879 0.035014572829674864 0.29539945721270083 -0.16099269030820107 0.049356702546514961 -0.10945820269163634 -0.018536443075231831 -0.047438456324173317 -0.011441044057210031
leaf_weight=75111.645454145531 4.9199159014897331 15.178270036449247 21.158231228590012 45.312794204801321 14.287625499069689 22.563950143754482 9.058346167206766 232.52945203892887 147.31304376199841 76.07493413053453 38.138630837202072 43.591692991554737 27.014663405716419 24.869681186974049 31.972197435796261 62.690843723714352 102.66374925151467 35.074145872145891 13.585036281496285 22.923861268907785 43.059308785945177 7.7707111481577149 158.48437576927245 7.3625605008564872 43.503466740250587 27.727205127477646 5.7094981884001754 20.122835900634527 45.922961313277483 101.9999534972012
leaf_count=264301 32 5998 67 68 25 88 127 455 282 150 82 80 128 66 87 130 261 61 60 139 142 35 272 21 177 44 191 53 133 204
internal_value=-1.86554e-05 -0.0583376 -3.34261e-06 0.00707393 -0.0058769 -0.0531621 0.0161238 0.0407162 0.00454449 -0.00945194 -0.0226105 -0.0441852 -0.0818689 -0.117932 0.00748414 -0.0231822 0.00403883 -0.0042609 -0.167846 0.0255462 0.0046459 -0.112645 -0.000170368 -0.00548767 -0.0426934 -0.0657689 0.118569 -0.115939 0.00719226 0.0168236
internal_weight=76564.2 20.0982 76544.1 1432.49 589.244 106.413 843.242 277.842 482.831 335.518 259.443 179.172 103.608 65.4694 75.5639 83.8491 565.4 462.736 40.5997 80.2708 65.9832 16.8291 445.907 410.833 104.426 91.3535 13.0721 63.6263 306.407 260.484
internal_count=273959 6030 267929 3628 1526 285 2102 523 1241 959 809 503 336 254 167 197 1579 1318 188 306 281 162 1156 1095 486 274 212 230 609 476
is_linear=0
shrinkage=0.1


Tree=153
num_leaves=31
num_cat=0
split_feature=7 5 4 15 1 8 11 0 11 3 3 18 15 0 3 7 16 19 15 12 17 10 2 18 13 5 15 10 16 7
split_gain=6.80813 54.556 40.2697 49.5723 47.0869 53.973 59.9303 45.9687 42.1391 41.3832 41.1129 67.6611 54.4469 40.5097 37.8037 53.9125 66.9824 47.934 46.7486 42.5514 68.7368 44.194 61.8203 39.9176 49.0402 39.7806 40.9835 38.6058 37.9614 68.7705
threshold=0.75041528239202671 61.133928571428577 3.9045454545454548 382.25000000000006 0.17752100840336138 2.1116780045351478 6061.6350000000011 0.30810147299509011 286.02000000000004 0.00012870238095238098 0.00039393382352941183 2.5000000000000004 1055.5000000000002 0.1156191369606004 0.0040125000000000013 0.90682170542635665 0.10762548262548265 4.5000000000000009 7.7500000000000009 24.004175365344469 0.044567532467532478 15.524500000000002 2.5000000000000004 1.0000000180025095e-35 0.51750000000000018 9.7596153846153868 11.250000000000002 183.63400000000004 0.0030896016291205295 8.2462121212121229
decision_type=2 2 2 2 2 2 2 2 2 2 2 2 2 2 2 2 2 2 2 2 2 2 2 2 2 2 2 2 2 2
left_child=-1 2 7 14 13 6 -6 -2 -9 -8 -7 12 -12 -5 28 17 18 -16 -17 21 -21 -20 -23 27 -25 -26 -27 -24 29 -4
right_child=1 -3 3 4 5 10 9 8 -10 -11 11 -13 -14 -15 15 16 -18 -19 19 20 -22 22 23 24 25 26 -28 -29 -30 -31
leaf_value=-0.00066033869476923586 0.00062176451946612584 -0.12447889086385844 -0.00094169147739944867 -0.038711666948554886 -0.19899816838500456 0.014881026794964062 -0.13631013526769206 -0.030346335353132133 -0.0038788282588853259 0.038571884220046065 -0.26065176957708447 -0.0073669942890008779 -0.024417469924362101 -0.19062291750658822 -0.080454899950705538 -0.11319406485648814 0.064171762249374875 0.038506617736360362 0.065752131536401096 -0.12712715615691539 -0.012291378268917583 -0.11680207345289494 -0.020617756068396297 -0.1502871650189701 0.039991115316341676 -0.15708880265179928 -0.018798144580579032 0.10684344435648579 0.013838100596287057 0.15704006218421496
leaf_weight=52178.878788222704 10084.703255936736 34.401001681573689 3093.0683912630775 49.275980863254517 29.823232810944319 471.2592719681561 21.228291899897158 1006.0506456792355 1496.0301444940269 37.318025276064873 22.234607078135014 127.41146297752857 17.384501412510872 27.268160298466682 38.272577803581953 64.423577156849205 80.574292853474617 294.53169643133879 69.452166300266981 91.460601307451725 121.19059836864471 57.417298801243305 42.808205351233482 27.933449819684029 95.6541857868433 25.834001466631889 125.71072030067444 53.411141566932201 6638.4050595331937 27.80189205519855
leaf_count=161842 70232 620 14899 501 169 885 87 2146 2808 57 107 246 37 116 110 320 124 529 101 321 281 183 115 116 231 98 297 105 16223 53
internal_value=-1.58149e-05 0.00136405 0.00154193 0.00575176 -0.0182273 -0.010369 -0.0836145 -0.00238842 -0.014521 -0.0248385 -0.000228412 -0.0428581 -0.156994 -0.0928287 0.007511 -0.00932651 -0.0226067 0.024826 -0.0316253 -0.0242331 -0.0616819 -0.00824913 -0.0202359 -0.00530511 -0.0246939 -0.0105018 -0.0423727 0.0501357 0.0095618 0.00046567
internal_weight=76551.2 24372.3 24337.9 11751.2 803.204 726.659 88.3695 12586.8 2502.08 58.5463 638.29 167.031 39.6191 76.5441 10947.9 1188.67 855.87 332.804 775.296 710.872 212.651 498.221 428.769 371.352 275.132 247.199 151.545 96.2193 9759.28 3120.87
internal_count=273959 112117 111497 36311 2205 1588 313 75186 4954 144 1275 390 144 617 34106 2931 2292 639 2168 1848 602 1246 1145 962 742 626 395 220 31175 14952
is_linear=0
shrinkage=0.1


Tree=154
num_leaves=31
num_cat=0
split_feature=16 11 0 13 9 17 0 18 9 6 9 6 18 8 4 4 4 10 3 6 18 6 0 10 10 0 18 5 4 10
split_gain=7.0944 29.6141 44.1776 57.5277 53.8593 53.7284 41.354 56.0462 77.9921 47.9749 56.5071 40.3803 36.9763 39.2774 68.2418 46.371 74.5039 44.3163 43.9486 42.0703 37.6385 35.4045 35.1329 46.6975 49.1501 35.8716 34.8566 45.8017 52.7661 33.5561
threshold=0.0049140345793489823 1306.0300000000002 0.4971910112359551 0.72750000000000015 11.550000000000002 -1.8746859560785711 0.3465463108320252 21.500000000000004 19.900000000000002 0.50025025025025038 33.083333333333336 3.2583907011113995 73.500000000000014 8.7513440860215059 44.845238095238102 9.8775000000000031 11.670289855072467 1226.6990000000003 0.0017107954545454546 1.3449905208469011 70.500000000000014 5.4557856877092901 0.04776161961790705 377.77800000000008 239.78 0.045584415584415595 2.5000000000000004 29.050000000000004 15.724747474747476 146.82600000000002
decision_type=2 2 2 2 2 2 2 2 2 2 2 2 2 2 2 2 2 2 2 2 2 2 2 2 2 2 2 2 2 2
left_child=1 2 3 5 26 11 7 22 -9 10 -10 -1 13 14 20 17 -17 -15 -16 -18 -5 -13 25 24 29 -7 27 -4 -29 -24
right_child=-2 -3 4 12 -6 6 -8 8 9 -11 -12 21 -14 15 18 16 19 -19 -20 -21 -22 -23 23 -25 -26 -27 -28 28 -30 -31
leaf_value=-0.14627819449971682 0.00084575101924196875 0.0020418161230915887 -0.0099034939809183754 0.0026565338020349489 -0.035308543599644235 -0.0022638553024064605 0.024478657346650914 -0.079832284655144262 0.4138697817396656 0.00025617900073750743 -0.10886746542871169 0.095120791265685095 -0.064204816873894607 0.083624117707352605 -0.12837928054741032 -0.090775529916838016 0.015897417819805242 -0.029464704846583319 0.061285318420822035 0.14342160293475126 0.18144312445466132 -0.10212431634363002 -0.03663648238240827 0.0027268436484951895 -0.084512796200737844 0.14992011065380687 0.0015493272779836715 -0.21346953523219347 -0.046077992923963348 0.0091417690071952697
leaf_weight=49.956937267910689 42579.345849409619 15974.947232966857 724.90838680416346 8175.6353687198425 879.27051987498999 2983.7705681892112 356.83527404069901 250.51176128804218 6.1301627638749761 108.07337195420405 3.1206397786736488 17.426844929577783 80.135179911274463 190.09474606253207 62.456783998757601 65.091294029261917 430.59902817476541 42.376314175315201 15.188201919198034 27.523199383169413 11.792027228046207 19.045360424090177 558.33000299707055 557.05519155599177 158.86827419139445 15.569458059966562 1752.8586529307067 20.7084596529603 207.78567775711417 224.50943939760327
leaf_count=495 133960 64092 1412 40193 1885 16897 570 1591 58 1004 120 79 563 442 393 657 943 260 20 48 55 97 1566 1635 592 65 3166 77 467 557
internal_value=-1.41279e-05 -0.00109192 -0.00387377 -0.00140227 -0.0138066 -0.00967469 -0.00838059 -0.0107903 -0.0483201 0.0189649 0.237531 -0.0878749 0.00342363 0.0040244 0.00202915 0.0258468 0.00933488 0.0630096 -0.0912788 0.0235589 0.00291403 -0.0078783 -0.00772123 -0.0202235 -0.0337995 -0.00147387 -0.00682061 -0.022209 -0.0612487 -0.0235078
internal_weight=76549.9 33970.6 17995.6 14410.1 3585.53 5309.2 5222.77 4865.94 367.836 117.324 9.2508 86.4291 9100.89 9020.76 8265.07 755.685 523.214 232.471 77.645 458.122 8187.43 36.4722 4498.1 1498.76 941.708 2999.34 2706.26 953.403 228.494 782.839
internal_count=273959 139999 75907 68900 7007 25326 24655 24085 2773 1182 178 671 43574 43011 40661 2350 1648 702 413 991 40248 176 21312 4350 2715 16962 5122 1956 544 2123
is_linear=0
shrinkage=0.1


Tree=155
num_leaves=31
num_cat=0
split_feature=18 7 16 0 18 0 18 7 11 17 7 15 0 2 10 1 18 8 17 18 11 18 5 5 18 11 6 17 9 19
split_gain=7.17589 26.0161 20.7822 20.1087 14.5032 20.9011 13.3874 14.9362 18.6951 14.6703 29.4313 38.6194 28.8235 13.4165 11.9665 11.2516 11.2126 10.6309 8.84144 20.8688 40.4562 22.6968 22.7296 19.9186 23.0057 20.4693 13.7305 10.0948 30.8308 33.3091
threshold=81.500000000000014 0.14819994819994822 0.0041710160055671549 0.6632788559754853 78.500000000000014 0.25949975949975951 86.500000000000014 0.24171245421245424 138.40500000000003 -0.75083392857142839 0.46678281068524979 157.75000000000003 0.095357741086384312 11.500000000000002 63.004000000000012 0.16472868217054268 89.500000000000014 4.7467948717948731 -44.518346453004042 9.5000000000000018 1949.1050000000002 40.500000000000007 50.794736842105273 28.031250000000004 4.5000000000000009 315.47000000000008 3.997336884154461 -25.539935077159026 20.928571428571434 38.500000000000007
decision_type=2 2 2 2 2 2 2 2 2 2 2 2 2 2 2 2 2 2 2 2 2 2 2 2 2 2 2 2 2 2
left_child=4 2 3 15 18 -6 13 -8 -9 -10 -11 16 -13 14 -3 -2 -12 -15 19 23 -21 22 -22 24 25 -1 -27 28 -20 -30
right_child=1 6 -4 -5 5 -7 7 8 9 10 11 12 -14 17 -16 -17 -18 -19 27 20 21 -23 -24 -25 -26 26 -28 -29 29 -31
leaf_value=0.1398187310528678 -0.24457967469864142 0.073803332794316889 0.0034797064510513754 0.0020338522177180602 -0.14184510753237162 0.0034938709255556335 0.057715803469407981 -0.096581378626788769 0.039620129892436656 -0.13167740904028305 0.032720138782775819 0.11726178103298619 -0.046361436788018552 0.051656114547152479 -0.04515108841588919 -0.091987402275807706 -0.16236027557067811 0.15061690795088245 -0.074739361540861624 -0.13737683644015408 -0.17773080176382447 0.069135474528277993 0.047088202035529055 -0.014389737304877956 0.1587158963072558 -0.13406921550129194 0.061570862104950976 -5.1180815848456292e-05 0.10344194477151383 -0.036208003310574721
leaf_weight=9.4169982532184822 9.2062155029852928 17.068312652409077 46.706287613138556 11.589309524744747 17.599177218042314 22.602552063763142 60.146397057920694 17.962132734945044 85.939566267188638 18.1995520144701 3.8162458830047425 30.239672049880028 16.718085274100304 22.775387558154762 16.761632385663688 10.17075841873884 12.924805297981946 20.740968341007829 68.706213490106165 19.421127541456372 8.983742472482847 41.827114576008171 9.0043650083243829 23.67673484608531 27.5764185693115 8.274959553498773 6.332580527290701 75814.704524113738 28.278322438709438 43.12926760269329
leaf_count=19 77 41 100 24 144 42 108 92 230 111 25 113 42 84 69 45 173 23 337 276 88 121 14 82 66 97 17 270841 87 371
internal_value=-1.35903e-05 0.0133291 -0.0386383 -0.102165 -8.38463e-05 -0.0601314 0.0258145 0.0144029 0.000381786 0.0107589 -0.0195266 0.0125163 0.059008 0.0621015 0.0148653 -0.164486 -0.11789 0.0988233 -5.21286e-05 0.0238445 -0.0119764 0.0287393 -0.0651924 0.0615491 0.0963931 0.0248562 -0.0492564 -0.000100741 -0.0269175 0.0190952
internal_weight=76550.5 400.965 77.6726 30.9663 76149.5 40.2017 323.293 245.946 185.8 167.838 81.8984 63.6988 46.9578 77.3463 33.8299 19.377 16.7411 43.5164 76109.3 154.514 79.2363 59.8152 17.9881 75.2777 51.601 24.0245 14.6075 75954.8 140.114 71.4076
internal_count=273959 1357 246 146 272602 186 1111 894 786 694 464 353 155 217 110 122 198 107 272416 780 499 223 102 281 199 133 114 271636 795 458
is_linear=0
shrinkage=0.1


Tree=156
num_leaves=31
num_cat=0
split_feature=11 9 0 0 3 19 7 8 12 4 6 12 3 12 16 8 15 19 5 12 10 3 9 0 10 16 15 1 5 19
split_gain=7.10247 28.1058 31.4032 46.0183 41.5462 71.0967 45.2719 43.641 39.868 36.7017 36.3042 35.779 32.6068 51.0168 36.8777 58.0465 31.5248 31.3384 41.2331 36.3581 42.0922 47.4837 47.1599 36.3254 34.8574 50.0056 34.6693 39.4826 34.3805 33.5649
threshold=20463.150000000005 4.0625000000000009 0.12459150326797387 0.14833149981664837 0.00050136363636363649 10.500000000000002 0.55111996017919374 2.2320512820512826 530.10067114093965 8.2817460317460334 1.0930953177523939 64.004197271773364 1.7327067669172934e-06 62.001589825119247 0.0059940119760479053 1.5699929655311025 1003.0000000000001 51.500000000000007 14.968750000000002 388.85785226567356 280.51600000000002 0.0024585714285714289 5.6904761904761916 0.19478319783197837 33.001500000000007 0.0099108125098224132 805.75000000000011 0.083771929824561414 26.522727272727277 45.500000000000007
decision_type=2 2 2 2 2 2 2 2 2 2 2 2 2 2 2 2 2 2 2 2 2 2 2 2 2 2 2 2 2 2
left_child=-1 -2 4 -4 5 -3 7 10 9 -9 -7 -5 16 -14 15 -15 -8 19 23 20 21 22 -13 -19 -24 -26 -21 29 -20 -28
right_child=1 2 3 11 -6 6 12 8 -10 -11 -12 17 13 14 -16 -17 -18 18 28 26 -22 -23 24 -25 25 -27 27 -29 -30 -31
leaf_value=0.00030267696057171086 0.0055444576868317868 -0.28144457251679694 -0.087066185354168199 -0.11224678523105694 0.050259788938096933 -0.035686979510361011 -0.092095595781551243 -0.14550597655658737 0.018049763914610033 -0.018571767768563799 0.094156529653823262 -0.0096296331562551688 -0.13298865638306265 -0.087927942561737762 0.1244990641784797 0.12360108069822312 0.093708522439469644 0.15340810915293757 -0.07120888498582835 0.0079089619719523423 0.0013495953497835208 0.024423084751166727 -0.025829179129530835 0.027828321571307487 -0.088481287208343473 -0.25234299691487044 -0.14967302423398762 -0.016189737132205451 0.00082631714360140705 0.019389163354326628
leaf_weight=69136.108013502235 2550.775346294984 8.9814099669456464 80.038662906736135 34.156443733721972 183.8946521859616 27.488673406885937 104.65456474776147 26.119998752139509 473.73052691833436 178.0674211216683 99.39953352836892 119.18251092731953 22.713158096186817 36.303678835742176 30.236025644466281 20.186293065547943 10.00440647266805 29.131148587912321 70.346091564744711 719.40853859111667 221.65561910253018 71.920698948204517 78.998065911233425 110.05432572215796 218.14200804755092 20.361992157995701 41.773545015603304 664.70718865096569 1139.4073306932114 16.335615124553442
leaf_count=245206 4851 44 429 125 393 345 2297 236 9164 1945 258 229 177 400 67 69 25 43 210 1388 534 129 172 211 693 86 162 1492 2549 30
internal_value=-1.2643e-05 -0.00295534 -0.00741885 -0.01208 0.00645118 -0.00131092 0.0011344 0.0122032 0.0021287 -0.0348094 0.0660276 -0.010392 -0.0386171 0.000426761 0.0353677 -0.0123395 -0.0758835 -0.00940404 0.00256782 -0.0168376 -0.0350178 -0.0508672 -0.0632672 0.0541118 -0.0834015 -0.102471 -0.00763217 -0.0231 -0.00336247 -0.102146
internal_weight=76544.3 7408.18 4857.4 3635.62 1221.78 1037.89 1028.9 804.806 677.918 204.187 126.888 3555.58 224.098 109.439 86.726 56.49 114.659 3521.42 1348.94 2172.49 730.261 508.605 436.685 139.185 317.502 238.504 1442.22 722.816 1209.75 58.1092
internal_count=273959 28753 23902 8482 15420 15027 14983 11948 11345 2181 603 8053 3035 713 536 469 2322 7928 3013 4915 1843 1309 1180 254 951 779 3072 1684 2759 192
is_linear=0
shrinkage=0.1


Tree=157
num_leaves=31
num_cat=0
split_feature=10 1 2 16 16 5 3 10 15 17 8 0 3 11 7 3 3 18 0 15 15 12 16 3 17 12 17 18 18 8
split_gain=7.04946 31.1928 37.8473 33.2332 31.061 54.82 113.477 50.8192 48.6753 47.8348 42.3129 73.9951 39.511 38.8786 37.1961 41.569 52.561 57.9777 68.8945 48.066 47.8523 43.6743 43.1161 74.0383 63.1246 48.3971 42.3841 53.8278 46.5103 40.5741
threshold=346.60850000000005 0.81666666666666676 2.5000000000000004 0.16869918699186995 0.024427537853360191 7.3416666666666677 0.0028577380952380959 418.61200000000008 21.250000000000004 -0.68385351785714277 1.9844837935174071 0.071279139270771077 0.0042928571428571443 748.09000000000015 1.0017985611510793 0.00025045454545454552 1.7327067669172934e-06 17.500000000000004 0.0064620524063054609 229.25000000000003 31.250000000000004 116.01104972375693 0.010016722408026759 0.0036431818181818184 1.2614718181818183 25.012512512512519 5.7381976214285721 2.5000000000000004 1.5000000000000002 2.9966101694915257
decision_type=2 2 2 2 2 2 2 2 2 2 2 2 2 2 2 2 2 2 2 2 2 2 2 2 2 2 2 2 2 2
left_child=-1 3 -3 4 5 6 7 10 -8 -6 -2 -12 13 -11 -7 16 17 18 26 -19 -18 -20 23 24 25 -17 27 28 -16 -25
right_child=1 2 -4 -5 9 14 8 -9 -10 12 11 -13 -14 -15 15 22 20 19 21 -21 -22 -23 -24 29 -26 -27 -28 -29 -30 -31
leaf_value=0.0004633670506343761 -0.067348691961988338 0.0083899611009346509 -0.20844815393564439 -0.12605499064923714 -0.099555352584681289 -0.0026136799433163385 -0.13262436588605273 -0.0061795057916751986 0.058999516082069339 0.053995046788857221 0.21156524859041015 -0.05014296227020501 -0.011515717486875226 -0.014636361703685303 0.085897105004764579 -0.021635540266759883 0.12457423757923179 0.045163812780597029 0.12997287276552091 0.21687072077107383 -0.029812296400597228 -0.0776004752615779 0.057508565279721105 -0.019209957890467196 -0.11714681834115336 0.027131657497070041 0.32732327748981227 -0.11079638054763444 0.47205203841964666 -0.18763246202556819
leaf_weight=61471.349349139244 242.28927584481062 16.06278619915247 16.135007182136178 21.473551203031093 32.910935002379119 8469.532866168247 106.99082532897592 2665.4300377314503 15.130553878843783 389.32196643110365 15.934207515791057 33.55283846706152 219.84303406346589 104.74762840406038 20.039838927797977 239.55359240435064 20.832703288644552 44.086069729179144 11.576825581490992 25.869080955162644 552.93252689973451 81.465863018587697 249.39372959733009 30.319613352417946 34.389755476266146 1352.1197966188192 6.9493116205558172 12.441565793240441 3.6940278606489292 27.078255228698254
leaf_count=190228 2949 50 93 254 157 36217 571 27754 31 3064 76 91 721 459 302 809 112 237 34 79 3834 644 524 73 255 3862 55 261 24 139
internal_value=-1.1704e-05 -0.00195056 -0.100272 -0.00173993 -0.00156207 -0.0026031 -0.0144178 -0.0105168 -0.108883 0.0183179 -0.0501383 0.0341238 0.0237518 0.0394445 0.000650381 0.0108412 -0.00864665 0.0346665 -0.00334726 0.10866 -0.0242067 -0.0517732 0.0187044 0.0129558 0.0168959 0.019792 0.101133 0.0576816 0.146 -0.0986657
internal_weight=76533.4 15062.1 32.1978 15029.9 15008.4 14261.6 3079.33 2957.21 122.121 746.824 291.776 49.487 713.913 494.07 11182.3 2712.74 779.888 206.123 136.167 69.9552 573.765 93.0427 1932.85 1683.46 1626.06 1591.67 43.1247 36.1754 23.7339 57.3979
internal_count=273959 83731 143 83588 83334 78933 31472 30870 602 4401 3116 167 4244 3523 47461 11244 5582 1636 1320 316 3946 678 5662 5138 4926 4671 642 587 326 212
is_linear=0
shrinkage=0.1


Tree=158
num_leaves=31
num_cat=0
split_feature=6 13 2 7 3 0 0 11 8 4 17 8 19 3 7 11 11 10 0 19 7 17 8 3 0 2 17 10 17 17
split_gain=6.85572 18.8744 40.7697 30.1716 32.2405 39.3371 28.5322 18.5121 23.4145 44.9756 40.164 36.861 39.5349 47.6868 35.5615 33.4275 52.437 52.5684 48.5975 44.6756 32.5058 40.554 40.9667 31.6252 62.2613 31.8578 31.5185 60.8145 42.6929 34.6207
threshold=1.0157442944987827 -0.018500000000000013 11.500000000000002 0.090931932389218831 7.0366666666666673e-06 0.062615313653136537 0.99122807017543868 2.0200000000000005 0.33156028368794327 0.44353369763205835 8.7396020000000032 0.49666533279978664 24.500000000000004 0.0017775000000000002 1.2327839241363741 46.005000000000003 858.3900000000001 335.96800000000002 0.12459150326797387 20.500000000000004 4.9883720930232567 0.0074746428571428577 0.19782608695652179 0.00098660714285714302 0.1082709215239336 8.5000000000000018 -0.13914199999999996 236.03600000000003 -0.067991666666666659 -0.17498638749999998
decision_type=2 2 2 2 2 2 2 2 2 2 2 2 2 2 2 2 2 2 2 2 2 2 2 2 2 2 2 2 2 2
left_child=1 2 6 -4 -5 -6 -1 -3 9 26 15 12 13 23 -15 -11 17 18 20 -18 -17 22 -22 -10 25 -25 27 29 -28 -9
right_child=-2 7 3 4 5 -7 -8 8 11 10 -12 -13 -14 14 -16 16 19 -19 -20 -21 21 -23 -24 24 -26 -27 28 -29 -30 -31
leaf_value=-0.12256987812182346 -0.00080860672866919867 -0.02249966004224483 -0.22341919351170103 0.20340604505093474 -0.10825492849445568 0.066475729185761376 0.056448870914727403 -0.0017495846953083359 -0.0026359607042394742 -0.041427672189959706 0.2783115989392802 0.0009386118863002875 -0.082287360113957944 -0.1502680079676795 -0.012867941343742185 0.22614598859063864 -0.059126929456451899 -0.077586866823103895 0.03383633848466077 0.089602959196437293 0.23802924696769831 -0.012838607617351458 0.04390504276133636 0.075910490339615028 -0.071596725399575262 0.31384430498208649 0.052687277554981995 -0.15416355723916003 0.0068000044407394034 -0.10247714926544366
leaf_weight=54.385719788260758 44855.707345909592 324.18526303348699 4.8895219790283582 9.6043791417032462 19.833584689535201 36.773182597011328 10.645788535475729 658.15123134152964 144.2698963037692 44.089147847145796 7.1929274473804972 27145.098828028069 106.72652238974115 35.022288728505373 40.759062379598618 33.317034766077995 60.540011992212385 18.185370033548679 63.941252857446671 30.306921480398159 26.280518556945026 20.231208449229598 18.540318780578673 10.545348567888142 13.024728983640669 12.06633163243532 221.17139465245418 29.252832626225427 2434.988130764279 35.988160418346524
leaf_count=645 147826 1150 159 95 531 93 17 2268 1171 362 43 95306 2542 171 198 93 355 558 112 347 145 238 155 61 39 51 975 850 17178 225
internal_value=-1.32935e-05 0.00111315 -0.0360421 0.0162954 0.0339977 0.00525451 -0.0932641 0.00127355 0.00152049 0.0089866 0.0446597 0.000515637 -0.0311655 -0.00982676 -0.0763673 0.0393316 0.0524538 0.0836414 0.101706 -0.00951001 0.145821 0.104682 0.157729 0.0182019 0.102562 0.20288 0.00558112 -0.0129241 0.0106209 -0.00697188
internal_weight=76525.7 31670 136.132 71.1007 66.2111 56.6068 65.0315 31533.9 31209.7 3702.18 322.625 27507.5 362.414 255.688 75.7814 315.432 271.343 180.496 162.31 90.8469 98.3691 65.052 44.8208 179.906 35.6364 22.6117 3379.55 723.392 2656.16 694.139
internal_count=273959 126133 1540 878 719 624 662 124593 123443 23904 2408 99539 4233 1691 369 2365 2003 1301 743 702 631 538 300 1322 151 112 21496 3343 18153 2493
is_linear=0
shrinkage=0.1


Tree=159
num_leaves=31
num_cat=0
split_feature=9 8 7 7 5 0 12 9 15 14 15 3 4 18 3 17 19 14 3 3 19 13 12 7 11 19 2 10 9 16
split_gain=6.82524 53.3763 108.385 91.3653 72.15 47.8399 44.0879 42.521 59.2575 65.4579 97.4634 41.9935 73.8723 48.6499 49.6566 55.7871 53.2661 43.7779 52.2077 53.8081 43.4239 42.6465 60.369 41.9465 47.2519 41.0742 39.9582 54.5311 39.7631 41.4837
threshold=19.900000000000002 1.0836513994910943 3.2886904761904767 1.4476425438596494 12.757352941176473 0.047458172458172465 936.14404432132972 18.125000000000004 274.25000000000006 1.2500000000000002 147.25000000000003 4.4914285714285721e-08 6.2826923076923089 43.500000000000007 1.4777511961722491e-07 13.034751139892002 189.50000000000003 1.2500000000000002 2.204166666666667e-06 0.00057196428571428578 115.50000000000001 0.98650000000000004 496.01587301587307 0.6039701257861636 13263.155000000002 10.500000000000002 27.500000000000004 156.53850000000003 23.937500000000004 0.0040513185250027365
decision_type=2 2 2 2 2 2 2 2 2 2 2 2 2 2 2 2 2 2 2 2 2 2 2 2 2 2 2 2 2 2
left_child=7 3 4 -2 6 11 -3 -1 9 -9 -11 12 -6 14 15 -13 17 -16 20 21 -19 22 -20 24 -15 -5 27 -10 -27 -30
right_child=1 2 -4 25 5 -7 -8 8 26 10 -12 13 -14 23 16 -17 -18 18 19 -21 -22 -23 -24 -25 -26 28 -28 -29 29 -31
leaf_value=-0.00020058981306315959 -0.1028038130341572 0.03617069208475901 -0.106468325686951 0.46334789169845864 -0.029486411782983571 -0.0027112037664786125 -0.1402796443289317 -0.095508425357730298 -0.041606448376332275 0.17573304732817363 -0.12952507123173804 -0.043197780753589585 0.09760384112745292 -0.12148518749184195 0.010245747877640215 0.14070899991161867 0.11393271881497734 -0.091721603950516886 -0.07761969454162293 -0.040355153219684442 0.10126147744622796 0.15644452646889861 0.13050781033369405 0.038008652717668151 0.019026178272585008 -0.092839178132786443 -0.11077559287714006 0.076339549890692554 -0.011198916778435784 0.079005697864707236
leaf_weight=65189.767833306498 124.90049739339156 819.59937804378569 88.087336974684149 1.8518483187071968 68.114310748875141 6187.774282310158 14.409301457926629 174.0978972427547 67.624264813959599 24.027656160993502 18.522297568619251 233.30308362691721 139.20857295254245 76.814387190621346 2332.2494825119502 17.749340934678912 54.784980638098205 36.092915990389884 23.865792859345675 28.729227526113391 17.223952274769545 81.57413874566555 33.497593067586422 43.555513389408588 34.764481788821286 50.028710312442854 24.315826328471303 93.256713445764035 364.05232123623136 59.28472183534177
leaf_count=203285 4278 5325 1367 2 1202 15899 106 1435 242 181 183 8308 772 747 15229 103 505 408 195 144 58 318 69 315 208 1259 130 211 10908 567
internal_value=-1.49436e-05 0.00229843 0.00398255 -0.0266947 0.00493238 0.00243373 0.0331221 -0.000400492 -0.0328298 -0.0683342 0.042852 0.0123159 0.0558493 0.00932159 0.0122809 -0.0301956 0.0163698 0.0142764 0.0568156 0.0842248 -0.0293786 0.109985 0.0439172 -0.0452181 -0.0777062 -0.00669111 0.00870409 0.0267625 -0.00852995 0.00143347
internal_weight=76523.1 10931.5 10331.4 600.118 10243.3 9409.3 834.009 65591.6 401.845 216.648 42.55 3221.53 207.323 3014.2 2859.07 251.052 2608.02 2553.23 220.984 167.667 53.3169 138.938 57.3634 155.134 111.579 475.218 185.197 160.881 473.366 423.337
internal_count=273959 68292 51278 17014 49911 44480 5431 205667 2382 1799 364 28581 1974 26607 25337 8411 16926 16421 1192 726 466 582 264 1270 955 12736 583 453 12734 11475
is_linear=0
shrinkage=0.1


Tree=160
num_leaves=31
num_cat=0
split_feature=13 16 17 10 15 18 6 11 7 7 13 16 1 10 11 11 0 13 1 6 16 10 11 18 17 6 2 7 1 15
split_gain=6.62228 18.9204 37.9941 33.3978 68.2524 31.8669 38.7978 35.0114 40.2724 30.2481 24.6371 28.2955 28.1792 24.4555 30.7777 22.837 57.1261 34.3165 51.8486 37.5859 38.2031 25.0729 25.4921 22.7638 22.5179 21.8431 22.6884 21.5612 31.2578 41.2446
threshold=0.16950000000000004 0.11200716845878138 -0.30907802597402595 58.861500000000014 17.125000000000004 4.5000000000000009 7.1666244776820287 26.570000000000004 2.9955357142857149 3.1639784946236564 0.10250000000000001 0.51666666666666672 1.4500000000000002 38.12850000000001 17.405000000000005 131.11500000000004 0.18230694037145653 0.083500000000000019 0.76388888888888895 27.855369335816267 0.45804195804195807 8.3340000000000014 35.505000000000003 9.5000000000000018 0.11711955555555557 39.292882507333651 20.500000000000004 0.095084187408491963 0.94444444444444453 78.375000000000014
decision_type=2 2 2 2 2 2 2 2 2 2 2 2 2 2 2 2 2 2 2 2 2 2 2 2 2 2 2 2 2 2
left_child=1 27 -3 5 -5 7 -7 8 10 15 12 -12 -4 14 -8 17 -17 -9 19 20 -19 22 -21 -16 -22 26 -24 28 -1 -30
right_child=-2 2 3 4 -6 6 13 9 -10 -11 11 -13 -14 -15 23 16 -18 18 -20 21 24 -23 25 -25 -26 -27 -28 -29 29 -31
leaf_value=0.014916148536442487 -0.00052140925794721417 -0.14046379189680822 -0.1402337108738462 -0.10126109914449095 0.076564240665589811 -0.099766320420578286 0.12488953140080644 0.09801637992103969 0.12231143077319107 -0.14097400395104057 0.020969817383560713 -0.10396723076065376 0.050778641866358193 0.1342753191240737 0.02589374469834034 -0.12556179016085342 0.01195703294464983 0.017788069687353063 -0.15388496137288465 0.10898272565137707 -0.11094677953191801 0.14409467803390449 -0.13551221523669785 -0.081802090814868805 0.023979909967839573 0.062230728515224258 0.055358246250388092 0.00089830879689219666 -0.041478888294824268 0.023289221548253893
leaf_weight=2388.4767407379695 59187.138973883426 22.210505031049252 57.814506475813687 89.739281338639557 28.419282697141171 22.248981645330787 28.576029133051634 44.254299085587263 11.722646009176968 15.113297585397957 43.513157267123461 31.071603298187256 8.9141915515065175 23.882306285202503 175.73478545993567 44.484349271282554 94.118755601346493 143.98884920030832 19.509127996861935 28.703871957957745 46.781839549541473 27.712748903781176 17.954253956675533 22.094205379486084 16.814611002802849 23.34678727388382 9.5350517034530622 13440.954663611425 241.05767444567755 166.04593643173575
leaf_count=9302 214490 99 366 617 57 110 70 116 35 111 120 190 22 49 511 215 161 384 113 79 284 61 112 89 64 85 31 44660 1057 299
internal_value=-1.79593e-05 0.001701 -0.0110018 -0.00832961 -0.0584909 -0.00214207 0.0267819 -0.0136439 -0.0557976 -0.00152513 -0.0705726 -0.0310783 -0.114717 0.0380312 0.0278789 0.00254973 -0.0321793 0.0152638 0.0043106 0.0141133 -0.0107223 0.0621821 0.0336427 0.0138659 -0.0752728 -0.00889701 -0.0693061 0.00256023 0.0105506 -0.0150618
internal_weight=76521.9 17334.8 1098.26 1076.05 118.159 957.89 272.536 685.354 153.036 532.318 141.313 74.5848 66.7287 250.287 226.405 517.205 138.603 378.601 334.347 314.838 207.585 107.253 79.54 197.829 63.5965 50.8361 27.4893 16236.5 2795.58 407.104
internal_count=273959 59469 4151 4052 674 3378 829 2549 733 1816 698 310 388 719 670 1705 376 1329 1213 1100 732 368 307 600 348 228 143 55318 10658 1356
is_linear=0
shrinkage=0.1


Tree=161
num_leaves=31
num_cat=0
split_feature=9 11 19 16 16 6 11 17 17 6 17 17 18 18 0 6 0 0 2 0 18 2 11 17 0 6 18 18 18 0
split_gain=6.66997 44.0934 32.8152 58.7989 63.9945 49.9258 69.6758 48.9846 44.9927 44.9583 41.4078 33.993 39.0468 34.1561 30.9261 40.6539 32.6314 36.2388 36.9551 61.8289 48.9508 66.0615 42.096 53.1673 29.589 29.3779 36.8235 53.1529 28.777 37.8208
threshold=0.2678571428571429 171.75500000000002 29.500000000000004 0.018590251277989779 0.0056258901724956486 1.0270456527242555 149.84500000000003 0.025717714285714292 -1.0499756656111108 2.879631513307447 0.21321147142857147 -0.041257035714285704 2.5000000000000004 14.500000000000002 0.25949975949975951 1.9986684420772305 0.11796331435800128 0.022792207792207798 74.500000000000014 0.041812354312354319 2.5000000000000004 43.500000000000007 68.010000000000005 0.091885357142857157 0.45199692780337947 1.0011680572428239 9.5000000000000018 2.5000000000000004 3.5000000000000004 0.029498781761225203
decision_type=2 2 2 2 2 2 2 2 2 2 2 2 2 2 2 2 2 2 2 2 2 2 2 2 2 2 2 2 2 2
left_child=1 2 -1 4 -4 6 7 28 -7 10 11 -6 -13 -14 15 -10 17 -17 19 22 21 -21 23 -19 -15 26 27 -9 29 -5
right_child=-2 -3 3 5 9 8 -8 25 14 -11 -12 12 13 24 -16 16 -18 18 -20 20 -22 -23 -24 -25 -26 -27 -28 -29 -30 -31
leaf_value=0.00035221502984948542 -0.00051847717564057537 0.010385716835311164 -0.1374528681957092 0.14655831652385876 -0.041362835980330935 0.066889475651802241 0.19714157999582951 0.11942204215432844 -0.12436398057944863 0.089347823620067324 -0.11675516976236498 -0.057176756072635532 0.11528506016278538 -0.089772613551403688 0.0084394943224847929 -0.08714984000064005 -0.10087905521833991 -0.12217081577968997 0.11379174704168349 0.074245172802532886 -0.10333653313401021 -0.1483535913943495 0.15696394645606163 0.14747060132794088 0.10526446368295227 0.16536727375914972 0.10020417296892409 -0.14369116375634669 -0.11154561588369763 -0.044734065837114756
leaf_weight=11553.540100415237 59417.464225340009 4372.4900991288014 24.454206802416593 12.74087050417438 59.498888521455228 33.331466011703014 18.216105869039893 11.801806584000586 85.140409531071782 91.553608192130923 24.474335884675384 27.151902790181339 72.721199611201882 18.704779602587223 72.628549352288246 91.780406514182687 93.071783319115639 18.507696665823463 20.913748323917389 45.901712656021118 94.393955759704113 18.789758078753948 26.258650030940771 12.089155193418263 13.316041231155394 17.760804139077663 30.213855858892202 21.972535267472267 45.464729323983192 54.748001666739583
leaf_count=34897 221818 11197 355 159 264 65 53 44 654 241 130 172 217 143 132 1256 322 137 67 108 423 95 88 57 10 35 100 167 295 258
internal_value=-1.77961e-05 0.00172359 -0.00125608 -0.0173079 0.0182418 -0.031596 0.0101198 -0.00737774 -0.04609 0.0306268 0.005722 0.0213838 0.0496895 0.077392 -0.0525886 -0.0613336 -0.0486081 -0.0338046 -0.0131335 -0.0254261 -0.057415 0.00959095 0.064081 -0.0156325 -0.00866533 0.0515816 0.0199989 -0.0517512 -0.050049 -0.00862098
internal_weight=76501.1 17083.6 12711.1 1157.6 331.875 825.726 212.919 194.703 612.807 307.421 215.867 191.393 131.894 104.742 579.476 506.847 421.707 328.635 236.855 215.941 159.085 64.6915 56.8555 30.5969 32.0208 81.749 63.9882 33.7743 112.954 67.4889
internal_count=273959 52141 40944 6047 1532 4515 1111 1058 3404 1177 936 806 542 370 3339 3207 2553 2231 975 908 626 203 282 194 153 346 311 211 712 417
is_linear=0
shrinkage=0.1


Tree=162
num_leaves=31
num_cat=0
split_feature=17 17 11 17 7 5 3 16 18 7 13 0 8 7 10 11 1 18 1 4 9 17 11 9 11 1 0 4 2 7
split_gain=6.53923 48.1352 45.2706 31.693 35.1785 71.8177 56.9793 53.7933 49.088 51.3265 46.1154 44.2174 41.4561 44.1253 46.3965 39.6005 37.0604 36.2731 55.8224 35.0259 34.7884 37.5235 37.3437 33.6127 31.7605 40.3772 32.076 31.6054 39.9796 34.7802
threshold=0.0013143428571428574 0.0018103618421052635 222.10500000000005 0.034196500000000012 0.14819994819994822 1.0000000180025095e-35 0.0028558441558441563 0.0021238940714410309 1.5000000000000002 0.22245131729667814 0.10650000000000001 0.069035604149144961 6.1256067961165064 0.19518002322880376 56.473500000000008 16.015000000000004 0.94444444444444453 13.500000000000002 0.31414473684210531 18.343137254901965 15.071428571428573 0.024765258620689661 24.210000000000004 16.071428571428573 245.45000000000002 0.31009615384615391 0.19478319783197837 5.6702898550724647 48.500000000000007 0.12504125412541259
decision_type=2 2 2 2 2 2 2 2 2 2 2 2 2 2 2 2 2 2 2 2 2 2 2 2 2 2 2 2 2 2
left_child=-1 2 -2 4 7 6 15 11 10 12 23 17 13 14 -10 -6 -12 18 -3 -13 21 -9 -23 -7 25 26 -8 -22 29 -29
right_child=1 3 -4 -5 5 8 24 20 9 -11 16 19 -14 -15 -16 -17 -18 -19 -20 -21 27 22 -24 -25 -26 -27 -28 28 -30 -31
leaf_value=0.00095668727365632558 -0.16173552784852135 -0.13040407119150485 -0.029227079073674552 0.00056963595518867 0.10374718237676035 -0.0033186556995315041 0.15195308359444484 0.012961730814210424 0.025280818568414999 -0.0075670391207425655 -0.061791910683809216 -0.11291009696635684 -0.020458603086459585 -0.17266844818850613 -0.11648842374949098 -0.13994878491383803 -0.17983584153285978 0.22395499996873808 0.10841942730044983 0.03889582247138889 0.036274955466767018 -0.11928156217554367 -0.013449374005632573 -0.15542383589823028 -0.019151762939850218 0.024480626120500594 0.034050939321420497 -0.13688457756578193 0.10194802666222424 0.031378086809642103
leaf_weight=36200.017496126995 31.802358009390446 11.549955128153668 136.2139935592968 33566.066719265771 8.8312142975628358 208.66514063393697 71.937125131487846 1063.5308462030953 42.749352164566517 3721.6398594007478 192.43579284287989 19.518068924546242 222.11622772784904 44.176212672144175 50.183392494916916 27.224032375961542 30.861772251315415 19.814201913308352 64.123612532857805 68.683111865073442 30.303336607292295 37.151854401919991 325.06340371491387 15.615557178156449 47.679041229188442 95.559106424450874 33.971566960215569 65.719753916841 10.50423009865335 15.108618088066576
leaf_count=125493 226 600 602 121746 32 625 169 3669 78 14816 1163 74 528 183 210 168 144 287 159 130 262 200 1309 146 123 222 55 324 187 29
internal_value=-1.86988e-05 -0.000895314 -0.0543085 -0.000671576 -0.00703742 -0.011434 0.0372378 0.00518826 -0.0144993 -0.0110513 -0.0459373 0.0563522 -0.0471489 -0.0903871 -0.0512741 -0.080259 -0.0781067 0.103506 0.0719681 0.00530264 -0.000885388 0.00349415 -0.0243044 -0.013909 0.0542413 0.0716103 0.114134 -0.0522198 -0.0815816 -0.105433
internal_weight=76478.8 40278.8 168.016 40110.8 6544.72 4813.65 285.202 1731.07 4528.44 4080.87 447.578 183.689 359.225 137.109 92.9327 36.0552 223.298 95.4878 75.6736 88.2012 1547.38 1425.75 362.215 224.281 249.147 201.468 105.909 121.636 91.3326 80.8284
internal_count=273959 148466 828 147638 25892 18662 769 7230 17893 15815 2078 1250 999 471 288 200 1307 1046 759 204 5980 5178 1509 771 569 446 224 802 540 353
is_linear=0
shrinkage=0.1


Tree=163
num_leaves=31
num_cat=0
split_feature=9 17 1 10 11 18 17 5 4 4 9 7 11 11 0 9 10 10 19 7 19 0 13 9 7 8 11 11 12 0
split_gain=6.3476 26.8276 24.9021 40.3483 80.9452 36.7933 46.28 50.0774 48.3623 37.9791 33.7647 31.5598 37.7093 67.8339 30.0607 29.2592 39.7853 34.3619 28.8921 27.6639 27.6575 27.6478 27.4963 23.9288 23.6358 23.3686 26.5813 64.7004 23.0858 23.9805
threshold=78.250000000000014 13.034751139892002 0.4188596491228071 70.001000000000019 167.03500000000003 12.500000000000002 9.565046420833335 12.522727272727275 6.8550420168067232 21.838541666666668 118.20000000000002 10.022497472194138 1091.3350000000003 1042.7650000000001 0.42340286831812263 90.166666666666671 41.476000000000006 24.590000000000003 148.50000000000003 10.916083916083918 145.50000000000003 0.4971910112359551 -0.063499999999999931 357.00000000000006 0.81359784283513104 1.9172885572139307 1833.5400000000002 1638.0350000000001 5700.9615384615399 0.10355340622371742
decision_type=2 2 2 2 2 2 2 2 2 2 2 2 2 2 2 2 2 2 2 2 2 2 2 2 2 2 2 2 2 2
left_child=-1 2 3 4 -2 9 8 -8 11 22 25 14 13 19 23 16 21 20 -12 -13 -17 24 -5 -7 -4 26 27 -6 29 -24
right_child=1 -3 15 5 10 6 7 -9 -10 -11 18 12 -14 -15 -16 17 -18 -19 -20 -21 -22 -23 28 -25 -26 -27 -28 -29 -30 -31
leaf_value=-0.00014894435551204583 0.22710840686551698 -0.097424575424390925 -0.16948293338316869 -0.14190391127500745 -0.063145151296810628 -0.11063529523718557 0.26984245834604575 -0.0058483621636371986 0.015797967977666545 -0.17039596395662854 -0.085414814823251209 -0.10698172678782709 -0.10540421484672224 0.54903193707731224 0.032745313844542337 -0.038244042890738864 0.097454102792809305 -0.090944458928494856 0.039913444016802045 0.28025581666480959 0.067464887005231039 0.044241809459967744 0.045852527094330013 0.13841468376731395 0.013118294857768029 0.076096011126559532 -0.11345431156607294 0.3099997964840272 -0.15811452790760949 0.0069385493974495191
leaf_weight=74918.861368524173 23.227860936200159 24.538163461256772 17.700434386264536 10.190428968635386 14.212123017758133 125.70992529182695 10.613284403807485 17.374851093511097 108.90754299440232 10.527460414319647 38.025534935179166 5.8702362589538115 9.3743028151802701 3.2888504920992991 18.663373023271561 80.636583030689508 43.771929940907285 79.973428210476413 35.629307279014029 2.6903318188851699 35.71255133044906 26.576596409082413 304.8787633064203 3.9800162309547877 11.823807601700535 131.44608709961176 15.541485016234217 6.904150938615202 6.9115624800324431 329.51939283218235
leaf_count=254774 87 540 99 188 198 2447 115 111 2837 927 524 189 716 24 29 469 111 672 146 59 113 41 6739 82 88 290 386 17 60 881
internal_value=-1.7721e-05 0.0063077 0.00797171 0.014224 0.0488007 0.00476364 -0.0238832 0.0986954 -0.0362025 0.0180251 0.0316691 -0.0695988 0.0444581 0.163017 -0.085916 -0.0180655 0.0260005 -0.0404827 -0.0247894 0.0147155 -0.00579743 -0.0297503 0.0210698 -0.102992 -0.0963552 0.0564064 -0.0141959 0.0588579 0.0236594 0.0256398
internal_weight=76473.1 1554.22 1529.68 1233.49 264.987 968.5 306.473 27.9881 278.485 662.028 241.759 169.577 21.2237 11.8494 148.353 296.195 99.8728 196.323 73.6548 8.56057 116.349 56.1008 651.5 129.69 29.5242 168.104 36.6578 21.1163 641.31 634.398
internal_count=273959 19185 18645 17052 1648 15404 6609 226 6383 8795 1561 3546 988 272 2558 1593 339 1254 670 248 582 228 7868 2529 187 891 601 215 7680 7620
is_linear=0
shrinkage=0.1


Tree=164
num_leaves=31
num_cat=0
split_feature=16 11 17 6 3 19 2 17 17 18 2 13 6 18 18 11 11 1 18 14 10 13 13 11 13 6 2 6 0 2
split_gain=6.17005 25.601 29.2256 28.6883 37.8373 34.2523 31.1843 30.4043 27.1846 26.5931 38.1957 50.4074 30.3389 29.3009 27.7511 24.1542 22.6698 46.7661 27.7094 22.435 25.0513 37.6907 26.48 22.3272 23.5893 23.5799 22.2223 20.6001 20.4885 25.8048
threshold=1.0833333333333337 23.355000000000004 0.30910639204545459 5.8263742729762162 0.0028558441558441563 3.5000000000000004 10.500000000000002 0.14480625000000005 0.18721625000000003 3.5000000000000004 6.5000000000000009 0.82650000000000012 4.9968789013732842 4.5000000000000009 4.5000000000000009 15.025000000000002 9.3200000000000021 0.40588235294117653 1.5000000000000002 5.5000000000000009 1.0000000180025095e-35 0.25950000000000006 0.10450000000000001 17.405000000000005 0.69650000000000001 3.5656980987181544 7.5000000000000009 7.4666687905191234 0.4971910112359551 11.500000000000002
decision_type=2 2 2 2 2 2 2 2 2 2 2 2 2 2 2 2 2 2 2 2 2 2 2 2 2 2 2 2 2 2
left_child=-1 2 9 4 28 -6 -7 19 26 12 13 -12 16 -11 -13 -14 18 -18 -2 20 -5 22 -22 24 -15 -26 -9 -25 29 -3
right_child=1 3 -4 7 5 6 -8 8 -10 10 11 14 15 23 -16 -17 17 -19 -20 -21 21 -23 -24 27 25 -27 -28 -29 -30 -31
leaf_value=9.515902259113777e-05 0.0094517205079677341 -0.08542376620577373 -0.089105789763906651 -0.069465878912635851 0.10425685812092925 -0.12698358605518151 0.051720635675099429 0.013491687788777219 0.0036108583303759156 0.062207093657425397 0.17421515253964057 0.12493713946660599 -0.01681594684250717 -0.16161032622159688 -0.071681978712928002 -0.13576092273223681 -0.098367832813709977 0.069063749354188492 -0.13623099520733248 0.031892110047793722 0.0024339573671493106 -0.13053680694466827 0.18649785440587616 -0.029423001537547101 -0.096496373060417515 0.062533902769207381 0.15469204932315372 0.11001417628776305 0.015169090013223696 -0.015715037482892116
leaf_weight=75258.653473636237 43.655432816594839 180.74070999398828 28.346397083252668 102.71774927712977 31.484207287430763 19.159447118639946 19.914670318365097 18.031444434076548 73.801100090146065 71.019295580685139 40.310951504856348 11.635078947991135 45.018765512853861 17.200454249978065 18.740802830085158 27.502532234415412 20.117376944050193 97.699584100395441 18.626714482903481 56.365979634225368 19.478217557072639 12.083169231191276 13.054085558280347 24.201244920492172 19.404192581772804 17.946971625089645 29.188464488834143 18.846096515655518 36.473744727671146 75.198115234263241
leaf_count=269053 138 1012 97 596 48 89 60 62 258 168 89 27 198 82 121 181 103 246 76 136 84 87 40 71 67 40 75 35 61 559
internal_value=-1.86448e-05 -0.00710886 0.00962835 -0.0197714 -0.0390899 0.0266377 -0.0359045 0.00182281 0.0415216 0.0153177 0.0392065 0.100911 -0.00731185 0.0133393 0.00363037 -0.0619239 0.014679 0.0404746 -0.0341176 -0.0217629 -0.0422899 0.020277 0.0762924 -0.02222 -0.0647077 -0.0200834 0.100773 0.0316225 -0.0549498 -0.0649424
internal_weight=76466.6 1207.96 520.272 687.691 362.971 70.5583 39.0741 324.72 121.021 491.925 239.305 70.6868 252.62 168.618 30.3759 72.5213 180.099 117.817 62.2821 203.699 147.333 44.6155 32.5323 97.599 54.5516 37.3512 47.2199 43.0473 292.413 255.939
internal_count=273959 4906 1739 3167 1829 197 149 1338 395 1642 700 237 942 463 148 379 563 349 214 943 807 211 124 295 189 107 137 106 1632 1571
is_linear=0
shrinkage=0.1


Tree=165
num_leaves=31
num_cat=0
split_feature=18 18 19 19 17 3 0 0 19 10 15 17 17 17 18 3 15 19 2 0 10 10 2 10 4 19 3 9 17 18
split_gain=6.15687 10.4707 6.57944 36.4541 27.2645 26.428 25.1527 23.7996 46.5729 36.5129 29.3599 30.0306 22.1476 21.7683 19.6391 27.7758 19.5883 18.6961 48.1535 32.7126 34.5227 28.1979 34.7847 25.251 17.1846 16.0281 26.8027 14.7097 16.9789 29.8642
threshold=157.50000000000003 149.50000000000003 166.50000000000003 169.50000000000003 -1.6282033035714283 1.4777511961722491e-07 0.71516754850088193 0.052015692640692647 189.50000000000003 25.504500000000004 1336.5000000000002 1.647857142857143e-05 6.0300947916663548 6.8173466666666673 1.0000000180025095e-35 0.00082535714285714298 4174.0000000000009 147.50000000000003 33.500000000000007 0.029498781761225203 192.39200000000002 2536.257000000001 164.50000000000003 56.473500000000008 1.6018867924528306 149.50000000000003 0.00090741758241758258 152.25000000000003 0.0013143428571428574 14.500000000000002
decision_type=2 2 2 2 2 2 2 2 2 2 2 2 2 2 2 2 2 2 2 2 2 2 2 2 2 2 2 2 2 2
left_child=1 2 17 6 -5 12 -4 8 9 -7 11 14 -6 -14 15 -9 -12 27 19 20 23 22 -20 -19 -13 -23 -27 -1 29 -29
right_child=-2 -3 3 4 5 7 -8 10 -10 -11 16 24 13 -15 -16 -17 -18 18 21 -21 -22 25 -24 -25 -26 26 -28 28 -30 -31
leaf_value=-1.6581784373110262e-05 -0.062324142248931319 0.087491069586912884 -0.1035946145640671 -0.13843776704628771 -0.11313278415408508 0.098927058180378405 -0.43310313338059325 -0.14927819029233136 0.096007389031913401 -0.12415644386831047 0.070646283952958647 -0.02665017097508178 0.18461962438720086 -0.10810603769443304 0.084069417063050184 0.082174317066604455 -0.033995253955652019 0.094087880887751871 -0.11984364615326973 0.022700889631766297 0.21435635188320779 0.14465486208340492 0.23908228611510762 -0.11332656114012403 -0.17334723513454142 -0.11449218513281367 0.11919521285292814 -0.1150716975636063 -0.11796182123472405 0.12526724206366274
leaf_weight=75812.50100036482 15.856839236104859 13.674564808374269 12.286997267805416 14.977678133756852 32.575753363922558 11.087044607847927 2.8548600301146498 13.356721183285119 69.189263198903063 21.690784694917966 46.875366099178791 12.052593328058718 5.741925568727309 4.5562196835526265 16.93527377396822 8.4747146852314454 28.929389074444771 35.556720951921307 38.742254004377173 110.59935555234551 21.896849168930203 8.9694078109459969 2.9023650344461194 7.0299732196144751 23.663484894670546 11.65282111814304 8.4794959216378611 10.156046609277839 22.706306874169968 10.531333240098318
leaf_count=260813 88 30 306 136 6990 14 17 169 828 565 73 26 66 337 27 44 64 145 720 256 453 71 16 236 153 476 36 213 527 64
internal_value=-1.85963e-05 -5.6716e-06 -2.13268e-05 -0.0142139 -0.00681613 -0.000136379 -0.16572 0.0122004 0.0494909 -0.0486988 -0.0131004 -0.0576902 -0.0727218 0.0551087 0.00325731 -0.059431 0.0307119 3.93302e-05 0.0275725 0.0557062 0.112316 -0.0420528 -0.0948288 0.0598491 -0.123843 0.0334697 -0.0160658 -4.98976e-05 -0.0582555 0.00727775
internal_weight=76456.5 76440.6 76427 325.248 310.106 295.129 15.1419 252.255 101.967 32.7778 150.288 74.4828 42.8739 10.2981 38.7667 21.8314 75.8048 76101.7 245.829 175.083 64.4835 70.7463 41.6446 42.5867 35.7161 29.1017 20.1323 75855.9 43.3937 20.6874
internal_count=273959 273871 273841 9815 9492 9356 323 1963 1407 579 556 419 7393 403 240 213 137 264026 2409 1090 834 1319 736 381 179 583 512 261617 804 277
is_linear=0
shrinkage=0.1


Tree=166
num_leaves=31
num_cat=0
split_feature=10 17 12 12 17 13 1 15 12 18 10 13 0 12 9 6 13 12 5 9 2 6 11 18 4 4 2 11 6 10
split_gain=6.11566 18.8732 14.1966 13.3163 16.8781 11.2606 11.4442 10.951 15.0277 7.59932 6.95971 24.4166 20.7173 15.479 10.3493 13.4194 14.4007 17.0265 27.1958 9.59645 7.19757 12.4834 11.8617 7.0423 17.2301 54.5919 40.5642 42.5658 52.9698 40.1313
threshold=5116.3460000000005 0.066774603174603195 250.12512512512515 121.00531914893618 1.0000000180025095e-35 0.12250000000000001 0.0075949853868635606 26.250000000000004 130.28348749801867 24.500000000000004 4029.1675000000005 0.10050000000000002 0.13123033614836896 4.7761211053227388 2.9375000000000004 3.6328410946562313 0.28350000000000003 46.012552301255234 31.757352941176475 2.535714285714286 151.50000000000003 1.1117290816957115 11511.760000000002 25.500000000000004 1.9110671936758896 2.5045454545454553 82.500000000000014 158.14500000000001 2.7255384962812639 48.003000000000007
decision_type=2 2 2 2 2 2 2 2 2 2 2 2 2 2 2 2 2 2 2 2 2 2 2 2 2 2 2 2 2 2
left_child=10 3 5 -2 7 -3 -7 -5 -9 -8 23 19 13 -13 -15 16 -16 -18 -19 -12 21 -20 -22 -1 26 -26 27 28 -25 -29
right_child=1 2 -4 4 -6 6 9 8 -10 -11 11 12 -14 14 15 -17 17 18 20 -21 22 -23 -24 24 25 -27 -28 29 -30 -31
leaf_value=-0.000381430703411356 -0.11287908921732698 -0.10279530342856794 -0.13896925338531127 0.20770310072058829 -0.1784693948452909 -0.11755960011821323 0.081144416413325815 0.053834095455370712 -0.12921299878861181 -0.012298997588793147 0.028327018088470969 -0.10694619600169096 -0.039769332607048881 0.11200208931492175 0.21099023397438918 -0.1328823599902462 0.085886438412908869 -0.1240112094969848 -0.059544813389994927 -0.1533922461776584 0.31651094326864615 0.12120921346519611 -0.10988798942970127 -0.030470980909449864 -0.035219388121585614 0.002591383727140358 -0.10597449832906543 0.051512882043721668 0.03760561363971307 0.010990509172938798
leaf_weight=67020.869581569568 28.333309207931961 5.7465764848748213 5.4485556134022763 2.7491032555699411 5.2327131384463419 4.0032564697030457 35.931306961574592 14.006072230637075 6.5978041305497745 11.485028503928332 4.0253333211803684 5.744217970292083 30.532626047730446 29.508963222615421 5.3086971235461524 4.1316635634866534 37.279127653106116 13.123035093769433 7.2821214841678765 10.451664528576655 2.3638219833374019 8.0385304670780879 0.90109675660642086 363.40228504826518 403.47504812665284 7125.7122253661 28.656867377110757 382.99674096517265 166.73849342251197 675.33710476759006
leaf_count=233659 1122 129 1495 2 978 301 250 59 1112 108 34 368 79 87 4 58 192 241 87 155 1 21 548 1749 2002 20282 327 1240 524 6745
internal_value=-1.80251e-05 -0.0226195 0.0152655 -0.0642955 -0.0161409 0.0299658 0.0448029 0.0202321 -0.00478152 0.0585109 1.7371e-05 0.0209377 0.0333657 0.0530083 0.0615208 0.042527 0.0522816 0.0400688 -0.013798 -0.102865 0.0640221 0.0352943 0.198828 -2.62155e-05 0.00257667 0.000565175 0.011942 0.0140692 -0.00905971 0.025655
internal_weight=76445.4 119.534 62.6147 56.919 28.5857 57.1662 51.4196 23.353 20.6039 47.4163 76325.9 158.691 144.214 113.681 107.937 78.4281 74.2964 68.9877 31.7086 14.477 18.5856 15.3207 3.26492 76167.2 9146.32 7529.19 1617.13 1588.47 530.141 1058.33
internal_count=273959 5556 2283 3273 2151 788 659 1173 1171 358 268403 1875 1686 1607 1239 1152 1094 1090 898 189 657 108 549 266528 32869 22284 10585 10258 2273 7985
is_linear=0
shrinkage=0.1


Tree=167
num_leaves=31
num_cat=0
split_feature=2 11 15 15 4 4 7 18 4 18 17 7 3 8 11 5 15 9 10 4 9 3 4 7 17 9 4 5 4 5
split_gain=6.08783 37.0605 47.2445 57.9959 36.0047 54.8592 46.5922 40.2762 35.6868 35.5928 38.0403 35.3134 32.7853 38.5471 32.7586 57.1957 32.6475 30.7834 57.4136 47.6356 43.5698 43.1955 55.8168 54.8392 51.7625 49.9585 41.2671 80.9373 42.1181 45.8723
threshold=4.5000000000000009 1370.6350000000002 7.7500000000000009 7.2500000000000009 0.67006802721088443 1.3350877192982458 0.47602627257799673 34.500000000000007 11.019230769230772 10.500000000000002 -0.041257035714285704 0.94804318488529027 4.7700892857142869e-07 8.9635278514588865 1.9850000000000001 11.408333333333335 607.50000000000011 5.5357142857142865 27.355500000000003 0.40370370370370373 5.354166666666667 0.0007171921182266011 13.255952380952383 0.13453458306399485 0.018182337662337667 6.4142857142857155 8.8360215053763458 27.522727272727277 6.8550420168067232 18.354166666666668
decision_type=2 2 2 2 2 2 2 2 2 2 2 2 2 2 2 2 2 2 2 2 2 2 2 2 2 2 2 2 2 2
left_child=1 17 3 -3 6 7 -4 -6 -7 10 -10 -11 13 16 15 -2 -12 20 19 -19 -1 22 25 -23 -25 -20 28 -28 -27 -30
right_child=14 2 4 -5 5 8 -8 -9 9 11 12 -13 -14 -15 -16 -17 -18 18 21 -21 -22 23 -24 24 -26 26 27 -29 29 -31
leaf_value=-0.0016916451860212206 -0.089473878919712715 0.052769205769001175 -0.062554673273918823 0.35783185039232018 -0.11131616967591591 -0.0049076901642023168 0.052251939828591588 0.12559904126955784 0.028377102630119274 0.014125398702333586 -0.14979094165735268 0.062440717896659642 -0.0013325730029381594 -0.14215000877205206 0.00077634568279752166 0.072080033760028514 0.01371461177987139 -0.11461230453424612 -0.070372916597961729 0.0044582887305136222 0.10408507807599537 0.010469917162427492 -0.061958935797164161 -0.067685709536556435 -0.020687153639190003 0.0027311795297098925 0.11898149371790373 -0.014614584506755146 -0.13453903298108091 -0.017053986162655629
leaf_weight=13330.504836630549 92.620547846890986 86.881368799018674 40.783959084190428 6.7134269764646879 64.065396424382925 3562.4327099798247 265.26864194584778 8.0807579858228546 429.0488458443433 2045.9605145379901 15.057789623737333 163.35439863801003 2375.5631809532642 35.766218949574977 49039.272540795304 28.70634775236249 64.614916083868593 34.197044404572807 102.13629546295851 1920.3061219183728 39.054897829890251 217.65592365339398 180.2488015666604 490.64141076710075 448.59983294457197 1005.9480566459242 83.400687716901302 99.391412384808064 47.917862322181463 108.45512471720576
leaf_count=34304 699 836 128 25 662 10260 782 47 731 3998 110 234 4784 133 197879 56 166 915 581 5415 43 413 586 1505 1114 6405 174 303 289 382
internal_value=-1.6778e-05 -0.00121501 0.00396707 0.0746509 0.00323767 0.00206027 0.036953 -0.0847804 0.00278109 0.00812108 0.000875338 0.0176978 -0.00386155 -0.0559042 0.000647947 -0.0512497 -0.0171872 -0.00383735 -0.0107626 0.00237497 -0.00138265 -0.0199846 -0.00948331 -0.0347575 -0.0452383 -0.00294769 0.002172 0.0463399 -0.00477406 -0.0530553
internal_weight=76432.6 27272.1 9163.59 93.5948 9070 8763.94 306.053 72.1462 8691.8 5129.37 2920.05 2209.31 2491 115.439 49160.6 121.327 79.6727 18108.5 4738.9 1954.5 13369.6 2784.4 1627.5 1156.9 939.241 1447.25 1345.11 182.792 1162.32 156.373
internal_count=273959 75325 22896 861 22035 21125 910 709 20416 10156 5924 4232 5193 409 198634 755 276 52429 18082 6330 34347 11752 8720 3032 2619 8134 7553 477 7076 671
is_linear=0
shrinkage=0.1


Tree=168
num_leaves=31
num_cat=0
split_feature=11 15 15 11 18 2 9 9 13 10 16 0 19 7 8 5 9 18 5 17 4 16 8 7 5 9 2 3 16 1
split_gain=6.71851 24.9645 26.0869 47.5324 32.4467 35.6842 34.5187 46.7929 34.1372 27.9452 24.6093 24.1727 23.2814 25.4026 42.5491 42.0883 56.2297 36.355 70.1165 28.7657 28.3834 47.6295 25.0556 26.6325 44.1353 45.8998 52.4328 55.9197 50.6009 61.1138
threshold=6459.5700000000006 99.250000000000014 153.50000000000003 12384.805000000002 5.5000000000000009 12.500000000000002 18.125000000000004 6.7083333333333348 -0.018500000000000013 221.547 0.0022641522330521806 0.13648782911077997 3.5000000000000004 1.5602650063856962 2.8559907834101388 8.0277777777777803 1.7750000000000001 12.500000000000002 27.837719298245617 0.76971818181818197 3.6686991869918706 0.016969721902254407 0.80047393364928932 0.18185525730387073 50.794736842105273 3.0625000000000004 21.500000000000004 7.3912037037037041e-08 0.01220754060901098 1.1833333333333336
decision_type=2 2 2 2 2 2 2 2 2 2 2 2 2 2 2 2 2 2 2 2 2 2 2 2 2 2 2 2 2 2
left_child=-1 -2 3 4 6 8 7 -3 -6 -10 11 -5 -4 22 15 19 -17 18 -16 -15 -18 -22 -14 24 25 -24 27 -27 29 -29
right_child=1 2 12 10 5 -7 -8 -9 9 -11 -12 -13 13 14 17 16 20 -19 -20 -21 21 -23 23 -25 -26 26 -28 28 -30 -31
leaf_value=0.00040823587014802141 -0.017168653343457341 -0.11445780707790064 0.052136402448460462 -0.06186582549592419 0.086453039856603478 0.064330365149356458 -0.12385059397530201 0.02623421216216942 -0.014745777096627836 -0.1496007902928255 0.053439538397488676 0.041765711651219249 -0.13125207667455102 0.06093071045833337 0.042691234766088514 0.0086054722113442974 -0.23010349577788711 0.079828276299260939 -0.16800960256068626 -0.080049558182512276 -0.14453165117326189 0.014035743654477316 -0.0033089705811090117 0.0036600529235209026 -0.0010462711956717708 0.024661166536467154 0.017945927249069307 -0.080274945657133376 -0.024078838688170283 -0.29578881334129464
leaf_weight=63455.825404943396 1012.3289605394257 33.684195827692747 78.543276827782393 41.408258966403082 30.598846781998873 92.242208606563509 39.968850367236882 79.275067272596061 153.28425967972726 17.07852616161108 321.53033868409693 49.313668405637145 14.892546818125991 42.492699973285198 46.073968626558781 47.153470903635025 19.841263165697455 53.662924997508526 24.031736379489303 21.94872440956533 64.796646822127514 26.768644656985998 689.49851775169373 5203.1202774191042 4034.0948993944967 80.879878524690866 129.50806250231108 295.37015127181076 187.94071627408266 13.771439947187899
leaf_count=228848 5813 153 113 790 49 239 338 153 486 85 685 121 302 126 77 87 105 62 89 104 467 52 1342 14230 16165 188 860 1370 394 66
internal_value=-1.53136e-05 -0.00209152 -0.000812434 0.0159818 -0.00663881 0.0128378 -0.0439806 -0.0157198 -0.0107975 -0.0282647 0.0404614 -0.00553489 -0.00211417 -0.00250168 -0.0291371 -0.0552332 -0.0829289 0.0178818 -0.0295355 0.0129129 -0.121671 -0.0981753 -0.00163434 -0.00145282 -0.0063511 -0.0216701 -0.0395648 -0.0524516 -0.0649986 -0.0898755
internal_weight=76400.9 12945.1 11932.8 858.384 446.132 293.204 152.928 112.959 200.962 170.363 412.252 90.7219 11074.4 10995.8 346.77 223.001 158.56 123.769 70.1057 64.4414 111.407 91.5653 10649.1 10634.2 5431.06 1396.97 707.47 577.962 497.082 309.142
internal_count=273959 45111 39298 3099 1503 859 644 306 620 571 1596 911 36199 36086 1169 941 711 228 166 230 624 519 34917 34615 20385 4220 2878 2018 1830 1436
is_linear=0
shrinkage=0.1


Tree=169
num_leaves=31
num_cat=0
split_feature=10 2 7 5 6 17 17 15 4 12 1 7 11 3 16 7 3 11 7 2 9 0 10 15 19 17 9 2 2 15
split_gain=6.34987 29.223 49.7234 45.751 70.1898 30.5971 41.6753 78.6991 41.2252 35.6553 33.3039 40.1996 36.7141 29.9352 31.5718 31.7185 35.1993 35.0637 33.8783 31.9844 29.0484 36.7628 49.1357 45.3649 63.355 37.4071 35.0441 34.0973 54.96 44.0771
threshold=346.60850000000005 19.500000000000004 10.215838509316772 0.34166666666666673 0.50025025025025038 -0.093877374999999971 -0.21818019480519477 59.125000000000007 23.987068965517246 6.5316814280107183 0.065395580898075567 0.62578666138927386 380.20500000000004 0.00067746031746031765 0.10762548262548265 0.061781041880544375 0.0012510869565217394 972.80000000000007 0.074541734860883807 35.500000000000007 38.100000000000009 0.11163032191069576 500.21400000000006 755.50000000000011 85.500000000000014 1.0000000180025095e-35 34.083333333333336 69.500000000000014 62.500000000000007 530.50000000000011
decision_type=2 2 2 2 2 2 2 2 2 2 2 2 2 2 2 2 2 2 2 2 2 2 2 2 2 2 2 2 2 2
left_child=-1 2 5 4 -4 6 9 10 -9 -2 11 -8 -12 20 15 16 17 19 -17 -15 26 22 -22 27 -25 -26 -3 28 29 -24
right_child=1 13 3 -5 -6 -7 7 8 -10 -11 12 -13 -14 14 -16 18 -18 -19 -20 -21 21 -23 23 24 25 -27 -28 -29 -30 -31
leaf_value=0.00043771808688247498 -0.14962145549665318 0.006894472647210075 0.86708970780426342 -0.091858339761016802 0.036379761022022832 -0.010639379945129285 0.1398771268099161 -0.19361712201469775 0.038651492701516132 0.0039741532115125109 0.18743431591938728 -0.077224021243155638 0.04455820293292536 -0.25016327219939699 -0.12929301554461289 0.049953244410651965 -0.01240524862934992 -0.034104820793075551 -0.0037527187680693646 -0.076128870252769418 -0.11485225692351342 -0.043331467427182628 0.010360668863079523 0.301355738201592 0.14809452902256398 -0.11113453370195675 0.058972618438433155 -0.11198288485005521 0.12829960153469244 -0.10776406863040928
leaf_weight=61357.696870481988 15.493489082786253 5181.6973332753987 1.1277021741261695 109.18020545359468 10.37320218910463 3660.2839714892925 15.110512014944105 15.916309545747938 14.698391593992708 616.30820208182558 49.204497795552015 19.581691803410649 28.346143770031631 18.595699563622475 20.403754544444382 121.05671232938766 236.29808866605163 62.67621261999011 3949.2520616399124 24.437821418046951 32.510357316874433 259.24374492606148 300.69290545437252 12.585200240835546 11.324213091331332 10.94838164864086 132.51695353054674 24.208136944085709 35.793109728372656 35.296650188975036
leaf_count=190228 183 33106 69 2553 382 15865 37 84 26 1891 104 105 87 86 201 184 617 226 12309 138 749 854 4760 38 807 4772 1032 1319 274 873
internal_value=-1.34718e-05 -0.00185598 -0.00854161 -0.0718747 0.117834 -0.00681823 0.0112368 0.0600147 -0.0821029 0.000207573 0.0987778 0.0173364 0.135211 0.00105315 -0.00518702 -0.00461312 -0.0338626 -0.0818273 -0.00215543 -0.151333 0.00563519 -0.0131765 0.00369489 0.01264 0.122008 0.0206671 0.00819311 0.00301273 0.0105005 -0.00204867
internal_weight=76382.9 15025.2 4555.62 120.681 11.5009 4434.94 774.659 142.858 30.6147 631.802 112.243 34.6922 77.5506 10469.5 4432.72 4412.32 342.008 105.71 4070.31 43.0335 6036.82 722.603 463.359 430.849 34.8578 22.2726 5314.21 395.991 371.783 335.99
internal_count=273959 83731 21386 3004 451 18382 2517 443 110 2074 333 142 191 62345 13761 13560 1067 450 12493 224 48584 14446 13592 12843 5617 5579 34138 7226 5907 5633
is_linear=0
shrinkage=0.1


Tree=170
num_leaves=31
num_cat=0
split_feature=8 5 16 8 6 0 8 11 8 7 5 1 3 17 4 15 6 19 3 11 9 15 4 19 17 18 17 6 0 11
split_gain=6.24891 32.9737 67.5291 59.1164 49.1947 41.2433 38.1232 48.581 62.6168 52.5476 46.2652 51.2142 38.8365 37.1028 37.1717 48.177 42.0886 41.8782 49.1061 35.8543 51.782 57.2149 40.7158 35.273 42.5848 38.3406 36.9499 35.147 34.5843 34.2117
threshold=5.8313008130081307 21.027777777777782 0.0045095885953673771 6.4387500000000015 2.6329654483944327 0.27798663324979117 6.5043478260869572 473.01000000000005 5.8937969924812039 0.29185938945420914 27.837719298245617 0.31414473684210531 5.4541958041958061e-07 13.034751139892002 9.3903207331042413 35.125000000000007 1.1117290816957115 26.500000000000004 0.00080111111111111127 1638.0350000000001 40.100000000000009 155.25000000000003 13.738636363636365 20.500000000000004 0.091885357142857157 3.5000000000000004 5.0101071428571435 0.93023336310080096 0.062385531135531143 701.29000000000008
decision_type=2 2 2 2 2 2 2 2 2 2 2 2 2 2 2 2 2 2 2 2 2 2 2 2 2 2 2 2 2 2
left_child=-1 2 3 27 13 -6 7 8 -3 19 11 -10 -8 14 16 -16 -5 18 -17 23 21 22 -21 25 -25 29 -26 -2 -24 -9
right_child=1 6 -4 4 5 -7 12 9 10 -11 -12 -13 -14 -15 15 17 -18 -19 -20 20 -22 -23 28 24 26 -27 -28 -29 -30 -31
leaf_value=-0.0005499565425778611 0.082098980975831973 -0.18651916029808516 0.0032824750792871979 -0.014134103770486137 -0.18312917648861612 -0.03656111878588688 -0.021796800926162763 0.00555707658468153 -0.14588859128130491 0.041022380724824184 0.00912591120845457 0.0012627607989877752 0.0022536018490863386 0.1341590377119902 -0.20597944164521556 -0.11714028846740213 0.063301358678020045 0.0035940990016880177 -0.0063168910312326743 -0.22510653582521656 -0.11403502265906754 0.011609106504899332 -0.15090520403798133 0.090563654628072657 -0.072782171805486282 0.024677221077003375 0.11222130726700182 -0.11339744258153453 -0.0029330153143640211 -0.19010322144802652
leaf_weight=56559.192161932253 10.052220925688742 20.213322810828686 1599.5426639486104 270.31001677364111 32.112817986286245 47.741047948598862 705.26177646218275 18.28209238499403 45.338641535490751 799.63268382754177 372.48697192780674 49.445984683930874 13993.459949833021 16.778858886100352 16.60091757774353 89.613712102174759 94.811275316402316 167.92227215220919 72.192751176655293 14.468404393643139 39.700748112984002 782.55965776927769 21.629092082381248 147.71423918567598 35.002791693434119 156.50804394111037 15.610442804172633 107.99755006935447 58.557411279529333 17.481906205415726
leaf_count=218815 44 108 3392 988 197 101 9570 40 179 1621 867 99 32397 63 73 429 226 960 150 63 381 1578 136 293 119 259 50 565 131 65
internal_value=-1.45214e-05 0.00151349 -0.00915967 -0.0306487 -0.0209922 -0.0955027 0.0030723 0.0142475 -0.0142011 0.0208291 -0.00674697 -0.0691246 0.00109964 -0.0128218 -0.0162882 -0.0397579 0.00597361 -0.0313891 -0.0676945 0.00847953 -0.00232855 0.00272703 -0.0707055 0.033851 0.0634395 0.00333076 -0.0157223 -0.0967505 -0.0428463 -0.0900842
internal_weight=76378.2 19819 2525.68 926.133 808.084 79.8539 17293.4 2594.63 487.485 2107.15 467.272 94.7846 14698.7 728.23 711.451 346.33 365.121 329.729 161.806 1307.51 916.915 877.215 94.6549 390.6 198.327 192.272 50.6132 118.05 80.1865 35.764
internal_count=273959 55144 7188 3796 3187 298 47956 5989 1253 4736 1145 278 41967 2889 2826 1612 1214 1539 579 3115 2289 1908 330 826 462 364 169 609 267 105
is_linear=0
shrinkage=0.1


Tree=171
num_leaves=31
num_cat=0
split_feature=6 11 18 2 9 1 18 8 17 12 7 11 19 3 3 18 3 10 0 3 5 10 1 0 19 13 16 0 8 0
split_gain=6.36536 19.269 21.3906 27.6664 40.5717 33.4429 18.8882 17.4912 25.8174 64.4167 44.9241 50.8916 48.3278 30.1458 49.8129 27.8025 33.648 25.9852 24.3096 23.8777 27.496 49.9264 55.544 41.9519 31.1145 28.9977 28.4396 26.0419 24.3766 23.3097
threshold=1.0133423697253487 2.0200000000000005 5.5000000000000009 4.5000000000000009 0.35416666666666669 0.81666666666666676 1.5000000000000002 9.3821486928104587 -4.3270021749999996 132.00249066002493 1.028848821081831 1890.2550000000003 39.500000000000007 7.0366666666666673e-06 4.5732142857142865e-06 1.5000000000000002 2.4068965517241385e-05 280.51600000000002 0.42340286831812263 0.0015845238095238098 38.25833333333334 77.0595 0.052015692640692647 0.9294019933554819 30.500000000000004 0.99550000000000016 0.0043699950348199176 0.1156191369606004 13.651086956521741 0.35032467532467537
decision_type=2 2 2 2 2 2 2 2 2 2 2 2 2 2 2 2 2 2 2 2 2 2 2 2 2 2 2 2 2 2
left_child=7 2 3 5 -5 6 -2 8 9 15 11 13 -12 14 -11 -1 18 -18 -17 20 21 -9 24 26 -23 28 -24 -26 -22 -19
right_child=1 -3 -4 4 -6 -7 -8 19 -10 10 12 -13 -14 -15 -16 16 17 29 -20 -21 25 22 23 -25 27 -27 -28 -29 -30 -31
leaf_value=0.040748937387108122 0.0079153941612343081 -0.001122455101649486 0.084567857810544766 -0.12429885243245922 0.042169012190701793 0.0076698318530801102 0.10417497167365029 -0.098839723178770614 0.00049669311244394845 -0.09321413142215193 0.14030911845584926 0.011282722226192398 -0.052733948190734625 -0.13939398029868863 0.19380912183550311 -0.07776415369068862 -0.1741564238341187 -0.12286195022603096 0.079121639108345909 0.01636057095000212 0.061854473652977693 -0.15548384437081564 0.02680849560433661 -0.13219666834609736 -0.10837353290592429 0.0014624991569951692 -0.057671842563385728 -0.015790826693593631 0.012531588155489127 0.043087046677117269
leaf_weight=17.532829374278663 31.043256785720587 43680.293589364977 38.953734043985605 35.95992755331099 24.695074470713735 1020.7810031324625 59.370446562767029 65.483150575309992 26193.989939425293 20.330708458088342 41.393805839121342 190.59575711702928 18.885030150413513 43.779290830716491 8.6060914918780309 26.890768979064887 51.709734289906919 24.066677887458354 15.610107161104677 1654.7850272040814 154.55589369358495 24.998622038867325 394.83374382602051 19.342792436480522 39.013082825520542 1964.7481238808832 44.321624137461185 137.32327317260206 284.92382397502661 13.056057721376417
leaf_count=115 122 146030 64 189 73 1733 80 215 110793 160 83 674 118 303 15 687 337 307 17 3108 297 116 1028 62 913 5226 125 331 620 18
internal_value=-1.32117e-05 -0.000777515 0.0116664 0.00924303 -0.0565231 0.0128329 0.0711246 0.00107771 7.8811e-05 -0.0230894 0.00195539 -0.0158721 0.0798298 -0.0870473 -0.00785057 -0.0775294 -0.0933194 -0.12833 -0.0201417 0.00664529 0.00150822 -0.0155572 -0.00729212 0.011934 -0.0510757 0.00665659 0.0182823 -0.036274 0.0298774 -0.0644977
internal_weight=76341.9 44891.1 1210.8 1171.85 60.655 1111.19 90.4137 31450.8 26666.4 472.457 323.591 263.312 60.2788 72.7161 28.9368 148.866 131.333 88.8325 42.5009 4784.33 3129.54 725.316 659.833 458.498 201.335 2404.23 439.155 176.336 439.48 37.1227
internal_count=273959 148291 2261 2197 262 1935 202 125668 113627 2834 1353 1152 201 478 175 1481 1366 662 704 12041 8933 2790 2575 1215 1360 6143 1153 1244 917 325
is_linear=0
shrinkage=0.1


Tree=172
num_leaves=31
num_cat=0
split_feature=7 5 16 19 2 10 4 4 0 16 15 13 11 10 11 11 3 17 19 15 15 15 17 7 13 11 11 16 8 11
split_gain=6.46726 48.4458 38.549 36.6631 49.5271 97.4253 52.2603 76.7596 67.9591 97.5495 55.1353 53.6485 46.5793 40.5524 37.2945 45.1361 36.8925 40.2416 35.7312 37.4311 42.5945 49.9825 41.4029 60.1567 56.2677 46.6592 46.2764 70.7464 54.7728 43.2758
threshold=0.75041528239202671 61.133928571428577 0.016684064022268619 1.5000000000000002 6.5000000000000009 98.000500000000017 0.22401433691756276 0.25462962962962971 0.037152058891189332 0.019975062344139653 360.37500000000006 0.80550000000000022 1890.2550000000003 94.624000000000009 8.0100000000000016 15.025000000000002 6.9028213166144218e-05 -0.080215199999999987 16.500000000000004 49.250000000000007 27.875000000000004 25.250000000000004 0.14480625000000005 2.154700854700855 0.25950000000000006 44.005000000000003 158.14500000000001 0.034602490421455946 1.3674523497744799 34.005000000000003
decision_type=2 2 2 2 2 2 2 2 2 2 2 2 2 2 2 2 2 2 2 2 2 2 2 2 2 2 2 2 2 2
left_child=-1 2 -2 -4 5 13 8 11 -6 -10 -9 -8 -11 14 -5 -16 17 -17 19 20 21 22 23 26 25 -25 27 28 -18 -29
right_child=1 -3 3 4 6 -7 7 10 9 12 -12 -13 -14 -15 15 16 18 -19 -20 -21 -22 -23 -24 24 -26 -27 -28 29 -30 -31
leaf_value=-0.0006408668381285643 0.0036333827674176057 -0.12286884576039432 0.044143930711761578 -0.10580180295999464 -0.098606351808481651 -0.081981733695847006 -0.014572402070093762 0.0085511296245349075 0.17631780498266866 -0.037832093838327044 -0.090643790099439542 0.26423472595835967 0.13268920566740322 0.085363214785857011 0.049739024380642344 0.2154925456766407 -0.015385128207660021 0.018751026213486909 -0.062871934203034732 0.013154472138645484 -0.089363919977063375 0.12515330983366635 -0.049118177666479419 0.1148239839800787 -0.05959256429089356 -0.018701188633118621 0.044658391084265288 0.058204311407327528 -0.16100601525490515 -0.015822349442181024
leaf_weight=52021.844829287205 18842.634124549251 31.363360115792602 142.33233538735658 42.544774100184441 109.24286826048046 211.92094430420548 10.639862431213261 2171.4031634484418 26.728183321654797 217.81044239550829 57.5182224214077 19.643398784566671 17.290664091706276 42.65059260558337 115.09191328845918 13.441190384328364 56.567788243293762 45.89469247427769 154.99783090455458 429.21616181917489 84.14755523763597 24.587433487176895 341.95283431978896 36.011675488203764 327.54169325577095 95.764697820413858 241.01416983827949 127.99369778484106 47.534495756030083 206.18674366921186
leaf_count=161842 90454 620 299 174 1602 1053 170 9039 32 659 179 164 18 98 304 26 158 202 673 802 285 32 1329 105 1653 437 455 288 197 610
internal_value=-1.18021e-05 0.00133537 0.00149594 -0.00593807 -0.00728932 -0.0169516 0.00242726 0.0081399 -0.0323531 -0.00471027 0.00599136 0.166277 -0.025291 -0.0112876 -0.013012 -0.0113307 -0.0144785 0.0633183 -0.0166023 -0.0130494 -0.0201261 -0.0162553 -0.0186037 -0.00943942 -0.0373923 0.0177884 0.00946138 -0.00989365 -0.0818776 0.0125304
internal_weight=76313.5 24291.7 24260.3 5417.67 5275.34 2645.06 2630.28 2259.2 371.072 261.829 2228.92 30.2833 235.101 2433.14 2390.49 2347.94 2232.85 59.3359 2173.52 2018.52 1589.3 1505.16 1480.57 1138.61 459.318 131.776 679.297 438.283 104.102 334.18
internal_count=273959 112117 111497 21043 20744 8881 11863 9552 2311 709 9218 334 677 7828 7730 7556 7252 228 7024 6351 5549 5264 5232 3903 2195 542 1708 1253 355 898
is_linear=0
shrinkage=0.1


Tree=173
num_leaves=31
num_cat=0
split_feature=16 19 16 2 16 2 19 12 15 17 15 2 17 15 17 17 17 6 6 13 16 13 0 0 0 16 16 1 16 16
split_gain=6.91918 51.1289 47.0999 44.8675 40.7382 31.5116 52.3544 32.91 33.5621 32.4057 43.8423 41.0149 31.9127 31.6782 28.7876 57.7928 43.0679 46.262 31.7454 28.4044 43.3239 30.8647 31.9496 28.2176 28.5446 26.5883 46.6128 29.2424 30.6065 26.4365
threshold=0.052805855698849775 55.500000000000007 0.18898809523809526 53.500000000000007 0.20256410256410259 6.5000000000000009 9.5000000000000018 84.005420054200556 63.250000000000007 -0.35824558441558435 29.250000000000004 7.5000000000000009 -0.21818019480519477 112.25000000000001 0.32382591999950006 0.38182337662337668 0.27475700574712653 2.8264565278523412 3.3681378021000667 0.90250000000000019 1.0833333333333337 0.44150000000000006 0.062615313653136537 0.26689497716894983 0.20864427860696519 0.45804195804195807 0.51666666666666672 0.062895569620253181 0.11200716845878138 0.062746062992125998
decision_type=2 2 2 2 2 2 2 2 2 2 2 2 2 2 2 2 2 2 2 2 2 2 2 2 2 2 2 2 2 2
left_child=-1 3 23 5 -4 6 14 8 9 11 12 -7 19 -10 16 18 -2 -18 -16 21 25 -11 -23 24 -3 27 -27 -21 -29 -17
right_child=1 2 4 -5 -6 7 -8 -9 13 10 -12 -13 -14 -15 15 29 17 -19 -20 20 -22 22 -24 -25 -26 26 -28 28 -30 -31
leaf_value=-0.00040399599520841447 -0.001284690440558484 -0.10195385843046559 0.14897277064798983 0.13713920182326686 -0.11075468119399208 0.051090442808606112 -0.095760079512309512 0.096914147602329859 -0.19590365693145806 -0.001605699791774798 0.085757848534702016 -0.024239797913652623 0.0066147778697376912 -0.0015597831180034724 -0.19799139023352516 -0.09905347217983955 -0.034781505680879232 0.11696752075832868 -0.048153377741457046 0.085912394605097434 -0.13652137789383742 0.18447253731263311 0.05953233962331278 -0.32905388901887128 0.10485583567516099 0.18895489273824395 -0.013663376815711456 -0.13377886825494553 0.0079632829894955189 -0.0063017908645949033
leaf_weight=65274.486827112327 3629.6800342188217 78.090048691257834 16.635758645832542 24.881174694746733 9.4806263949722034 83.114598080515862 61.24491741345264 40.493893517181277 15.857071861624716 34.627247726544738 74.090705145150423 554.32670167088509 5511.232171154581 17.804525788873434 27.198684975504875 33.129173874855042 29.655110381543636 62.282551169395447 29.448983147740364 32.904855428263545 17.066643685102463 34.541506135836244 50.231833189725876 4.9845410585403434 7.2976309657096854 24.660233110189438 21.04209753498435 19.86425951262936 65.356811752542853 424.31677998229861
leaf_count=237079 10655 915 27 85 163 167 585 53 77 120 148 1653 19882 38 128 104 94 122 98 85 115 117 85 24 10 54 87 101 182 906
internal_value=-1.2469e-05 0.00230339 -0.0635969 0.00300644 0.0546879 0.00270009 -0.00396395 0.00704057 0.00648552 0.00699947 0.00931905 -0.0144177 0.00834454 -0.0931099 -0.00263666 -0.0248178 0.000427387 0.0680199 -0.120096 0.0400904 0.0151037 0.0779458 0.11044 -0.0977797 -0.0842789 0.030899 0.0956661 0.00584098 -0.0250755 -0.0130191
internal_weight=76310 11035.5 116.489 10919.1 26.1164 10894.2 4296.96 6597.22 6556.72 6523.06 5885.62 637.441 5811.53 33.6616 4235.71 514.094 3721.62 91.9377 56.6477 300.295 180.895 119.401 84.7733 90.3722 85.3877 163.828 45.7023 118.126 85.2211 457.446
internal_count=273959 36880 1139 35741 190 35656 12692 22964 22911 22796 20976 1820 20828 115 12107 1236 10871 216 226 946 624 322 202 949 925 509 141 368 283 1010
is_linear=0
shrinkage=0.1


Tree=174
num_leaves=31
num_cat=0
split_feature=10 10 11 11 18 7 0 3 13 6 8 7 12 3 13 11 11 11 1 17 9 8 7 16 18 8 0 9 2 15
split_gain=6.18782 28.1589 35.7061 43.9944 41.0767 30.6239 59.11 45.7558 40.5155 39.3523 39.0536 33.974 37.0055 28.0364 27.0839 26.4684 35.63 29.6154 36.834 35.9289 27.2645 36.6438 34.894 25.4934 24.6755 29.7388 50.4137 23.3889 21.4986 58.2758
threshold=186.66100000000003 195.39600000000002 40.010000000000012 72.515000000000015 6.5000000000000009 0.51069549302219175 0.052015692640692647 1.1335416666666668e-06 0.99450000000000005 2.995806947256566 7.3769254036949148 4.0131578947368434 15.002679528403002 0.00020031250000000005 0.95250000000000001 8.0100000000000016 9.3200000000000021 16.015000000000004 0.075134408602150551 0.76971818181818197 3.7750000000000004 2.4414004180352351 5.4749373433583974 0.011644857278459557 3.5000000000000004 3.6680440771349869 0.65024271844660209 6.4142857142857155 7.5000000000000009 21.250000000000004
decision_type=2 2 2 2 2 2 2 2 2 2 2 2 2 2 2 2 2 2 2 2 2 2 2 2 2 2 2 2 2 2
left_child=-1 2 4 -4 -2 6 7 -5 11 -10 14 12 -7 -14 -9 20 23 18 19 -18 21 22 -3 -17 25 -8 -27 -22 29 -19
right_child=1 15 3 5 -6 8 24 10 9 -11 -12 -13 13 -15 -16 16 17 28 -20 -21 27 -23 -24 -25 -26 26 -28 -29 -30 -31
leaf_value=0.00060585770822335096 -0.049044145552645087 -0.14214477023689309 -0.16055577272999547 -0.10827580493278539 0.15135384739056462 0.10207506169054018 0.036358481714697272 0.10044974619533474 -0.13556207191569125 0.012632736189030097 -0.0029996751302407204 -0.15944716010464072 0.048860146727687293 -0.055414146809049269 0.29423838285725856 0.0057451129428978988 -0.12502802645204575 -0.075917142319445394 0.008341863992113039 0.086297336687974291 -0.20452094295560658 0.061202613723851267 0.072814992476575899 0.17255988589383994 0.00030949215626361833 -0.18520872882495479 -0.016690619359479769 -0.052249855715402083 0.00032663097492199086 -0.0057894517278098637
leaf_weight=51860.919391391741 17.538721187971532 26.540253726765513 23.84281518869102 8.9622914440697041 24.539822118356824 27.06755513837561 23.35222627222538 13.34596311673522 73.017585347115528 23.74586593429558 13.067763757891951 15.500784141011534 35.654400599654764 93.152031909674406 15.691434817388654 16.653254249598831 61.237864637747407 131.88512291602092 62.135061478242278 9.2621017573401314 16.71574228676036 35.445693008601665 10.554717386607079 20.364072056487203 199.60319755040109 32.658777762204409 38.893882062286139 25.438291196478531 22192.917050678778 1167.3521433700807
leaf_count=154066 94 352 167 243 65 74 45 53 521 95 65 207 126 303 71 79 542 1641 305 18 123 68 89 39 418 138 81 181 109703 3987
internal_value=-1.24887e-05 -0.00132373 -0.0213939 -0.0272823 0.0678261 -0.0221047 -0.00242785 0.0968919 -0.0474641 -0.0991949 0.140563 -0.0182553 -0.00421455 -0.0265504 0.205171 -0.000750044 -0.00051775 -0.000671355 -0.0477915 -0.0972647 -0.0486728 -0.0115059 -0.0809818 0.0975137 -0.0196498 -0.061628 -0.0936073 -0.112631 -0.000405317 -0.0129081
internal_weight=76317.1 24456.1 679.635 637.557 42.0785 613.714 345.576 51.0675 268.138 96.7635 42.1052 171.375 155.874 128.806 29.0374 23776.5 23661.8 23624.8 132.635 70.5 114.695 72.5407 37.095 37.0173 294.508 94.9049 71.5527 42.154 23492.2 1299.24
internal_count=273959 119893 2766 2607 159 2440 1114 432 1326 616 189 710 503 429 124 117127 116314 116196 865 560 813 509 441 118 682 264 219 304 115331 5628
is_linear=0
shrinkage=0.1


Tree=175
num_leaves=31
num_cat=0
split_feature=6 11 3 6 13 10 10 10 17 19 11 4 4 4 11 1 0 4 18 16 6 6 17 17 17 2 10 17 11 18
split_gain=6.00043 25.8786 23.7473 18.5609 16.1793 19.5983 43.0861 22.2214 20.8091 19.6115 17.0845 18.8783 25.4689 15.0798 14.5601 13.2818 11.2346 9.71775 9.52612 13.9281 8.93213 8.68289 20.6317 33.4785 23.6351 37.0895 30.3421 31.6208 30.8411 20.3623
threshold=48.134847080630216 14.015000000000002 0.0012487500000000001 68.796484110885743 0.097500000000000017 118.50150000000001 294.48300000000006 98.000500000000017 0.086672083333333358 18.500000000000004 64.010000000000005 0.99166666666666681 2.4104278074866312 10.918333333333335 6.0150000000000015 0.94444444444444453 0.043360752056404238 8.8360215053763458 2.5000000000000004 0.083835341365461849 56.710977701543747 9.44032796068546 -0.33293541666666665 -0.45451022727272722 -0.11947736666666665 24.500000000000004 1.0000000180025095e-35 -0.14986141999999997 323.36500000000007 11.500000000000002
decision_type=2 2 2 2 2 2 2 2 2 2 2 2 2 2 2 2 2 2 2 2 2 2 2 2 2 2 2 2 2 2
left_child=21 14 4 16 5 7 -7 8 9 -3 18 20 -13 -8 -2 -10 -4 -14 19 -6 -12 -1 23 -23 25 26 27 -24 -28 -27
right_child=1 2 3 -5 10 6 13 -9 15 -11 11 12 17 -15 -16 -17 -18 -19 -20 -21 -22 22 24 -25 -26 29 28 -29 -30 -31
leaf_value=0.00022478999208365433 -0.0090512296098158914 -0.16886988614580223 0.033112186165397121 -0.11391836169938992 0.11161083536859109 -0.2377323770285493 -0.076904730022260198 0.12247892911020507 -0.021868773194225782 0.0072070734206387266 -0.13405436910022184 0.12785987202175153 -0.02005989084356341 0.061676340611913363 -0.1368094754523746 0.085363071469238605 -0.049392942316992559 0.034330642158928622 0.12800983456322643 -0.020414251666065173 -0.0018259570029495629 -0.017431412934916967 -0.071761158464522398 -0.12435671807490541 -0.0035810582240244984 -0.18263823404065813 0.093799659712973674 0.093574028616009261 -0.017203398596772012 -0.0016371157694375915
leaf_weight=69760.818773443592 18.098288923501968 11.844985805451872 35.057163450866938 20.848117999732494 16.718376517295837 10.296347933821378 14.564328731969001 17.890824098140001 20.836825747042894 13.575390231795607 9.8391671553254145 26.043592527508736 41.96685117483139 17.037913523614407 17.590756110846996 25.9184275791049 31.185830846428871 151.18972245976329 28.472585141658783 15.3061914332211 10.625635297968982 321.47402189485729 36.739905752241611 32.216787174344063 5414.5252084149979 11.507073270156981 110.02975595369935 16.883274704217911 32.400576972402632 13.515388902276753
leaf_count=254071 65 67 85 71 41 74 89 21 82 36 84 35 88 27 109 42 74 233 62 72 39 846 145 143 16825 67 202 33 88 43
internal_value=-1.30173e-05 0.0103478 0.0160096 -0.0316281 0.0256106 -0.00357199 -0.0600737 0.0227124 -0.0020176 -0.0748385 0.0384405 0.0264542 0.0350297 -0.00219066 -0.0720219 0.0375744 -0.00572952 0.0225133 0.0859257 0.0485092 -0.0653994 -8.89158e-05 -0.00374283 -0.027171 -0.00227248 0.0297768 0.0444098 -0.0197053 0.0685483 -0.0848741
internal_weight=76305 554.907 519.218 87.0911 432.127 131.965 41.8986 90.0665 72.1756 25.4204 300.162 239.665 219.2 31.6022 35.689 46.7553 66.243 193.157 60.4972 32.0246 20.4648 75750.1 5989.29 353.691 5635.6 221.076 196.054 53.6232 142.43 25.0225
internal_count=273959 1496 1322 230 1092 438 190 248 227 103 654 479 356 116 174 124 159 321 175 113 123 272463 18392 989 17403 578 468 178 290 110
is_linear=0
shrinkage=0.1


Tree=176
num_leaves=31
num_cat=0
split_feature=13 16 17 10 15 1 10 6 14 6 17 1 1 2 2 17 1 13 1 11 16 16 16 6 3 6 13 8 4 18
split_gain=6.16024 17.7514 30.4729 28.4372 53.826 26.7414 41.1621 51.9494 38.9777 22.1704 21.9162 27.3865 29.8049 25.6937 24.3938 24.4083 40.9173 27.0021 31.4515 30.0324 22.1533 21.8698 35.2018 21.1607 33.6745 23.7276 20.4795 37.9812 43.1999 42.6155
threshold=0.16950000000000004 0.11200716845878138 -0.30907802597402595 58.861500000000014 17.125000000000004 0.81666666666666676 5.0005000000000015 20.699857172005718 1.2500000000000002 9.44032796068546 0.084006250000000018 0.10084745762711866 0.23904761904761906 11.500000000000002 26.500000000000004 0.041628750000000013 0.081356867071152791 0.10250000000000001 0.29814814814814822 37.005000000000003 1.0833333333333337 0.16869918699186995 0.20256410256410259 56.710977701543747 0.023532467532467533 8.0040040040040061 0.10450000000000001 1.3164313222079593 4.7543103448275872 8.5000000000000018
decision_type=2 2 2 2 2 2 2 2 2 2 2 2 2 2 2 2 2 2 2 2 2 2 2 2 2 2 2 2 2 2
left_child=1 26 -3 5 -5 6 9 8 -8 21 14 -12 13 -13 15 17 -17 18 19 -11 -20 -4 -23 24 25 -7 -1 28 29 -28
right_child=-2 2 3 4 -6 23 7 -9 -10 10 11 12 -14 -15 -16 16 -18 -19 20 -21 -22 22 -24 -25 -26 -27 27 -29 -30 -31
leaf_value=0.0012125680568234685 -0.00049780626507740951 -0.12875863337239385 -0.18549481168745979 -0.094709654616152106 0.064712946600235147 -0.0030633018041099566 0.030131432251779597 0.098645348108872141 -0.088107009700539557 -0.13568823673820285 0.076432607544099695 -0.16353956202591952 0.034050450466701992 -0.0027457886272599799 -0.12249568755625953 0.037517982896170199 -0.13166387548909364 0.037204881609275521 0.10419385834694028 -0.019767346870762998 -0.027959343955633289 0.068078683051267533 -0.096752754272162012 0.036206945315079668 0.085017440467562599 -0.13186034003893266 0.033046711771631723 0.00028946178654734144 0.099952715581366022 -0.032780326508761184
leaf_weight=14362.367141161092 59030.927656222055 21.444042423740029 12.24863665178418 86.110543875023723 28.085884056985378 19.478806396946311 122.58466787170619 89.133509024977684 36.088160110637546 34.062786571681499 64.916643794625998 17.839210219681263 69.845228843390942 22.436494648456573 21.162330754101276 22.768712997436523 38.4139703810215 117.48553652316332 25.01559154689312 64.992568504065275 25.733683906495571 20.112607970833778 36.414218975231051 22.687818169593811 11.704458609223364 53.835138065740466 559.68887428205926 1064.5077767317416 78.235690101981163 119.31149720284157
leaf_count=49603 214490 99 72 617 57 70 405 198 150 185 158 89 206 72 152 65 204 340 47 211 129 37 204 56 13 315 2324 2574 119 698
internal_value=-1.18158e-05 0.00164948 -0.0107355 -0.00835495 -0.0555007 -0.00268151 0.00332503 0.0375561 0.00323957 -0.0109688 -0.00397094 0.0249146 -0.00545547 -0.0739657 -0.0184319 -0.0117274 -0.068704 0.00131452 -0.0268328 -0.0596298 0.0371823 -0.0643543 -0.0381047 -0.0495965 -0.0724938 -0.0976402 0.00247948 0.0124676 0.0295874 0.0214798
internal_weight=76299.6 17268.7 1084.6 1063.16 114.196 948.961 841.255 247.806 158.673 593.448 524.673 175.038 110.121 40.2757 349.635 328.473 61.1827 267.29 149.805 99.0554 50.7493 68.7755 56.5268 107.706 85.0184 73.3139 16184.1 1821.74 757.236 679
internal_count=273959 59469 4151 4052 674 3378 2924 753 555 2171 1858 525 367 161 1333 1181 269 912 572 396 176 313 241 454 398 385 55318 5715 3141 3022
is_linear=0
shrinkage=0.1


Tree=177
num_leaves=31
num_cat=0
split_feature=16 19 16 2 16 7 10 11 1 16 10 16 11 7 10 13 19 13 17 7 6 3 10 9 4 13 6 12 7 14
split_gain=5.96448 43.6757 38.835 35.688 32.2073 29.3228 28.1381 47.8724 45.7386 54.3916 78.2944 53.0534 61.4507 41.751 44.7593 41.202 48.0532 46.7857 51.0963 40.0708 39.6424 47.7597 37.3093 36.773 45.9975 36.568 71.2828 36.4998 36.3495 34.96
threshold=0.052805855698849775 55.500000000000007 0.18898809523809526 53.500000000000007 0.20256410256410259 20.100000000000005 93.001000000000019 558.70500000000015 0.31009615384615391 0.45804195804195807 98.000500000000017 0.05577777777777778 24.210000000000004 0.51933269910301727 114.57500000000002 0.10450000000000001 41.500000000000007 0.99850000000000005 -0.62144155844155835 1.0809817170111289 9.2646238358868747 0.0054772727272727282 449.00500000000005 1.0000000180025095e-35 0.49528301886792458 0.90550000000000008 2.7255384962812639 8.0040040040040061 1.0809817170111289 1.2500000000000002
decision_type=2 2 2 2 2 2 2 2 2 2 2 2 2 2 2 2 2 2 2 2 2 2 2 2 2 2 2 2 2 2
left_child=-1 3 -3 5 -4 6 -2 8 11 13 -11 12 -8 14 -10 19 17 23 -19 27 21 -14 28 -17 -25 -26 -27 -13 29 -9
right_child=1 2 4 -5 -6 -7 7 22 9 10 -12 15 20 -15 -16 16 -18 18 -20 -21 -22 -23 -24 24 25 26 -28 -29 -30 -31
leaf_value=-0.00037515978954948131 0.00093892623416539527 -0.092318414687177816 0.12851464109927566 0.12001204174966021 -0.10959999571934005 -0.1149225905357809 0.30693915116256903 -0.085829446634074769 -0.15782759352784245 0.34240179999280534 -0.040852062774953429 -0.035308337803060003 -0.13389986006168009 -0.096588525297939404 0.079449368335370515 0.12288197345238767 -0.1335216584805908 -0.18430291167700089 0.022943913111659074 0.030776318098925753 0.19499823754220125 0.13302432708470116 -0.18574463713289746 -0.055568403778250314 0.040033503800880152 0.039288001360692229 0.26705835171282732 -0.21034639599381505 -0.093634559485083632 0.040681565501804184
leaf_weight=65262.02585956351 9677.0567239969969 85.894393754657358 16.873445760458711 25.903566715773195 8.5632786513306183 21.226795695722103 14.331067766994236 28.429338878020644 10.338415447622536 9.1299713328480738 12.808252343907951 40.735624288674444 13.995912516489627 77.809668825007975 34.413888849318027 89.511837730184197 16.120789906010032 12.333755904808639 335.43801208026707 58.985940546728671 15.446036372333763 12.864765867590902 14.182419864460824 36.514177290722728 146.7969840541482 32.785205887630582 23.652964480221272 16.837143443524837 45.07365111168474 94.286155641078949
leaf_count=237079 29949 949 27 85 163 457 21 87 87 24 113 312 126 490 152 251 195 67 1428 227 20 16 115 401 451 82 67 79 278 161
internal_value=-1.16833e-05 0.00213925 -0.060178 0.00277476 0.0483533 0.00249592 0.00272521 0.0172169 0.0257168 -0.0263679 0.118646 0.0344041 0.127971 -0.0523249 0.024635 0.0278593 0.0371095 0.0411724 0.0155939 -0.02715 0.0673469 -0.00605807 -0.0299999 0.0681889 0.0477689 0.0663349 0.134745 -0.0864982 -0.0168355 0.0113729
internal_weight=76290.4 11028.3 111.331 10917 25.4367 10891.1 10869.9 1192.82 1010.85 144.5 21.9382 866.35 56.6378 122.562 44.7523 809.712 693.154 677.033 347.772 116.559 42.3067 26.8607 181.972 329.261 239.749 203.235 56.4382 57.5728 167.789 122.715
internal_count=273959 36880 1139 35741 190 35656 35199 5250 4609 866 137 3743 183 729 239 3560 2942 2747 1495 618 162 142 641 1252 1001 600 149 391 526 248
is_linear=0
shrinkage=0.1


Tree=178
num_leaves=31
num_cat=0
split_feature=17 18 11 5 18 11 18 5 6 3 19 17 5 7 7 5 5 9 4 5 12 8 10 0 18 11 11 11 4 19
split_gain=5.9146 19.1092 22.6772 16.5205 17.7193 16.1141 14.9746 22.1005 12.2784 10.93 10.7513 6.62364 23.5163 27.8229 39.4844 30.5603 45.2669 31.6685 30.5706 30.1504 31.5744 31.6326 11.6776 11.5258 12.0459 18.5516 11.5197 15.3886 10.76 9.59384
threshold=-44.518346453004042 9.5000000000000018 1949.1050000000002 28.031250000000004 4.5000000000000009 315.47000000000008 40.500000000000007 54.63333333333334 4.5897892330865089 0.0004504545454545455 48.500000000000007 -17.199738044148567 7.0277777777777786 0.83910594439117936 0.15400641025641029 34.767857142857146 26.522727272727277 27.100000000000005 13.008771929824563 21.027777777777782 47.113943028485757 4.4013888888888895 45.873500000000007 0.86817279046673301 11.500000000000002 10098.525000000001 7898.1600000000008 931.99500000000012 16.574304889741136 22.500000000000004
decision_type=2 2 2 2 2 2 2 2 2 2 2 2 2 2 2 2 2 2 2 2 2 2 2 2 2 2 2 2 2 2
left_child=1 3 9 4 5 -1 7 -4 -7 -3 -8 12 -2 14 26 16 18 -18 -16 20 -15 22 -22 24 -17 -26 27 -14 -20 -28
right_child=11 2 6 -5 -6 8 10 -9 -10 -11 -12 -13 13 19 15 23 17 -19 28 -21 21 -23 -24 -25 25 -27 29 -29 -30 -31
leaf_value=0.12497604776324789 -0.12834539016771349 -0.13212905893979363 -0.17529807617970855 -0.013500842847248585 0.14162762681555371 -0.12958533992956486 -0.00092287307210146569 0.052788248647077846 0.060262571493745282 0.039112211949400955 0.096532527853015637 7.9444646548448237e-06 0.05011061001763787 0.13637569864023796 -0.15857583682079393 -0.082938220154795031 -0.023547856556439876 0.16019553328199124 0.055622421748522138 0.12672862899354995 0.0038133764331089309 0.12306029312781382 -0.1495344771582135 -0.034197279585346477 -0.13280735790150167 -0.3313336091711116 0.087987377383635462 -0.086789111715752987 -0.074025846936575698 0.013034069908489385
leaf_weight=9.3074869057018095 17.115659628660069 18.475477126776244 8.5298997786594573 23.309569090604782 27.971735208760947 7.6723496788181347 22.374832300934941 8.4630991667509061 6.127335024997592 4.6693990267813197 22.911661179736257 75800.127895607991 14.723565120249985 11.663745833560823 28.124908174388111 13.187519544735549 21.734996728599072 16.501417954917997 13.132284992840143 28.340571502223611 6.7688468024134663 7.6666675354354075 18.643529423279688 9.8414891213178617 12.811288492754104 7.4408796052448443 29.970431283116341 18.563255537301302 12.489692395552991 39.694866977632046
leaf_count=19 399 317 90 82 66 99 80 12 15 10 69 271436 29 19 246 57 68 66 45 59 27 32 189 23 82 52 35 86 57 93
internal_value=-1.31104e-05 0.0192046 -0.0130638 0.0562602 0.0880952 0.0232931 0.0183455 -0.0617032 -0.0452891 -0.0975817 0.0483824 -5.34532e-05 -0.0142244 -0.00794985 -0.0245089 -0.0600272 -0.0274224 0.055749 -0.0865918 0.0460247 -0.0050941 -0.0549767 -0.108689 -0.129321 -0.157316 -0.205748 0.0221571 -0.0262351 -0.00757594 0.0452794
internal_weight=76288.4 159.813 85.4244 74.3885 51.0789 23.1072 62.2795 16.993 13.7997 23.1449 45.2865 76128.5 328.416 311.3 238.217 135.264 91.9833 38.2364 53.7469 73.0834 44.7428 33.079 25.4124 43.2812 33.4397 20.2522 102.952 33.2868 25.622 69.6653
internal_count=273959 859 578 281 199 133 251 102 114 327 149 273100 1664 1265 939 696 482 134 348 326 267 248 216 214 191 134 243 115 102 128
is_linear=0
shrinkage=0.1


Tree=179
num_leaves=31
num_cat=0
split_feature=9 17 1 19 7 9 4 13 7 19 13 15 1 19 19 3 11 10 11 14 11 11 9 13 4 3 18 10 2 5
split_gain=5.93621 22.2678 21.1913 33.4985 48.115 39.8664 47.9621 26.4627 35.2839 24.4743 29.8663 42.7472 40.1561 38.5187 25.682 53.3425 37.0572 23.6172 34.7517 37.932 28.2138 37.535 41.7199 29.9615 24.2494 21.6067 20.6115 21.8878 19.001 24.6357
threshold=78.250000000000014 13.034751139892002 0.4188596491228071 51.500000000000007 0.22245131729667814 91.500000000000014 11.019230769230772 0.029500000000000002 0.46678281068524979 59.500000000000007 0.10250000000000001 530.50000000000011 0.015189970773727121 103.50000000000001 67.500000000000014 1.7327067669172934e-06 13263.155000000002 70.001000000000019 146.00500000000002 0.87500000000000011 505.40500000000003 633.0100000000001 99.166666666666671 0.10450000000000001 22.522727272727277 7.0366666666666673e-06 1.0000000180025095e-35 777.48050000000023 16.500000000000004 77.236111111111128
decision_type=2 2 2 2 2 2 2 2 2 2 2 2 2 2 2 2 2 2 2 2 2 2 2 2 2 2 2 2 2 2
left_child=-1 2 3 4 -2 6 -6 8 -4 -5 11 12 -11 -13 15 -12 -17 18 -16 -20 26 22 -22 -23 -25 -24 27 28 29 -19
right_child=1 -3 7 9 5 -7 -8 -9 -10 10 14 13 -14 -15 17 16 -18 20 19 -21 21 23 25 24 -26 -27 -28 -29 -30 -31
leaf_value=-0.00013884298235522947 -0.1245015189523868 -0.091067346422894491 -0.075363588908315474 -0.079808884904414013 -0.11001385477501767 0.30376883097641239 0.30596738753220781 -0.027743946189606496 0.13681384214204598 0.074509538780801562 -0.10785883718877501 0.10405380681911768 -0.12073658854960807 -0.076029370329346563 0.17321555223864346 0.26575972823679539 0.0059402948328952749 -0.12790134574252846 -0.11799774420527009 0.046364900939598566 -0.09040101314796721 0.1296488113409805 0.12639683473297633 0.0078235280343893036 -0.16094101890654355 0.34086839164147253 -0.093303471309454988 -0.14308752760746515 0.18828225167032986 0.14757999523577539
leaf_weight=74746.655003981301 6.5543277577999133 23.2068321784609 11.85040573752485 29.113435054663569 7.2926739780232328 12.662714086007325 4.4710326641798019 256.17485895537538 23.144740621792153 12.918002889549824 8.7340143204200995 31.429120600223541 57.075143232330447 19.092996670631692 19.447841213550419 16.548212227411572 8.2143526189029199 7.4325952942017519 15.321556831127962 168.00466575729661 6.8204101247247335 20.072496055159718 15.198964795330541 672.79679138035681 8.6232362247228576 6.7983885407447806 44.970201215939596 6.5674225050315718 7.928887339308857 5.7634811773896217
leaf_count=254774 96 540 72 600 174 66 4 1419 102 180 311 51 1316 275 61 89 82 135 313 523 133 46 167 9936 1511 18 819 92 48 6
internal_value=-1.24578e-05 0.00614495 0.00763797 0.0134238 0.116079 0.180634 0.0480882 -0.0166015 0.0649642 0.0107487 0.0130219 -0.0341023 -0.0847018 0.0359979 0.0184867 0.104626 0.179571 0.0156178 0.0461118 0.0326282 0.00791718 0.0138298 0.125682 0.00923486 0.00568785 0.19268 -0.0515091 0.0163615 0.0659317 -0.00758289
internal_weight=76280.9 1534.23 1511.02 1219.85 30.9807 24.4264 11.7637 291.17 34.9951 1188.87 1159.76 120.515 69.9931 50.5221 1039.24 33.4966 24.7626 1005.75 202.774 183.326 802.973 730.31 28.8178 701.493 681.42 21.9974 72.6626 27.6924 21.125 13.1961
internal_count=273959 19185 18645 17052 340 244 178 1593 174 16712 16112 1822 1496 326 14290 482 171 13808 897 836 12911 11811 318 11493 11447 185 1100 281 189 141
is_linear=0
shrinkage=0.1


Tree=180
num_leaves=31
num_cat=0
split_feature=7 5 12 17 7 5 5 5 15 11 17 19 3 7 1 9 12 6 7 10 5 2 8 12 18 18 7 16 1 9
split_gain=5.80293 43.1114 34.2117 32.5774 46.1109 43.5881 49.4679 47.5834 54.2455 41.9681 40.5344 64.6389 38.4015 46.708 47.4359 41.3634 40.8257 38.1657 84.3405 53.1624 48.5191 41.8728 55.859 37.9836 37.9005 53.869 59.1896 37.5305 41.0531 36.3662
threshold=0.75041528239202671 61.133928571428577 509.66730353879387 0.0083228468899521537 0.83910594439117936 30.527777777777782 23.035714285714288 25.350877192982459 76.250000000000014 70.260000000000005 0.01410162412280702 86.500000000000014 0.0054772727272727282 2.4902948861515495 0.73863636363636376 0.64583333333333337 9.8099362444364271 0.6816635750954424 1.4476425438596494 180.64050000000003 7.7238095238095248 26.500000000000004 1.7022266204849086 167.00100603621732 1.5000000000000002 12.500000000000002 1.2695360195360197 0.0034110300961836802 0.94444444444444453 30.083333333333339
decision_type=2 2 2 2 2 2 2 2 2 2 2 2 2 2 2 2 2 2 2 2 2 2 2 2 2 2 2 2 2 2
left_child=-1 2 3 5 -5 6 12 23 9 -9 11 24 29 15 -15 -14 -16 18 -12 -20 21 -21 -23 -8 -6 27 -27 -26 -29 -2
right_child=1 -3 -4 4 10 -7 7 8 -10 -11 17 -13 13 14 16 -17 -18 -19 19 20 -22 22 -24 -25 25 26 -28 28 -30 -31
leaf_value=-0.00060926665089248153 0.0074230287762475202 -0.12129078161581122 0.019954051219728899 0.020036850475511653 -0.14492247498419869 -0.023657128253199738 0.073294882304883166 0.07126269304735576 0.021011172169758015 -0.15575608791062567 0.11478454308256161 0.18562411876941876 0.029901075703935871 -0.093674565489302516 -0.05816036890379539 -0.015718377507476424 0.10223310010172543 -0.004829114951625111 -0.081038048853182887 0.11294970974013961 -0.083266269652160232 -0.11067391043033009 0.23199889407908869 -0.040760113492986284 -0.14067990604209588 0.0090049934539319209 -0.14222375595854031 0.018352943952269579 -0.10675832895305414 -0.018988303790613278
leaf_weight=52013.259478979482 9165.2264869716018 28.669568740064278 955.49236302939244 786.4440441261977 33.149699044879526 537.24430738389492 270.18891292437911 10.945763556286691 391.13024878501892 31.804558934643865 86.364373378455639 12.818655980285255 263.64816928654909 126.7386768348515 36.46907327324152 807.4853314012289 28.09471382945776 9548.4832651296165 61.316125759156421 63.937737048254348 27.343532480299473 21.415714804723397 6.1154070189222685 32.736759960651398 19.746640738332644 39.377617629244924 75.50806683441624 210.15462205093354 29.967141193337739 552.77821446029702
leaf_count=161842 39686 620 2619 2330 251 1667 439 15 1104 209 355 140 599 669 137 2279 52 45578 1360 1241 505 1051 38 137 207 113 628 899 135 7054
internal_value=-1.35623e-05 0.00126358 0.00140858 0.000647297 -0.00329739 0.0041953 0.00547235 0.0305555 0.0093214 -0.0976304 -0.00509024 -0.0354851 0.00378923 -0.0126185 -0.0581333 -0.00448963 0.0116343 -0.00378736 0.033539 -0.0054149 0.0336123 0.0685518 -0.034557 0.0609691 -0.0424336 -0.0333677 -0.0903894 -0.0081589 0.00273909 0.0059207
internal_weight=76274.1 24260.8 24232.1 23276.6 11022.1 12254.5 11717.2 736.806 433.881 42.7503 10235.7 420.722 10980.4 1262.44 191.302 1071.13 64.5638 9814.98 266.493 180.129 118.812 91.4689 27.5311 302.926 407.904 374.754 114.886 259.868 240.122 9718
internal_count=273959 112117 111497 108878 54831 54047 52380 1904 1328 224 52501 2373 50476 3736 858 2878 189 50128 4550 4195 2835 2330 1089 576 2233 1982 741 1241 1034 46740
is_linear=0
shrinkage=0.1


Tree=181
num_leaves=31
num_cat=0
split_feature=16 11 0 13 17 9 6 0 1 14 18 9 2 6 7 6 8 4 3 4 4 10 8 10 0 10 4 16 11 16
split_gain=5.96676 21.92 34.3749 46.0179 44.6341 41.923 33.954 33.9467 46.0436 43.8969 40.2822 42.5491 37.3092 36.1207 32.0651 57.4562 31.0996 58.9407 37.4841 37.1214 58.0215 35.6955 47.7589 32.9538 33.3453 30.8914 31.9969 30.0778 29.7508 33.7735
threshold=0.0049140345793489823 1306.0300000000002 0.4971910112359551 0.72750000000000015 -1.8746859560785711 11.550000000000002 3.2583907011113995 0.3465463108320252 0.4188596491228071 2.7500000000000004 21.500000000000004 19.900000000000002 6.5000000000000009 0.50025025025025038 7.5108695652173916 2.4106070584589165 8.7513440860215059 44.845238095238102 0.0017107954545454546 9.8775000000000031 11.670289855072467 80.124500000000012 19.81666666666667 211.50950000000003 0.27241805813234393 1226.6990000000003 7.1595925297113761 0.0021905831317900882 371.36500000000007 0.0032715415132574138
decision_type=2 2 2 2 2 2 2 2 2 2 2 2 2 2 2 2 2 2 2 2 2 2 2 2 2 2 2 2 2 2
left_child=1 2 3 4 6 -4 -1 8 9 10 -6 14 -10 -13 -12 -16 17 -5 -19 25 -21 22 -22 -23 28 -18 -27 -8 -25 -30
right_child=-2 -3 5 16 7 -7 27 -9 12 -11 11 13 -14 -15 15 -17 19 18 -20 20 21 23 -24 24 -26 26 -28 -29 29 -31
leaf_value=-0.13877253189956915 0.00077529021924465898 0.0017027890361637152 -0.0059342265459071206 0.0021649238142320802 -0.011846619533007982 -0.03089170522197044 0.062253181033858962 0.022452061986647381 8.4156118106649296e-05 -0.11273260875057887 -0.085780807837497489 0.18054486612442086 0.080391957798347 -0.016173847535034116 -0.064022166354977358 0.3668502789165845 0.072784788275222043 -0.12113073108221024 0.055817157119898334 -0.083089188164241101 -0.09562117816141813 0.067543406231612785 0.072812345000654255 -0.11921545368432843 0.047894539459301937 -0.14132217942231071 0.043108983833557747 -0.12475851844105504 -0.065145548488521818 0.05881249260024405
leaf_weight=45.983128182939254 42437.563416464669 15867.906200835037 2715.5498715005815 8234.7420835415614 2625.7663311613651 894.84481777250767 22.423594900406897 353.4541632309556 1809.212193524465 47.504450557753444 196.09895379294176 10.543043078971094 59.760540120303631 81.388235301361419 10.098487518262116 4.4624397475272408 190.82715746760368 60.966146012768149 14.896968975663183 61.925895278458484 52.749497205018997 158.02239882200956 24.725126460194588 27.946779670193791 107.99026343226433 14.658975450787691 26.254262594506145 13.950783483684061 42.337096436414868 45.712140984833241
leaf_count=495 133960 64092 5122 40774 15236 1885 96 570 5820 305 1193 169 206 901 207 48 443 400 20 662 157 257 27 123 154 137 126 80 216 78
internal_value=-1.43858e-05 -0.0010052 -0.00339843 -0.00120327 -0.00862377 -0.01212 -0.0816651 -0.00746656 -0.00964927 -0.017375 -0.0158281 -0.0503778 0.002652 0.00638663 -0.0751496 0.0680259 0.00311999 0.00135661 -0.0863841 0.022578 0.00777729 0.0200236 -0.0418676 0.0325757 0.00790596 0.0558792 -0.0229716 -0.00947202 -0.0293227 -0.00079079
internal_weight=76260.3 33822.7 17954.8 14344.4 5280.65 3610.39 82.3575 5198.29 4844.83 2975.86 2928.36 302.591 1868.97 91.9313 210.66 14.5609 9063.75 8310.61 75.8631 753.15 521.409 459.483 77.4746 382.009 223.986 231.74 40.9132 36.3744 115.996 88.0492
internal_count=273959 139999 75907 68900 25326 7007 671 24655 24085 18059 17754 2518 6026 1070 1448 255 43574 41194 420 2380 1674 1012 184 828 571 706 263 176 417 294
is_linear=0
shrinkage=0.1


Tree=182
num_leaves=31
num_cat=0
split_feature=11 11 5 4 3 6 15 15 4 5 19 15 4 13 16 11 1 19 16 5 8 0 4 18 10 0 7 6 11 18
split_gain=5.97795 21.0002 46.5605 45.7708 33.7079 33.9382 24.0893 41.5922 30.6947 20.3254 20.2266 31.3209 33.9707 39.3508 42.0805 42.5038 27.909 27.4831 29.1161 25.7239 39.2983 38.149 36.6831 58.0431 27.5742 25.3927 25.1389 27.4614 27.5554 24.2915
threshold=6459.5700000000006 6061.6350000000011 12.968750000000002 1.859920058139535 0.0012007142857142859 1.1318622753570462 619.25000000000011 1118.0000000000002 19.873214285714287 182.87500000000003 5.5000000000000009 64.250000000000014 2.0067567567567575 0.95450000000000002 0.0031679021596595931 6851.7350000000015 0.026385407964355335 8.5000000000000018 0.0029970059880239527 6.5250000000000012 0.80047393364928932 0.36882591093117417 1.859920058139535 10.500000000000002 9.0135000000000023 1.3373983739837401 0.65615047770700652 1.1117290816957115 9501.465000000002 1.5000000000000002
decision_type=2 2 2 2 2 2 2 2 2 2 2 2 2 2 2 2 2 2 2 2 2 2 2 2 2 2 2 2 2 2
left_child=1 9 3 -3 6 -6 -4 8 -8 -1 -2 12 16 14 26 -16 -12 -18 -19 21 -21 22 23 -13 -22 -26 -14 -28 -29 -15
right_child=10 2 4 -5 5 -7 7 -9 -10 -11 11 19 13 29 15 -17 17 18 -20 20 24 -23 -24 -25 25 -27 27 28 -30 -31
leaf_value=0.0002672795512688294 0.022661226829609148 0.056057484787526368 0.065183176699754028 -0.16415912961493051 -0.084138981323930342 0.036448720502469167 -0.19824477486584299 0.097704805928816071 0.019560833132039671 -0.11423590791415734 -0.12201715024367199 -0.10361560978655993 -0.090759395723052541 -0.018263332235515066 0.058038577768241742 -0.12404677224527201 -0.2513468120384425 -0.064611919128979164 0.05226869626248231 -0.11019098099445788 0.022145609589982729 -0.10894841222611694 0.11472821025279761 0.064293492917837647 -0.0039543552245088088 0.018350724020673004 0.11111541916612085 0.090378914729838403 -0.15878785463423706 -0.12636748425369038
leaf_weight=62924.410557264498 324.83665470034066 15.323565726168452 227.9211457092315 24.573916013352573 42.12195760756731 52.339450407773256 13.921547957696022 18.969876270741224 12.088805664330719 15.506373934447764 15.10679086181335 29.24134857673198 12.721420429646967 28.052324242889881 17.518324538134038 47.796754476614296 3.6002690680325022 26.702857766766101 105.59526965479017 33.644355296622962 456.34080680925399 16.323620617389679 58.109166888520122 69.564319397788495 10984.409149281162 535.25875743292272 39.48288660030812 8.5765654500573891 9.1988107860088331 80.24566915910691
leaf_count=227746 578 67 466 142 122 80 83 23 43 76 213 281 100 159 37 307 20 1084 693 401 891 48 201 276 37510 1334 139 36 76 727
internal_value=-1.4072e-05 0.00038553 0.0230203 -0.0795798 0.0341632 -0.0173234 0.0519846 -0.0148945 -0.0970155 0.00023907 -0.00197602 -0.00261232 -0.0303403 -0.0534417 -0.0174822 -0.0752092 0.00692559 0.0212592 0.0286777 -0.00171423 -0.00226611 0.036545 0.0516805 0.0146011 -0.00196292 -0.00291795 0.036397 0.0646481 -0.0385656 -0.0983654
internal_weight=76249.5 63347.2 407.26 39.8975 367.363 94.4614 272.901 44.9802 26.0104 62939.9 12902.3 12577.5 394.598 243.593 135.295 65.3151 151.005 135.898 132.298 12182.9 12009.7 173.238 156.915 98.8057 11976 11519.7 69.9797 57.2583 17.7754 108.298
internal_count=273959 228848 1026 209 817 202 615 149 126 227822 45111 44533 3591 1581 695 344 2010 1797 1777 40942 40136 806 758 557 39735 38844 351 251 112 886
is_linear=0
shrinkage=0.1


Tree=183
num_leaves=31
num_cat=0
split_feature=18 11 2 17 6 0 2 19 0 5 8 19 3 17 17 14 10 17 8 8 16 0 9 7 18 7 7 11 17 1
split_gain=5.89432 20.2915 61.1236 68.1917 35.4537 38.1329 35.0544 51.7382 34.2869 32.813 37.7166 32.577 31.6728 85.3636 42.3419 38.1791 48.5354 30.6864 30.2753 45.9199 27.238 29.8457 27.0216 24.155 34.8972 29.6398 37.6614 43.2589 30.8316 23.7279
threshold=14.500000000000002 48.010000000000012 14.500000000000002 0.051575291866028716 3.3681378021000667 0.35032467532467537 27.500000000000004 22.500000000000004 0.14339826839826844 9.3589743589743613 1.1431498829039815 16.500000000000004 0.0010443750000000002 -0.10226547619047617 -0.272298875 1.7500000000000002 14.063500000000003 -0.16239799999999996 4.1117353308364555 2.0602547770700643 0.0040040080160320653 0.35329985652797707 6.7083333333333348 3.1639784946236564 19.500000000000004 0.47602627257799673 0.83910594439117936 28.005000000000006 0.10909670454545456 0.041451890034364267
decision_type=2 2 2 2 2 2 2 2 2 2 2 2 2 2 2 2 2 2 2 2 2 2 2 2 2 2 2 2 2 2
left_child=-1 2 12 4 5 6 7 11 -6 10 -9 -4 13 14 20 16 -15 -16 19 -18 -2 -22 23 25 -25 -14 27 -27 -28 -7
right_child=1 -3 3 -5 8 29 -8 9 -10 -11 -12 -13 22 15 17 -17 18 -19 -20 -21 21 -23 -24 24 -26 26 28 -29 -30 -31
leaf_value=-0.00055524560957980558 0.10021476992113219 0.0021852813358439718 0.013145796724613398 -0.12639008263626081 0.077608505183840451 0.078994286897922858 -0.11332054455228209 -0.00090981917105178089 -0.091976618336857691 -0.079381207260187228 0.18364594611990703 -0.15699477346934471 0.033212436612624928 -0.31142184423679892 0.20447670085731315 -0.0085652335874443573 -0.13869829034036105 0.036199667925459193 -0.21206930355614581 0.022798883708849922 -0.071301083328942361 0.042792587473933573 0.087283264466082214 0.1266310291614294 -0.015292058635815526 -0.23436423189813943 0.01942359614545423 -0.031891797859243079 -0.10093324314293795 -0.03602460104970364
leaf_weight=55210.715560471115 21.916720031760633 19799.060864692885 16.677151633426547 78.262919446453452 54.669320315122604 36.772261895239353 79.724235675996169 25.47379632666707 15.247171662747858 18.328322794288397 19.588136091828346 34.605172673705965 168.98458753526211 10.771986774172545 20.490757809951901 57.725254693999887 35.369579131715 23.00085950596258 15.651097235269843 35.057560291141272 54.787870535627007 39.4269158244133 54.131645567715168 40.54311279207468 30.254003617912531 16.209849923849106 131.56025373190641 30.233372293412685 25.391997162252665 35.013913542032242
leaf_count=195272 61 74421 36 577 195 38 576 133 41 78 26 198 275 58 50 201 330 57 83 97 210 53 75 126 106 69 281 72 92 72
internal_value=-1.26287e-05 0.00141226 -0.0110728 -0.0423219 -0.0227461 -0.0393916 -0.062392 -0.0269848 0.0406259 0.0334307 0.0793154 -0.101665 0.00488331 -0.0199714 0.0313215 -0.0729392 -0.111308 0.115482 -0.0862651 -0.0583075 -0.000196981 -0.0235553 0.0205864 0.0124398 0.0659825 0.00226022 -0.0234554 -0.10256 -4.79342e-05 0.0228935
internal_weight=76235.6 21024.9 1225.87 414.362 336.099 266.183 194.397 114.673 69.9165 63.3903 45.0619 51.2823 811.507 314.199 159.623 154.575 96.8502 43.4916 86.0782 70.4271 116.132 94.2148 497.309 443.177 70.7971 372.38 203.395 46.4432 156.952 71.7862
internal_count=273959 78687 4266 1970 1393 1157 1047 471 236 237 159 234 2296 1200 431 769 568 107 510 427 324 263 1096 1021 232 789 514 141 373 110
is_linear=0
shrinkage=0.1


Tree=184
num_leaves=31
num_cat=0
split_feature=9 8 7 5 7 7 11 9 12 12 10 9 1 13 17 10 12 17 10 7 18 19 19 15 10 0 9 8 3 1
split_gain=5.74868 44.0754 86.3803 59.3625 57.7806 51.1284 48.2749 42.7614 77.8174 59.2203 57.0657 47.5411 56.9866 45.4246 43.958 67.1978 61.5708 59.2768 56.4831 55.6473 55.0869 47.3096 79.3002 42.8444 40.8861 39.7019 39.2082 63.1877 39.1865 49.4587
threshold=19.900000000000002 1.1761982570806102 3.2886904761904767 17.675438596491233 0.14819994819994822 1.4476425438596494 40.010000000000012 31.083333333333339 239.7990716682223 936.14404432132972 239.78 53.166666666666679 0.013559477845192134 -0.018500000000000013 0.002923726833333334 112.50200000000002 65.061945092960258 1.0000000180025095e-35 71.501000000000019 1.9961538461538464 8.5000000000000018 34.500000000000007 53.500000000000007 344.50000000000006 1355.3665000000003 0.15419580419580423 24.200000000000003 2.8559907834101388 1.1335416666666668e-06 0.025707110758657153
decision_type=2 2 2 2 2 2 2 2 2 2 2 2 2 2 2 2 2 2 2 2 2 2 2 2 2 2 2 2 2 2
left_child=-1 5 3 4 -3 -2 -6 9 11 14 -10 12 -9 -14 15 16 18 19 -8 -17 28 -21 -23 26 -12 -19 -22 -28 -16 -30
right_child=1 2 -4 -5 6 -7 7 8 10 -11 24 -13 13 -15 20 17 -18 25 -20 21 23 22 -24 -25 -26 -27 27 -29 29 -31
leaf_value=-0.00036600760846084969 -0.069301448203768684 -0.10552862265366091 -0.10218910966887598 0.00097501199867906167 0.10022826874192492 -0.0062094929839006966 -0.15174331268343469 0.18970668412378006 0.00086343055614570598 -0.15740417834431247 0.097112658660582524 0.023130079027005711 0.14323611548429813 -0.057312772828566928 0.02899101806795883 -0.01016124754972602 0.15767246408021779 0.24147128614595231 0.10323264772642411 -0.060390628549026895 0.056455186601965857 0.27955686226388277 -0.11794254348486691 0.19391219333933904 -0.11658619913301943 0.032730835544120741 -0.12725665521992532 0.033176665654387358 0.13481655835836162 -0.12221320882519499
leaf_weight=65357.57354730244 174.82092472730073 35.385082369204611 76.408995794830844 8326.2992599082972 78.420756638050079 484.17835390075925 13.889172315597532 10.22337186988443 168.00214966479689 15.619870379567145 150.0753762810491 162.69312566285953 11.716795546934007 313.03581881755963 46.231551163480617 181.49125747289509 104.78124684188515 20.765655227238312 23.20039402320981 10.43793712556362 201.56184554006904 21.918765778653327 6.509262017090804 16.776041891425848 9.5210506627045088 16.235598936676979 35.669629609212279 78.746822284068912 8.553791852667926 59.997593218460679
leaf_count=205667 4754 309 1250 38598 284 13065 87 91 797 110 655 1271 75 2348 260 1046 295 113 66 65 848 66 172 75 292 35 396 366 71 432
internal_value=-1.19469e-05 0.00211824 0.00373696 0.00453612 0.0209955 -0.0229467 0.0235305 0.0199666 0.0036947 0.0355381 0.0415425 -0.0212192 -0.042759 -0.0500771 0.0390972 0.0632207 0.118478 0.0327598 0.00775013 0.0130937 0.0175776 0.121687 0.18854 0.0381833 0.084364 0.149879 0.0299153 -0.0168388 -0.0421579 -0.0901412
internal_weight=76220.7 10863.2 10204.2 10127.8 1801.46 658.999 1766.07 1687.65 825.268 862.386 327.599 497.669 334.976 324.753 846.767 399.229 141.871 257.358 37.0896 220.357 447.537 38.866 28.428 332.754 159.596 37.0013 315.978 114.416 114.783 68.5514
internal_count=273959 68292 50473 49223 10625 17819 10316 10032 5529 4503 1744 3785 2514 2423 4393 1945 448 1497 153 1349 2448 303 238 1685 947 148 1610 762 763 503
is_linear=0
shrinkage=0.1


Tree=185
num_leaves=31
num_cat=0
split_feature=10 10 6 17 11 12 2 0 1 4 5 16 3 15 0 13 2 0 16 2 19 17 7 1 8 16 3 15 7 11
split_gain=6.08712 26.9548 31.3547 36.3385 46.1593 41.2483 38.45 30.8382 22.2598 24.2051 19.1475 41.0349 91.3442 70.8114 55.8151 50.6223 48.0477 43.1931 42.8328 42.5088 39.458 42.3716 39.7434 36.6923 65.213 69.422 49.1446 58.847 52.8794 40.2077
threshold=280.51600000000002 276.19950000000006 5.0025025025025034 0.04312916666666667 3263.7950000000005 32.008537886873007 17.500000000000004 0.42340286831812263 1.0714285714285716 11.168439716312058 7.3416666666666677 0.029466029954417192 0.0030513157894736845 21.250000000000004 0.062615313653136537 -0.018500000000000013 14.500000000000002 0.46720430107526884 0.043614130434782614 17.500000000000004 25.500000000000004 0.20080384615384619 1.3118516597510375 0.099019607843137278 0.79906103286384988 0.011644857278459557 0.00020031250000000005 14.750000000000002 4.7008771929824578 808.31500000000017
decision_type=2 2 2 2 2 2 2 2 2 2 2 2 2 2 2 2 2 2 2 2 2 2 2 2 2 2 2 2 2 2
left_child=1 -1 3 4 5 7 -5 -3 10 -10 11 12 23 14 16 -13 -14 18 19 -17 22 -22 -20 -2 -25 29 -27 28 -28 -26
right_child=8 2 -4 6 -6 -7 -8 -9 9 -11 -12 15 13 -15 -16 17 -18 -19 20 -21 21 -23 -24 24 25 26 27 -29 -30 -31
leaf_value=0.00033568680025329361 -0.0034324909909263946 -0.15824748290154397 0.097254403147583546 0.012976644790473611 -0.19113596302207178 0.044516154746412337 0.1457153504831549 0.050079661439765791 -0.17709614339790222 0.011412941793911812 0.00030691600997093571 -0.14151896432993727 0.15945631095064361 0.078648801180364936 -0.14793659099944909 -0.045156398372459591 -0.072201985182419035 -0.13092727147236913 0.095199433124547969 0.089588784279319447 -0.044121016911838215 0.064790480097020417 -0.026458074077673217 -0.091040467525500782 -0.097977231439846893 0.09988211517231238 0.17350683945849349 -0.094939585801331855 -0.065654353707813404 -0.0074042688112114959
leaf_weight=57916.969358838054 2962.7551193454983 22.335651872679591 57.900530526414514 61.879353061551228 14.390548314317128 68.327290610410273 33.710781933739781 10.4206121340394 15.010257084853949 12.470417644828556 13834.491066596451 19.095536672975868 11.50029322132468 24.119864597916603 103.54279917478561 27.686011812649667 40.423753054812551 17.331473179161549 78.223089451901615 151.68889873381704 155.66861126711592 46.359416900202632 40.889220827259123 138.67882346303668 91.167239090427756 72.919479582458735 22.73598799854517 42.182551223784685 15.580214531160889 106.0009466195479
leaf_count=177255 30528 193 101 256 90 176 67 14 88 24 55511 239 57 45 432 276 332 51 260 998 1424 218 355 3036 750 142 41 223 99 678
internal_value=-1.51202e-05 0.000482361 0.0320661 0.0141833 -0.0235688 0.000286578 0.0597882 -0.0919732 -0.00162053 -0.0915529 -0.00148325 -0.00742444 -0.0112395 -0.0807724 -0.105506 0.0183785 -0.0208936 0.0242747 0.029649 0.0687912 0.0077858 -0.0191291 0.0534365 -0.00762211 -0.0329925 -0.0100308 0.0404157 -0.0134518 0.0762586 -0.0492837
internal_weight=76216.5 58185.9 268.965 211.064 115.474 101.084 95.5901 32.7563 18030.5 27.4807 18003 4168.55 3631.61 179.587 155.467 536.942 51.924 517.847 500.515 179.375 321.14 202.028 119.112 3452.02 489.265 350.586 153.418 80.4988 38.3162 197.168
internal_count=273959 178152 897 796 473 383 323 207 95807 112 95695 40184 36363 866 821 3821 389 3582 3531 1274 2257 1642 615 35497 4969 1933 505 363 140 1428
is_linear=0
shrinkage=0.1


Tree=186
num_leaves=31
num_cat=0
split_feature=7 7 3 4 16 12 7 3 8 5 18 1 18 9 11 11 2 11 19 11 11 19 10 11 16 1 11 17 12 13
split_gain=6.30299 61.3857 30.3643 45.4539 29.3014 32.2333 28.6103 60.708 44.5823 34.3201 39.6591 37.5767 32.2938 56.0005 34.6107 31.8393 51.1759 54.1969 53.0978 48.0894 46.1185 45.2746 36.3715 65.2774 55.6847 44.2297 39.2442 44.3403 47.2901 61.6635
threshold=7.5108695652173916 7.0779610194902558 5.8875000000000006e-09 0.050862068965517253 0.0036540858109311027 30.006002400960391 9.1937500000000014 0.0007289915966386556 1.3674523497744799 0.84523809523809534 18.500000000000004 0.21525096525096529 2.5000000000000004 1.9375000000000002 252.10500000000005 124.01000000000001 32.500000000000007 99.875000000000014 26.500000000000004 171.75500000000002 108.91500000000001 68.500000000000014 103.43200000000002 3263.7950000000005 0.0029865612178153066 2.4166666666666674 2883.6800000000007 0.044567532467532478 42.002710027100278 1.0000000180025095e-35
decision_type=2 2 2 2 2 2 2 2 2 2 2 2 2 2 2 2 2 2 2 2 2 2 2 2 2 2 2 2 2 2
left_child=1 -1 3 -2 5 -3 8 15 -4 12 -11 -12 13 14 -9 16 18 21 20 -17 -8 -18 23 24 -21 -25 27 28 -24 -30
right_child=2 4 6 -5 -6 -7 7 9 -10 10 11 -13 -14 -15 -16 19 17 -19 -20 22 -22 -23 26 25 -26 -27 -28 -29 29 -31
leaf_value=-8.6323125479411888e-05 -0.10753514856057805 -0.11181362162125391 0.029314618623376615 0.20901215280338348 -0.12631675725611569 0.18829950153904304 0.0033519270549543078 -0.12754149621773439 -0.085307556294347373 -0.10037076985728638 -0.12099976950477981 0.086080926047166093 -0.055815981372000695 0.23427749568373646 0.10918303891856088 -0.088195531351000278 0.13824200818157076 -0.11772618737649948 -0.11559511314366643 0.15365349223018124 0.13311559158182174 -0.11125287622534696 -0.020758445792803656 -0.11959518603377828 0.027595758965057782 0.074128930893498465 0.041930810358901144 -0.068011211174810376 0.36699069532899647 0.041415212581603439
leaf_weight=73843.633227565238 6.2929235824849483 7.367091214284299 573.13710702722892 16.249735253863037 55.907283626496792 6.9595928676426411 162.37428147392347 13.328333334065976 36.06867588032037 130.06919979047962 13.36186710745096 25.458279520273209 41.192777758464217 13.652118971571324 11.509776297956703 62.533697802340612 83.357351795304567 11.07990530412644 31.022370879072696 39.523289568256587 32.945649951230735 7.9685981192160389 278.20431662182091 45.789524730062112 309.10967942490242 15.870159796439109 105.17641320463736 163.12427822232712 6.6590002812445155 46.025816278997809
leaf_count=246021 1255 179 3626 132 539 71 1821 110 433 1643 182 101 243 35 34 1058 582 220 871 597 190 213 4995 474 2049 54 1643 4034 57 497
internal_value=-1.54214e-05 -0.0001752 0.00516187 0.120646 -0.0936197 0.0339748 0.00400921 -0.00283107 0.0225283 -0.0483744 -0.0738972 0.0148039 0.00572174 0.0715803 -0.0178453 0.00525081 0.0324758 0.0911331 0.00593708 -0.00309812 0.0252399 0.116472 0.00217335 0.0251119 0.0418865 -0.0697339 -0.0135337 -0.0253422 -0.00430697 0.0825657
internal_weight=76195 73913.9 2281.09 22.5427 70.234 14.3267 2258.54 1649.34 609.206 248.572 168.889 38.8201 79.683 38.4902 24.8381 1400.76 328.748 102.406 226.342 1072.02 195.32 91.3259 1009.48 410.293 348.633 61.6597 599.19 494.013 330.889 52.6848
internal_count=273959 246810 27149 1387 789 250 25762 21703 4059 2348 1926 283 422 179 144 19355 3897 1015 2882 15458 2011 795 14400 3174 2646 528 11226 9583 5549 554
is_linear=0
shrinkage=0.1


Tree=187
num_leaves=31
num_cat=0
split_feature=16 16 0 19 12 1 19 1 6 15 13 0 13 18 15 15 11 9 11 5 6 16 19 18 13 19 14 3 7 2
split_gain=5.91289 22.619 77.8235 44.0324 67.9899 68.7356 46.6875 67.2573 56.4401 49.1621 45.8153 60.2108 53.5769 44.0255 47.2956 38.014 45.7736 35.8403 35.9325 66.7663 56.9723 53.4301 41.593 40.225 40.1812 43.0949 44.323 40.063 55.3543 43.3385
threshold=0.0049140345793489823 0.0063762027374983073 0.14339826839826844 7.5000000000000009 24.004175365344469 0.36602870813397131 35.500000000000007 0.017291209886386289 2.0290837626637614 53.125000000000007 0.63850000000000018 0.083130081300813022 0.77450000000000008 28.500000000000004 474.50000000000006 3.8750000000000004 1370.6350000000002 16.071428571428573 972.80000000000007 8.9750000000000014 1.0075569307734791 0.0055299586145032727 19.500000000000004 18.500000000000004 -0.50649999999999984 12.500000000000002 1.2500000000000002 0.00065045454545454553 1.3118516597510375 11.500000000000002
decision_type=2 2 2 2 2 2 2 2 2 2 2 2 2 2 2 2 2 2 2 2 2 2 2 2 2 2 2 2 2 2
left_child=-1 2 3 4 5 15 17 -8 10 -10 11 -9 -12 -4 -15 16 -2 18 21 -20 -21 22 23 27 -23 26 -26 28 -5 -30
right_child=1 -3 13 6 -6 -7 7 8 9 -11 12 -13 -14 14 -16 -17 -18 -19 19 20 -22 24 -24 -25 25 -27 -28 -29 29 -31
leaf_value=-0.0010045926408354885 -0.11770066148481771 -0.00010996394438461817 -0.0083729737047237504 -0.13449756561566917 0.018320204397440646 0.046765192207105975 -0.043243502501967616 -0.12286975486455308 -0.11289027684308117 0.033685238212321215 0.25518555703470436 0.10883031354187436 0.088831598781504206 0.034351006890152462 -0.075660186800200133 0.20927181954838925 0.24677381155272729 -0.10811861431971832 -0.12707276044284141 -0.081352390444395628 0.026504430346330529 0.21819305734547323 -0.059882834002195656 -0.075965962388320332 -0.03888808258570145 0.051819037082706867 0.12596038682555216 -0.0041441832098212412 0.084957762187285971 0.31220626842034105
leaf_weight=33787.339079677244 8.6588025558739883 37034.026693456399 2650.7892805598676 9.9915024619549495 293.19158339500427 110.63855052832514 86.202984699921217 21.996065105311573 25.87366792478133 197.95007424041978 21.769828646443784 22.883822247385979 174.91596346208826 437.57755264267325 42.911707390099764 57.012916494160891 5.7232789713889352 28.467370457947254 52.306389671284705 67.193187478929758 180.6230691652745 12.025512476451693 123.86419655987993 44.613873867783695 113.79209977434948 343.32208622759208 19.039162501692772 137.84209334105253 58.655129799619317 9.7933179726824147
leaf_count=139999 108 116091 5354 109 579 311 1152 263 419 1676 64 27 986 657 114 121 20 259 692 264 513 45 878 247 544 1629 44 414 343 37
internal_value=-1.77456e-05 0.000768762 0.0068406 0.0211249 0.0481241 0.0961275 0.0138061 0.0378914 0.0529198 0.0167413 0.0864411 -0.00472812 0.107244 -0.00332467 0.0245261 0.172623 0.0273402 0.00274911 0.0054396 -0.0244091 -0.00273999 0.0157018 -0.0121655 0.010489 0.0376656 0.0331062 -0.0152598 0.0283226 0.0853763 0.117472
internal_weight=76181 42393.7 5359.63 2228.35 475.225 182.034 1753.12 551.592 465.389 223.824 241.566 44.8799 196.686 3131.28 480.489 71.395 14.3821 1201.53 1173.06 300.123 247.816 872.939 384.76 260.896 488.179 476.153 132.831 216.282 78.44 68.4484
internal_count=273959 133960 17869 11744 1139 560 10605 4587 3435 2095 1340 290 1050 6125 771 249 128 6018 5759 1469 777 4290 2028 1150 2262 2217 588 903 489 380
is_linear=0
shrinkage=0.1


Tree=188
num_leaves=31
num_cat=0
split_feature=13 1 11 17 11 3 13 11 11 17 10 13 17 10 16 12 16 19 1 19 5 18 11 11 6 19 16 19 6 19
split_gain=5.91861 17.5974 19.5598 44.2137 29.2951 31.0982 15.7786 54.2628 33.1416 50.4732 25.8229 30.3103 22.9848 22.7877 27.4099 20.4155 20.9592 19.998 16.5111 20.0438 60.0931 24.1428 15.6716 26.754 18.3392 15.119 28.7441 27.0225 53.7742 49.71
threshold=0.16950000000000004 0.0041783054003724403 146.00500000000002 0.05454547727272728 9501.465000000002 0.00080111111111111127 0.20850000000000002 2300.5500000000006 25.105000000000004 -1.0000000180025095e-35 1.0000000180025095e-35 0.18850000000000003 -0.021172759740259738 397.27450000000005 0.021768747778699211 413.00263620386653 0.0031679021596595931 6.5000000000000009 0.13100686498855837 18.500000000000004 10.944444444444446 24.500000000000004 4.0200000000000005 1.9850000000000001 19.261686866188477 23.500000000000004 0.51666666666666672 15.500000000000002 0.5659311376785231 20.500000000000004
decision_type=2 2 2 2 2 2 2 2 2 2 2 2 2 2 2 2 2 2 2 2 2 2 2 2 2 2 2 2 2 2
left_child=22 2 3 -2 -4 -6 7 8 10 12 11 -3 13 14 -10 -9 -17 -11 19 20 -19 -21 23 -1 -25 27 -27 -8 29 -29
right_child=1 6 4 -5 5 -7 25 15 9 17 -12 -13 -14 -15 -16 16 -18 18 -20 21 -22 -23 -24 24 -26 26 -28 28 -30 -31
leaf_value=0.024579010194826736 -0.10733612066230197 0.031363517007321665 -0.11820335127262603 0.19364889028716217 -0.13598977824977743 0.1101053714676862 -0.00072992312726488336 0.12116084730302326 -0.14581873817818972 -0.028820984031864717 0.092775105861785792 -0.15606087618039838 0.10796667764352581 0.08239581466375881 -0.00036454743864661708 0.061868685747076838 -0.052510076130073469 -0.14947728003972963 -0.17540070203273084 -0.16931612546596247 0.14539244551272265 0.032154686969046671 0.0018160581123461352 -0.16396613140476257 -0.035568777861558869 -0.0021711082569689649 -0.067967678268418805 0.11481574443762668 0.0045435288095112001 -0.022002485707849281
leaf_weight=33.56647524984146 9.8058761644497299 24.940461613237858 44.518556473965873 9.7166670025326294 7.9931431386285139 14.359656913205979 26457.936058614636 25.940301836468279 20.755366864148527 32.025815598666668 28.165385882370174 13.19279585778713 15.930406919447703 15.440035248175262 34.47460900247097 40.553777606459334 26.48295796662569 16.550952991005037 34.820253542391583 34.950244157458656 11.866682045161722 7.1677194964140645 17141.766859574942 20.247137271799147 24.688468098640442 21891.188501422985 66.59814377874136 83.387214610585943 9968.1487207774771 38.964166947640479
leaf_count=78 242 77 985 42 3604 35 71729 47 101 95 79 70 26 67 103 86 66 104 222 290 14 31 59179 116 96 105201 551 799 29297 527
internal_value=-1.91167e-05 -0.000495357 -0.0455941 0.0424687 -0.0713034 0.0221041 -0.000429195 -0.0206534 -0.0419487 -0.060332 0.0201571 -0.0334789 -0.000542049 -0.025002 -0.0550261 0.0458321 0.0166832 -0.0980214 -0.119057 -0.0912423 -0.0263451 -0.135029 0.00161191 -0.0429664 -0.0934222 -0.000296712 -0.00237067 0.000949293 0.0053523 0.0712444
internal_weight=76196.1 58975.9 86.3939 19.5225 66.8714 22.3528 58889.5 383.258 290.281 223.982 66.2986 38.1333 86.6004 70.67 55.23 92.977 67.0367 137.382 105.356 70.5356 28.4176 42.118 17220.3 78.5021 44.9356 58506.2 21957.8 36548.4 10090.5 122.351
internal_count=273959 214490 4908 284 4624 3639 209582 1478 1279 1053 226 147 297 271 204 199 152 756 661 439 118 321 59469 290 212 208104 105752 102352 30623 1326
is_linear=0
shrinkage=0.1


Tree=189
num_leaves=31
num_cat=0
split_feature=10 9 19 0 3 1 16 6 17 18 0 16 18 11 11 19 16 11 0 17 11 1 16 1 2 1 16 11 13 18
split_gain=5.86547 22.8015 23.2727 56.1331 45.4432 27.89 45.7905 48.3405 26.5395 34.5566 28.6918 26.3554 25.9503 24.9116 56.9109 32.7388 51.4242 40.9861 37.818 39.0488 34.2977 34.9482 32.2163 62.0757 57.5471 30.1696 46.7477 41.0645 30.1601 33.8887
threshold=13.408500000000002 128.33333333333334 23.500000000000004 0.28669275929549903 0.00094330357142857161 0.053667434715821818 0.034602490421455946 3.997336884154461 -1.2739163212420632 45.500000000000007 0.27241805813234393 0.10072463768115944 4.5000000000000009 8877.4350000000013 3761.4650000000006 71.500000000000014 0.043614130434782614 3263.7950000000005 0.023904761904761908 6.8173466666666673 20.020000000000003 0.12613636363636366 0.013348181143281368 0.023323813409492727 74.500000000000014 0.029304422498926581 0.091608391608391626 16.015000000000004 -1.0000000180025095e-35 2.5000000000000004
decision_type=2 2 2 2 2 2 2 2 2 2 2 2 2 2 2 2 2 2 2 2 2 2 2 2 2 2 2 2 2 2
left_child=1 2 -1 4 8 -5 12 -8 11 10 13 -4 -7 14 15 16 17 28 19 -17 25 -22 -20 24 -24 -18 -27 -28 -10 -30
right_child=-2 -3 3 5 -6 6 7 -9 9 -11 -12 -13 -14 -15 -16 18 20 -19 22 -21 21 -23 23 -25 -26 26 27 -29 29 -31
leaf_value=0.0031498379221091668 -0.0004802842234527964 0.081814809197108262 0.0052964260672072145 0.02648286718185687 0.057156912115900897 -0.050371077554717009 -0.22352850913204902 0.0061468636536324839 -0.16252753962756147 -0.2043649472191772 -0.15861514534287163 0.1353593930840605 0.03087396077506396 0.020350413465844552 -0.17712614575010066 -0.057027948023987807 -0.12750187387696194 0.14481919522324541 0.10273222605339057 0.14482772583171613 -0.015767072179115726 -0.10487658629869308 0.19206595626075729 0.10971823213486859 -0.12596017629596887 0.12457281456109746 -0.062286990779033206 0.10572809064154949 -0.0091078063925382566 -0.071905561578055083
leaf_weight=13750.156487577828 59672.496719216724 35.404429666232318 78.259472884470597 588.45735218003392 80.691177003085613 57.426586709916592 19.755108445882797 17.092981167137623 26.761579190380871 10.371097853407262 15.079356282949446 19.452353253960609 124.64765647053719 140.00565476110205 23.801336060394533 85.251574258320034 10.405432393774388 10.025856561958788 59.502802709583193 10.797318164259194 703.01658371277153 46.952065235003829 6.7705172114074221 31.737761855125427 35.646151531487703 48.587924340739846 42.788370505906641 22.039816327393055 123.12161985971034 284.51681157341227
leaf_count=37570 225479 147 245 921 132 134 78 29 175 68 53 21 206 444 159 1268 92 15 222 13 3114 376 30 73 379 109 276 98 615 1418
internal_value=-1.87595e-05 0.00164949 0.0014772 -0.00696915 -0.0162905 0.0151465 -0.0153252 -0.116987 -0.0195204 -0.0223727 -0.0212796 0.0311892 0.00524911 -0.0200698 -0.0236703 -0.0213107 -0.0273816 -0.0550762 0.0135281 -0.0343364 -0.0132956 -0.0213458 0.0479245 0.00394584 -0.0751971 0.0354631 0.0504144 -0.00516644 -0.0596897 -0.0529384
internal_weight=76181 16508.5 16473.1 2722.96 1915.58 807.38 218.922 36.8481 1834.89 1737.18 1726.81 97.7118 182.074 1711.73 1571.72 1547.92 1318.22 444.426 229.706 96.0489 873.79 749.969 133.657 74.1544 42.4167 123.822 113.416 64.8282 434.4 407.638
internal_count=273959 48480 48333 10763 9395 1368 447 107 9263 8997 8929 266 340 8876 8432 8273 6288 2223 1985 1281 4065 3490 704 482 409 575 483 374 2208 2033
is_linear=0
shrinkage=0.1


Tree=190
num_leaves=31
num_cat=0
split_feature=8 5 2 4 0 7 0 7 4 16 2 10 3 12 16 10 5 5 15 11 16 11 3 12 0 17 2 11 13 19
split_gain=5.87267 27.0225 53.6981 54.2089 51.4929 51.9059 51.659 41.8763 42.0647 41.3509 40.7331 39.3809 33.8784 74.791 34.7458 33.8666 35.5749 33.6919 31.8274 52.2922 53.1196 47.1342 52.5793 45.7339 31.3176 36.5261 36.8765 30.5509 48.7744 37.2936
threshold=5.8313008130081307 32.033333333333339 8.5000000000000018 3.7550000000000003 0.06653645833333334 0.12813679462395289 0.069035604149144961 0.81359784283513104 8.9903846153846168 0.0097181821616108208 10.500000000000002 11.902500000000002 0.0011017241379310348 128.01384083044988 0.0083420320111343097 208.32050000000004 41.51315789473685 32.341666666666676 354.50000000000006 482.64500000000004 0.0088574028745371253 1249.9850000000004 0.00056696969696969708 471.00087873462223 0.1502688172043011 0.018182337662337667 12.500000000000002 558.70500000000015 -0.063499999999999931 73.500000000000014
decision_type=2 2 2 2 2 2 2 2 2 2 2 2 2 2 2 2 2 2 2 2 2 2 2 2 2 2 2 2 2 2
left_child=1 -1 3 11 18 9 -7 12 -9 -6 -10 -3 -8 -14 15 -15 -17 -5 19 -4 21 22 -21 -23 -12 26 -26 28 -19 -30
right_child=-2 2 4 17 5 6 7 8 10 -11 24 -13 13 14 -16 16 -18 27 -20 20 -22 23 -24 -25 25 -27 -28 -29 29 -31
leaf_value=0.00023818256818017498 0.001465513663479212 -0.047439340851755565 -0.10987802911959772 -0.091094845153790793 -0.075141632411037801 0.15014511555820242 0.017454139686752263 -0.16514335613838835 -0.15008116493381674 0.011952570311798465 0.059069147351489895 0.048950610074269908 0.025574162266517143 -0.057232576164238297 0.0022381670509544677 -0.10496037025198982 -0.30683936290687785 -0.16306439819254145 -0.10163322578977751 -0.11489934191279549 0.23643427686482146 -0.1069209589526544 0.11571553646028387 0.031334180303502691 0.0087190342320188647 0.012125551915469802 -0.18456430353790687 0.00079225379805842884 -0.021376584708926213 0.10749582016629192
leaf_weight=50101.823878243646 19760.053181387317 48.941507339477539 67.516403033398092 44.087558075785637 204.58583094365895 21.360389437526464 564.87381429597735 26.983390614390373 24.304389283061028 74.315930999815464 44.885061353445053 316.44258319400251 185.89474631100893 107.09902197122574 60.953293591737747 30.67845606803894 12.200281433761118 23.665326125919819 106.65308117773384 13.168751658871768 8.6057382747530919 67.190143017098308 39.664872676134109 37.158288742415607 15.807567238807676 54.326193287968636 26.28391670435667 3370.5711323115975 675.08713697828352 23.227696884423494
leaf_count=201509 55144 143 554 149 622 58 1203 146 88 130 112 659 329 266 113 119 70 90 2092 151 16 615 156 249 30 97 106 7321 1579 43
internal_value=-1.80228e-05 -0.000537803 -0.00671236 -0.000881969 -0.0213395 -0.0131502 -0.00394928 -0.00680083 -0.0493635 -0.0519346 -0.0304988 0.0360396 0.00172279 -0.0206705 -0.0614261 -0.0873003 -0.162401 -0.00414321 -0.0563786 -0.0356909 -0.00547843 -0.0187232 0.0582349 -0.0576886 -0.00993037 -0.0420515 -0.111976 -0.00320651 -0.0218748 -0.01709
internal_weight=76158.4 56398.4 6296.53 4502.02 1794.51 1454.55 1175.65 1154.29 192.591 278.902 165.607 365.384 961.7 396.826 210.931 149.978 42.8787 4136.64 339.957 233.304 165.788 157.182 52.8336 104.348 141.303 96.4177 42.0915 4092.55 721.98 698.315
internal_count=273959 218815 17306 9984 7322 3489 2737 2679 579 752 433 802 2100 897 568 455 189 9182 3833 1741 1187 1171 307 864 345 233 136 9033 1712 1622
is_linear=0
shrinkage=0.1


Tree=191
num_leaves=31
num_cat=0
split_feature=2 15 8 4 19 19 7 9 5 15 16 3 15 11 3 17 1 17 18 12 12 16 12 12 13 5 6 11 11 17
split_gain=5.82247 27.9153 39.1919 79.7845 56.3438 63.6504 55.2665 57.3577 64.3526 51.4457 54.659 47.7991 58.74 58.8085 46.541 45.9074 41.8075 41.3287 40.2479 52.3249 40.998 38.9877 36.8787 72.8503 54.7945 48.504 41.914 36.7547 58.5842 41.3229
threshold=4.5000000000000009 607.50000000000011 1.9483099348637201 4.8136574074074083 45.500000000000007 41.500000000000007 0.17295821462488131 0.77500000000000013 12.02777777777778 572.25000000000011 0.018890227039564656 0.012535714285714287 21.250000000000004 452.82000000000005 0.00022535714285714289 0.024765258620689661 0.81666666666666676 -0.56688158116883114 23.500000000000004 110.32743980930648 61.001089324618739 0.03579436258808457 68.010152284263981 87.001048218029368 0.9385 14.519230769230772 2.0931455234506786 824.48500000000013 3407.0450000000005 0.14480625000000005
decision_type=2 2 2 2 2 2 2 2 2 2 2 2 2 2 2 2 2 2 2 2 2 2 2 2 2 2 2 2 2 2
left_child=1 2 3 4 5 22 14 -8 27 11 -11 21 13 15 -4 -13 -7 -5 -6 20 -20 -10 -1 25 -25 26 -24 29 -29 -9
right_child=-2 -3 6 17 18 16 7 8 9 10 -12 12 -14 -15 -16 -17 -18 -19 19 -21 -22 -23 23 24 -26 -27 -28 28 -30 -31
leaf_value=-0.0023234815260105481 0.00063410580008808372 0.0064657812864791072 -0.042287785692751115 -0.043114529018905279 -0.073460672551675057 0.14476605744053339 0.015277851587691717 -0.01629793569510786 -0.0076405219795903801 -0.17219580984516003 0.042709215074231005 -0.18301081969035179 -0.018138206426725464 -0.26008297373370093 0.0081159911869650072 -0.015481951721335456 -0.0097219824865976828 0.0281469337628747 -0.11713639301670922 -0.12493306598633036 0.12032173735521273 0.067750111209423675 0.19057635541176832 0.0094850331268262165 -0.15203346845940097 -0.042781818814420239 0.068565554826891209 -0.11332880862431763 0.0096052707050843494 -0.065714047493529701
leaf_weight=9307.709713164586 48968.657670449902 4051.1999198570848 195.65854613017291 86.670985575765371 178.99278672551736 49.738335896516219 772.2651905529201 759.70199077576399 6231.0849839360453 38.158755730837584 17.155964538455009 24.36944529786706 216.23214910924435 21.015800550580025 2875.4375108052045 49.748746864497662 27.040510256309062 1334.3200434651226 9.0074218703666684 18.300888708792627 37.714701378718019 69.358642287552357 40.372270377352834 212.70165617810562 23.304823949933052 26.435631077736616 93.043970815837383 127.92225747741759 55.619005609303713 217.71595800342038
leaf_count=31624 198634 8118 818 265 2599 243 1390 2098 15384 207 24 92 446 97 5346 102 136 2890 346 251 191 86 96 645 146 101 178 582 124 700
internal_value=-1.72621e-05 -0.00119131 -0.00253321 0.00162476 -0.00151873 -0.000334522 -0.00661064 -0.0107227 -0.0132877 -0.00950421 -0.105543 -0.00870075 -0.0469479 -0.11243 0.00490478 -0.0705641 0.0903574 0.0238005 -0.0489825 0.0183999 0.0745429 -0.00681058 -0.00105212 0.0288412 -0.00646436 0.0809665 0.105486 -0.0350155 -0.0760758 -0.0273052
internal_weight=76136.7 27168 23116.8 11445.4 10024.4 9780.35 11671.4 8600.35 7828.08 6667.12 55.3147 6611.81 311.366 95.134 3071.1 74.1182 76.7788 1420.99 244.016 65.023 46.7221 6300.44 9703.57 395.858 236.006 159.852 133.416 1160.96 183.541 977.418
internal_count=273959 75325 67207 39711 36556 33169 27496 21332 19942 16438 231 16207 737 291 6164 194 379 3155 3387 788 537 15470 32790 1166 791 375 274 3504 706 2798
is_linear=0
shrinkage=0.1


Tree=192
num_leaves=31
num_cat=0
split_feature=11 3 15 15 4 17 0 17 7 12 15 1 12 19 1 1 9 15 11 11 7 10 3 5 4 3 7 6 6 18
split_gain=6.42908 20.2038 28.9123 27.0963 93.9991 58.1452 41.4923 47.8575 45.2352 41.5452 40.2477 55.5374 37.6129 52.5117 36.4194 42.4226 35.1616 33.8471 33.2914 39.8626 31.3122 36.727 32.8523 30.6052 30.3024 33.8832 29.3965 37.4693 28.8705 28.4076
threshold=20463.150000000005 0.00060404040404040413 108.25000000000001 368.50000000000006 12.457002457002458 -0.13914199999999996 0.025723738626964438 0.022093870813397132 0.16246827411167516 357.07142857142861 89.125000000000014 0.035875160875160884 78.007092198581574 27.500000000000004 0.16869918699186995 0.079156223893066008 12.708333333333334 344.50000000000006 153764.46000000005 37170.060000000005 0.30794920728126846 99.896000000000001 4.1766233766233773e-07 13.414285714285716 5.5092592592592604 0.00021389655172413796 1.5011111111111113 3.997336884154461 0.99933422103861524 6.5000000000000009
decision_type=2 2 2 2 2 2 2 2 2 2 2 2 2 2 2 2 2 2 2 2 2 2 2 2 2 2 2 2 2 2
left_child=-1 3 -3 4 5 -2 7 20 -8 14 11 -10 -6 -14 15 -9 -16 18 19 -15 -7 26 -23 -17 25 29 27 -22 -26 -5
right_child=1 2 -4 24 12 6 8 9 10 -11 -12 -13 13 17 16 23 -18 -19 -20 -21 21 22 -24 -25 28 -27 -28 -29 -30 -31
leaf_value=0.0002843165658150231 -0.078014896759306104 0.065190438630642472 0.0040949544075997131 0.019818730761177069 0.049597385998888244 0.14940167380622968 -0.14025593357270721 -0.070943320271475041 0.044064131888614501 -0.12144564096190005 0.0056579341382420913 -0.15342904625212503 -0.15882959104940719 0.015665297548773206 0.068610785465984814 0.0021565341423157225 -0.097661080623383092 -0.18668150228830804 0.04368502475319274 -0.13034998048798188 -0.12210643654959513 -0.10756970352952444 0.16001077160482277 0.24547460820805053 -0.12444471001991778 -0.23536938904853871 0.13893931114086022 0.078393769736705726 -0.00042391343191155247 -0.082355729533110988
leaf_weight=68758.011847130343 96.556155643658713 81.781483884900808 1465.0041631376371 49.368394171237014 21.167054560035467 43.115451592487261 25.898777421563864 9.9911057026183681 22.522745314985514 25.539357420988381 446.54122611647472 38.714926197659224 72.43245414737612 31.488951770763379 21.66175889223814 7.3545437087595955 30.805117659969255 16.51523788832128 37.552915108739398 46.024074576795101 25.517026929184794 5.3681871328153639 31.585391181055456 17.399526773951948 18.847663229666978 9.2909197695553285 10.51383523037657 14.684459645301102 4558.6734031722135 60.629784435266629
leaf_count=245206 651 168 2933 238 29 158 151 402 98 354 1253 255 498 258 62 289 569 105 571 370 323 286 170 81 4501 42 140 33 13189 576
internal_value=-1.60435e-05 -0.00282871 0.00732519 -0.00553861 -0.0196741 -0.00482709 0.0042653 0.0384689 -0.011343 -0.00927416 -0.00476792 -0.0807926 -0.0772852 -0.0904496 0.0235744 0.102984 -0.0290132 -0.052808 -0.0335934 -0.0710326 0.079629 0.0453149 0.12114 0.173184 -0.00223121 -0.0519879 -0.00993463 -0.0488694 -0.000934561 -0.0364987
internal_weight=76100.6 7342.55 1546.79 5795.76 1098.95 873.77 777.213 243.536 533.678 112.751 507.779 61.2377 225.181 204.014 87.2121 34.7452 52.4669 131.581 115.066 77.513 130.784 87.6689 36.9536 24.7541 4696.81 119.289 50.7153 40.2015 4577.52 109.998
internal_count=273959 28753 3101 25652 7106 5275 4624 2867 1757 1757 1606 353 1831 1802 1403 772 631 1304 1199 628 1110 952 456 370 18546 856 496 356 17690 814
is_linear=0
shrinkage=0.1


Tree=193
num_leaves=31
num_cat=0
split_feature=9 7 8 8 4 12 7 9 8 4 11 11 10 12 0 5 8 14 1 5 4 11 19 0 3 19 0 6 12 8
split_gain=6.44895 39.653 47.2307 40.6526 40.73 56.8518 38.9098 82.0982 78.5932 71.8494 44.327 56.8164 61.1743 48.8263 57.7471 48.4314 44.7922 43.2032 45.7409 50.9813 59.8067 65.3956 49.0611 52.3768 190.574 63.6115 42.2543 38.4018 38.3126 38.1432
threshold=19.900000000000002 2.4902948861515495 1.7022266204849086 1.5018939393939397 0.80178571428571443 34.002518891687664 1.2695360195360197 28.166666666666668 1.0836513994910943 10.378409090909093 70.260000000000005 62.020000000000003 116.51600000000001 229.00777202072541 0.18230694037145653 13.818014705882355 2.0602547770700643 1.7500000000000002 0.29814814814814822 9.3589743589743613 6.6885964912280711 40.010000000000012 32.500000000000007 0.017278698313181077 2.5062500000000003e-05 49.500000000000007 0.14833149981664837 1.4996251874062969 211.55028857980892 1.3933982683982686
decision_type=2 2 2 2 2 2 2 2 2 2 2 2 2 2 2 2 2 2 2 2 2 2 2 2 2 2 2 2 2 2
left_child=-1 6 3 4 -3 -6 8 9 -2 17 11 12 15 28 16 -9 -15 18 19 22 21 -21 29 24 -24 -26 -22 -17 -12 -8
right_child=1 2 -4 -5 5 -7 7 10 -10 -11 13 -13 -14 14 -16 27 -18 -19 -20 20 26 -23 23 -25 25 -27 -28 -29 -30 -31
leaf_value=-0.00039153711003793641 -0.093695741668098367 0.0074786077602725445 -0.11689196876177917 0.11897018013910064 0.025675081009796288 -0.090571879625269122 0.080683359538916893 0.19852948862430242 0.0019220085178767419 -0.14035832685823182 -0.026774683568866749 0.18261396815497399 -0.13851284539825973 -0.031512223075488795 -0.040168341033613074 -0.098733304087398249 0.053093545472071561 -0.12699852956468785 0.098493391058652666 0.18070801489570981 0.10344147745637935 -0.056919913424840089 0.7170211172380605 0.093243419729738819 -0.10966642695424832 0.35589276215779658 0.0073932380514719342 0.11589909023302014 -0.13127207437770377 -0.10277490419276897
leaf_weight=65263.669727329238 86.8223319023964 222.67772948154015 50.697264943039045 21.550311628729105 60.709764010971412 137.03120674635284 29.660288982093334 18.862228678539395 8678.2392142476892 20.241085859015584 266.12123698194046 27.921378098428249 19.155362261924893 82.105393587553408 157.09175229072571 18.428131233900785 263.0669759195298 13.344202246516941 173.20173797011375 12.800800511613486 88.142878144979477 121.55483224615455 6.6185255860909846 62.240156099200249 8.2427866440266353 4.5575800351798526 95.351444438099861 15.221638202667235 40.414029511623085 18.340819544158876
leaf_count=205667 3855 7726 647 45 1274 3006 159 51 41800 209 3840 55 164 800 387 83 1265 236 393 31 255 825 47 215 149 19 201 32 348 175
internal_value=-1.66645e-05 0.00224439 -0.0254724 -0.0149859 -0.0218523 -0.0548821 0.00356657 0.0181034 0.000974867 0.0451106 -0.00134947 0.0616032 0.0144577 -0.00910093 0.0100937 0.0702585 0.0329686 0.0510313 0.0548586 0.0379705 0.0164131 -0.0342798 0.0908165 0.137978 0.281359 0.0560963 0.0535307 -0.00164329 -0.0405518 0.0105855
internal_weight=76084.1 10820.4 492.666 441.969 420.419 197.741 10327.7 1562.69 8765.06 654.297 908.388 99.5887 71.6674 808.799 502.264 52.512 345.172 634.056 620.712 447.51 317.85 134.356 129.66 81.659 19.4189 12.8004 183.494 33.6498 306.535 48.0011
internal_count=273959 68292 12698 12051 12006 4280 55594 9939 45655 2914 7025 385 330 6640 2452 166 2065 2705 2469 2076 1312 856 764 430 215 168 456 115 4188 334
is_linear=0
shrinkage=0.1


Tree=194
num_leaves=31
num_cat=0
split_feature=12 15 5 5 6 4 7 19 3 11 11 19 1 3 18 13 12 11 11 0 1 6 0 3 4 10 0 9 10 7
split_gain=5.84514 26.6542 22.685 35.8544 21.9001 24.8332 37.287 20.9455 32.9726 22.5083 20.8406 22.0538 20.4376 20.1092 23.0072 30.6423 28.3115 21.9648 22.2224 26.42 21.6567 26.1577 44.1791 36.141 39.2585 22.396 28.1108 21.345 31.0569 24.7049
threshold=1973.4701857282505 213.37500000000003 16.763888888888893 18.839743589743595 125.99206349206351 1.9588963963963966 1.1890001890001891 21.500000000000004 0.0036431818181818184 1467.5200000000002 5355.7400000000007 19.500000000000004 0.11024305555555557 5.4541958041958061e-07 11.500000000000002 0.96650000000000003 2514.3170731707323 3946.1850000000004 581547.15500000014 0.1156191369606004 1.7083333333333337 9.8099362444364271 0.21089696071163827 0.00038366666666666676 20.451537433155085 23.065500000000004 0.071579264617239305 66.166666666666671 276.19950000000006 0.18185525730387073
decision_type=2 2 2 2 2 2 2 2 2 2 2 2 2 2 2 2 2 2 2 2 2 2 2 2 2 2 2 2 2 2
left_child=-1 4 -3 -4 5 -2 10 9 13 -5 -7 -12 -11 14 15 27 -17 -16 19 -19 21 -15 25 24 -24 -23 -27 28 29 -9
right_child=1 2 3 7 -6 6 -8 8 -10 12 11 -13 -14 20 17 16 -18 18 -20 -21 -22 22 23 -25 -26 26 -28 -29 -30 -31
leaf_value=0.00011958921824329321 0.06991510053851073 0.075516373342744691 -0.1277868479109649 -0.12123777304222833 0.067859806329754011 -0.20765887144354003 0.014607243151320427 -0.10465660002276006 -0.1651639559428347 -0.09931385721434105 0.065642391992951438 -0.16840438722301176 -0.0090367970471525293 0.012602969532798198 -0.17935668283922745 -0.1427972790494216 -0.029653828799195699 0.10139645628413006 -0.1088557508763902 0.0023056017134623222 0.069852339188311616 0.10202039682864578 -0.26823080287538087 -0.013835603866043357 -0.066356054300368436 -0.10565760585794259 0.053419312422586109 -0.087927968797622311 0.083149148776944404 0.031759625811041664
leaf_weight=74185.757686770565 9.4340821821242553 36.096264161169529 23.302350353449583 23.934188883751631 11.407888498157261 27.482318056747317 18.564302418380976 25.531379316002131 11.744624886661766 28.398289415985346 7.2121637091040638 9.1133697574259696 214.41382233425975 919.24152324255556 5.6965953167527905 42.301812744699419 46.346083084230486 39.317203801125288 12.009048116653501 85.245428487658501 56.612662833184004 24.264408893883228 16.764234080910683 36.20568036660552 22.646438207477331 19.970322886481881 25.033704712986946 24.957018683040587 39.713287267564738 27.655380144715309
leaf_count=262876 29 77 104 80 28 166 52 86 71 118 11 99 488 2202 34 193 3105 64 3067 182 81 21 71 73 58 113 38 207 106 59
internal_value=-2.03418e-05 -0.00551109 -0.00296336 -0.00456265 -0.0608474 -0.0812951 -0.104166 -0.00291997 0.00172527 -0.0287152 -0.154499 -0.0650091 -0.0195952 0.00305909 -0.0179106 -0.0392287 -0.0836447 0.0130331 0.0210579 0.0335828 0.00958483 0.00637853 -0.0331133 -0.0859647 -0.152228 0.0245816 -0.0171703 -0.00582058 0.0162371 -0.0337246
internal_weight=76076.4 1890.62 1807.4 1771.31 83.2141 71.8062 62.3722 1748 1481.26 266.746 43.8079 16.3255 242.812 1469.51 348.773 206.505 88.6479 142.268 136.572 124.563 1120.74 1064.13 144.885 75.6164 39.4107 69.2684 45.004 117.857 92.9 53.1868
internal_count=273959 11083 10698 10621 385 357 328 10517 9831 686 276 110 606 9760 7103 3756 3298 3347 3313 246 2657 2576 374 202 129 172 151 458 251 145
is_linear=0
shrinkage=0.1


Tree=195
num_leaves=31
num_cat=0
split_feature=9 18 5 6 17 12 17 19 11 17 9 17 4 10 10 15 10 1 18 12 0 1 19 3 12 12 11 9 18 2
split_gain=5.88145 19.4687 24.4073 45.8747 25.393 38.8478 33.6556 33.3665 29.043 29.3618 30.1564 29.6172 28.8621 34.9122 27.7648 25.8318 54.2943 26.9747 25.2942 23.6716 23.6714 23.4907 24.6681 37.8178 37.2031 49.6337 28.9412 28.3208 23.294 23.196
threshold=78.250000000000014 9.5000000000000018 69.464285714285737 1.0300429488122591 9.565046420833335 664.71869596869612 0.03636931818181819 151.50000000000003 223157.35000000003 1.2000001915714287 357.00000000000006 1.6471081769841271 8.2817460317460334 9.0135000000000023 2876.9790000000003 266.25000000000006 580.99650000000008 0.043290854572713651 15.500000000000002 250.12512512512515 0.99122807017543868 0.34057971014492755 51.500000000000007 2.7522727272727276e-05 198.38187525739178 236.00699300699304 22.565000000000001 92.250000000000014 27.500000000000004 18.500000000000004
decision_type=2 2 2 2 2 2 2 2 2 2 2 2 2 2 2 2 2 2 2 2 2 2 2 2 2 2 2 2 2 2
left_child=-1 21 3 4 5 6 7 15 9 10 -8 19 13 -13 20 16 -3 -18 -6 -11 -15 22 23 27 26 -26 -24 -2 -20 -4
right_child=1 2 29 -5 18 -7 8 -9 -10 11 -12 12 -14 14 -16 -17 17 -19 28 -21 -22 -23 24 -25 25 -27 -28 -29 -30 -31
leaf_value=-0.00014258369223225462 -0.11341848765719281 -0.061588104288400496 0.033632841819453203 -0.11742962271846039 -0.082001416622398349 -0.12760731896295294 -0.11212072808977486 -0.11998755665241073 0.16927269468695122 0.17874202015506419 0.21929230261147095 0.29444783447841616 0.09226636581411185 -0.11520816014954359 0.21158602902717943 0.10167733353724051 0.0043844265630545295 0.24123048134297714 0.14072648860152631 -0.063279361804438522 0.08895565974832334 -0.01809960793570177 0.24940372589377191 0.2692152747063884 0.13768352515042151 0.019735603477433607 -0.075464670267531314 0.25946914136749294 -0.075586212976677072 -0.1159982897034198
leaf_weight=74561.809349535673 7.0670704115209464 40.375236220250372 158.23854439030401 44.27158818623866 9.5340843846206536 30.059562448761426 62.159038136305753 13.024632387328891 6.5658119820291168 12.796245887060651 2.872497640317305 2.6009524520486584 14.189983464777468 54.898314988531638 3.1230593976797527 50.824962755432352 8.3409044193103927 11.35504354489967 28.004088930727448 5.9067682158201924 6.3341704159975043 172.22104393620975 2.8921316367341197 10.051160609349607 37.794830859173089 636.88990743179329 52.900982018647483 2.8615249814465642 6.0546048983233041 11.086031207938502
leaf_count=254774 168 693 510 863 221 598 1313 271 37 141 20 9 71 1454 17 171 157 46 230 53 6 879 29 17 73 6040 2396 14 120 2568
internal_value=-1.76452e-05 0.00617094 -0.00814077 -0.0212416 -0.00970191 -0.0193028 -0.00828067 0.0314239 -0.0369789 -0.0451921 -0.0974819 -0.011136 -0.0372829 -0.064738 -0.0792547 0.049207 0.00481293 0.14093 0.0619704 0.102307 -0.0940885 0.0152079 0.0228516 0.132477 0.0198531 0.0263429 -0.0586246 -0.00594837 0.102273 0.0238362
internal_weight=76067.1 1505.29 582.616 413.292 369.02 325.427 295.368 123.921 171.447 164.881 65.0315 99.8495 81.1465 66.9565 64.3555 110.896 60.0712 19.6959 43.5928 18.703 61.2325 922.679 750.458 19.9798 730.478 674.685 55.7931 9.9286 34.0587 169.325
internal_count=273959 19185 9569 6491 5628 5057 4459 1338 3121 3084 1333 1751 1557 1486 1477 1067 896 203 571 194 1460 9616 8737 199 8538 6113 2425 182 350 3078
is_linear=0
shrinkage=0.1


Tree=196
num_leaves=31
num_cat=0
split_feature=11 9 0 0 2 3 19 7 7 17 8 12 4 6 19 1 12 8 11 0 19 15 8 19 5 17 17 7 6 11
split_gain=5.60192 19.2412 22.3371 37.4728 31.1085 26.9249 55.809 31.9742 31.6558 32.0269 30.8531 32.6982 29.9395 27.4648 24.2957 36.0353 34.2693 33.6355 31.0175 26.7177 24.2241 24.039 23.3739 23.3308 22.7407 22.7387 38.192 22.5609 26.2799 36.9359
threshold=20463.150000000005 4.0625000000000009 0.12459150326797387 0.14833149981664837 39.500000000000007 0.00050136363636363649 10.500000000000002 0.55111996017919374 0.71466973886328733 -0.0010648999999999999 2.2320512820512826 530.10067114093965 8.2817460317460334 1.0930953177523939 51.500000000000007 0.10741758241758244 329.04229432213214 2.8059027777777783 37170.060000000005 0.17425810904071776 68.500000000000014 93.250000000000014 4.1117353308364555 115.50000000000001 13.035714285714286 1.0216723333333337 6.3505392138888892 0.52740447957839265 1.6264571539424724 581547.15500000014
decision_type=2 2 2 2 2 2 2 2 2 2 2 2 2 2 2 2 2 2 2 2 2 2 2 2 2 2 2 2 2 2
left_child=-1 -2 5 4 -4 6 -3 10 -9 -10 13 12 -12 -8 17 18 -17 21 20 -20 -16 -5 23 -13 -23 -26 -27 28 29 -24
right_child=1 2 3 14 -6 -7 7 8 9 -11 11 22 -14 -15 15 16 -18 -19 19 -21 -22 24 27 -25 25 26 -28 -29 -30 -31
leaf_value=0.00026198069140506095 0.0044170880134852221 -0.2469959293876306 -0.10693685860022946 -0.14951758382241495 0.072425158216824603 0.041229632640472698 -0.034904014910733416 -0.12122942233934884 -0.12631673136552171 0.00136098601637186 -0.14011654361439935 -0.078678308301589783 -0.018089384618454597 0.080124018144220363 -0.028176455340955631 0.059642016372506407 0.0058407912569026664 -0.011599028400542879 0.10979781437763272 -0.010074605291891126 -0.12288986438315866 0.016887908040191343 0.04781150663418185 0.10392073968627991 -0.037858634893331647 -0.24915322374379559 -0.027757359217014877 0.33164054014080135 -0.014138121085774506 -0.13451038950398803
leaf_weight=68736.892761790776 2524.3435883000502 9.1247187927365285 64.208782101050019 24.309348121285439 11.384302826598285 179.81183217652142 26.250920723308809 34.528117229230702 22.746600325859617 144.15408608713187 22.731666659470648 41.640235284343362 174.08843676085235 99.186339844251052 73.965961661189795 147.64250431023538 597.57481716200709 2024.2514998596162 19.371833210811019 462.7372531350702 42.53114852681756 45.338792577385902 264.33715175137331 8.4106914829462749 74.900981973856688 15.731916416436436 15.437768369913099 2.3760693073272696 131.75891207997847 11.59903439172467
leaf_count=245206 4851 44 383 113 46 393 345 498 346 2191 236 313 1945 258 178 213 1267 4503 61 1178 142 88 1854 43 202 74 34 7 1652 5295
internal_value=-1.8024e-05 -0.00264862 -0.0063706 -0.0102569 -0.079925 0.0056234 -0.000824587 0.00145863 -0.0340711 -0.01604 0.010606 0.00192859 -0.0321829 0.0560515 -0.00877077 0.00182342 0.0164999 -0.0152421 -0.0164476 -0.00525796 -0.0627547 -0.0572097 0.01652 -0.0479939 -0.0423893 -0.0677267 -0.1395 0.0243942 0.0226035 0.0401476
internal_weight=76053.4 7316.48 4792.13 3619.39 75.5931 1172.74 992.933 983.808 201.429 166.901 782.379 656.942 196.82 125.437 3543.79 1343.82 745.217 2199.97 598.606 482.109 116.497 175.719 460.122 50.0509 151.409 106.071 31.1697 410.071 407.695 275.936
internal_count=273959 28753 23902 8482 429 15420 15027 14983 3035 2537 11948 11345 2181 603 8053 3039 1480 5014 1559 1239 320 511 9164 356 398 310 108 8808 8801 7149
is_linear=0
shrinkage=0.1


Tree=197
num_leaves=31
num_cat=0
split_feature=3 8 8 10 3 2 10 17 10 17 13 19 3 15 16 11 0 5 7 16 8 19 16 16 10 19 1 10 3 19
split_gain=5.79525 55.5143 37.0249 49.7875 46.0098 43.7382 36.6968 53.1853 34.3763 34.6651 34.0289 43.1739 43.2323 34.726 33.5697 35.1035 32.1283 30.7776 73.3363 45.5957 44.0272 39.7535 66.2801 58.6409 37.7013 46.2691 33.94 58.5919 48.348 61.2839
threshold=0.0004504545454545455 0.12034482758620692 4.2506410256410261 2396.7255000000005 0.00049968750000000013 44.500000000000007 1457.3915000000004 -0.25105624999999993 998.71300000000008 1.3450858611111112 0.90250000000000019 35.500000000000007 0.00047398496240601506 202.25000000000003 0.0019960159362549805 371.36500000000007 0.28345771144278614 18.585714285714293 0.51069549302219175 0.0047751698767158702 6.7819293478260878 13.500000000000002 0.0035650737163192684 0.0043699950348199176 56.473500000000008 17.500000000000004 0.22792207792207794 135.00150000000002 0.00065045454545454553 56.500000000000007
decision_type=2 2 2 2 2 2 2 2 2 2 2 2 2 2 2 2 2 2 2 2 2 2 2 2 2 2 2 2 2 2
left_child=-1 -2 3 4 8 -5 -6 -8 9 10 13 16 -13 -3 15 -4 -12 19 24 21 -20 22 -16 -24 25 -19 27 -21 -29 -30
right_child=1 2 14 5 6 -7 7 -9 -10 -11 11 12 -14 -15 17 -17 -18 18 20 26 -22 -23 23 -25 -26 -27 -28 28 29 -31
leaf_value=0.00090790642802627631 -0.10813304295300141 -0.07574571387717477 -0.053348196708044131 0.27226688611450101 -0.002732774286376295 0.048151925774497298 0.083658311902475857 -0.087999634385660164 -0.15842668624994877 -0.16758835122858987 -0.055581835506201882 0.13593375664076712 -0.036775097590001013 0.014352769651603202 -0.18697354561292157 0.076410794574612695 0.025972392328136515 0.003311189953967559 0.029082187476320694 0.043826752904712551 -0.0023107913989250223 -0.011999696194190284 -0.019062820131938895 -0.1675058991777908 -0.0021277935596518342 0.03002206798264467 -0.015945785452256431 0.04910471059217765 -0.003476955884312031 -0.11812220883744561
leaf_weight=35830.444548192463 48.166906250175089 161.68242579512298 25.680616110563278 10.291710145771502 21027.682138971053 56.589361310936511 21.95892177708447 101.38107781391591 21.026944075711071 17.152492977678776 115.26152282953262 40.215128783136606 22.660669814795256 58.168019376695156 34.729906879365444 110.80231830198318 83.1551259085536 2503.5107706151903 1671.708554867655 369.24798433855176 609.66693645715714 625.63845059648156 200.156134724617 30.693040411919355 9164.1741322744638 875.22489994391799 845.89325116574764 168.33293981105089 1147.8839169330895 48.600802530534565
leaf_count=171942 704 748 102 12 59692 486 81 881 189 86 564 100 108 120 153 334 131 4636 2985 583 1230 1777 486 124 19252 1447 1803 305 2689 209
internal_value=-1.69477e-05 -0.000840919 -0.000712265 -0.00350792 -0.0037738 0.0826389 -0.00305178 -0.0574384 -0.03318 -0.0278949 -0.0229149 0.00147932 0.0736888 -0.0519075 0.00258472 0.0519954 -0.021403 0.00221612 0.00420083 -0.00625995 0.0206928 -0.0257601 -0.0581762 -0.0387994 0.00120117 0.0102304 0.00047616 0.00848694 -0.00107416 -0.00813381
internal_weight=76047.8 40217.3 40169.2 21737.2 21670.3 66.8811 21151 123.34 519.322 498.295 481.143 261.292 62.8758 219.85 18431.9 136.483 198.417 18295.5 14824.3 3471.18 2281.38 891.218 265.579 230.849 12542.9 3378.74 2579.96 1734.07 1364.82 1196.48
internal_count=273959 102017 101313 63198 62700 498 60654 962 2046 1857 1771 903 208 868 38115 436 695 37679 29550 8129 4215 2540 763 610 25335 6083 5589 3786 3203 2898
is_linear=0
shrinkage=0.1


Tree=198
num_leaves=31
num_cat=0
split_feature=11 3 10 7 19 8 4 11 4 3 17 5 15 17 3 5 8 3 7 2 16 5 13 16 9 9 19 7 10 19
split_gain=5.93602 18.708 32.5277 30.3291 38.5952 25.7725 32.0631 25.4549 25.1166 28.8359 28.1706 29.9941 24.6117 24.5154 29.4543 39.5882 25.5224 34.6822 24.3439 31.4157 23.4289 78.4402 53.9398 49.8122 45.2468 37.606 52.2102 37.3471 42.228 34.7226
threshold=6459.5700000000006 1.7327067669172934e-06 101.581 0.20541829745596871 49.500000000000007 1.5944671086180522 3.6055555555555561 55243.790000000008 12.70294117647059 5.4541958041958061e-07 8.7396020000000032 13.677083333333334 173.50000000000003 0.93491916666666675 4.4914285714285721e-08 18.026315789473689 9.3821486928104587 4.7700892857142869e-07 0.10727306473637462 13.500000000000002 0.0029168699163934614 28.628289473684216 0.39150000000000007 0.0031679021596595931 10.708333333333334 14.708333333333334 43.500000000000007 0.54376388569677481 449.00500000000005 7.5000000000000009
decision_type=2 2 2 2 2 2 2 2 2 2 2 2 2 2 2 2 2 2 2 2 2 2 2 2 2 2 2 2 2 2
left_child=-1 2 5 4 18 7 -7 -2 9 -8 11 -11 -6 14 15 -10 -15 -18 -4 -20 21 22 24 27 -3 26 29 -22 -29 -23
right_child=1 20 3 -5 12 6 8 -9 13 10 -12 -13 -14 16 -16 -17 17 -19 19 -21 23 25 -24 -25 -26 -27 -28 28 -30 -31
leaf_value=0.00038233950349950466 -0.089738620177129413 -0.19628824714413606 0.079011800763034018 0.026074193491291017 -0.145795097173432 0.070674110481835486 -0.0067757468440714343 0.020338755556653966 0.030197796423077218 0.051241839520931448 0.048526291516209109 -0.11254527540445938 -0.020034594631533651 0.0072175562070976584 0.03617123012517777 -0.20218589284465205 -0.15441734973609389 0.0013298290627695591 0.026950220121387005 -0.07787413629094822 0.0077817933169608087 0.022183060893126175 -0.074766996502065169 -0.0035662957619913387 0.015542226191225823 0.0027063206531595125 0.037137651372545426 0.071172917394459648 -0.03686880362579803 -0.041110649160953833
leaf_weight=63199.607837728079 70.444061062878063 10.899755983147768 64.137833307380788 932.40011864952976 16.414886831946205 54.799991772510111 192.35133616905659 29.934410869027488 17.204717135056857 12.884095111861823 17.024079386144876 84.579250503331423 299.34543946596659 91.11418392136693 245.87266938947141 12.773651951923965 29.140812430530787 28.070068035274744 156.87821162119508 34.962258331477642 542.83739992545452 100.39601998776197 293.75342261069454 6290.4815404729452 134.64924434421118 2023.3692448462243 126.32349107554182 221.98933360353112 43.218714122194797 634.16291240695864
leaf_count=228848 956 65 136 5742 125 160 867 297 38 27 34 378 7420 219 587 75 103 61 348 116 1273 181 2263 14065 697 6004 491 331 106 1946
internal_value=-1.55521e-05 -0.00197823 0.00600073 0.0149547 -0.00317904 -0.00919694 -0.00310193 -0.0569118 -0.0086325 -0.0304264 -0.0701621 -0.0908936 -0.0265723 0.00713268 0.0247612 -0.0688199 -0.0256524 -0.0780012 0.0256775 0.00784635 -0.00380822 -0.0107374 -0.0501017 -0.000563957 -0.000321163 -0.00474179 -0.0222474 0.0228087 0.0535663 -0.03246
internal_weight=76012 12812.4 2390.33 1504.14 571.739 886.193 785.815 100.378 731.015 306.839 114.487 97.4633 315.76 424.176 275.851 29.9784 148.325 57.2109 255.978 191.84 10422.1 3323.55 439.302 7098.53 145.549 2884.25 860.882 808.045 265.208 734.559
internal_count=273959 45111 17689 13887 8145 3802 2549 1253 2389 1306 439 405 7545 1083 700 113 383 164 600 464 27422 11647 3025 15775 762 8622 2618 1710 437 2127
is_linear=0
shrinkage=0.1


Tree=199
num_leaves=31
num_cat=0
split_feature=2 11 5 16 11 15 19 8 0 11 19 18 8 3 15 0 16 12 18 7 7 7 4 4 0 18 1 4 15 7
split_gain=5.54 24.9061 44.5312 26.9361 26.8058 31.2823 29.4715 32.5472 26.1271 28.3147 31.8662 36.4911 38.9334 48.745 31.7814 39.8796 43.9872 36.0183 28.8484 28.5287 50.2771 34.9007 44.6059 51.1817 40.7251 37.7331 37.6456 33.3582 33.3009 29.7444
threshold=4.5000000000000009 1.9850000000000001 11.408333333333335 0.45804195804195807 13.010000000000002 169.25000000000003 37.500000000000007 2.1587793011941625 1.3083916083916087 8877.4350000000013 14.500000000000002 32.500000000000007 9.3821486928104587 0.0012487500000000001 315.50000000000006 0.44365079365079368 0.0033370452858203421 85.167587923098964 2.5000000000000004 1.6990566037735853 2.3348909657320878 0.18185525730387073 22.138095238095243 21.08096590909091 0.41719409282700431 63.500000000000007 0.76388888888888895 1.6018867924528306 51.375000000000007 0.024982662968099863
decision_type=2 2 2 2 2 2 2 2 2 2 2 2 2 2 2 2 2 2 2 2 2 2 2 2 2 2 2 2 2 2
left_child=-1 2 3 -2 5 6 -3 -8 9 -6 11 12 14 -14 15 -11 -17 -18 -16 21 -21 22 23 24 25 -12 -25 -22 -23 -26
right_child=1 4 -4 -5 8 -7 7 -9 -10 10 19 -13 13 -15 18 16 17 -19 -20 20 27 28 -24 26 29 -27 -28 -29 -30 -31
leaf_value=-0.0011608476339205083 -0.11719001373379821 0.020233430398640475 0.063484162148778486 0.0036663510018870582 0.0010984516132176399 -0.10162183644365337 -0.089725648187389026 0.064509124692455441 0.02285499398608494 0.003563970317419811 -0.044757407978364368 -0.16346502275679983 -0.22487018650677709 -0.038129509884715834 -0.057552304396334179 -0.014015780003164094 -0.088524372728599948 -0.29833640187114557 0.050543806459872533 -0.095680076128074776 -0.080372978920872376 -0.12691012135441934 0.00055454882068447023 -0.086176108274051949 -0.081922899211595138 0.088911833618237401 -0.32432092257188017 0.042007609287267836 0.004697997049772566 0.0013252128319676585
leaf_weight=27086.79969484872 61.327207763912156 1244.1960166571662 28.266708390787244 26.371570281684399 40230.560412851104 22.724138386547565 49.570641083177179 18.898005820810795 509.80792147293687 78.942343086005167 572.40847112602387 20.77481956128031 20.342451892793179 44.679815538227558 32.603615216910839 29.210174791514874 18.288687720894814 14.806022386997936 101.70200242102146 92.085995753761381 31.81238502060296 19.339195932261646 1522.9149611504663 42.347896106490225 45.95697920769453 21.927316697096103 7.8718104660511008 74.276257215999067 3286.8684496142669 649.4237959086895
leaf_count=75325 616 4069 56 83 162993 100 511 45 1209 241 6391 83 83 100 83 59 48 68 143 703 1197 196 6003 1007 125 56 38 404 10671 1253
internal_value=-1.35042e-05 0.000621771 -0.0456667 -0.0808478 0.000731759 0.0147046 0.0167184 -0.0471554 0.000338676 9.42291e-05 -0.00591007 -0.0347979 -0.0269493 -0.096552 -0.0105251 -0.0436414 -0.103452 -0.182391 0.0243027 -0.00427064 -0.0416172 -0.00307092 -0.0111539 -0.0244613 -0.0206047 -0.0398258 -0.123505 0.00530982 0.00392817 -0.00417657
internal_weight=76007.1 48920.3 115.965 87.6988 48804.3 1335.39 1312.66 68.4686 47469 46959.1 6728.58 361.35 340.575 65.0223 275.553 141.247 62.3049 33.0947 134.306 6367.23 198.175 6169.06 2862.85 1339.94 1289.72 594.336 50.2197 106.089 3306.21 695.381
internal_count=273959 198634 755 699 197879 4725 4625 556 193154 191945 28952 908 825 183 642 416 175 116 226 28044 2304 25740 14873 8870 7825 6447 1045 1601 10867 1378
is_linear=0
shrinkage=0.1


end of trees

feature_importances:
user_snapshot_active_state.itemtoken_balance=466
user_snapshot_active_state.money_revenue_last_minute_div_user_snapshot_active_state.money_ad_reward_calculate=452
user_snapshot_active_state.ad_cnt_div_user_snapshot_active_state.game_minute=416
init_event.global_death_count_div_init_event.ad_views_cnt=375
user_snapshot_active_state.kills_last_minute_plus_user_snapshot_active_state.upgrade_activity_last_minute=366
init_event.avg_playtime_lifetime_mult_user_snapshot_active_state.game_minute=352
init_event.ad_views_cnt_div_user_snapshot_active_state.money_ad_reward_calculate=340
ad_offer.recommended_coefficient_div_user_snapshot_active_state.damage_lvl=323
init_event.inapp_cnt_plus_user_snapshot_active_state.game_minute=303
ad_offer.recommended_coefficient_div_user_snapshot_active_state.game_minute=299
init_event.ad_views_cnt_div_init_event.session_cnt=291
init_event.ad_views_cnt_div_user_snapshot_active_state.last_boss=279
init_event.ad_views_cnt_div_init_event.inapp_cnt=271
ad_offer.recommended_coefficient_div_user_snapshot_active_state.health_ratio=259
init_event.inapp_cnt_div_ad_offer.recommended_coefficient=257
user_snapshot_active_state.health_ratio_minus_user_snapshot_active_state.boss_kills_last_minute=232
init_event.ad_views_cnt_div_user_snapshot_active_state.health_ratio=226
ad_offer.recommended_coefficient_mult_init_event.ad_views_cnt=223
user_snapshot_active_state.game_minute=212
ad_offer.recommended_coefficient=58

parameters:
[boosting: gbdt]
[objective: binary]
[metric: binary_logloss]
[tree_learner: serial]
[device_type: cpu]
[data_sample_strategy: bagging]
[data: ]
[valid: ]
[num_iterations: 200]
[learning_rate: 0.1]
[num_leaves: 31]
[num_threads: 22]
[seed: 42]
[deterministic: 0]
[force_col_wise: 0]
[force_row_wise: 0]
[histogram_pool_size: -1]
[max_depth: -1]
[min_data_in_leaf: 50]
[min_sum_hessian_in_leaf: 0.001]
[bagging_fraction: 1]
[pos_bagging_fraction: 1]
[neg_bagging_fraction: 1]
[bagging_freq: 0]
[bagging_seed: 400]
[bagging_by_query: 0]
[feature_fraction: 1]
[feature_fraction_bynode: 1]
[feature_fraction_seed: 30056]
[extra_trees: 0]
[extra_seed: 12879]
[early_stopping_round: 0]
[early_stopping_min_delta: 0]
[first_metric_only: 0]
[max_delta_step: 0]
[lambda_l1: 0]
[lambda_l2: 0]
[linear_lambda: 0]
[min_gain_to_split: 0]
[drop_rate: 0.1]
[max_drop: 50]
[skip_drop: 0.5]
[xgboost_dart_mode: 0]
[uniform_drop: 0]
[drop_seed: 17869]
[top_rate: 0.2]
[other_rate: 0.1]
[min_data_per_group: 100]
[max_cat_threshold: 32]
[cat_l2: 10]
[cat_smooth: 10]
[max_cat_to_onehot: 4]
[top_k: 20]
[monotone_constraints: ]
[monotone_constraints_method: basic]
[monotone_penalty: 0]
[feature_contri: ]
[forcedsplits_filename: ]
[refit_decay_rate: 0.9]
[cegb_tradeoff: 1]
[cegb_penalty_split: 0]
[cegb_penalty_feature_lazy: ]
[cegb_penalty_feature_coupled: ]
[path_smooth: 0]
[interaction_constraints: ]
[verbosity: 1]
[saved_feature_importance_type: 0]
[use_quantized_grad: 0]
[num_grad_quant_bins: 4]
[quant_train_renew_leaf: 0]
[stochastic_rounding: 1]
[linear_tree: 0]
[max_bin: 255]
[max_bin_by_feature: ]
[min_data_in_bin: 3]
[bin_construct_sample_cnt: 200000]
[data_random_seed: 175]
[is_enable_sparse: 1]
[enable_bundle: 1]
[use_missing: 1]
[zero_as_missing: 0]
[feature_pre_filter: 1]
[pre_partition: 0]
[two_round: 0]
[header: 0]
[label_column: ]
[weight_column: ]
[group_column: ]
[ignore_column: ]
[categorical_feature: ]
[forcedbins_filename: ]
[precise_float_parser: 0]
[parser_config_file: ]
[objective_seed: 16083]
[num_class: 1]
[is_unbalance: 0]
[scale_pos_weight: 10.9374]
[sigmoid: 1]
[boost_from_average: 1]
[reg_sqrt: 0]
[alpha: 0.9]
[fair_c: 1]
[poisson_max_delta_step: 0.7]
[tweedie_variance_power: 1.5]
[lambdarank_truncation_level: 30]
[lambdarank_norm: 1]
[label_gain: ]
[lambdarank_position_bias_regularization: 0]
[eval_at: ]
[multi_error_top_k: 1]
[auc_mu_weights: ]
[num_machines: 1]
[local_listen_port: 12400]
[time_out: 120]
[machine_list_filename: ]
[machines: ]
[gpu_platform_id: -1]
[gpu_device_id: -1]
[gpu_use_dp: 0]
[num_gpu: 1]

end of parameters

pandas_categorical:[]
