tree
version=v4
num_class=1
num_tree_per_iteration=1
label_index=0
max_feature_idx=20
objective=binary sigmoid:1
feature_names=user_snapshot_active_state.ad_cnt_div_user_snapshot_active_state.game_minute ad_offer.recommended_coefficient_div_user_snapshot_active_state.game_minute init_event.ad_views_cnt_div_init_event.inapp_cnt user_snapshot_active_state.game_minute init_event.ad_views_cnt_div_init_event.session_cnt init_event.ad_views_cnt_div_user_snapshot_active_state.last_boss init_event.avg_playtime_lifetime_mult_user_snapshot_active_state.game_minute user_snapshot_active_state.game_minute_mult_user_snapshot_active_state.itemtoken_balance user_snapshot_active_state.game_minute_mult_user_snapshot_active_state.health_ratio ad_offer.recommended_coefficient_div_user_snapshot_active_state.health_ratio user_snapshot_active_state.game_minute_mult_user_snapshot_active_state.health init_event.ad_views_cnt_div_user_snapshot_active_state.damage user_snapshot_active_state.hardness_calculate_div_user_snapshot_active_state.itemtoken_balance init_event.inapp_cnt_div_user_snapshot_active_state.damage_lvl user_snapshot_active_state.itemtoken_revenue_last_minute_div_user_snapshot_active_state.game_minute user_snapshot_active_state.money_revenue_last_minute_div_user_snapshot_active_state.money_ad_reward_calculate user_snapshot_active_state.health_ratio_minus_user_snapshot_active_state.boss_kills_last_minute user_snapshot_active_state.sharpeningstone_balance_div_init_event.inapp_cnt user_snapshot_active_state.itemtoken_revenue_last_minute_minus_user_snapshot_active_state.itemtoken_ad_reward_calculate user_snapshot_active_state.health_ratio_div_user_snapshot_active_state.game_minute ad_offer.recommended_coefficient
feature_infos=[0:3] [0:8] [0:314.5] [0:275] [0:523] [0:565] [0:36179] [0:4991987422] [0:275] [0:3000] [0:434165538668456.38] [0:2.9090909090909092] [0:1323.825] [0:14] [-103877:14285710] [-503.2249895371429:223.00318011000002] [-4:1] [0:500000010.5] [-183020:99999970] [0:1] [0.5:8]
tree_sizes=3386 3422 3416 3439 3444 3451 3461 3456 3462 3467 3464 3498 3479 3478 3473 3498 3490 3481 3480 3481 3485 3492 3506 3485 3481 3499 3484 3478 3476 3470 3498 3498 3470 3507 3437 3492 3512 3486 3470 3503 3472 3486 3459 3515 3464 3454 3453 3468 3449 3496 3448 3443 3469 3452 3455 3435 3431 3444 3451 3484 3432 3431 3425 3488 3426 3422 3449 3439 3409 3423 3422 3448 3455 3416 3422 3438 3488 3441 3450 3427 3427 3449 3425 3460 3462 3409 3416 3444 3454 3425 3439 3459 3429 3464 3465 3401 3402 3458 3430 3414 3440 3455 3419 3418 3432 3432 3444 3438 3431 3452 3423 3423 3428 3424 3422 3413 3435 3418 3454 3440 3458 3425 3406 3423 3438 3430 3440 3483 3429 3478 3414 3461 3427 3433 3419 3476 3404 3435 3464 3405 3414 3412 3432 3443 3453 3444 3398 3419 3459 3418 3436 3432 3437 3415 3450 3432 3456 3441 3434 3425 3448 3402 3428 3428 3444 3419 3434 3425 3400 3417 3405 3438 3423 3427 3444 3438 3442 3406 3451 3424 3419 3446 3404 3446 3423 3421 3425 3429 3447 3423 3427 3437 3438 3422 3443 3445 3427 3440 3446 3426

Tree=0
num_leaves=31
num_cat=0
split_feature=0 1 0 0 4 2 7 6 6 0 0 10 14 5 5 0 14 14 11 0 5 2 10 5 13 18 9 9 14 1
split_gain=170227 19689.5 18335.4 14172.3 7813.82 5224.43 5113.34 4084.71 2333.9 2132.11 1982.22 1864.21 1490.1 1121.19 962.94 953.758 933.424 904.904 823.734 804.091 792.575 757.162 853.708 713.583 995.399 894.734 681.907 606.152 600.12 584.328
threshold=0.2184659090909091 0.84523809523809534 0.071147356580427465 0.53410852713178303 1.4990566037735851 4.2521186440677976 2.0200000000000005 57.208000000000006 89.000500000000017 0.33549783549783557 1.0104166666666667 57754812.8464 3.0014705882352946 24.683333333333337 12.708333333333334 0.11173533083645444 5.0022727272727279 8.2048924731182815 0.072387271436285164 0.028915830546265332 14.775000000000002 4.5080645161290329 990.03190000000006 8.9750000000000014 0.035108262459427261 -3452.9599999999996 1.8668333302354976 4.0020020020020031 0.30013888888888901 2.8333333333333335
decision_type=2 2 2 2 2 2 2 2 2 2 2 2 2 2 2 2 2 2 2 2 2 2 2 2 2 2 2 2 2 2
left_child=1 2 4 9 8 6 -3 13 21 14 16 20 15 -6 27 -4 -5 -11 23 -10 26 22 -1 24 -8 -25 -9 -2 -16 -7
right_child=3 5 12 10 7 29 18 11 19 17 -12 -13 -14 -15 28 -17 -18 -19 -20 -21 -22 -23 -24 25 -26 -27 -28 -29 -30 -31
leaf_value=-2.1101305092133429 -1.7797122057137142 -1.5815682664882327 -1.9873801205613864 -1.4634535252710525 -1.9387290437169498 -1.6520825405678368 -1.9665485440387651 -2.1782597601332423 -2.3461880224647969 -1.5881663439235141 -1.2992112309611015 -2.2677722398395406 -1.6766634975140131 -1.689734326957077 -1.7015511214452768 -1.8667727611214591 -1.3688454920809443 -1.4345308521579403 -1.7127569109523022 -2.1595861939998078 -1.9602658266117512 -1.8859499568451907 -2.2329202943186006 -2.3771497756591331 -2.1690932155492515 -1.7603794467373808 -1.9893473495401197 -1.6250781922467681 -1.5548650029457196 -1.4821889071906975
leaf_weight=827.93419606983662 1096.7843196541071 418.47210641205311 1000.8796336278319 3258.9317306131124 438.22079993784428 684.07508497685194 724.49722876399755 547.61284967511892 1920.8344204053283 2504.4356066957116 1435.2126294896007 546.2814714834094 306.90179928392172 307.90462151169777 503.82716019451618 1901.0774568244815 1533.603996321559 452.66354937851429 107.01970209181309 262.48262214660645 578.33269576728344 82.238347962498665 1791.2362650632858 26.818112008273602 364.81293050944805 191.28412353247404 293.47583115845919 329.69812593609095 624.76135591417551 287.53470781445503
leaf_count=7747 6970 1906 8249 11346 3418 3554 5834 5463 22093 11557 2855 5894 1663 1705 2844 13585 4021 1457 615 2574 4624 602 18759 316 3609 1182 2424 1632 2694 1050
internal_value=-1.78468 -2.02536 -2.08664 -1.50567 -2.1713 -1.78927 -1.88864 -2.03518 -2.24687 -1.62246 -1.40231 -2.1108 -1.88621 -1.83598 -1.68937 -1.90837 -1.43318 -1.56465 -1.97949 -2.32375 -2.05038 -2.18472 -2.19411 -2.00132 -2.03438 -1.83622 -2.11234 -1.74397 -1.62035 -1.6018
internal_weight=25349.8 13609.9 10805.4 11739.9 7596.55 2804.51 1832.9 2711.83 4884.73 5512.17 6227.75 1965.7 3208.86 746.125 2555.07 2901.96 4792.54 2957.1 1414.43 2183.32 1419.42 2701.41 2619.17 1307.41 1089.31 218.102 841.089 1426.48 1128.59 971.61
internal_count=162242 116866 98800 45376 75303 18066 13462 23528 51775 27154 18222 18405 23497 5123 14140 21834 15367 13014 11556 24667 12511 27108 26506 10941 9443 1498 7887 8602 5538 4604
is_linear=0
shrinkage=1


Tree=1
num_leaves=31
num_cat=0
split_feature=0 3 0 11 0 2 1 13 2 4 2 18 12 8 10 20 19 1 18 6 0 18 2 18 4 9 9 15 15 0
split_gain=34306.7 7961.7 6627.97 3306.28 1662.91 1541.55 1510.98 1242.27 1206.43 933.445 914.271 864.692 682.257 679.555 643.596 608.264 566.188 529.535 477.775 443.454 414.233 383.024 371.023 361.892 355.424 351.054 317.975 316.404 298.774 368.755
threshold=0.18237250554323728 2.5000000000000004 0.049844720496894417 0.0031372334895614631 0.46206174777603354 7.7525510204081636 0.13100686498855837 0.025673983257530817 1.1674679487179491 1.7514044943820226 6.5227272727272743 -96.499999999999986 0.14631471799421833 12.888500000000002 400.03760000000005 2.7500000000000004 0.49625000000000002 0.17902930402930406 -5987.9099999999989 90.291500000000013 0.022779161477791618 -3976.7399999999993 1.3286384976525822 -82.499999999999986 4.9946808510638308 5.3792377050129057 7.8288831391709026 -0.018170909090909088 -0.17669799999999997 0.098199935711989719
decision_type=2 2 2 2 2 2 2 2 2 2 2 2 2 2 2 2 2 2 2 2 2 2 2 2 2 2 2 2 2 2
left_child=1 5 3 6 12 7 20 16 -9 19 11 -8 23 26 -6 21 -1 -11 -16 22 -3 -10 -5 25 -20 -2 27 -4 -15 -30
right_child=4 2 13 9 14 -7 10 8 15 17 -12 -13 -14 28 18 -17 -18 -19 24 -21 -22 -23 -24 -25 -26 -27 -28 -29 29 -31
leaf_value=0.21406798314882211 0.33839142948995304 -0.036169982924849957 0.32699787755287346 0.099836696911492648 0.30907029580978551 0.37997183603151158 0.018778437505992503 0.040921887313662357 -0.029344249986052253 0.17422611317109926 0.24648733006492485 0.15107217246151636 0.29220729422513564 0.28892862237326783 0.22016020265039599 0.37889786445707851 0.3407972200430931 0.30697126786338802 0.39011820464222818 0.047095226832803712 0.079974080310134185 0.22217517640495479 0.25623103495628879 0.43538499781940199 0.42228294589036053 0.4066415120752721 0.34808825629531082 0.23227367220527381 0.12689377194770973 0.22606925938660383
leaf_weight=463.07110527157784 4072.5975136756897 2064.7294608056545 494.72436409443617 321.07014206796885 754.68630662560463 1465.3594721853733 1322.061640329659 400.83139226585627 65.551245518028736 578.69904882460833 333.07989533245564 788.86999905854464 2057.3751379400492 301.10305891185999 140.1037071198225 254.87392239272594 1476.9483707621694 625.1281678378582 7062.4528476297855 506.86537208408117 360.72921178489923 792.87437903881073 287.54033527523279 566.07003286480904 6689.5657214820385 924.77909892052412 529.4848710745573 1227.7483273297548 702.60446796566248 803.84940031915903
leaf_count=2951 13727 23146 2376 2921 2057 4274 13408 3715 637 4207 2022 6216 8256 1696 481 842 5810 3295 12822 5274 3422 4498 1975 1119 9166 2351 2598 6970 5538 4472
internal_value=0.298792 0.187917 0.141508 0.0838242 0.379295 0.294028 0.0370205 0.257567 0.189685 0.182091 0.0925129 0.0682175 0.34141 0.243658 0.399007 0.243245 0.310548 0.243159 0.403893 0.116186 -0.0188963 0.202969 0.173726 0.359605 0.405765 0.351021 0.280314 0.25948 0.19799 0.179814
internal_weight=38435.4 16167.8 11248.3 7188.77 22267.6 4919.51 4869.47 3454.15 1514.13 2319.3 2444.01 2110.93 7620.82 4059.51 14646.8 1113.3 1940.02 1203.83 13892.1 1115.48 2425.46 858.426 608.61 5563.45 13752 4997.38 2251.96 1722.47 1807.56 1506.45
internal_count=162242 112263 89536 65886 49979 22727 48214 18453 9692 17672 21646 19624 25453 23650 24526 5977 8761 7502 22469 10170 26568 5135 4896 17197 21988 16078 11944 9346 11706 10010
is_linear=0
shrinkage=0.1


Tree=2
num_leaves=31
num_cat=0
split_feature=0 3 0 4 0 10 1 5 13 11 2 11 9 0 1 10 14 12 1 9 6 18 4 9 4 0 1 10 17 18
split_gain=17348.5 5220.02 2213.94 2151.27 1483.55 1244.07 1043.92 896.589 896.505 573.725 532.298 528.032 419.008 407.808 375.757 365.655 357.466 341.683 334.356 329.665 306.384 275.422 268.659 334.876 260.646 258.861 275.016 251.396 244.962 226.614
threshold=0.13900966183574884 2.5000000000000004 0.04532614278376991 1.1686991869918701 0.40946348733233989 2185.6121000000007 0.070298986903879437 24.464285714285719 0.027418142332108254 0.00016702509945200973 1.1460554371002134 0.0031372334895614631 4.1914081257393168 0.66789215686274517 0.05917366946778712 880.41340000000014 1.1251666666666669 32.719836838487986 0.72077922077922085 5.2110488355926323 44.000500000000009 -4499.4999999999991 5.169540229885059 9.7943286903802633 0.25112612612612617 0.022779161477791618 0.21525096525096529 105.00000000000001 0.25051440329218116 -5987.9099999999989
decision_type=2 2 2 2 2 2 2 2 2 2 2 2 2 2 2 2 2 2 2 2 2 2 2 2 2 2 2 2 2 2
left_child=1 7 3 5 15 -3 -5 8 17 -8 28 25 14 -6 -4 -2 19 24 -12 21 -11 -17 23 -22 -1 26 -7 -15 -10 -9
right_child=4 2 12 6 13 11 9 29 10 20 18 -13 -14 27 -16 16 -18 -19 -20 -21 22 -23 -24 -25 -26 -27 -28 -29 -30 -31
leaf_value=0.17695814700644175 0.16967094875271194 0.10531043425986407 0.10484903081196539 0.024753763932753355 0.2665968665600657 -0.064512243467441041 0.062994944104569059 0.11003449230328131 0.14605722877172586 0.26593335066468365 0.084655557312808605 0.067699778407107766 0.23537037808063954 0.17446341858977685 0.18216455379192542 0.052540582980465357 0.27296371286380877 0.2934815982138097 0.20025476734423731 0.27420703770373306 0.12539943226902359 0.22113272512284363 0.2348606692691575 0.31056666484210449 0.24529974859230649 0.06739838402384013 0.016999029089866946 0.29778582137347115 -0.02258897107763802 0.28925840716901957
leaf_weight=1226.6878473609686 765.87181703746319 1303.7343673408031 1111.981424793601 710.4088534116745 8175.2939493060112 1622.26214851439 470.46434620022774 74.099904358386993 126.73343688994646 384.71241811662912 358.29564681649208 663.94079446047544 710.32115021348 167.80403856933117 1446.0429431349039 98.760631799697876 2600.8325773254037 591.09668143093586 829.39188646525145 1300.3301167413592 1078.6045364663005 5143.2467147037387 424.62556753307581 107.39318723231554 1023.8379802107811 232.00629577040672 555.72024512290955 11080.587923854589 268.81629507243633 1472.5187218859792
leaf_count=5563 3026 9918 7153 6620 14559 19560 4019 329 980 1418 2318 6096 3169 449 7402 471 6047 1193 3354 3114 7079 17030 1998 469 3309 2095 5684 12139 2593 3088
internal_value=0.221127 0.140075 0.0986615 0.0689104 0.26753 0.0234539 0.131562 0.21513 0.192222 0.162333 0.131919 -0.0112636 0.167423 0.283593 0.148555 0.236044 0.241603 0.22582 0.165381 0.229137 0.185756 0.217956 0.166604 0.142166 0.208049 -0.0330177 -0.0437143 0.295946 0.031445 0.280672
internal_weight=46126.4 16793.7 10822.2 7553.87 29332.7 4377.66 3176.21 5971.48 4424.86 2465.8 1583.24 3073.93 3268.35 19423.7 2558.02 9909.04 9143.17 2841.62 1187.69 6542.34 1995.34 5242.01 1610.62 1186 2250.53 2409.99 2177.98 11248.4 395.55 1546.62
internal_count=162242 105407 82680 64956 56835 43353 21603 22727 19310 14983 9245 33435 17724 27147 14555 29688 26662 10065 5672 20615 10964 17501 9546 7548 8872 27339 25244 12588 3573 3417
is_linear=0
shrinkage=0.1


Tree=3
num_leaves=31
num_cat=0
split_feature=0 1 0 4 0 2 10 10 7 11 13 15 5 11 9 8 0 14 15 16 12 18 1 14 16 19 4 7 7 0
split_gain=11346 2763.88 2455.77 1654.66 904.237 737.793 622.828 549.766 531.092 416.092 447.848 383.922 371.259 348.149 338.581 310.327 295.621 267.271 231.678 336.772 226.739 218.066 213.489 202.325 203.413 274.053 193.835 180.916 178.138 176.695
threshold=0.18237250554323728 0.45804195804195807 0.034557396626362154 1.1686991869918701 0.66789215686274517 8.4191788687912741 4780.6987000000008 35064944.708400004 2.0200000000000005 0.00011328727788226032 0.040040080160320644 0.60513500000000009 14.775000000000002 0.0031372334895614631 0.95359224807705367 26.999500000000005 0.26215805471124626 2.591704545454546 -1.0000000180025095e-35 0.23750000000000002 0.9081442226332358 -100.84999999999998 0.36038961038961043 0.73344298245614048 0.25350000000000006 0.14275714285714289 0.16496598639455784 772.82500000000016 3560.0750000000007 0.083771929824561414
decision_type=2 2 2 2 2 2 2 2 2 2 2 2 2 2 2 2 2 2 2 2 2 2 2 2 2 2 2 2 2 2
left_child=1 2 3 6 11 8 -1 12 -3 10 -10 16 28 -8 -4 20 -2 26 -18 -20 21 -16 -15 24 -14 -26 -11 -6 -5 -17
right_child=4 5 14 7 27 -7 13 -9 9 17 -12 -13 23 22 15 29 18 -19 19 -21 -22 -23 -24 -25 25 -27 -28 -29 -30 -31
leaf_value=0.062242157234776586 0.16579297327078213 0.21246862715213682 -0.0023326662137560729 0.10706132818241543 0.2084575449669131 0.21664494145943652 -0.047224001928929706 0.021312056045912943 0.1236728493456782 -0.055137643774681167 0.010948899036971384 0.2278947578293265 0.19234817405996107 0.028597523906272449 0.15253909681159894 0.041464702665290079 0.21891992390397857 0.19096890443961037 0.22132282390600608 0.17462259322776161 0.10304934218323314 0.21831189042729215 0.28135921492440624 0.20968336339958485 0.0098583893334776296 0.16124105378833364 0.13540272931162173 0.24070704071594445 0.024194530151871309 0.1283264647444598
leaf_weight=1135.8158102631569 3111.4914186894894 1017.5997312515974 167.20890923589468 914.03849829733372 2082.7948011010885 2060.6398909762502 1893.2590380758047 693.94270217418671 1654.9269790500402 55.759231768548489 447.82387800514698 4061.7529670447111 301.74444998055696 458.03711221367121 3216.4951908886433 418.17872528731823 4290.8454394489527 1325.6509394794703 2265.997132435441 4847.6567439734936 760.54452087730169 597.75239428132772 36.045568391680717 496.85669150948524 233.13149875402451 245.5352896079421 1256.4622285291553 10554.607614725828 362.21759407967329 532.27581724524498
leaf_count=9015 9084 1979 1082 5569 2841 4111 22934 6481 8587 518 3649 6605 1033 4227 13802 3074 7375 4858 3796 10531 3587 2138 234 1886 1404 985 5796 9747 2918 2396
internal_value=0.17692 0.118689 0.0894496 0.0487475 0.214756 0.165295 0.00128545 0.100239 0.146919 0.132849 0.099666 0.200718 0.121688 -0.0277157 0.137861 0.142103 0.193114 0.1593 0.200568 0.189499 0.152906 0.162847 0.0470376 0.159803 0.128046 0.0875111 0.127306 0.235392 0.0835427 0.0901092
internal_weight=51497.1 20281.9 12463.1 6770.62 31215.1 7818.86 3523.16 3247.47 5758.22 4740.62 2102.75 18577.7 2553.52 2387.34 5692.46 5525.25 14516 2637.87 11404.5 7113.65 4574.79 3814.25 494.083 1277.27 780.411 478.667 1312.22 12637.4 1276.26 950.455
internal_count=162242 112263 82765 56686 49979 29498 36410 20276 25387 23408 12236 37391 13795 27395 26079 24997 30786 11172 21702 14327 19527 15940 4461 5308 3422 2389 6314 12588 8487 5470
is_linear=0
shrinkage=0.1


Tree=4
num_leaves=31
num_cat=0
split_feature=0 2 17 20 0 19 0 2 0 14 8 9 5 1 11 18 7 10 18 4 15 15 12 18 4 15 8 16 15 1
split_gain=8265.44 1695.81 2147.55 1035.67 920.381 772.356 729.051 622.306 518.156 491.624 478.667 313.253 275.225 274.372 264.612 242.473 221.418 207.224 210.635 206.408 198.932 189.171 178.105 172.067 314.246 169.662 165.077 162.791 276.113 154.084
threshold=0.25137362637362642 2.4390889830508482 0.55598789450929542 0.87500000000000011 0.022779161477791618 0.35475000000000007 0.049844720496894417 0.30625000000000008 0.72783389450056124 1.0416025641025644 7.3490000000000011 6.9484678769151555 27.038461538461544 0.20256410256410259 2.5203639546698636e-05 -1990.5199999999998 257355.84000000003 440.20670000000007 -85.749999999999986 1.8011627906976748 0.87531551724137946 -0.04997678571428571 1.318790496584747 -3976.7399999999993 0.287784679089027 0.60513500000000009 12.002500000000001 0.22250000000000003 -1.0000000180025095e-35 0.27429467084639503
decision_type=2 2 2 2 2 2 2 2 2 2 2 2 2 2 2 2 2 2 2 2 2 2 2 2 2 2 2 2 2 2
left_child=1 2 5 -3 7 6 10 -4 17 11 19 14 15 -9 -5 -11 20 -2 25 -1 21 -16 26 24 -15 27 -8 -19 -29 -24
right_child=8 3 4 9 -6 -7 22 13 -10 12 -12 -13 -14 23 16 -17 -18 18 -20 -21 -22 -23 29 -25 -26 -27 -28 28 -30 -31
leaf_value=0.075581454721598745 0.12214388408673443 0.0088835853185811765 -0.081219862334243734 0.033033912914377919 0.087962060136458242 0.15787263834168905 0.15253104299636397 -0.019458222847004131 0.19866575213525833 0.043524790831180236 0.0019450479348264438 0.17101684732534816 0.19898256683870702 0.52734749855044205 0.15606163785841576 0.15585307237779045 -0.049752960754212427 0.18456552323331207 0.20389587974407097 0.19893107614723529 0.20404232655463642 0.10653682477436061 0.053856264687767288 0.071719113962281922 -0.10180950734441392 0.18957870935913299 0.10577807774303374 0.17784337592806199 0.14047861673884382 0.14292249470734714
leaf_weight=2225.0714349001646 795.86563524603844 625.84095735102892 869.84449928998947 381.47753369808197 1415.1679121106863 2352.5602788850665 1768.5327978283167 893.76463739573956 12614.402322679758 207.22655001282692 1048.2485986128449 1141.1330808922648 1652.2349684461951 8.5554125607013685 981.16889153420925 2644.8587622120976 76.125684641301632 2834.2201531082392 2108.8006174713373 144.46781302243471 279.40688423067331 3605.3955595865846 615.00891380757093 889.91660276055336 110.13986199349165 3388.2132978886366 1318.0557169765234 3494.7450017184019 4555.996203109622 283.90127974748611
leaf_count=14555 1911 4684 10692 2539 6336 6693 5369 9691 11605 1225 10511 3026 3198 42 3432 7945 546 4270 2301 480 761 14497 2701 5803 1183 4697 5500 5636 9521 892
internal_value=0.147492 0.105746 0.0822475 0.134004 0.0223442 0.107959 0.092098 -0.0111525 0.183276 0.141143 0.0582108 0.123472 0.166506 0.0208851 0.11328 0.147692 0.119474 0.171975 0.174396 0.0831019 0.122122 0.117131 0.121158 0.0566347 -0.0564606 0.170037 0.132566 0.163954 0.156698 0.0819859
internal_weight=55330.3 25538.1 13943.2 11594.9 4187.39 9755.85 7403.29 2772.22 29792.2 10969 3417.79 6464.71 4504.32 1902.38 5323.57 2852.09 4942.1 17177.8 16382 2369.54 4865.97 4586.56 3985.5 1008.61 118.695 14273.2 3086.59 10885 8050.74 898.91
internal_count=162242 122301 80448 41853 33747 46701 40008 27411 39941 37169 25546 24801 12368 16719 21775 9170 19236 28336 26425 15035 18690 17929 14462 7028 1225 24124 10869 19427 15157 3593
is_linear=0
shrinkage=0.1


Tree=5
num_leaves=31
num_cat=0
split_feature=0 1 0 11 0 8 5 12 5 2 17 5 1 2 18 7 0 9 8 7 14 13 13 18 15 10 18 15 10 4
split_gain=6577.42 1538 932.239 1143.11 780.944 587.894 363.096 307.636 226.513 210.097 352.184 206.697 203.953 198.316 197.613 189.757 185.466 167.898 220.721 229.019 163.812 163.741 159.955 158.544 161.094 158.466 162.566 157.868 155.082 148.293
threshold=0.18237250554323728 0.84523809523809534 0.059017027863777098 0.0027088322946076356 0.66789215686274517 7.1835000000000013 11.035714285714286 0.1180616509608978 24.267857142857146 6.5227272727272743 0.49728260869565222 0.34166666666666673 4.5000000000000009 0.30625000000000008 -5284.4999999999991 2.0200000000000005 0.015665903141361261 5.053058389762132 3.4910000000000001 7161.2200000000003 8.2048924731182815 0.087074991114796843 0.079877300613496946 -1.0000000180025095e-35 0.80009000000000008 105.00000000000001 -90.499999999999986 -0.063173333333333317 1037701202.5786501 1.1686991869918701
decision_type=2 2 2 2 2 2 2 2 2 2 2 2 2 2 2 2 2 2 2 2 2 2 2 2 2 2 2 2 2 2
left_child=1 2 3 5 7 9 11 14 12 10 -1 -5 15 -12 -2 -3 29 -15 -19 -20 21 27 -13 24 -16 -6 -27 -4 -11 -7
right_child=4 8 20 6 25 16 -8 -9 -10 28 13 22 -14 17 23 -17 -18 18 19 -21 -22 -23 -24 -25 -26 26 -28 -29 -30 -31
leaf_value=0.067992239013174513 0.059526473907409616 0.14788488667079966 0.13386992380050056 0.10396224081359384 0.085747991101265131 -0.050365320582620644 0.11882097670304198 0.12125456585194783 0.15835110636902006 0.12556426560078121 -0.068093962435823621 0.055547513911750647 0.16503082788643716 0.0012852941137197673 0.14015157178857743 0.095742364727198048 0.029398925525475014 0.04576151717878707 0.47838677292777376 -0.029774205073823296 0.17565552242176874 0.044888523517115475 -0.028401273114466372 0.17637460978750075 0.16675152824409695 0.16526897308328792 0.18837590785954633 0.09210426054702818 0.0095017655177007422 0.010867297934329011
leaf_weight=1569.4236657992005 246.08679190278053 881.59645429253578 1186.3916942775249 783.03669551759958 211.75459249317646 1278.6513037607074 2087.4736041128635 5689.9800002127886 1581.5095761269331 508.25094012916088 341.86420951038599 1343.714769653976 695.71084831655025 743.68031928688288 10440.908756703138 3350.1141747161746 687.48741340637207 120.00904113799334 27.629559457302094 13.061560541391371 272.74933270365 557.79307183623314 273.10128246247768 1965.1056223660707 2911.6969594061375 9196.9509556889534 4551.4980489760637 3815.8488793447614 148.84177578985691 572.62970737367868
leaf_count=10037 671 1477 3773 4313 449 16167 7089 12227 2551 1680 4295 8571 1310 6204 18617 12617 5348 932 122 128 556 2350 2184 2052 3824 9029 3110 14432 948 5179
internal_value=0.126113 0.0843191 0.0679372 0.0501291 0.153222 0.0216206 0.0883211 0.141152 0.125423 0.0483588 0.0364766 0.0617912 0.114854 -0.00321167 0.148427 0.106605 -0.0149542 0.0213144 0.114004 0.315271 0.0999911 0.0962794 0.0413675 0.149855 0.145952 0.171596 0.172919 0.10201 0.0992743 -0.0314251
internal_weight=58054.6 22840.6 16331.6 10498.9 35214 6011.53 4487.33 21253.8 6508.93 3472.76 2815.67 2399.85 4927.42 1246.24 15563.8 4231.71 2538.77 904.38 160.7 40.6911 5832.78 5560.03 1616.82 15317.7 13352.6 13960.2 13748.4 5002.24 657.093 1851.28
internal_count=162242 112263 94308 73197 49979 51040 22157 37391 17955 24346 21718 15068 15404 11681 25164 14094 26694 7386 1182 250 21111 20555 10755 24493 22441 12588 12139 18205 2628 21346
is_linear=0
shrinkage=0.1


Tree=6
num_leaves=31
num_cat=0
split_feature=0 20 2 17 0 0 19 2 14 0 3 9 5 15 13 15 11 3 5 7 6 20 14 18 7 10 1 0 1 9
split_gain=5553.52 989.464 1003.14 934.969 491.755 468.51 449.665 417.815 324.673 281.249 369.209 230.076 185.502 184.597 184.103 178.478 168.925 168.546 166.876 165.717 161.185 160.941 155.016 154.445 150.006 146.903 144.622 140.573 167.635 140.014
threshold=0.25137362637362642 0.87500000000000011 2.4390889830508482 0.55598789450929542 0.66789215686274517 0.022779161477791618 0.55350000000000021 0.30625000000000008 0.73344298245614048 0.038554440728353782 10.500000000000002 8.7546513276642397 39.041666666666679 -0.0063736666666666655 0.026281254316894601 -0.018170909090909088 9.7914749431857187e-05 9.5000000000000018 23.071428571428573 7562.8100000000013 28.908500000000004 1.2500000000000002 -23.108823529411762 -4499.4999999999991 1165.8400000000004 19890864.309500005 0.51666666666666672 0.040100502512562822 0.045663052543786498 4.8105850226788869
decision_type=2 2 2 2 2 2 2 2 2 2 2 2 2 2 2 2 2 2 2 2 2 2 2 2 2 2 2 2 2 2
left_child=1 17 3 6 18 7 9 -5 11 10 15 19 16 14 -9 -3 -10 23 22 -4 -15 -18 -2 -1 -6 -21 -12 -11 -29 -16
right_child=4 2 8 5 24 -7 -8 13 12 27 26 -13 -14 20 29 -17 21 -19 -20 25 -22 -23 -24 -25 -26 -27 -28 28 -30 -31
leaf_value=-0.11850977611843327 0.046711418901925872 0.10510436753265218 0.092058164174277535 -0.072267918452442709 0.1320527410953907 0.065519549688941067 0.12248606943331529 -0.093645094849451896 0.055609728369855053 0.30807126319771566 -0.0090187144401662825 0.13642742384477186 0.1568266016866674 0.059872016727492074 0.071385827840742919 0.051749748331379311 0.1050328283326977 -0.044476205232271686 0.140712368747935 0.075977453233400286 -0.018773176427205635 0.14880276769792716 0.12200684054699112 0.046215217283599223 0.15740088158505214 0.017293654609951994 0.52190694537616289 0.044284173797901782 0.093930893210266903 0.22177114524578687
leaf_weight=63.652183502912521 280.09854114055634 860.73122683167458 3852.8117185756564 675.08982367813587 2948.6599428802729 1509.982126519084 1938.9182925820351 53.740672461688519 490.79278994351625 28.385994933545589 905.31632249057293 831.27769682556391 1097.0974656268954 355.92837049812078 278.15637887269258 2308.4526422396302 2902.2903645932674 656.6208179667592 5996.4788065999746 1250.3520808517933 973.05876142531633 1182.2814031988382 11477.512278109789 538.06819208711386 11210.935901626945 647.46525601297617 5.1598402038216582 832.52288933098316 3715.1738781929016 79.634221687912941
leaf_count=572 683 4196 12697 8934 3410 6010 4174 584 2278 134 9327 2069 1712 1876 2069 12122 8000 6655 7973 4412 9184 2373 18697 3786 9178 3628 19 3532 11572 386
internal_value=0.109696 0.0772205 0.0812934 0.0635115 0.138222 0.0218243 0.0789576 -0.00548936 0.102363 0.0692071 0.0501161 0.0872524 0.119897 0.0204118 0.0789355 0.0662405 0.111042 -0.00944137 0.127137 0.080144 0.00228952 0.117702 0.120213 0.02879 0.152122 0.0559567 -0.00600986 0.086227 0.0848423 0.104857
internal_weight=59946.6 28033 26774.6 14520.3 31913.7 3925.59 10594.7 2415.61 12254.4 8655.74 4079.66 6581.91 5672.46 1740.52 411.531 3169.18 4575.36 1258.34 17754.1 5750.63 1328.99 4084.57 11757.6 601.72 14159.6 1897.82 910.476 4576.08 4547.7 357.791
internal_count=162242 122301 111288 74119 39941 29043 45076 23033 37169 40902 25664 22806 14363 14099 3039 16318 12651 11013 27353 20737 11060 10373 19380 4358 12588 8040 9346 15238 15104 2455
is_linear=0
shrinkage=0.1


Tree=7
num_leaves=31
num_cat=0
split_feature=0 5 18 0 11 0 10 12 9 14 9 15 13 19 2 15 0 9 18 1 4 5 9 2 14 7 4 12 6 5
split_gain=4715.74 777.658 580.49 604.918 659.7 498.106 477.529 269.333 257.624 215.691 213.524 238.947 184.984 225.703 159.752 158.932 154.087 169.417 149.765 159.872 161.552 154.802 187.804 143.273 138.697 138.464 133.731 130.02 126.27 125.974
threshold=0.25962962962962971 10.055555555555557 -124.74999999999999 0.083771929824561414 0.00070916612959334116 0.74849397590361455 15500722.150400003 24.537794124365487 0.84793695835570226 1.1005952380952384 5.3792377050129057 -0.11617662337662336 0.088277191218367704 0.32383333333333336 11.525000000000002 0.80009000000000008 0.023904761904761908 3.2545022143890097 -5855.2799999999997 0.11834733893557424 11.514708056171473 47.677083333333336 1.7371169692287889 1.5090361445783136 -6.2985153764581119 1165.8400000000004 1.3352059925093636 0.014312470120275306 21.751000000000001 27.038461538461544
decision_type=2 2 2 2 2 2 2 2 2 2 2 2 2 2 2 2 2 2 2 2 2 2 2 2 2 2 2 2 2 2
left_child=1 2 3 4 12 14 9 26 -8 15 11 -6 13 16 24 -3 -1 -18 -10 20 -20 22 -21 27 -2 -7 -4 -13 -25 -11
right_child=5 6 7 -5 10 25 8 -9 18 29 -12 23 -14 -15 -16 -17 17 -19 19 21 -22 -23 -24 28 -26 -27 -28 -29 -30 -31
leaf_value=-0.043127105921603466 0.058675927536056549 0.081054976461621783 0.064127662642443725 0.072315034394095298 0.094802798166675681 0.118469454501807 -0.053223997213812504 0.12426880174587861 0.005280985306769073 0.10264961262527234 0.096255076869693215 0.065173589160660281 -0.078276991013449579 0.059155594983118176 0.12640143565986778 0.15773031726468828 -0.020172730627184512 0.096774673334570224 0.053695676504558081 0.014154001718863236 -0.090755452862960023 0.14892135816536384 0.11821019729112148 0.10043874921506404 0.10869113950428161 0.14329192639537958 0.12140340953860174 -0.019693692410851692 0.027969129149567236 0.14045820829013897
leaf_weight=1184.6053250320256 579.66315892338753 4508.134638980031 6884.5668512769043 3366.8668333888054 552.60842715576291 2879.0543007254601 221.17048538476229 944.20732669532299 411.91584688425064 2187.8097513392568 699.57862538844347 223.04295626282692 438.64748149737716 415.66041950881481 5797.1185086816549 287.57933931052685 349.57914755493402 191.85634730011225 701.22039145976305 327.90834422409534 87.032448209822178 374.5906505510211 368.2180657312274 307.99862068891525 12747.717768847942 10240.043226197362 433.308972209692 946.93361888453364 1095.9415415748954 1475.6493863761425
leaf_count=14757 1250 13383 29066 10051 2943 3293 1908 1547 2340 5296 3259 1455 5448 2103 7343 503 2338 891 3195 1563 576 633 1063 907 19723 8188 1036 7843 6218 2123
internal_value=0.096525 0.0672555 0.0544922 0.0379969 0.0199613 0.122838 0.0882752 0.0740046 0.0498024 0.0996092 0.046314 0.0351394 -0.0191141 -0.00699682 0.112544 0.0856529 -0.0229275 0.0212673 0.0598366 0.0719252 0.0377466 0.0970872 0.0691948 0.0223299 0.106516 0.137845 0.0675191 -0.00351469 0.0438676 0.117879
internal_weight=61230.2 28986.6 18035.4 9773.32 6406.45 32243.6 10951.2 8262.08 2492.06 8459.17 3826.1 3126.53 2580.35 2141.7 19124.5 4795.71 1726.04 541.435 2270.89 1858.97 788.253 1070.72 696.126 2573.92 13327.4 13119.1 7317.88 1169.98 1403.94 3663.46
internal_count=162242 122445 89862 58213 48162 39797 32583 31649 11278 21305 22625 19366 25537 20089 28316 13886 17986 3229 9370 7030 3771 3259 2626 16423 20973 11481 30102 9298 7125 7419
is_linear=0
shrinkage=0.1


Tree=8
num_leaves=31
num_cat=0
split_feature=0 20 2 17 0 0 2 19 14 0 3 17 10 7 14 12 18 7 9 9 3 9 15 15 16 18 7 2 15 16
split_gain=4072.05 663.857 655.537 448.001 409.08 384.892 395.72 272.354 242.707 226.238 239.121 221.11 200.588 199.696 176.261 169.359 153.407 153.289 133.868 133.294 129.585 127.11 123.257 122.821 198.322 121.376 107.997 113.423 113.124 131.966
threshold=0.32037735849056609 0.87500000000000011 3.3009433962264154 0.64739304812834242 0.80163934426229522 0.022779161477791618 0.30625000000000008 0.55350000000000021 8.9814285714285749 0.049844720496894417 35.500000000000007 21.509259259259263 57754812.8464 19380.600000000002 0.059216913643331634 3.8955045951536649 -86.499999999999986 1165.8400000000004 4.9968789013732842 3.2545022143890097 9.5000000000000018 11.275168597823063 0.4327770363636364 -0.04997678571428571 0.17150000000000001 -4499.4999999999991 257355.84000000003 12.866071428571431 -0.031921293103448267 0.11950000000000001
decision_type=2 2 2 2 2 2 2 2 2 2 2 2 2 2 2 2 2 2 2 2 2 2 2 2 2 2 2 2 2 2
left_child=1 20 3 7 15 6 -5 9 11 10 -3 26 19 14 18 16 22 -6 -8 -13 25 -11 23 -2 -25 -1 27 28 -4 -30
right_child=4 2 8 5 17 -7 13 -9 -10 21 -12 12 -14 -15 -16 -17 -18 -19 -20 -21 -22 -23 -24 24 -26 -27 -28 -29 29 -31
leaf_value=-0.11648106622209442 0.11127468403949961 0.044793159589446241 0.10679405409289358 -0.067919655993587319 0.10567481558925532 0.057395260332730937 -0.036514413075066525 0.094583242385445465 0.11185448008557582 0.063744543094900089 -0.046844050020005155 0.052612813181653041 -0.0025712900163190281 -0.063674602802692382 0.050860842390386685 0.061408793067658118 0.12792180353738977 0.13365199697228611 0.065732282538550332 0.099979408095652866 -0.041237509999199354 0.1152807536558319 0.11591859634759005 0.11367690670264619 0.078295156703087121 0.036488020668642644 -0.0058513285377673014 0.10990911733537555 0.099345680751211876 0.060027191066290925
leaf_weight=57.07379050925374 3570.7120570093393 4361.3852455951273 1197.9472434222698 615.44587549567223 2535.8191659599543 2380.7528313025832 506.46338896453381 2104.7162455916405 2124.6128635630012 5138.7856909483671 304.64751353859901 2373.6857949644327 519.55788040161133 244.86430879682302 1487.567434836179 925.37590835988522 2565.0910174697638 8600.837221711874 171.37903248146176 792.45227448642254 648.46215560287237 527.72992081940174 4291.7016003876925 2252.0080079138279 5342.4006628245115 569.02879370003939 127.73825147747993 1639.713988468051 1219.6696709245443 2844.2982776984572
leaf_count=572 4617 23870 2852 8884 2930 8053 3937 4323 3831 15212 3392 7214 2618 2715 9293 1910 2475 6662 986 1696 6700 1090 5085 2857 9084 3789 637 3245 2963 8750
internal_value=0.0856664 0.0608098 0.0637473 0.0513485 0.112071 0.0273158 0.00364817 0.0617955 0.0809784 0.0551167 0.0388101 0.0748562 0.0550179 0.0219225 0.0316018 0.103131 0.105274 0.127282 -0.0106634 0.0644682 -0.00990632 0.0685442 0.101515 0.0959788 0.0887871 0.0225438 0.085258 0.0869443 0.079788 0.0718274
internal_weight=62041.9 31958 30683.4 17843.7 30083.9 5406.47 3025.72 12437.3 12839.7 10332.5 4666.03 10715.1 3685.7 2410.27 2165.41 18947.3 18021.9 11136.7 677.842 3166.14 1274.56 5666.52 15456.8 11165.1 7594.41 626.103 7029.37 6901.63 5261.92 4063.97
internal_count=162242 126622 115561 81755 35620 33868 25815 47887 33806 43564 27262 29975 11528 16931 14216 26028 24118 9592 4923 8910 11061 16302 21643 16558 11941 4361 18447 17810 14565 11713
is_linear=0
shrinkage=0.1


Tree=9
num_leaves=31
num_cat=0
split_feature=0 1 0 0 3 2 4 9 0 12 18 10 16 19 20 12 4 7 14 18 9 2 11 12 10 12 4 12 12 2
split_gain=3575.62 580.491 867.035 499.043 478.968 296.454 215.872 239.178 215.822 191.88 174.753 170.192 153.848 174.661 145.958 171.763 138.205 133.7 130.318 129.254 135.913 128.226 125.105 149.852 140.698 139.38 115.582 114.196 110.79 110.398
threshold=0.25962962962962971 0.36602870813397131 0.02790758047767394 0.55662393162393176 9.5000000000000018 11.683333333333335 1.2311253561253563 5.3792377050129057 1.0606617647058825 0.95402007395838617 -100.84999999999998 108332363030.62291 0.11950000000000001 0.033016666666666673 5.5000000000000009 32.719836838487986 5.169540229885059 65.010000000000005 0.030395417590539545 -86.499999999999986 5.2110488355926323 8.2583333333333346 0.0027088322946076356 2.3183570345388658 2476037.7360000005 0.067761597545599614 1.3352059925093636 0.044149464752663826 0.0014822443521866487 18.535714285714288
decision_type=2 2 2 2 2 2 2 2 2 2 2 2 2 2 2 2 2 2 2 2 2 2 2 2 2 2 2 2 2 2
left_child=1 2 4 17 16 11 -6 18 21 10 12 14 -4 28 15 27 22 -2 -8 20 -19 -5 23 -1 -25 -24 -15 -3 -14 -20
right_child=3 5 9 8 6 -7 7 -9 -10 -11 -12 -13 13 26 -16 -17 -18 19 29 -21 -22 -23 25 24 -26 -27 -28 -29 -30 -31
leaf_value=-0.0083459319677750832 0.048647695518438949 0.071843747224958884 0.081603772196817123 0.093981100337719364 -0.039839481249059006 0.10521768591467023 -0.049734896757606215 0.1248514561109005 0.13108800079559429 0.025367059929840598 0.096447433977376734 -0.021166925485306756 -0.050465406468659581 0.040041361721207924 0.096294837730284855 0.10505470694666885 0.073562213022918307 0.079355244258460494 0.035249571961990765 0.11524395493447624 0.10606990606534548 0.1133984566815929 0.073939193349947724 0.048243591168789644 0.34822846540638919 0.019129941323281434 0.07265540027617691 0.04530953474543982 0.032717759167979255 -0.10649145679334543
leaf_weight=1344.9879548959434 907.22072820365429 2511.1214017122984 2096.658677123487 6054.5686616748571 1711.466654855758 1955.3378276750445 379.58218789845705 170.62495605647564 4070.5524322986603 1545.4062262773514 1367.1926266923547 237.53808975219727 176.35922149568796 1700.9647236838937 1251.1796627268195 749.11732170730829 775.3077869862318 9455.6587427705526 638.63729976117611 1573.2226295471191 2384.7164728939533 7759.5369166582823 883.72731126099825 410.39675930887461 16.253861866891384 976.82433612272143 3008.6176385805011 4580.5705132931471 1738.2651588991284 60.123316012322903
leaf_count=10943 1940 7608 5676 7267 21437 2915 2990 651 2790 5526 3279 1606 877 5634 2470 1057 2385 15647 4341 1686 3045 7422 3189 2195 58 4726 8042 17617 6786 437
internal_value=0.0765156 0.0518492 0.0411801 0.0997121 0.0143385 0.0698139 -0.0167714 0.0148389 0.110851 0.0581799 0.0632065 0.0623938 0.0579952 0.0505228 0.0645769 0.0595156 0.0352345 0.0858011 -0.00256821 0.0883139 0.0847357 0.104888 0.0270533 0.00803431 0.0596719 0.0451633 0.0608762 0.0547051 0.0250556 0.0230538
internal_weight=62491.7 30286.3 19001.4 32205.5 7367.93 11284.9 2960.43 1248.97 17884.7 11633.5 10088.1 9329.53 8720.87 6624.21 9091.99 7840.81 4407.5 14320.8 1078.34 13413.6 11840.4 13814.1 3632.19 1771.64 426.651 1860.55 4709.58 7091.69 1914.62 698.761
internal_count=162242 122445 89172 39797 53352 33273 29856 8419 17479 35820 30294 30358 27015 21339 28752 26282 23496 22318 7768 20378 18692 14689 21111 13196 2253 7915 13676 25225 7663 4778
is_linear=0
shrinkage=0.1


Tree=10
num_leaves=31
num_cat=0
split_feature=0 2 0 1 0 7 6 0 3 18 14 11 17 4 18 12 3 19 2 7 20 11 12 14 15 15 16 4 9 9
split_gain=3160.28 532.617 405.597 529.083 346.802 264.92 253.075 213.548 237.872 197.408 172.175 148.311 164.277 143.937 135.863 133.162 122.698 120.724 118.887 113.268 109.165 107.74 105.707 105.245 104.602 109.631 189.204 103.6 101.334 98.3778
threshold=0.35767590618336892 5.8634669151910535 0.11173533083645444 0.57738095238095244 1.0104166666666667 19380.600000000002 190.00050000000002 0.022779161477791618 14.500000000000002 -1496.8999999999999 5.0022727272727279 0.0027088322946076356 4.5036764705882364 1.3164313222079593 -5855.2799999999997 32.719836838487986 47.500000000000007 0.14275714285714289 0.30625000000000008 552.10000000000014 5.5000000000000009 0.00031828754308738805 1.2499873317307695 -23.108823529411762 0.38184480519480529 -0.04997678571428571 0.11950000000000001 2.0563492063492066 1.7958696610369926 37.786843447220811
decision_type=2 2 2 2 2 2 2 2 2 2 2 2 2 2 2 2 2 2 2 2 2 2 2 2 2 2 2 2 2 2
left_child=1 2 3 5 10 7 -3 8 11 16 14 12 -1 -7 17 -5 23 -2 -14 -16 -4 -11 -9 -8 25 -21 -27 -10 -25 -20
right_child=4 6 20 15 -6 13 9 22 27 21 -12 -13 18 -15 19 -17 -18 -19 29 24 -22 -23 -24 28 -26 26 -28 -29 -30 -31
leaf_value=0.022645124730508472 -0.082478943173544192 0.077703182543574556 0.056558589294031847 0.049634101960608482 0.12183939134502271 -0.0770986387155429 0.11514769932770404 0.051097009447384725 -0.037895457109238972 0.15606819408075953 0.10442692288461007 0.040427211443114362 -0.093102834380667798 0.0023319712309177406 0.068856719634460897 0.092582805952147795 -0.12655463576504583 0.065740499103485617 -0.01231277843882057 0.099234523716289366 0.12869194439909526 0.05435537630489589 -0.0029169973403095476 -0.03073427994113781 0.10315690209658801 0.10163587259419354 0.063808545208339632 0.0598744065670756 0.04969036743318625 0.37544603606069282
leaf_weight=1791.1004541441798 89.278588935732841 7618.2837971150875 8537.9593495279551 4776.2055554948747 4016.9267567694187 412.44960860908031 90.788446664810181 2764.2586311921477 1071.6217410899699 108.10465031117201 6035.0970042645931 2283.5547990351915 225.53431917354465 510.52473408728838 3185.2064192444086 850.44516355544329 67.501061215996742 142.92164225876331 601.51146814227104 3087.824559673667 215.08790734410286 2840.9439538680017 416.97481286525726 405.69484651833773 4088.3525693416595 1956.311658680439 4079.7890664190054 120.57409213483334 255.22614546120167 6.6149041652679434
leaf_count=11653 273 15316 19975 16663 2855 5067 250 10915 13472 194 5835 10678 3564 3430 4927 1180 557 242 5104 3541 266 7511 1942 2264 4363 2186 6372 754 869 24
internal_value=0.0686812 0.0493382 0.0410569 0.0315062 0.0947585 0.0179316 0.0672181 0.0230124 0.0120591 0.0460205 0.0899589 0.0217909 0.0055773 -0.0331632 0.0847083 0.0561256 0.00259402 0.00875166 -0.0310925 0.0857839 0.0583311 0.0580839 0.0440172 0.0141912 0.0898647 0.0839086 0.0760685 -0.0280074 0.000323098 -0.00809493
internal_weight=62652.7 35971 24584.4 15831.4 26681.7 10204.7 11386.5 9281.75 6100.51 3768.26 22664.8 4908.32 2624.76 922.974 16629.7 5626.65 819.21 232.2 833.661 16397.5 8753.05 2949.05 3181.23 751.709 13212.3 9123.93 6036.1 1192.2 660.921 608.126
internal_count=162242 131648 104687 84446 30594 66603 26961 58106 45249 11645 27739 31023 20345 8497 21904 17843 3940 515 8692 21389 20241 7705 12857 3383 16462 12099 8558 14226 3133 5128
is_linear=0
shrinkage=0.1


Tree=11
num_leaves=31
num_cat=0
split_feature=0 0 3 0 15 5 9 1 2 13 14 10 18 15 0 1 11 20 7 10 10 15 16 12 16 12 1 11 15 15
split_gain=2803.96 485.449 713.762 317.769 254.261 241.195 189.201 235.007 172.918 171.228 154.783 140.025 139.146 124.499 120.06 149.628 117.115 112.37 109.887 106.174 99.6176 98.7306 148.734 150.152 96.8596 96.7061 85.7661 85.1428 84.1297 183.128
threshold=0.39464733261725748 0.11173533083645444 3.5000000000000004 1.0104166666666667 -1.0000000180025095e-35 24.683333333333337 5.9985007496251876 0.03436466698157771 7.2540322580645169 0.036984427609427613 11.000869565217393 976935891410.42908 -1.0000000180025095e-35 0.80009000000000008 0.023904761904761908 0.13921188630490958 0.00091917268078016662 4.5000000000000009 140.01000000000002 118678.12175000001 68428857.185500011 -0.10127312499999998 0.11350000000000002 0.36920991931508823 0.22950000000000004 16.348786801801804 0.062895569620253181 0.025804864496428718 0.14546584415584418 -1.0000000180025095e-35
decision_type=2 2 2 2 2 2 2 2 2 2 2 2 2 2 2 2 2 2 2 2 2 2 2 2 2 2 2 2 2 2
left_child=1 2 5 8 -4 9 7 -6 20 17 11 13 24 21 15 -9 -11 -1 -16 -19 25 -3 23 -23 -10 -2 -8 -24 29 -26
right_child=3 10 4 -5 6 -7 26 14 12 16 -12 -13 -14 -15 18 -17 -18 19 -20 -21 -22 22 27 -25 28 -27 -28 -29 -30 -31
leaf_value=0.048361671020712052 0.076688132778610418 0.068820873759069853 0.041895049514280844 0.11406438927023424 -0.043146777521521532 0.080928001601871274 0.076956015835625696 -0.026219477400889087 0.10273094460543145 -0.012879185601667641 0.094446978773764456 -0.056351430378696311 0.11358254546167071 0.081787697867031203 -0.11317225915963372 0.014749857069561147 0.036745523487175275 0.063343313024067691 0.033128633125118136 0.13227103235846113 0.0035096059565228079 0.081134364685570184 0.035510110102870342 0.019024988585448446 0.091717148092712864 0.025014037460419254 0.02577390028595207 0.066683969017825598 0.092952544448507826 0.048369245736729155
leaf_weight=4556.984567053616 9300.9420279860497 2953.3821491599083 3299.480657543987 3869.3554170280695 1003.0959266535938 2542.7709011286497 429.99401250109076 1459.7353501170874 2468.4521046727896 654.07875837758183 1101.920892983675 110.98833513259888 2251.1676543056965 1698.4370336681604 52.743524610996246 2289.8120850548148 1742.5667673200369 720.23965790122747 1928.419355481863 324.0090596228838 200.77219113707542 1976.5299136787653 5790.2389004528522 484.69105772674084 1953.4450772106647 376.83999121189117 1372.2113546021283 1032.3296352177858 2741.6944205015898 1944.8930828273296
leaf_count=12904 12265 5824 18482 2855 9566 4127 2158 13897 2462 4416 1452 419 1780 2915 278 13457 6236 1588 7512 384 401 3458 14163 1214 2190 748 6880 2134 2930 3147
internal_value=0.0618408 0.0445334 0.0351749 0.0877076 0.0183201 0.0541002 0.00920749 0.00150544 0.0829057 0.0455709 0.058357 0.0555258 0.0913201 0.0564169 0.0093213 -0.0011999 0.0232022 0.0551419 0.0292337 0.0847302 0.0732296 0.0528956 0.0478293 0.0689031 0.0858179 0.074676 0.0379856 0.0402271 0.0795305 0.0700907
internal_weight=62632.2 37524.7 22376.1 25107.6 11835.5 10540.6 8536.01 6733.81 21238.2 7997.88 15148.5 14046.6 11359.7 13935.6 5730.71 3749.55 2396.65 5601.23 1981.16 1044.25 9878.55 12237.2 9283.79 2461.22 9108.48 9677.78 1802.21 6822.57 6640.03 3898.34
internal_count=162242 133464 101885 28778 72230 29655 53748 44710 25923 25528 31579 30127 12509 29708 35144 27354 10652 14876 7790 1972 13414 26793 20969 4672 10729 13013 9038 16297 8267 5337
is_linear=0
shrinkage=0.1


Tree=12
num_leaves=31
num_cat=0
split_feature=0 0 19 0 9 4 17 7 18 14 5 6 15 17 9 14 7 15 10 5 11 18 13 10 9 12 13 8 8 6
split_gain=2509.41 485.132 590.625 258.844 212.545 202.245 222.939 162.044 171.303 143.811 137.743 164.495 131.687 155.085 119.431 121.493 119.335 119.021 117.056 115.852 112.288 110.452 103.049 108.344 99.0414 101.516 94.0218 88.9523 85.8403 93.703
threshold=0.46206174777603354 0.11173533083645444 0.30758333333333338 1.0606617647058825 0.84793695835570226 0.8896057347670252 0.55598789450929542 680.0200000000001 -5987.9099999999989 3.5014285714285722 24.683333333333337 43.000500000000009 -0.068595816666666656 0.49728260869565222 4.8105850226788869 0.30771712158808939 7161.2200000000003 2.3897977454545458 23407795750.258854 23.966666666666672 0.0009970942859344105 -124.74999999999999 0.047153929229400933 4780.6987000000008 3.92310770462031 0.00078695425113871158 0.081752437749558732 21.003000000000004 9.2185000000000006 424.61400000000009
decision_type=2 2 2 2 2 2 2 2 2 2 2 2 2 2 2 2 2 2 2 2 2 2 2 2 2 2 2 2 2 2
left_child=1 2 4 7 -1 6 12 -2 -9 18 11 22 13 -6 15 16 -7 -17 19 24 -8 -10 -4 -24 25 -3 28 -14 29 -22
right_child=3 9 10 -5 5 14 20 8 21 -11 -12 -13 27 -15 -16 17 -18 -19 -20 -21 26 -23 23 -25 -26 -27 -28 -29 -30 -31
leaf_value=-0.03331922375172619 0.059653453396598201 -0.011355715338891336 0.057855229775335131 0.10748350088588206 0.046272413666733458 0.026379575809322899 -0.044124827825365712 -0.015238866363061883 0.079012526904217742 0.075649626609807896 0.074248840709673455 -0.0018654416599199358 0.018495682345468483 0.28033299555497576 0.057380088175077629 0.048027240916511005 -0.018999222408054357 -0.036154356856010733 -0.031948412009564546 0.067783731765863151 0.038732019731496654 0.098954769910744533 0.055331939257456587 -0.0017773367815015284 0.06251761465365191 0.043352318411334606 -0.04920987820083314 -0.024924453973126821 -0.020842946507732 0.20787352813484128
leaf_weight=740.87434008717537 3716.8443222045898 352.49430157244205 4340.1296749636531 3642.3874663561583 955.76689625531435 1731.6924372687936 955.42443027347326 175.15371456742287 10557.896314740181 2493.2414912432432 2126.7750376686454 673.9300684183836 3231.3793058693409 29.172208085656166 1636.5515920706093 2341.7452728189528 870.99253854900599 180.93094541877508 173.30320000648499 3154.1004640460014 357.50041738897562 3768.718148753047 647.59129028767347 682.08243380114436 2873.6193191856146 8979.8380606919527 231.09457190707326 552.48778058215976 248.48514972627163 36.056541908532381
leaf_count=7529 5414 952 9994 2790 4787 7304 12239 404 12447 3618 3389 3062 16738 81 4798 9120 5268 1258 599 5405 2111 3471 2255 3364 5244 20013 1874 4601 1942 171
internal_value=0.0558324 0.0411235 0.0313542 0.0831476 0.0188162 0.0217075 0.00925102 0.0782822 0.0830567 0.0533555 0.0522251 0.0448415 0.020634 0.0532049 0.0338609 0.0263512 0.0111935 0.0419896 0.0497771 0.0506992 -0.0204354 0.0842585 0.0503932 0.0260366 0.0462845 0.0412859 0.00548667 0.0121558 0.025174 0.0542283
internal_weight=62458.3 40597.3 22570.7 21861 14100.2 13359.3 6597.37 18218.6 14501.8 18026.6 8470.51 6343.73 4768.81 984.939 6761.91 5125.36 2602.68 2522.68 15533.4 15360.1 1828.56 14326.6 5669.8 1329.67 12206 9332.33 873.137 3783.87 642.042 393.557
internal_count=162242 137716 101885 24526 79821 72292 44544 21736 16322 35831 22064 18675 26207 4868 27748 22950 12572 10378 32213 31614 18337 15918 15613 5619 26209 20965 6098 21339 4224 2282
is_linear=0
shrinkage=0.1


Tree=13
num_leaves=31
num_cat=0
split_feature=0 0 1 0 0 3 4 17 4 10 12 12 13 1 17 8 4 2 10 18 7 15 9 12 14 12 19 17 2 12
split_gain=2225.91 397.202 394.635 253.425 208.992 342.991 209.628 185.655 158.874 126.75 151.987 121.265 143.922 120.978 111.675 108.013 103.718 113.643 97.2978 94.895 94.0544 91.5261 124.686 104.528 106.122 103.529 91.8651 92.4951 90.421 87.2038
threshold=0.46206174777603354 0.16754385964912283 0.57738095238095244 1.0104166666666667 0.022079135521611965 15.500000000000002 0.63235131854794224 0.64739304812834242 4.9946808510638308 1037701202.5786501 0.090161879168113454 0.14631471799421833 0.058890222755768981 4.5000000000000009 5.1702898550724647 83.015000000000015 0.79800995024875643 3.505555555555556 201.90905000000001 -1742.1499999999999 1139.1200000000001 -1.0000000180025095e-35 0.95359224807705367 0.9081442226332358 -8.9884615384615376 6.0157339244533459e-05 0.0078482737734706255 219.92857142857147 0.30625000000000008 0.34470911892843908
decision_type=2 2 2 2 2 2 2 2 2 2 2 2 2 2 2 2 2 2 2 2 2 2 2 2 2 2 2 2 2 2
left_child=1 2 4 8 5 6 7 -1 18 10 14 12 -3 -4 -8 21 20 -18 -2 -20 -16 -6 -23 25 -25 -24 -27 -28 -9 -11
right_child=3 11 13 -5 15 -7 9 28 -10 29 -12 -13 -14 -15 16 -17 17 -19 19 -21 -22 22 23 24 -26 26 27 -29 -30 -31
leaf_value=0.013729843060712616 0.028333754887574537 0.060985451094754783 0.042539185580306824 0.1010171061302929 0.050663286209376213 -0.031106622538620562 0.070413322897486932 -0.088373819817457594 0.083284070211140759 -0.034286136076687387 0.011954724875100395 0.035406846798238738 0.029393745702894228 0.077571059574930587 -0.029515437576496491 -0.069055528939813079 -0.029913062996489444 0.038456301814485928 0.016105280750591439 0.068480655404861687 0.21653082603782431 -0.064088308827348534 -0.11899758471695898 0.1660459428565598 -0.010886930412696651 0.071291952757610008 0.032945421017197454 -0.10120975345246673 -0.018415035515164678 0.12941338652383039
leaf_weight=1812.0395187400281 712.54770714044571 8735.13894495368 7319.5843778550625 3555.7766425907612 2388.3811796456575 1601.5109692253172 1308.9069313518703 293.2155534401536 7170.5780895352364 404.22185114398599 1855.2635166347027 4059.008679330349 1727.1877459436655 1139.2011725828052 21.671026341617107 102.42215150594711 286.23222266510129 1614.091057870537 358.89607663452625 9575.7131058424711 54.881331522017717 145.54179302230477 42.915950961410999 35.434501111507416 782.40723716467619 668.21052169054747 3815.9819446094334 52.094565220177174 499.43626465275884 35.39085253700614
leaf_count=10510 1306 14522 20287 2855 7169 19023 4246 5057 7665 3432 7872 8703 3465 1732 136 758 1842 4686 660 12040 283 984 215 77 3107 1826 12850 252 4449 233
internal_value=0.0504998 0.036805 0.0294704 0.076642 0.0210276 0.0112161 0.0194967 -0.0039278 0.0717777 0.0304298 0.0348368 0.0500781 0.0557701 0.0472572 0.0477567 0.0329807 0.0327556 0.0281583 0.0640284 0.0665886 0.146878 0.0342984 0.0272465 0.0297095 -0.00322099 0.0355909 0.0370534 0.0311386 -0.044294 -0.0211076
internal_weight=62173.9 40800.4 26279 21373.5 17820.3 9786.86 8185.35 2604.69 17817.7 5580.66 5141.05 14521.3 10462.3 8458.79 3285.78 8033.39 1976.88 1900.32 10647.2 9934.61 76.5524 7930.97 5542.59 5397.04 817.842 4579.2 4536.29 3868.08 792.652 439.613
internal_count=162242 137716 111026 24526 89007 61769 42746 20016 21671 22730 19065 26690 17987 22019 11193 27238 6947 6528 14006 12700 419 26480 19311 18327 3184 15143 14928 13102 9506 3665
is_linear=0
shrinkage=0.1


Tree=14
num_leaves=31
num_cat=0
split_feature=0 2 17 0 2 0 14 9 2 18 4 12 9 3 18 17 14 10 5 17 18 12 15 16 10 15 15 2 15 9
split_gain=1969.03 342.386 301.142 246.795 211.441 216.98 199.245 148.956 147.536 132.659 139.396 132.321 119.913 118.059 112.487 112.425 109.556 118.545 202.403 131.116 99.6159 99.5033 106.457 95.6975 93.6776 108.905 139.191 91.4883 90.9382 87.9029
threshold=0.46206174777603354 3.3009433962264154 0.64739304812834242 1.0606617647058825 0.49107142857142866 0.030395417590539545 8.9814285714285749 0.95359224807705367 7.6770833333333348 -2499.4999999999995 1.7010638297872342 32.719836838487986 5.4712078714748849 38.500000000000007 -84.499999999999986 22.016129032258068 0.18766534391534392 976935891410.42908 3.8697478991596643 20.75357142857143 -1709.2799999999997 0.75341184393939409 -0.0063736666666666655 0.33750000000000008 57754812.8464 -0.50181140909090904 0.68905057471264375 10.506410256410257 -0.10907545454545453 4.3308799807933269
decision_type=2 2 2 2 2 2 2 2 2 2 2 2 2 2 2 2 2 2 2 2 2 2 2 2 2 2 2 2 2 2
left_child=1 2 9 8 5 29 7 -3 -2 -1 11 21 15 -12 23 -9 -6 19 -19 28 -8 -11 -23 -10 25 -17 27 -27 -18 -4
right_child=3 6 4 -5 16 -7 20 12 14 10 13 -13 -14 -15 -16 24 17 18 -20 -21 -22 22 -24 -25 -26 26 -28 -29 -30 -31
leaf_value=-0.10793910779055592 0.056217031748755079 -0.016176689856408268 -0.084407391512213978 0.095661997495129769 -0.0019593262156789716 0.035130461553730792 0.022426030566631568 0.043043006059021345 0.086950768978192303 0.03490123221393221 0.070018478780155699 0.067323296224779658 0.058909999109084593 -0.074409408464710544 0.096257181781773948 0.077552098317202875 0.056840394784774997 0.26907649990392057 -0.099171306484130528 0.059499524228987438 0.075509906149117123 0.037775537171335215 0.0082193555750190699 0.061818248143531519 -0.016078088735536115 -0.0036599612886506713 0.078393610383226842 0.032224087324873349 0.0064287438782329245 -0.0046467850603466787
leaf_weight=67.13433900475502 8229.1934844553471 479.44897326081991 544.41815710067749 3331.8418596237898 2351.007265675813 315.13123625516891 414.90225033462048 8051.546033937484 2123.4865587800741 7791.6757134720683 1288.9033672735095 892.84954979643226 2850.9572378136218 59.196781679987907 1906.1634164601564 403.86365631967783 447.08467208221555 16.732595060020685 138.22076614946127 1037.1417808011174 2389.1661112271249 1774.9456434510648 3888.29532238096 5287.7004610002041 539.06092773005366 1382.2972490936518 391.34210381656885 1461.9230619817972 1792.5626920983195 185.17040586471558
leaf_count=490 11262 3129 9180 2790 12369 998 1364 19213 2143 27431 2711 1362 5066 216 1634 718 1526 94 1420 4375 3536 5918 14955 6697 2562 4490 621 3340 8156 2476
internal_value=0.0457187 0.0329775 0.0247337 0.0707118 0.00719031 -0.0342127 0.0431185 0.0386968 0.0659741 0.0323323 0.0329322 0.0300435 0.0404413 0.0636765 0.0745917 0.036136 0.0146702 0.0260628 -0.0594062 0.0301044 0.0676554 0.0275697 0.0174827 0.0690193 0.0228269 0.0285894 0.0224779 0.0147844 0.0164921 -0.0641641
internal_weight=61833.4 40955 22590.5 20878.4 6827.47 1044.72 18364.5 15560.4 17546.5 15763 15695.9 14347.8 15081 1348.1 9317.35 12230 5782.75 3431.74 154.953 3276.79 2804.07 13454.9 5663.24 7411.19 4178.49 3639.43 3235.56 2844.22 2239.65 729.589
internal_count=162242 137716 93677 24526 40594 12654 44039 39139 21736 53083 52593 49666 36010 2927 10474 30944 27940 15571 1514 14057 4900 48304 20873 8840 11731 9169 8451 7830 9682 11656
is_linear=0
shrinkage=0.1


Tree=15
num_leaves=31
num_cat=0
split_feature=0 0 19 0 9 14 7 18 12 14 2 18 7 0 11 4 13 10 12 15 5 12 1 7 6 16 15 12 10 15
split_gain=1737.37 311.393 375.251 238.507 145.941 144.746 139.131 144.521 128.164 117.811 108.061 107.473 107.422 114.716 106.166 103.52 95.0651 150.49 116.31 94.0707 113.943 88.9357 84.4723 82.3106 80.5188 78.7213 83.762 86.1658 91.0714 78.0255
threshold=0.46206174777603354 0.11173533083645444 0.30758333333333338 1.0104166666666667 4.8105850226788869 0.31824788583509517 680.0200000000001 -5987.9099999999989 0.044149464752663826 45.574583333333344 16.041666666666668 -1.0000000180025095e-35 7161.2200000000003 0.047478162862778249 0.0027903515216104644 4.6291666666666673 0.080069686411149837 99002742.809100017 0.14631471799421833 -0.018170909090909088 4.4868421052631584 24.537794124365487 0.36602870813397131 1139.1200000000001 307.2435000000001 0.18750000000000003 -0.79307760714285702 0.010864853130781107 1338796.3397000001 -0.13056946428571425
decision_type=2 2 2 2 2 2 2 2 2 2 2 2 2 2 2 2 2 2 2 2 2 2 2 2 2 2 2 2 2 2
left_child=1 2 4 6 5 12 -2 -8 25 16 21 -9 13 15 23 -1 18 -18 22 -10 -21 29 -3 -7 -15 -6 -27 28 -28 -4
right_child=3 9 10 -5 8 14 7 11 19 -11 -12 -13 -14 24 -16 -17 17 -19 -20 20 -22 -23 -24 -25 -26 26 27 -29 -30 -31
leaf_value=-0.018092015871914762 0.043076611080746098 0.043177818240496817 0.057259118252264707 0.090145393468868573 0.07083966233469613 0.024271342706414033 -0.025426729529495297 0.061776017051389909 0.054064643205501021 0.081072152949936555 0.067085293512672547 0.083802597905133752 -0.02947960995981655 0.010341014823515557 0.033881727257593468 0.039063414936109202 0.026560248817097822 -0.063561337347707483 0.027741734610682502 -0.0053504095342521429 0.044389825333739058 0.062644818889121587 0.072661567562569279 -0.011066083804048069 0.064435159882920243 0.13922403167900904 -0.12899986165773919 0.057986770406081405 0.00761665823019805 0.025434999946284155
leaf_weight=2160.8080098852515 3591.5326066166162 9614.3402358293533 893.89336491748691 3244.0147290974855 876.05216071009636 1171.3441388756037 173.65092214941978 10571.836587995291 530.84154679626226 653.13593135774136 1140.2834931090474 2802.334752753377 1425.4348961524665 901.08498407900333 2241.2765829339623 371.35103453695774 1508.2224103063345 211.24028661847115 5048.1368941515684 1776.7676438055933 621.68602437898517 946.82739304751158 1080.9958196878433 1507.4310780726373 396.13694659620523 50.755228668451309 73.658616080880165 160.73541002720594 144.55560767650604 5577.1321235373616
leaf_count=16717 5408 18072 2258 2855 3032 6478 403 13152 2333 765 1680 2708 11402 3367 8406 1187 3270 723 11462 9786 1723 1442 1539 12047 1368 116 458 808 593 16684
internal_value=0.0414132 0.0295712 0.0218392 0.0652815 0.0119888 0.00549609 0.0605755 0.0652144 0.0275876 0.0393739 0.0384252 0.0663913 -0.00604495 0.00267828 0.0178224 -0.00970995 0.0378143 0.0154886 0.0402527 0.0159731 0.0075424 0.0340195 0.0461578 0.00438586 0.0268599 0.0536434 0.0185847 0.00242673 -0.0384985 0.0298311
internal_weight=61467.5 41084.1 22968.1 20383.4 14409.9 10174.9 17139.4 13547.8 4235.05 18116.1 8558.14 13374.2 5254.82 3829.38 4920.05 2532.16 17462.9 1719.46 15743.5 2929.3 2398.45 7417.85 10695.3 2678.78 1297.22 1305.76 429.705 378.95 218.214 6471.03
internal_count=162242 137716 101885 24526 79821 60972 21671 16263 18849 35831 22064 15860 34041 22639 26931 17904 35066 3993 31073 13842 11509 20384 19611 18525 4735 5007 1975 1859 1051 18942
is_linear=0
shrinkage=0.1


Tree=16
num_leaves=31
num_cat=0
split_feature=0 5 0 0 10 1 14 4 0 8 11 17 2 15 9 1 2 11 4 3 14 14 11 13 18 10 15 18 16 15
split_gain=1525.07 270.073 243.655 228.612 192.057 182.658 161.942 138.992 125.359 184.92 119.098 121.636 129.997 104.906 91.8627 91.8174 86.6431 116.57 86.1625 92.6006 83.0841 82.3409 81.449 118.673 93.5319 80.2324 87.5129 113.096 85.2647 131.14
threshold=0.46206174777603354 24.267857142857146 0.15345368916797492 1.0606617647058825 3101973782634.0454 0.57738095238095244 1.1930194805194807 4.9946808510638308 0.022079135521611965 24.949000000000002 0.00091917268078016662 3.6654761904761908 6.9761904761904772 -0.019760965909090905 1.3608528710939913 0.84523809523809534 3.1681547619047623 4.3029021099739014e-08 4.4564393939393945 21.500000000000004 8.9814285714285749 -288.66666666666657 0.059926127206514225 0.083516886930983858 -134.93999999999997 201.90905000000001 0.32418660714285724 -124.74999999999999 0.15450000000000003 -0.0010666904761904761
decision_type=2 2 2 2 2 2 2 2 2 2 2 2 2 2 2 2 2 2 2 2 2 2 2 2 2 2 2 2 2 2
left_child=1 2 5 7 6 8 18 25 9 10 11 16 -13 -12 -15 -4 -1 -18 19 -3 22 -9 23 -10 -25 -2 27 28 -27 -30
right_child=3 4 15 -5 -6 -7 -8 21 20 -11 13 12 -14 14 -16 -17 17 -19 -20 -21 -22 -23 -24 24 -26 26 -28 -29 29 -31
leaf_value=0.00069780659746105647 0.015794798867325089 0.02085416558096161 0.032179357351694519 0.08556048855708015 -0.0474989573623558 0.029724202018261148 0.06379589978512247 -0.011846263531421352 0.020242940979048371 -0.055433017550349975 0.043249550355076688 -0.05289957773990174 0.029180483884558756 -0.0088692586218996599 0.02458130262729824 0.077847787603563062 0.36952024208905565 0.053621516346816514 0.043704527559444512 -0.08067227906726708 0.087059884039586061 0.068475475815937048 0.076793117540163769 -0.057007387821235184 0.054544764339275548 0.058674175191022505 0.063731125939465449 0.063228527493083095 0.04727911483848974 0.0057572001658000808
leaf_weight=1976.5095105469227 703.92635458707809 1393.7816049680114 11765.422040209174 3033.7793389707804 226.05394797772169 6747.5262701995671 3059.8639827296138 130.15557609498501 5394.9582811184227 531.47548703476787 1087.6547980196774 896.18562311679125 245.90028147026896 1685.9090321548283 1600.2435463406146 457.35696668922901 13.401335179805754 91.012934286147356 3016.0571365207434 96.026449851691723 181.67589061707258 6574.5706913620234 230.06259874999523 353.31284713000059 95.473877362906933 1053.5996978729963 3365.0811945796013 1985.1128728985786 1461.8063023090363 1585.8013350218534
leaf_count=13906 1306 3268 23416 2790 1295 19222 4818 262 19016 7953 4487 11968 1420 8615 7374 598 50 508 6496 436 332 7451 634 1641 263 1332 4045 2422 2016 2902
internal_value=0.0375569 0.0265659 0.0226501 0.0602892 0.0433282 0.0161498 0.046042 0.0557419 0.00978197 0.00159219 0.00558169 -0.00900426 -0.0352271 0.0163299 0.00742002 0.0338882 0.00538777 0.0941664 0.0339857 0.0143102 0.0204237 0.0669162 0.0184305 0.0161328 -0.033276 0.0483644 0.0507901 0.0436352 0.0341514 0.0256735
internal_weight=61039.7 41145.9 33354.1 19893.8 7791.78 21131.3 7565.73 16860.1 14383.8 8128.29 7596.82 3223.01 1142.09 4373.81 3286.15 12222.8 2080.92 104.414 4505.87 1489.81 6255.48 6704.73 6073.81 5843.75 448.787 10155.3 9451.4 6086.32 4101.21 3047.61
internal_count=162242 137716 121403 24526 16313 97389 15018 21736 78167 56281 48328 27852 13388 20476 15989 24014 14464 558 10200 3704 21886 7713 21554 20920 1904 14023 12717 8672 6250 4918
is_linear=0
shrinkage=0.1


Tree=17
num_leaves=31
num_cat=0
split_feature=0 0 20 5 18 15 10 12 5 5 14 14 16 14 15 2 18 14 16 10 0 8 0 10 6 11 9 8 17 11
split_gain=1335.17 280.246 221.913 198.227 163.862 150.14 148.454 134.953 128.689 168.666 123.239 118.099 109.111 122.396 121.869 100.3 100.108 98.5273 95.0687 93.753 93.0228 179.512 117.297 110.095 99.5268 90.5301 95.9395 89.3198 87.3038 82.3827
threshold=0.35767590618336892 0.74849397590361455 5.5000000000000009 24.267857142857146 -1352.7699999999998 -0.084015214285714276 5029867473149.5752 32.719836838487986 4.7083333333333348 0.34166666666666673 0.80026595744680862 13.506250000000001 0.11950000000000001 5.226346153846154 0.20000000067500004 28.803846153846155 -4499.4999999999991 -16.76444892473118 0.99950000000000017 105.00000000000001 0.02790758047767394 15.474500000000001 0.029520697167755995 19990.546300000005 142.51350000000005 0.01200427782250007 1.9986684420772305 0.22550000000000003 83.02500000000002 0.059926127206514225
decision_type=2 2 2 2 2 2 2 2 2 2 2 2 2 2 2 2 2 2 2 2 2 2 2 2 2 2 2 2 2 2
left_child=2 15 3 4 18 -6 10 8 9 20 -5 16 -10 14 -14 17 -3 -2 -1 -18 21 24 23 -22 -7 26 28 -24 -11 -29
right_child=1 11 -4 6 5 7 -8 -9 12 25 -12 -13 13 -15 -16 -17 19 -19 -20 -21 22 -23 27 -25 -26 -27 -28 29 -30 -31
leaf_value=-0.034230665628273489 -0.004757857158309689 -0.030725976361665703 0.052470175625426212 0.026432894961697536 0.034296635876243084 0.011467271296864017 -0.056283481238297628 0.056801053370762383 0.040666565054807174 -0.045782587493742144 0.055971775072275964 0.080722743358563651 0.0019075920825422207 0.048561315764674609 0.045259367648650108 0.071584986844245233 -0.0053158167263025607 0.042343556236102226 0.0076699658104976629 0.061625934708259424 0.47361661296971819 -0.068021212565673395 -0.14916025266298447 0.0045454622103075337 -0.06214424095990443 -0.08100542282910686 0.0098593352434325002 0.018294267384697891 0.02887843480203689 0.060417462095979785
leaf_weight=891.0118105225265 461.97699457406998 125.41591531038284 2298.1815909855068 3100.0723983831704 5294.5677864439785 4380.041312623769 165.15404793247581 763.62931323051453 2605.9260942526162 859.10363521054387 2594.4638030938804 3354.5266676843166 3860.2211899682879 951.53685726597905 779.37912112101912 1138.5389108508825 216.23155146837234 11481.763564363122 1380.4328168965876 6446.6029331088066 11.126162037253382 329.70923349261284 30.545900247991085 9.093037396669386 191.71382934972644 198.42614348977804 1124.1557836048305 4850.3829198628664 191.53772895410657 513.44282228499651
leaf_count=5767 946 264 4125 7825 17194 19518 1097 1213 6888 6520 4470 3259 13090 2091 1902 1300 436 16867 8489 7522 34 5431 160 70 2823 1098 6099 13602 1099 1043
internal_value=0.0340678 0.0528974 0.0223666 0.0203942 0.0170274 0.0192019 0.0371803 0.0155104 0.0140008 0.00769192 0.039891 0.0653728 0.023767 0.0158905 0.00919 0.0432251 0.0577873 0.0405217 -0.00876625 0.0594534 0.0132217 0.00324107 0.0222565 0.262665 0.00838042 -0.0163452 -0.0104457 0.0213554 -0.0321715 0.0223264
internal_weight=60598.9 23225.1 37373.9 35075.7 29216 26944.5 5859.69 21650 20886.3 12689.3 5694.54 10142.8 8197.06 5591.14 4639.6 13082.3 6788.25 11943.7 2271.44 6662.83 10316.1 4901.46 5414.59 20.2192 4571.76 2373.22 2174.8 5394.37 1050.64 5363.83
internal_count=162242 30594 131648 127523 114131 99875 13392 82681 81468 57497 12295 11481 23971 17083 14992 19113 8222 17813 14256 7958 42681 27772 14909 104 22341 14816 13718 14805 7619 14645
is_linear=0
shrinkage=0.1


Tree=18
num_leaves=31
num_cat=0
split_feature=0 0 5 18 0 19 5 3 0 8 14 18 5 13 7 17 10 1 15 13 6 6 2 3 5 18 15 16 15 15
split_gain=1168.78 216.383 196.965 188.25 167.4 156.227 124.088 119.441 117.281 151.049 114.552 107.006 106.635 153.586 119.075 104.313 96.6865 93.6267 87.6762 84.3773 80.4965 79.8058 114.087 101.557 77.3651 76.9716 86.7926 86.0727 138.899 72.0028
threshold=0.46206174777603354 1.0606617647058825 14.775000000000002 -1472.9099999999996 0.1502688172043011 0.35475000000000007 50.125000000000007 47.500000000000007 0.022779161477791618 24.004500000000004 45.574583333333344 -1597.7799999999997 47.677083333333336 0.054923507864684341 1812.6850000000002 2.2004464285714289 400.03760000000005 0.45804195804195807 0.7395073314285715 0.027418142332108254 30.500500000000002 120.75150000000001 0.24264705882352944 6.5000000000000009 42.52272727272728 -132.94999999999996 0.26643639705882355 0.11950000000000001 -1.0000000180025095e-35 -0.072733636363636348
decision_type=2 2 2 2 2 2 2 2 2 2 2 2 2 2 2 2 2 2 2 2 2 2 2 2 2 2 2 2 2 2
left_child=2 6 4 7 5 8 11 12 9 21 15 24 -4 -14 -15 -5 -13 -10 29 -7 -16 -1 -23 -24 -2 26 27 -18 -29 -17
right_child=1 -3 3 10 -6 19 -8 -9 17 -11 -12 16 13 14 20 18 25 -19 -20 -21 -22 22 23 -25 -26 -27 -28 28 -30 -31
leaf_value=0.0075051740242138738 0.010231049571734631 0.07721685767130175 0.0022662807083507507 0.052945797850811216 0.027258659790929174 0.03579309900226027 0.067155015138957427 -0.11875659998172826 0.015181977523158731 -0.056218237274397953 0.08135465832292578 0.016992811291852535 0.081751610436403555 0.083319702708470819 0.045784926184387585 0.046621931486307847 0.055910567235819754 0.12789286680522868 0.062210944302528354 0.0065337498186906727 -0.045361468750164911 -0.065028849486055071 -0.059892936235248252 0.0073311997297741717 -0.14709569821106236 0.061292080967073094 0.055728679661744086 0.045961177237742346 0.0087941175853454012 0.019291299623265389
leaf_weight=5505.5462425202131 549.4896320104599 2779.7033956348896 2347.0998547822237 2584.2543534636497 9773.506793692708 3229.4239787906408 2573.301685333252 68.771807990968227 5548.5159680917859 485.80977405235171 592.1410248875618 1119.9308165609837 489.54409512877464 152.92532112449408 137.59989578276873 1223.515271063894 1475.8745229095221 74.692189157009125 715.16183213889599 1418.5041247569025 327.53803025186062 381.82957057282329 270.99860997870564 1316.2453622892499 33.141676157712936 3095.4121480286121 3320.8693298101425 2043.9051269292831 1979.1480125933886 4543.5661123022437
leaf_count=29026 975 2790 8356 4743 19654 6864 2896 601 19510 7933 666 1988 739 225 229 2148 1832 102 1064 5642 1518 6406 1732 10587 104 3646 4100 2749 3446 9971
internal_value=0.0309033 0.0514413 0.0214436 0.0315231 0.0166991 0.0110384 0.0470161 0.0117376 0.0056235 -0.00218612 0.0387408 0.0432106 0.0143353 0.0399104 0.00676967 0.0359577 0.0450847 0.0166791 0.0291851 0.0268634 -0.018398 0.00132567 -0.0159523 -0.00414633 0.00128187 0.0477251 0.0429636 0.0352545 0.0276768 0.0250896
internal_weight=60158 18970.8 41187.2 13182.1 28005.1 18231.6 16191.1 3523.48 13583.6 7960.43 9658.64 13617.8 3454.71 1107.61 618.063 9066.5 13035.1 5623.21 6482.24 4647.93 465.138 7474.62 1969.07 1587.24 582.631 11915.2 8819.8 5498.93 4023.05 5767.08
internal_count=162242 24526 137716 30260 107456 87802 21736 11668 75296 55684 18592 18840 11067 2711 1972 17926 17761 19612 13183 12506 1747 47751 18725 12319 1079 15773 12127 8027 6195 12119
is_linear=0
shrinkage=0.1


Tree=19
num_leaves=31
num_cat=0
split_feature=0 0 8 2 10 18 9 18 15 11 8 10 12 9 12 15 5 14 9 13 18 0 1 19 2 18 3 17 12 14
split_gain=1031.3 239.654 166.011 154.002 133.682 126.008 125.357 113.868 110.871 101.354 90.8501 97.3198 90.4061 112.74 86.723 100.802 89.4411 85.1625 83.3089 80.3149 76.1338 73.352 140.12 70.7091 70.3264 133.454 67.5524 66.7494 65.9287 75.3386
threshold=0.55662393162393176 0.16754385964912283 1.6810000000000003 12.482919254658386 880.41340000000014 -86.499999999999986 5.2110488355926323 -97.84999999999998 -1.0000000180025095e-35 0.022562274370749247 83.015000000000015 5029867473149.5752 0.041667315931946197 2.7948583355204781 24.537794124365487 -0.0063736666666666655 7.9687500000000009 -288.66666666666657 0.50025025025025038 0.13611145510835918 -5987.9099999999989 0.022779161477791618 0.11583184257602865 0.092866071428571437 2.4641025641025647 1.0000000180025095e-35 5.5000000000000009 10.25277777777778 0.0002152476170380999 2.8457017543859648
decision_type=2 2 2 2 2 2 2 2 2 2 2 2 2 2 2 2 2 2 2 2 2 2 2 2 2 2 2 2 2 2
left_child=1 2 12 20 23 6 -6 17 -4 10 21 -12 13 18 15 27 -17 26 -1 -8 -2 22 -10 -3 25 -24 -5 -14 29 -23
right_child=3 4 8 7 5 -7 19 -9 9 -11 11 -13 14 -15 -16 16 -18 -19 -20 -21 -22 28 24 -25 -26 -27 -28 -29 -30 -31
leaf_value=-0.080813616698399829 -0.077269211698744858 -0.04460705742258575 0.020966262420362144 0.029685394345557642 0.025096010342082944 0.059459559212877849 0.050536713298216067 0.085992551513754761 -0.03384349764129025 0.026234796340040518 -0.097987788368991816 0.37405393009939347 0.056191604180904957 0.056890640123702707 0.045220635255560693 -0.0065403760578990368 0.026915248423454829 0.057734135514193111 0.025879418110156174 -0.057444675569125969 0.043588312672819637 -0.12852915658404052 -0.023510778205112132 0.011378217098874918 0.015678657883590279 0.035501228085214685 -0.12743904432633771 -0.023425095194497429 0.012149071157367059 0.046535496455638869
leaf_weight=76.025024875998497 52.47132508456707 269.25409390032291 5460.8314930610359 73.615760251879692 12875.731325462461 1524.3667306154966 2878.5087840855122 1695.6153519898653 1406.650749547407 1736.1344193294644 128.53205827623606 4.5212065055966368 673.38472808152437 1680.7719582095742 926.98603552952409 2426.0110394395888 1191.5893549695611 4152.143349930644 1958.743413541466 70.569503724575043 7854.2980311661959 69.887856230139732 1677.1404138691723 1391.2520037442446 2085.2670219503343 496.72383359819651 43.549234256148338 124.8219147361815 4654.3803194910288 37.92009674757719
leaf_count=456 142 696 23254 112 23815 1946 4157 1572 16930 5578 1660 37 1790 3789 1480 9957 2664 4954 4643 178 10567 389 12935 2945 7008 1938 132 418 16012 88
internal_value=0.0280485 0.0208171 0.0147285 0.051938 0.0294063 0.0320006 0.0293556 0.0640689 0.00910897 0.00384347 0.000162545 -0.0819476 0.0257449 0.0377247 0.0174138 0.0115765 0.00447946 0.0553616 0.021893 0.0479528 0.0427863 0.00121021 -0.00647896 0.0023001 0.00255865 -0.0100266 -0.0287164 0.0437413 0.0103583 -0.0669524
internal_weight=59697.7 45826 26816.3 13871.7 19009.7 17349.2 15824.8 5964.92 17758 12297.2 10561 133.053 9058.33 3715.54 5342.79 4415.81 3617.6 4269.31 2034.77 2949.08 7906.77 10428 5665.78 1660.51 4259.13 2173.86 117.165 798.207 4762.19 107.808
internal_count=162242 144763 111026 17479 33737 30096 28150 6770 85829 62575 56997 1697 25197 8888 16309 14829 12621 5198 5099 4335 10709 55300 38811 3641 21881 14873 244 2208 16489 477
is_linear=0
shrinkage=0.1


Tree=20
num_leaves=31
num_cat=0
split_feature=0 12 18 5 9 0 0 19 6 16 1 4 4 0 4 11 14 7 8 18 7 19 17 18 15 13 1 5 18 0
split_gain=893.882 207.524 185.849 152.39 161.009 149.493 116.707 123.155 103.678 99.7739 137.093 94.362 92.5914 130.938 110.904 89.8333 97.1125 92.3529 88.937 87.521 85.2374 84.8499 83.531 91.9803 83.0273 82.7139 80.7007 79.4147 78.9393 89.2009
threshold=0.55662393162393176 0.05693018893011751 -5284.4999999999991 47.100000000000009 5.4712078714748849 1.0606617647058825 0.13667496886674971 0.01559449404761905 117.33650000000002 0.71550000000000014 0.010666742519057915 9.2792207792207808 1.3758116883116884 0.022779161477791618 0.57238095238095255 0.00012503109159236859 5.4365151515151524 815534.79500000016 21.003000000000004 -136.57999999999996 3478.4200000000005 0.0085022522522522539 89.441666666666677 -577.34999999999991 0.16875000312500002 0.24600000000000002 0.011142147734326507 7.9687500000000009 -131.27499999999998 0.23145604395604399
decision_type=2 2 2 2 2 2 2 2 2 2 2 2 2 2 2 2 2 2 2 2 2 2 2 2 2 2 2 2 2 2
left_child=1 2 25 4 6 11 7 9 27 10 -4 -2 13 -10 22 17 24 19 -5 -9 -16 26 23 -15 -17 -1 -14 28 29 -3
right_child=5 8 3 18 -6 -7 -8 15 12 -11 -12 -13 21 14 20 16 -18 -19 -20 -21 -22 -23 -24 -25 -26 -27 -28 -29 -30 -31
leaf_value=-0.0068714617831082542 0.038310633998700411 -0.012258900064476877 0.070811143704880994 0.055661884013551682 0.043067016581587285 0.069801369029425339 0.027659609979932616 -0.026558527125341937 -0.0531838299342733 -0.090234950828533098 -0.059125132768956826 0.061489258090762271 0.19049660221700698 -0.10786902853307585 -0.066630507061116478 0.0073510359544662063 0.044637921578096172 0.23985103509822206 -0.033134793363690372 0.022702570615551667 0.011830956145866402 0.0043070042507984997 0.14552776320753943 0.030307517119773825 0.050360846258845862 -0.092250855113428232 0.037972529153952023 0.029072063982595615 0.016651740074225367 0.027065042825535401
leaf_weight=729.55686217360198 8766.323574706912 2198.6100475154817 146.12654248252511 2236.1263260468841 3724.5499954223633 2558.1277799606323 9027.8240280300379 1007.5276790075004 669.40054106526077 205.32578768953681 182.75143739208579 2196.4704584181309 38.230699628591537 52.688854545354843 306.07281882315874 3467.371684897691 1273.9329811315984 15.065531540662048 118.78658652305603 561.75768747553229 252.8304058983922 3713.8883545249701 56.495874464511871 562.40236431360245 515.57208477705717 134.3654809333384 374.53069092333317 3627.8870046846569 9760.987816773355 782.01349338889122
leaf_count=4165 12153 11710 544 3414 7943 2790 16232 8188 9924 1870 1352 2536 69 244 1189 13990 3111 88 589 1944 763 11473 116 1805 1932 1459 875 8016 30330 1428
internal_value=0.0254446 0.0187675 0.0253645 0.0271135 0.0242974 0.048034 0.0200355 0.0107034 0.0118905 -0.0355396 -0.00139205 0.0429546 0.000676976 -0.0175908 0.0017722 0.0143143 0.0206052 -0.00655892 0.0511828 -0.00892451 -0.031137 0.00908738 0.0291596 0.0184713 0.0129184 -0.0201505 0.0520996 0.0160188 0.0123022 -0.00194164
internal_weight=59263.6 45742.7 23346.6 22482.7 20127.8 13520.9 16403.3 7375.43 22396 534.204 328.878 10962.8 6026.54 1899.89 1230.49 6841.23 5256.88 1584.35 2354.91 1569.29 558.903 4126.65 671.587 615.091 3982.94 863.922 412.761 16369.5 12741.6 2980.62
internal_count=162242 144763 66821 61197 57194 17479 49251 33019 77942 3766 1896 14689 26458 14041 4117 29253 19033 10220 4003 10132 1952 12417 2165 2049 15922 5624 944 51484 43468 13138
is_linear=0
shrinkage=0.1


Tree=21
num_leaves=31
num_cat=0
split_feature=0 14 15 15 16 12 1 18 0 12 15 7 11 9 11 14 17 4 8 15 15 10 9 7 13 17 12 1 11 17
split_gain=771.339 179.558 174.684 173.266 160.573 202.253 169.127 147.843 131.818 126.66 113.116 111.396 110.246 106.016 105.364 104.021 98.2037 89.8017 88.0889 85.9677 84.0605 95.7433 124.571 94.5583 82.4484 115 96.0101 78.6794 74.2375 73.1537
threshold=0.55662393162393176 11.375555555555557 0.80009000000000008 -0.072733636363636348 0.17950000000000002 0.34470911892843908 0.03436466698157771 -90.499999999999986 0.17425810904071776 24.537794124365487 1.1291165000000001 7.9900000000000011 0.072387271436285164 1.6982735580777832 0.00027544989416153457 -288.66666666666657 2.2004464285714289 4.5064102564102573 6.2725000000000009 0.38184480519480529 -0.0063736666666666655 600.10775000000012 1.5205275066739832 134.02000000000001 0.062042234696605192 25.009966777408639 0.0097436248353654342 0.29520697167755999 0.00012503109159236859 19.006818181818186
decision_type=2 2 2 2 2 2 2 2 2 2 2 2 2 2 2 2 2 2 2 2 2 2 2 2 2 2 2 2 2 2
left_child=1 2 3 -1 5 24 8 15 -6 12 -4 -9 -8 28 -3 -2 -14 -10 -18 -17 23 29 -23 -7 25 -5 -27 -24 -12 -22
right_child=7 14 10 4 6 20 9 11 17 -11 13 -13 16 -15 -16 19 18 -19 -20 -21 21 22 27 -25 -26 26 -28 -29 -30 -31
leaf_value=0.025663259557696678 -0.032035860649184206 0.013634134813838992 0.054998895609162837 0.045527287524280355 -0.047751515171278756 0.1854557148861887 0.0036969383590455367 -0.013850610950934676 0.029910062536244397 0.042617682519211386 -0.033960218490717474 0.065953598386262552 0.052070475574018164 0.038944618306169979 0.048918005100938661 0.031497940955374046 0.01833367215995569 -0.048651915248146764 -0.11220725302394584 0.050894702688754345 -0.052613055642425716 -0.061884902252514112 -0.00067019806141380015 -0.010206303656319126 0.0044391705967044021 0.040149960484800719 -0.011603739750921431 0.054973520513699317 0.021900897220733989 0.16177133903234303
leaf_weight=8330.7809492647648 207.8264776468277 1249.9973450675607 1652.1594461202621 3561.0149603299797 1036.5894311498851 47.759672407060862 17601.131803557277 184.49202619493008 519.57777985930443 974.23467625677586 455.66517694480717 3368.0947678983212 867.09959362447262 1323.105609357357 2620.7710604257882 5547.8892044126987 183.18419642746449 202.09099939465523 72.014081530272961 3885.0412321686745 522.95764497667551 242.45959012582898 808.49266629479825 51.154505275189877 1001.2770293727517 660.7297600787133 783.52963898703456 370.59411970898509 497.81986978277564 16.416222386062145
leaf_count=23881 444 4301 2814 9012 9042 84 61586 377 1012 1668 2573 3790 1878 3042 4423 8007 399 528 278 4861 2151 1273 3299 225 4353 1596 2976 1162 1177 30
internal_value=0.0230738 0.0169191 0.0150102 0.0129271 0.00933313 0.0213612 0.00481116 0.0443708 -0.0249055 0.00746374 0.0350806 0.0618092 0.00563457 0.0206256 0.0375237 0.0379449 0.0360227 0.00791012 -0.0185035 0.0394867 -0.00567866 -0.0102158 0.00339519 0.084267 0.030634 0.0358741 0.0120729 0.016819 -0.00479482 -0.0460881
internal_weight=58846 45652.6 41781.8 37853.1 29522.3 8066.39 21455.9 13193.3 1758.26 19697.7 3928.75 3552.59 18723.4 2276.59 3870.77 9640.76 1122.3 721.669 255.198 9432.93 2059.83 1960.92 1421.55 98.9142 6006.55 5005.27 1444.26 1179.09 953.485 539.374
internal_count=162242 144763 136039 126433 102552 26161 76391 17479 10582 65809 9606 4167 64141 6792 8724 13312 2555 1540 677 12868 8224 7915 5734 309 17937 13584 4572 4461 3750 2181
is_linear=0
shrinkage=0.1


Tree=22
num_leaves=31
num_cat=0
split_feature=0 0 18 1 20 4 16 5 6 18 15 15 14 18 0 16 12 19 14 16 10 4 0 14 19 12 10 7 15 6
split_gain=675.018 205.498 122.621 107.924 86.2719 81.14 88.965 78.2729 100.619 76.4126 87.9041 90.5708 74.4769 73.8621 73.5633 69.4477 200.155 196.755 99.0272 88.9712 124.983 75.6172 68.1926 67.0601 82.0752 78.2898 74.0847 64.4048 64.3408 75.0004
threshold=0.66789215686274517 0.25137362637362642 4.049999999999998 4.5000000000000009 0.87500000000000011 9.6690476190476193 0.11950000000000001 47.677083333333336 176.56100000000004 -1493.9799999999998 0.80009000000000008 -0.0026918205128205123 -23.108823529411762 -7999.4999999999991 0.18786764705882356 0.14550000000000002 0.34470911892843908 0.017338541666666669 0.22228132387706859 0.96050000000000002 13852.646050000001 4.4299719887955193 0.012220009955201594 0.050210084033613454 0.013889898989898992 0.13346688859984429 201.90905000000001 59009.755000000012 0.00081433333333333347 16.803000000000004
decision_type=2 2 2 2 2 2 2 2 2 2 2 2 2 2 2 2 2 2 2 2 2 2 2 2 2 2 2 2 2 2
left_child=1 3 5 4 -1 6 -2 9 -9 12 11 27 14 -8 -6 16 -13 22 19 20 -19 -21 -17 26 -25 -26 -3 -11 -20 -30
right_child=2 23 -4 -5 7 -7 13 8 -10 10 -12 15 -14 -15 -16 17 -18 18 28 21 -22 -23 -24 24 25 -27 -28 -29 29 -31
leaf_value=-0.015475409012292107 0.055104943097459558 -0.14369047580457589 0.067730334055702654 0.042762776135390396 0.073359312111744499 0.057878875063507855 -0.11686730156189021 0.050712022155248129 -0.013235476211939157 0.018775767734166716 0.03956880753420932 0.029999868887452891 -0.011806279118678299 0.027756543211128155 -0.074087465422010987 -0.10117251763805019 -0.014130461533532188 0.0031653909612688611 0.057237942390442324 -0.0047101741772058682 -0.06907069526196849 0.035948826664564705 -0.030028626317087432 0.058931289990682714 0.032130560764349496 0.011096827903905745 0.017371497667405655 0.083143216145347087 0.021169232502916087 0.00089938193795872478
leaf_weight=1235.7839763294905 1458.9367062300444 28.698489502072334 1927.7650207579136 1066.8599777445197 192.70040223188698 1829.1323779970407 35.604529902338982 1010.7605600357056 325.22558834031224 7077.6869958862662 1106.2957115471363 3483.6514247152954 2275.7682722639292 4321.6450672894716 41.043973669409752 180.6149145513773 1457.8618583735079 480.92682650871575 314.59504503943026 2953.5879419744015 477.17314739711583 541.23034208267927 530.3218092918396 890.14060311019421 7596.4686440229416 2307.0013978034258 5873.9629904478788 158.93910643458366 3656.5565923787653 3645.1323734335601
leaf_count=11013 1772 96 2164 1732 667 2187 106 1685 1484 23812 2473 11214 12196 6359 132 2205 6454 1757 830 12531 2415 1278 2667 1132 11516 4301 10308 466 10745 14545
internal_value=0.020908 0.0161549 0.0451917 0.0114882 0.010417 0.0395086 0.0337313 0.0114868 0.035145 0.0103806 0.0119852 0.0107625 -0.00628522 0.0265748 0.0474686 0.00691305 0.0169804 0.00302046 0.00603188 -0.00581454 -0.0328111 0.00158654 -0.0481029 0.0251584 0.0298451 0.0272308 0.0165884 0.0201895 0.012958 0.0110502
internal_weight=58482.1 48909 9573.08 32212.7 31145.9 7645.32 5816.19 29910.1 1335.99 28574.1 26064.6 24958.3 2509.51 4357.25 233.744 17721.7 4941.51 12780.1 12069.2 4452.92 958.1 3494.82 710.937 16696.3 10793.6 9903.47 5902.66 7236.63 7616.28 7301.69
internal_count=162242 149654 12588 122301 120569 10424 8237 109556 3169 106387 93392 90919 12995 6465 799 66641 17668 48973 44101 17981 4172 13809 4872 27353 16949 15817 10404 24278 26120 25290
is_linear=0
shrinkage=0.1


Tree=23
num_leaves=31
num_cat=0
split_feature=0 2 8 0 18 8 0 18 7 6 20 16 4 0 11 17 12 20 8 2 8 5 10 18 14 15 4 18 10 13
split_gain=580.857 184.063 118.488 115.846 111.076 105.01 94.0304 90.7405 83.1189 79.3033 77.9078 72.4654 73.9288 69.793 107.808 75.5832 106.404 85.1225 81.2674 73.639 103.326 71.9208 71.5374 66.7964 61.4265 101.684 73.6143 85.2647 86.6648 97.1184
threshold=0.66789215686274517 12.026315789473687 8.2105000000000015 0.087228260869565227 4.049999999999998 58.016000000000012 0.028915830546265332 -1496.8999999999999 5120.7900000000009 43.000500000000009 5.5000000000000009 0.31550000000000006 9.6690476190476193 0.022079135521611965 4.6152494468950977e-09 4.811011904761906 24.537794124365487 1.2500000000000002 23.005000000000006 5.9897959183673484 14.710500000000001 2.3666666666666671 9947.7541000000019 -1285.5199999999998 0.73344298245614048 -0.035500062499999992 2.8345238095238101 -1186.0199999999998 49224.052950000012 0.048024024024024031
decision_type=2 2 2 2 2 2 2 2 2 2 2 2 2 2 2 2 2 2 2 2 2 2 2 2 2 2 2 2 2 2
left_child=1 3 -3 5 11 9 -4 -5 10 -1 -9 -2 -13 14 19 18 17 22 24 -11 -21 -19 -17 -8 25 -16 27 -26 29 -29
right_child=4 2 6 7 -6 -7 23 8 -10 13 -12 12 -14 -15 15 16 -18 21 -20 20 -22 -23 -24 -25 26 -27 -28 28 -30 -31
leaf_value=0.012361664219926686 0.052748574323529931 0.036609301657194046 -0.057561090307755539 -0.0070525032667224227 0.063776884497172157 -0.053685342902697976 -0.0071073544548660205 0.01276288251594161 0.027517958609119833 -0.053048082408111624 0.062401139930964328 0.023871311995717365 0.050870221587542445 0.015793077599618972 0.053711912761162307 -0.10177866047635686 0.26211623652389188 -0.046431503082331405 -0.085298207872194234 0.0074678148985535472 0.38886269045865229 0.02721894599887667 -0.020364186268862529 0.027435005968741488 -0.086121677282964035 -0.014020781399631407 0.073155638639844478 -0.097672111526671171 0.077166512200479931 0.041522843887279191
leaf_weight=11059.014054212719 1988.6066693812609 5525.2558070458472 185.63323261216283 1488.4962399452925 1846.8437122404575 289.69523867405951 831.12603558972478 13097.255242213607 6821.1833835691214 632.13407608121634 324.0122125595808 4149.832329750061 1342.227107450366 1858.9679855145514 292.48300939425826 114.76157623901963 14.066906467080114 164.70090412348509 81.124923180788755 41.097503658384085 8.5875519551336748 680.01567167788744 1812.2091924734414 1714.9717512726784 74.062940523028374 915.12431932985783 343.51897966116667 84.210269708186388 201.75365115702152 123.83785627782345
leaf_count=38459 2469 9167 1166 3559 2164 3704 2130 27473 12350 10393 413 6256 1699 7454 1347 655 49 1599 1100 278 47 2908 13443 2968 596 5532 819 479 1023 543
internal_value=0.0189501 0.0145781 0.0281863 0.0118052 0.0418143 0.00605537 0.0111497 0.0167772 0.0185295 0.00699078 0.0139612 0.0363921 0.0304697 -0.000989802 -0.0065773 -0.00139505 -0.0122176 -0.0136099 0.0128523 -0.0438345 0.073388 0.0128588 -0.0252129 0.0161593 0.016765 0.00238411 0.0377547 0.0126219 0.0304677 -0.0148182
internal_weight=58106.8 48779.3 8256.99 40522.3 9327.51 18791.4 2731.73 21730.9 20242.5 18501.7 13421.3 7480.67 5492.06 7442.66 5583.69 4901.87 2785.75 2771.69 2116.12 681.819 49.6851 844.717 1926.97 2546.1 2034.99 1207.61 827.384 483.865 409.802 208.048
internal_count=162242 149654 15431 134223 12588 90428 6264 43795 40236 86724 27886 10424 7955 48265 40811 30093 18654 18605 11439 10718 325 4507 14098 5098 10339 6879 3460 2641 2045 1022
is_linear=0
shrinkage=0.1


Tree=24
num_leaves=31
num_cat=0
split_feature=0 0 14 11 15 15 15 5 16 1 12 3 12 16 18 9 7 19 20 10 17 17 17 11 17 16 18 9 17 5
split_gain=498.983 164.644 113.521 104.358 91.7098 121.036 104.533 91.5816 86.8528 131.272 107.389 99.7478 94.0533 82.3209 99.9686 81.8464 80.4846 73.5923 67.9756 73.9256 71.43 73.3978 67.6282 67.2394 103.935 107.062 67.2039 66.7457 82.644 79.1356
threshold=0.46206174777603354 1.0606617647058825 9.0020000000000007 9.0020141058599597e-05 0.80009000000000008 -0.084015214285714276 1.1291165000000001 50.125000000000007 0.17950000000000002 0.03436466698157771 0.34470911892843908 33.500000000000007 24.537794124365487 0.31550000000000006 -1597.7799999999997 1.7756734316373615 311.12000000000006 0.030303689064558634 5.5000000000000009 805.18505000000016 0.12009615384615387 418.70833333333343 2.0023148148148153 0.072387271436285164 4.1676245210727982 0.82150000000000001 -3452.9599999999996 1.5205275066739832 150.58333333333334 4.4868421052631584
decision_type=2 2 2 2 2 2 2 2 2 2 2 2 2 2 2 2 2 2 2 2 2 2 2 2 2 2 2 2 2 2
left_child=2 7 4 18 5 -1 -6 13 10 11 22 -10 23 16 -15 -8 17 -2 19 -4 -21 -22 -7 -11 -25 -26 -3 28 -12 -29
right_child=1 26 3 -5 6 8 15 -9 9 12 27 -13 -14 14 -16 -17 -18 -19 -20 20 21 -23 -24 24 25 -27 -28 29 -30 -31
leaf_value=0.019622724404401652 -0.15341507300923052 -0.073106710617172971 -0.12941873802441237 0.036984248061326858 0.049593867148699539 0.036956648233030708 -0.014395605071073675 0.046518864507972366 -0.067002517049031318 0.00079438678461282047 -0.068580243384844031 -0.010867543928589594 0.034563292310000313 -0.02706577673198728 0.021994980506000624 0.030480723194747084 0.043780113483693761 0.0070465714170249993 0.06083365109402028 0.049693583244106526 -0.033810143471402591 0.068436050151311156 0.01340564435325476 0.043503154483818203 0.054135822525117831 -0.10862743510315286 0.059456524442660141 -0.012083303568947316 0.19535397166995719 0.036747220557664065
leaf_weight=7166.1478284411132 31.570112243294716 38.928739666938782 49.884757667779922 2914.7163413167 1175.9603946693242 1865.448722967878 730.9108298048377 2221.5214025229216 428.48056859150529 16192.725500818342 230.20061760023236 1211.7175030782819 954.54330026358366 436.02653482556343 8750.685141518712 915.40716289542615 2846.3772282600403 301.95458269119263 154.22697021812201 189.70997449755669 537.45831827260554 80.75772263482213 3520.1153397709131 781.93136159330606 67.597664289176464 100.49156886711717 2169.9675626829267 1227.6449758764356 12.508329158648847 454.85284463316202
leaf_count=21441 100 93 217 5642 2159 5268 3322 2896 3032 58943 1311 7548 1664 918 13540 2382 3756 526 258 359 3286 145 11773 1764 143 379 2697 5584 34 1062
internal_value=0.0171625 0.0316773 0.0112108 0.0273782 0.00949666 0.00806748 0.0268226 0.0278248 0.00500604 0.00155732 0.0143168 -0.0255321 0.00401249 0.0244666 0.0196664 0.0105571 0.0383342 -0.00814209 -0.000287803 -0.0112769 -0.00398234 -0.0204537 0.0215632 0.00231136 0.0281676 -0.0431716 0.0571203 -0.00595421 -0.054978 0.00111773
internal_weight=57760.5 16797 40963.4 3926.75 37036.7 34214.4 2822.28 14588.1 27048.3 19737.5 7310.77 1640.2 18097.3 12366.6 9186.71 1646.32 3179.9 333.525 1012.04 857.811 807.926 618.216 5385.56 17142.7 950.021 168.089 2208.9 1925.21 242.709 1682.5
internal_count=162242 24526 137716 9907 127809 119946 7863 21736 98505 73473 25032 10580 62893 18840 14458 5704 4382 626 4265 4007 3790 3431 17041 61229 2286 522 2790 7991 1345 6646
is_linear=0
shrinkage=0.1


Tree=25
num_leaves=31
num_cat=0
split_feature=0 2 3 14 0 8 15 18 6 11 15 12 13 12 16 18 7 1 17 12 11 5 8 20 12 2 2 7 13 7
split_gain=436.222 143.182 102.629 100.716 87.8416 132.516 82.2033 100.193 73.8331 79.539 73.7613 86.3557 91.3042 77.7004 114.018 79.7579 99.8339 71.9899 69.0658 83.0914 75.9102 67.1232 64.7438 63.9635 71.5296 63.9521 77.101 63.6351 63.6144 68.5076
threshold=0.66789215686274517 12.026315789473687 15.500000000000002 5.0022727272727279 0.015665903141361261 24.004500000000004 0.80009000000000008 -1496.8999999999999 43.000500000000009 4.6152494468950977e-09 -1.0000000180025095e-35 0.0010406595252787326 0.031290796344647522 0.33371218421052634 0.11950000000000001 -696.90999999999997 12839.910000000002 0.027874902874902876 4.811011904761906 24.537794124365487 0.04068134389003291 30.937500000000004 0.58350000000000002 1.2500000000000002 0.006640062825106925 1.1674679487179491 1.4002096436058702 59009.755000000012 0.032688643123007614 4015.3300000000004
decision_type=2 2 2 2 2 2 2 2 2 2 2 2 2 2 2 2 2 2 2 2 2 2 2 2 2 2 2 2 2 2
left_child=1 4 -3 -2 5 8 7 -6 -1 -10 27 12 -12 14 -13 16 -16 -18 -11 20 23 -22 -15 28 -25 -26 -27 -9 29 -20
right_child=3 2 -4 -5 6 -7 -8 10 9 18 11 13 -14 22 15 -17 17 -19 19 -21 21 -23 -24 24 25 26 -28 -29 -30 -31
leaf_value=0.010064145403669164 0.027676836891426072 0.029492863919450732 0.0012996307713771342 0.049662669837385501 -0.015771041224329613 -0.05237412812717334 0.027536302977612073 0.018605192665564384 -0.039232097341492023 0.01353205672330777 -0.068414383851981717 0.032693112422397148 0.0025936953218008586 -0.063771617317477533 -0.040830386847856344 0.013194319775612227 -0.083172054755834404 0.033737961426094087 0.021425452062176165 0.22183622172659967 -0.12297201619543841 0.13661603800596883 0.00051680791474582367 -0.040029618494444613 -0.032218580011012472 0.21791750921379185 0.038287426641104599 0.060968366388586492 -0.03769482007455234 -0.041198741092832752
leaf_weight=10060.421215426177 5578.0823552310467 6525.3219675607979 1609.6591529473662 3325.9577548578382 1331.3054083399475 412.79621187411249 3399.831233240664 6553.8447333239019 587.49693349190056 2055.229524595663 292.08362554758787 2607.9974189512432 476.48895318061113 164.49105551093817 672.43622650578618 5021.0568159949034 60.284800209105015 417.01520681753755 535.25564792379737 15.244753003120421 94.119477994740009 11.140002131462095 3286.6017725802958 183.97918064892292 126.47646891698241 25.20706756785512 458.95453136414289 374.86583122611046 914.37552572414279 259.31314764358103
leaf_count=33663 8242 11398 4033 4346 3871 7543 6258 14215 8951 10395 847 5107 1052 479 1855 12490 295 856 2752 35 490 20 9217 1090 1135 100 1635 586 7175 2111
internal_value=0.0155431 0.0118103 0.0239143 0.0358893 0.00937299 0.00353655 0.0130985 0.0107895 0.00504235 -0.00455008 0.012564 0.00812206 -0.0243918 0.0101654 0.015163 0.00775408 -0.0160042 0.0189718 -0.00019567 -0.0109475 -0.0123078 -0.0954988 -0.0025474 -0.00881015 0.0146306 0.0310992 0.0476396 0.0208972 -0.0197095 0.000987604
internal_weight=57437.3 48533.3 8134.98 8904.04 40398.3 15740 24658.3 21258.5 15327.2 5266.79 19927.2 12998.5 768.573 12229.9 8778.79 6170.79 1149.74 477.3 4679.3 2624.07 2608.82 105.259 3451.09 2503.56 794.617 610.638 484.162 6928.71 1708.94 794.569
internal_count=162242 149654 15431 12588 134223 77095 57128 50870 69552 35889 46999 32198 1899 30299 20603 15496 3006 1151 26938 16543 16508 510 9696 15998 3960 2870 1735 14801 12038 4863
is_linear=0
shrinkage=0.1


Tree=26
num_leaves=31
num_cat=0
split_feature=0 12 18 5 18 10 9 18 15 18 13 2 15 6 10 15 7 15 16 4 12 15 18 19 0 4 17 17 15 17
split_gain=370.481 129.461 119.271 109.691 94.6749 136.172 87.5936 81.8725 79.7607 80.0265 71.5498 70.3885 95.3629 77.387 67.9354 66.1335 65.5263 63.5246 101.977 60.5729 58.3845 57.315 81.9216 76.7291 89.4248 60.1076 67.7294 60.0904 56.0308 72.4728
threshold=0.66789215686274517 0.05693018893011751 -5284.4999999999991 60.366666666666674 -133.94999999999996 198.60745000000003 5.4712078714748849 -99.874999999999986 0.38184480519480529 -9828.9999999999982 0.24600000000000002 18.902777777777782 0.039801394285714296 179.39400000000003 3101973782634.0454 -0.53995999999999988 27793.490000000002 -0.99034924999999985 0.13650000000000004 5.7527777777777791 0.00054209615849192363 0.21052631625131582 -1297.4999999999998 0.038467611336032395 0.30628703094140891 5.3550420168067232 260.06250000000006 25.009966777408639 0.54573220833333347 1.2474489795918371
decision_type=2 2 2 2 2 2 2 2 2 2 2 2 2 2 2 2 2 2 2 2 2 2 2 2 2 2 2 2 2 2
left_child=1 2 10 6 8 -6 7 14 9 -2 16 12 13 -5 15 20 -1 -11 -19 -18 -4 23 -23 24 -17 -25 -27 -26 29 -3
right_child=4 28 3 11 5 -7 -8 -9 -10 17 -12 -13 -14 -15 -16 21 19 18 -20 -21 -22 22 -24 25 27 26 -28 -29 -30 -31
leaf_value=0.023022031643532045 -0.14254147419617588 0.0079258306640198201 -0.028559533602850247 0.017752905600227083 -0.021147904484580128 0.05320278841086843 0.028419178008492082 0.032357479736784614 0.038595132871718042 0.04600008673838521 -0.090539819703714719 0.061480611252888555 0.067007040504597618 -0.078122563466313091 0.20874248694109504 -0.024337113656680055 -0.060478944946805772 0.039119020137430224 -0.0045723851175349297 0.021943475713467168 0.033029706623282633 -0.0054510091483419712 0.028659131424022023 0.0037466165120449871 0.033090629561650535 0.025060120146916651 -0.10036008830332964 -0.036326253061528604 0.020321151276612378 -0.0044247314297337931
leaf_weight=351.92162453196943 32.121625795960426 13849.954887971282 169.0331013277173 259.09456170350313 269.27595277130604 2890.8379770070314 4123.3571158461273 1835.4994027353823 2466.2269645035267 577.31684637069702 124.41363023780286 874.31432367861271 239.56495171785355 124.71145141497254 17.200855098664761 1675.5971589256078 293.38778171129525 779.25421532988548 1698.8165136426687 128.09215342998505 1721.215316362679 984.624113406986 2471.2969799246639 6729.2866313587874 563.47891984879971 2209.5479018874466 43.912540379911661 160.1435683965683 2240.7797611560673 7232.1425733249635
leaf_count=1892 103 45102 445 459 543 3730 8690 3409 3400 750 1465 1147 312 579 88 9153 1992 1071 2991 395 3794 4116 5112 21545 876 4269 159 353 5380 28922
internal_value=0.0140669 0.010651 0.0156353 0.016963 0.033049 0.0468673 0.0152339 0.0123079 0.0251863 0.0144757 -0.020155 0.0431752 0.0175007 -0.0134003 0.0101102 0.00990592 -0.00883247 0.0161265 0.00916682 -0.0354299 0.0275222 0.00766172 0.0189408 0.00423703 -0.0116499 0.00848032 0.0226161 0.0177281 0.00528697 0.00368901
internal_weight=57136.4 48422.6 25099.7 24201.9 8713.85 3160.11 22704.2 18580.8 5553.74 3087.51 897.815 1497.69 623.371 383.806 16745.3 16728.1 773.402 3055.39 2478.07 421.48 1890.25 14837.9 3455.92 11382 2399.22 8982.75 2253.46 723.622 23322.9 21082.1
internal_count=162242 149654 70250 64506 12588 4273 62009 53319 8315 4915 5744 2497 1350 1038 49910 49822 4279 4812 4062 2387 4239 45583 9228 36355 10382 25973 4428 1229 79404 74024
is_linear=0
shrinkage=0.1


Tree=27
num_leaves=31
num_cat=0
split_feature=0 14 13 5 2 10 20 18 0 8 4 10 10 13 7 12 10 13 10 15 15 7 17 9 12 12 16 13 0 6
split_gain=314.565 117.977 95.2363 116.86 94.7383 124.049 92.489 87.6364 82.8953 103.209 79.688 115.996 86.6237 72.9496 72.9067 70.6044 74.8736 69.5777 74.6919 69.1551 67.2044 64.797 78.4389 64.1262 115.47 110.728 95.0185 80.5523 114.112 68.8094
threshold=0.66789215686274517 45.574583333333344 0.080069686411149837 60.366666666666674 7.7525510204081636 68428857.185500011 5.5000000000000009 1.0000000180025095e-35 0.022779161477791618 2.0005000000000006 0.48733974358974363 7307.3678000000009 29972788.432000004 0.068739261168384899 1139.1200000000001 0.00078695425113871158 1100.4599500000002 0.022611652222818728 105.00000000000001 2.6158655024710007 0.18904454545454549 36.050000000000004 0.30255035737491881 1.0509724394489661 0.055341877464094295 0.012909127189918995 0.99950000000000017 0.13348694316436255 0.034557396626362154 171.19550000000004
decision_type=2 2 2 2 2 2 2 2 2 2 2 2 2 2 2 2 2 2 2 2 2 2 2 2 2 2 2 2 2 2
left_child=1 2 3 6 5 17 8 20 9 -1 11 -4 -12 -11 -14 -10 -17 18 -2 -19 -6 -8 -23 24 25 -16 -27 28 -28 -25
right_child=4 -3 10 -5 7 -7 21 -9 15 13 12 -13 14 -15 23 16 -18 19 -20 -21 -22 22 -24 29 -26 26 27 -29 -30 -31
leaf_value=0.0097376480080155429 -0.024043175126386568 0.035550693150492994 -0.0011570636939862201 0.04301065535488454 0.019172898666321811 -0.15515547487325274 -0.0077874821270439813 0.061340517137234651 -0.0098662796550786584 -0.01053469156891677 0.010213781671979371 -0.065404862631043933 0.040886910041239656 0.04174418902474239 -0.013477569916826151 -0.004031117010156942 0.015062439455722091 0.0059422480111396957 0.039183023298352382 -0.12539031035001177 0.045055954428063649 0.073904021727804178 0.025584087198480116 -0.098838124893615598 -0.1241546019928863 -0.12488211023461326 0.39353911725181684 0.02447139951100083 0.067115481141835284 -0.018404723298963196
leaf_weight=7454.1894620154053 211.30702911317348 1691.687208160758 710.92626457847655 1068.499114766717 2128.1736170873046 41.368753880262375 405.19241575151682 1288.114470012486 1417.8484780415893 5552.7010981850326 3544.1122761741281 464.69668844155967 158.72391436062753 280.39150457084179 362.75016784109175 2284.146160826087 20364.431471310556 1308.1036316379905 1613.9289328157902 41.361756771802902 1897.6353859305382 429.65921390801668 1540.4055373482406 226.49333364143968 74.366421915590763 13.868202038109301 23.674669608473778 26.508329285308719 19.55578425526619 200.52287981845438
leaf_count=21355 440 3123 3505 1627 3326 132 928 1645 3248 37834 10125 5381 567 2027 2096 5185 45535 2183 2210 119 2533 758 2527 1368 567 150 150 177 56 1365
internal_value=0.0127346 0.009609 0.00866773 0.0103757 0.0304388 0.0168921 0.00949797 0.0386375 0.00828128 0.00194133 -0.00329202 -0.0265527 0.00258808 -0.00802169 -0.0218378 0.0117816 0.0131368 0.019134 0.0318633 0.00191684 0.0313733 0.0286318 0.0361224 -0.0323427 -0.00878722 0.0104338 0.11418 0.161719 0.245878 -0.0610673
internal_weight=56845.3 48315.4 46623.7 40797.5 8529.99 3216.07 39729 5313.92 37353.7 13287.3 5826.2 1175.62 4650.58 5833.09 1106.46 24066.4 22648.6 3174.7 1825.24 1349.47 4025.81 2375.26 1970.06 947.74 520.724 446.357 83.607 69.7388 43.2305 427.016
internal_count=162242 149654 146531 121024 12588 5084 119397 7504 115184 61216 25507 8886 16621 39861 6496 53968 50720 4952 2650 2302 5859 4213 3285 5929 3196 2629 533 383 206 2733
is_linear=0
shrinkage=0.1


Tree=28
num_leaves=31
num_cat=0
split_feature=0 7 5 4 15 18 20 18 10 5 1 17 2 4 15 5 8 12 5 1 12 15 10 13 17 12 2 4 6 4
split_gain=272.014 116.941 111.949 97.9576 107.478 84.2654 82.4454 144.156 103.543 82.2826 87.31 77.387 82.2091 105.437 85.9177 115.722 73.7181 71.1757 78.7549 132.71 91.7498 71.9553 66.6392 66.526 65.7113 62.6234 80.4801 68.3814 62.441 67.8503
threshold=0.86817279046673301 2236.3550000000005 24.950000000000003 5.7527777777777791 0.044178250000000009 -1999.5499999999997 4.5000000000000009 -695.95499999999981 187271.80190000005 30.690476190476193 0.062114197530864203 0.12678571428571431 1.1674679487179491 1.6641025641025644 10.052070952327382 2.5227272727272729 122.87600000000002 0.0010406595252787326 9.6904761904761916 0.018576029445594666 0.0063761273829008825 -0.17669799999999997 30904.747400000004 0.18190909090909094 741.08333333333337 0.067761597545599614 3.3009433962264154 2.8017857142857143 889.29350000000011 3.6626016260162606
decision_type=2 2 2 2 2 2 2 2 2 2 2 2 2 2 2 2 2 2 2 2 2 2 2 2 2 2 2 2 2 2
left_child=2 -2 6 4 9 -3 7 11 -9 -4 -11 -1 14 23 24 -16 17 -15 20 -20 21 -19 -8 -14 -13 28 -27 -28 -21 -30
right_child=1 5 3 -5 -6 -7 22 8 -10 10 -12 12 13 16 15 -17 -18 18 19 25 -22 -23 -24 -25 -26 26 27 -29 29 -31
leaf_value=0.024018219506667014 0.013657037710228826 -0.034758485827300532 0.018580662445081522 0.026815796824317291 0.026328337207633914 0.045893051600657292 0.0055464577348727567 0.0060266648238649903 0.022032311526263341 -0.079861595053445908 -0.0092771724195630009 -0.057256722411400118 0.016508793636536071 -0.051953092886845104 -0.10970452795407711 0.3775129505646227 0.1264696276109302 0.15568841623518767 -0.12091549609589952 0.0022337771387451739 -0.065396089277925423 -0.012300841028482189 0.034936983386915178 -0.073938025024641807 0.10781698118678332 -0.12014933427175196 0.029953874508889783 -0.028486006446394613 0.16783911917996294 0.027616924005542637
leaf_weight=764.21348509192467 2181.6437878459692 134.50214523822069 1031.4479813016951 5941.0743362791836 1884.3778296820819 3515.6976798027754 1355.9661384895444 23735.985237454996 4871.2733586188406 194.9308823607862 1735.309655725956 587.96028610505164 1965.1084379032254 480.19230729341507 8.7606662176549452 10.990900283679364 36.879146583378315 32.621378473937511 97.196363631635904 2161.0605657845736 478.23982144147158 116.75971449911594 1789.6857108622789 84.831989699974656 25.146182451397181 77.018038272857666 263.87786094844341 830.05675783753395 46.231789741665125 136.07718212902546
leaf_count=2080 3531 281 2124 11115 3387 4848 4611 73526 16732 866 3803 6756 8073 1780 176 80 96 57 610 5932 2320 446 4025 850 69 425 694 2474 147 328
internal_value=0.0115202 0.0319737 0.00916945 0.0182093 0.00765802 0.0429212 0.00672893 0.00540105 0.00875212 -0.00422099 -0.0164053 -0.00628523 -0.00939832 -0.00619275 -0.043873 0.161411 -0.014364 -0.0154645 -0.0113312 -0.0056492 -0.0440274 0.0243841 0.0222679 0.0127659 -0.0504863 -0.00246125 -0.0213454 -0.0143892 0.00697494 0.0631759
internal_weight=56575.1 5831.84 50743.3 10787.1 4846.07 3650.2 39956.1 36810.5 28607.3 2961.69 1930.24 8203.22 7439.01 6806.15 632.858 19.7516 4756.21 4719.33 4239.14 3611.52 627.621 149.381 3145.65 2049.94 613.106 3514.32 1170.95 1093.93 2343.37 182.309
internal_count=162242 8660 153582 21295 10180 5129 132287 123651 90258 6793 4669 33393 31313 24232 7081 256 15309 15213 13433 10610 2823 503 8636 8923 6825 10000 3593 3168 6407 475
is_linear=0
shrinkage=0.1


Tree=29
num_leaves=31
num_cat=0
split_feature=5 18 0 14 18 0 7 1 13 10 10 6 18 5 14 5 2 4 5 4 4 8 3 2 13 12 17 19 17 12
split_gain=240.27 144.684 136.009 113.419 104.885 75.6778 65.8552 63.8384 61.0649 65.0591 52.8781 61.3708 49.4117 117.569 97.8249 86.3373 99.8697 98.9331 66.7418 62.1487 101.902 59.4955 57.2767 55.2222 72.3141 55.0287 107.64 62.5326 74.6601 96.6789
threshold=47.677083333333336 -5999.4999999999991 0.25137362637362642 28.010000000000002 -1595.8999999999999 1.0779352226720651 3240.0600000000004 2.1666666666666674 0.043425877422734425 440.20670000000007 10429.314250000001 16.803000000000004 -1296.9099999999996 32.062500000000007 -159.8133333333333 24.950000000000003 21.327956989247316 4.9946808510638308 11.035714285714286 6.9590301003344495 5.6720430107526889 83.015000000000015 76.500000000000014 4.1723809523809532 0.10268392044092979 0.046694210815259825 0.55598789450929542 0.24987500000000004 72.782352941176484 0.16082378051483062
decision_type=2 2 2 2 2 2 2 2 2 2 2 2 2 2 2 2 2 2 2 2 2 2 2 2 2 2 2 2 2 2
left_child=2 6 7 -3 -4 8 -2 12 9 -6 11 -9 13 15 -15 17 19 -1 21 20 23 25 -20 -17 -25 -14 -27 28 -28 -30
right_child=1 3 4 -5 5 -7 -8 10 -10 -11 -12 -13 18 14 -16 16 -18 -19 22 -21 -22 -23 -24 24 -26 26 27 -29 29 -31
leaf_value=-0.0019512110970393154 0.05561291182451427 0.02651807914305862 -0.017848505066548424 0.062758617659359778 -0.0038195034568200463 0.041885405939325278 -0.072493112117516564 0.012113926842605224 0.003420813962332272 0.019658947727101531 0.040658044524368546 -0.10451949213889555 0.010818599591559581 0.087989430033046351 -0.05948478129458401 0.091725699999923388 -0.12442872746495964 -0.067807760362968442 0.013068814232579854 -0.029530574472908744 0.12332114765120346 -0.064100512406020313 0.16773768798747624 0.022752527972654209 -0.13727833900761843 0.0042302217161461477 -0.015010480000153781 -0.043970997205835111 -0.033034114017248171 0.085785493971342497
leaf_weight=2422.7293758857995 51.171658538281918 3605.9696603640914 947.80792659521103 1135.5029446259141 1292.8979134857655 1084.6002024710178 185.94322658702731 911.65801331400871 3810.2787915989757 13544.34930305928 844.34552899748087 47.463272236287594 5276.4300222937018 48.891185566782951 562.2291963249445 99.456438504159451 38.775437049567699 251.81941675022244 6166.5489713810384 105.46674889326096 153.80082227662206 136.44123163633049 24.035973370075226 262.19513194262981 31.644721504300833 9713.8698808215559 2667.1890344973654 654.22299146279693 113.3839642573148 172.90599646419287
leaf_count=15113 94 6337 1961 1434 2561 1603 1024 2042 6743 21906 1453 208 21580 89 2070 261 274 1266 14447 375 238 1887 32 589 214 35628 15872 3199 790 952
internal_value=0.0104092 0.0313848 0.00837689 0.0351971 0.0146459 0.0162067 -0.0448466 0.00415478 0.0147131 0.0176131 0.0224082 0.00634218 0.00301579 -0.0073354 -0.0476865 -9.14067e-06 0.0314922 -0.00815187 0.00466741 0.0407571 0.0543068 0.00169282 0.0136693 0.0273183 0.0055182 0.00217551 -0.00124786 -0.0159978 -0.00980149 0.0387275
internal_weight=56364 4978.59 51385.4 4741.47 20679.9 19732.1 237.115 30705.5 18647.5 14837.2 1803.47 959.121 28902 3977.01 611.12 3365.89 691.339 2674.55 24925 652.564 547.097 18734.4 6190.58 393.296 293.84 18598 13321.6 3607.7 2953.48 286.29
internal_count=162242 8889 153353 7771 34774 32813 1118 118579 31210 24467 3703 2250 114876 20489 2159 18330 1951 16379 94387 1677 1302 79908 14479 1064 803 78021 56441 20813 17614 1742
is_linear=0
shrinkage=0.1


Tree=30
num_leaves=31
num_cat=0
split_feature=14 15 15 16 18 12 5 11 19 10 9 2 19 7 4 13 3 15 16 9 4 5 6 13 17 12 10 17 5 15
split_gain=213.534 138.895 142.211 138.602 150.967 146.093 118.047 119.087 114.719 89.1019 90.2876 70.5653 91.0003 90.5468 77.113 70.1728 68.7624 109.914 77.4387 81.336 67.9676 111.133 69.9279 66.7747 83.1835 67.8919 64.2921 64.2071 61.7687 61.118
threshold=13.506250000000001 0.80009000000000008 -1.0000000180025095e-35 0.11950000000000001 -132.94999999999996 0.34470911892843908 49.041666666666679 0.0002114553569113411 0.037790570175438604 700.07030000000009 1.5205275066739832 2.2095588235294126 0.058828431372549027 65.010000000000005 2.7165178571428577 0.50100000000000011 24.500000000000004 0.0051972916666666669 0.54950000000000021 9.44032796068546 1.3164313222079593 4.4868421052631584 7.9275000000000011 0.062042234696605192 31.179292929292931 0.004826576163134407 230895613219.85553 0.096806069106209369 60.366666666666674 0.082503846153846164
decision_type=2 2 2 2 2 2 2 2 2 2 2 2 2 2 2 2 2 2 2 2 2 2 2 2 2 2 2 2 2 2
left_child=1 2 28 5 8 23 7 -2 16 -7 -11 12 -10 -13 20 -3 17 -5 19 -19 21 -14 -22 24 -4 -26 -8 -15 -1 -29
right_child=6 15 3 4 -6 9 26 -9 11 10 -12 13 14 27 -16 -17 -18 18 -20 -21 22 -23 -24 -25 25 -27 -28 29 -30 -31
leaf_value=0.012462262374469985 -0.0071054356361250712 0.021418491628452593 0.031304260927796167 -0.12660635943436102 0.0091386623218144888 -0.046127745327904132 0.061976722460738945 0.02976807178722456 0.014851091724919864 -0.052942523422282575 0.013832116408756657 0.047714984895612877 -0.041160675315464135 0.035445833930721371 0.0250575209461502 -0.1154650603663927 -0.017953009380788882 0.0011568675817907694 -0.10345830203099418 -0.180021317693139 0.11921009142275461 0.018077894677942234 -0.080232242537121592 -0.0035879377894039301 0.030728510598047765 -0.014770808331163912 -0.013183679241264843 -0.0087650233846341737 0.049755358456799181 0.01222453583913588
leaf_weight=13175.30033124797 1190.4265706669539 6726.1568957846612 4014.2858419921249 160.35834428109229 7079.0907699670643 545.31443945690989 1146.330655656755 3314.5411293469369 660.61753512732685 247.42639777995646 1114.9563797339797 385.0415008738637 1140.8114322945476 436.37246855720878 248.76183721423149 37.660925352945924 2261.8217739816755 372.88504371978343 116.77323998697102 26.541978012770414 18.434943720698357 438.38774914294481 379.01265462860465 1045.9061639774591 535.38337941654027 846.43925752490759 126.35439863055944 6063.5918409973383 459.625069886446 1798.8231615386903
leaf_count=37340 3958 14034 9475 809 21484 2167 1466 5599 3353 1300 4102 759 7352 862 591 299 11555 1337 611 187 15 1927 1687 4258 1141 2938 378 16307 649 4302
internal_value=0.00941373 0.00732377 0.00525412 0.00139858 -0.00283314 0.0123393 0.0276218 0.0200243 -0.00867461 -0.011968 0.00170497 -0.00419335 -0.0177402 0.00030886 -0.027415 0.0206563 -0.0263195 -0.0542899 -0.0318247 -0.0108824 -0.0340186 -0.024716 -0.0709814 0.0195375 0.0240198 0.00285778 0.0545147 -0.00189066 0.0137194 -0.00396287
internal_weight=56113.4 50335.8 43572 29937 21587.3 8349.71 5777.65 4504.97 14508.2 1907.7 1362.38 11569.9 2886.03 8683.83 2225.41 6763.82 2938.38 676.559 516.2 399.427 1976.65 1579.2 397.448 6442.01 5396.11 1381.82 1272.69 8298.79 13634.9 7862.42
internal_count=162242 150841 136508 98519 73138 25381 11401 9557 51654 7569 5402 37155 14925 22230 11572 14333 14499 2944 2135 1524 10981 9279 1702 17812 13554 4079 1844 21471 37989 20609
is_linear=0
shrinkage=0.1


Tree=31
num_leaves=31
num_cat=0
split_feature=2 18 16 6 17 4 2 0 6 0 1 14 18 11 10 11 18 15 16 15 5 15 7 16 14 11 2 2 10 12
split_gain=189.278 153.718 72.9781 78.2654 70.439 103.616 97.2521 92.3555 88.7193 68.2712 96.3039 65.5926 64.4434 63.1397 61.2535 60.8198 60.6619 57.061 58.5901 94.7 72.3419 70.8459 64.718 60.6406 76.3428 67.6128 56.3787 62.6984 57.7572 60.5784
threshold=11.683333333333335 -100.84999999999998 0.34450000000000003 364.45150000000007 0.83429770819151361 3.7516447368421058 0.30625000000000008 0.030395417590539545 720.00450000000012 0.3504385964912281 0.23904761904761906 16.883222222222226 -1.0000000180025095e-35 0.045400689246738644 2926.2267500000003 0.025804864496428718 -2786.3349999999996 0.20576623376623379 0.11950000000000001 -1.0000000180025095e-35 4.3000000000000007 0.1844571428571429 187754.21000000005 0.8005000000000001 0.31824788583509517 0.085841520256642087 10.022321428571431 9.8136574074074101 68650.094750000018 0.045455813552683126
decision_type=2 2 2 2 2 2 2 2 2 2 2 2 2 2 2 2 2 2 2 2 2 2 2 2 2 2 2 2 2 2
left_child=4 2 -2 14 5 9 7 -6 -9 11 -11 -1 17 15 -4 -7 -16 18 20 -20 -8 -22 23 24 25 -21 27 -25 -28 -30
right_child=1 -3 3 -5 6 13 12 8 -10 10 -12 -13 -14 -15 16 -17 -18 -19 19 22 21 -23 -24 26 -26 -27 28 -29 29 -31
leaf_value=0.0030285748806106569 0.028916367116908287 0.049718291060603187 -0.084927091124899823 -0.011200406541784421 -0.058980234502134493 0.0272684204192375 -0.020635254801268432 -0.014842010778893562 0.11982956094220557 0.029598372073712936 0.0016707022910397041 0.053588613127501655 0.025204139997858171 0.057856044605430403 -0.016617786735170323 -0.028903480445210013 0.019046667178179086 0.010846589975297929 0.0063634468349076092 -0.071204303798038535 0.017153525496968719 -0.12803310960129921 -0.081081711017149213 -0.0054491219294326432 -0.010544156199692565 0.108592363376602 0.02899677235867712 0.077347623881001124 -0.03199824985969979 -0.1194307866039248
leaf_weight=15594.043750084937 2887.3899907022715 1488.7186382189393 60.693399168550968 1390.8456510715187 507.48074309155345 1429.4780627191067 677.71474778652191 290.69709400087595 58.814944334328175 2793.7978902906179 2212.6190495193005 260.88302120380104 1192.8161023110151 587.78125741332769 521.02801916003227 222.79850722849369 5633.564723983407 4646.3300424776971 3981.617881257087 458.09226605668664 2984.5453894771636 33.99223256111145 137.65654178708792 4589.9153060875833 657.7496833987534 21.916002511978149 98.394370310008526 93.319306001067162 280.20178242772818 110.49422948434949
leaf_count=53504 4829 2124 176 3581 10409 2697 3436 801 155 4199 3959 489 1889 832 1454 511 9842 13675 11797 2144 7467 145 796 17483 2290 37 179 170 763 409
internal_value=0.00850693 0.0196473 0.0153812 0.010243 0.00546782 0.00926971 0.00124969 -0.0317367 0.00782016 0.00707512 0.0172556 0.00386051 0.00266564 0.0297076 0.0150416 0.019694 0.0160274 0.00123348 -0.00192855 -0.00576263 0.00888969 0.0155186 -0.0132507 -0.011771 -0.0326727 -0.0629952 -0.00717322 -0.00379929 -0.0394799 -0.0567254
internal_weight=55905.4 11982.2 10493.5 7606.13 43923.2 23101.4 20821.7 856.993 349.512 20861.3 5006.42 15854.9 19964.8 2240.06 6215.29 1652.28 6154.59 18771.9 14125.6 10429.4 3696.25 3018.54 6447.74 6310.08 1137.76 480.008 5172.32 4683.23 489.09 390.696
internal_count=162242 22006 19882 15053 140236 66191 74045 11365 956 62151 8158 53993 62680 4040 11472 3208 11296 60791 47116 36068 11048 7612 24271 23475 4471 2181 19004 17653 1351 1172
is_linear=0
shrinkage=0.1


Tree=32
num_leaves=31
num_cat=0
split_feature=0 5 11 18 5 9 7 14 4 10 3 16 19 7 14 15 15 17 10 8 4 13 4 15 6 9 15 11 17 1
split_gain=163.508 104.621 97.4712 74.0728 90.5363 65.66 88.6281 61.859 56.5335 80.4729 55.161 55.4945 126.977 63.828 57.3772 86.2034 63.8319 92.2661 56.8649 55.8141 52.9071 68.8288 77.198 75.256 63.1673 87.5118 56.2845 63.3409 55.8124 53.6618
threshold=1.0104166666666667 47.677083333333336 1.0682306247302336e-08 -1496.8999999999999 15.35416666666667 0.84793695835570226 7988.295000000001 0.35020000000000007 5.169540229885059 4092284.9835000006 75.500000000000014 0.31550000000000006 0.010194988479262675 30.015000000000004 1.0416025641025644 -0.53995999999999988 0.14546584415584418 18.435416666666672 29972788.432000004 1.2490000000000003 4.4299719887955193 0.11502522120234848 1.3352059925093636 22.479191071428577 65.000500000000017 19.261686866188477 -11.612747210607141 2.5159764784505333e-10 2610.6666666666674 0.11200716845878138
decision_type=2 2 2 2 2 2 2 2 2 2 2 2 2 2 2 2 2 2 2 2 2 2 2 2 2 2 2 2 2 2
left_child=1 3 -3 20 5 6 -5 8 9 -4 11 -6 -13 -14 15 -15 17 19 -19 -17 21 28 23 -23 -24 26 -26 29 -1 -28
right_child=-2 2 7 4 10 -7 -8 -9 -10 -11 -12 12 13 14 -16 16 -18 18 -20 -21 -22 22 24 -25 25 -27 27 -29 -30 -31
leaf_value=0.0087447746002917073 0.037262662821027651 -0.091947077441778935 0.023375395330723275 -0.008319939158625991 0.023691199786363089 0.0044596664190962969 -0.10177714508452487 0.035659027255169909 0.021394635129923831 -0.057072956116455055 0.08586448998365373 -0.16630938434841841 0.078893327165067806 0.033352645622999402 0.017329491720351763 -0.071818622546426611 0.018009558638863953 -0.044335908521700017 0.11646723329314895 0.0028606945447336041 -0.023802026054674678 -0.093367772903442711 0.045075923232209519 0.3011002326002562 0.13978542041792402 0.29144360334775027 0.18865360313368756 -0.091069315806403067 -0.16619982175161041 -0.11347640607160969
leaf_weight=2426.8958332259208 1809.0947417765856 73.585353165864944 241.38454110920429 446.91373837552965 3603.6412790343165 32295.326684551314 131.27878649719059 2163.5850507766008 1341.4445703029633 256.43595607951283 105.41308595240116 41.133027255535126 131.69956122338772 701.84331499040127 4118.7260882332921 105.28919661045074 939.03870111703873 815.87522813677788 22.600689738988876 2022.4484588131309 1316.2422316800803 185.9724456910044 149.98900448903441 4.9654765725135794 14.074212700128554 7.6612877622246733 16.186140306293968 159.25983876362443 18.374054305255413 9.231398191303013
leaf_count=9756 2855 646 418 4066 6229 103292 1546 3348 2538 877 132 194 174 1108 7221 285 1647 2168 39 4488 4249 2766 527 9 46 14 67 1311 107 119
internal_value=0.00769168 0.00669855 0.0221007 0.00543754 0.00662474 0.00386168 -0.0295394 0.0241972 0.0107144 -0.0180649 0.0138292 0.0132218 0.00898208 0.0097961 0.00875321 0.00108605 -0.00471283 -0.0119062 -0.0400015 -0.000834745 -0.00709368 0.000255163 -0.0317998 -0.0831094 -0.00431132 -0.0401983 -0.0529822 -0.0676729 0.00743022 0.078923
internal_weight=55675.6 53866.5 4076.44 49790.1 45481.2 32873.5 578.193 4002.85 1839.27 497.82 12607.7 12502.3 8898.65 8857.52 8725.82 4607.1 3905.25 2966.21 838.476 2127.74 4308.85 2992.61 547.34 190.938 356.402 206.413 198.752 184.677 2445.27 25.4175
internal_count=162242 159387 7827 151560 132589 108904 5612 7181 3833 1295 23685 23553 17324 17130 16956 9735 8627 6980 2207 4773 18971 14722 4859 2775 2084 1557 1543 1497 9863 186
is_linear=0
shrinkage=0.1


Tree=33
num_leaves=31
num_cat=0
split_feature=0 7 15 2 14 16 16 18 15 15 5 9 17 2 15 12 18 16 18 1 2 2 14 15 17 17 2 11 7 5
split_gain=139.554 81.9661 66.5926 74.3602 74.2517 89.5368 104.286 125.208 80.554 92.7262 105.968 71.6933 70.5163 66.4259 87.0849 72.7503 65.5539 65.0071 73.7037 64.0416 61.1604 62.0395 59.2618 55.9957 55.7624 66.5024 97.7754 73.5546 71.3715 58.042
threshold=0.86817279046673301 2236.3550000000005 -0.12381846666666665 24.534482758620694 0.28558441558441566 0.11950000000000001 0.97250000000000003 -149.59999999999997 0.30910639204545459 -0.0045178749999999985 18.806250000000002 1.0000000180025095e-35 89.441666666666677 3.3009433962264154 -0.019760965909090905 16.348786801801804 -6881.5499999999993 0.37750000000000006 -697.90999999999997 0.0064309346567411095 28.803846153846155 47.380952380952387 0.088320545609548176 -0.031921293103448267 365.02777777777783 3.9948453608247427 0.30625000000000008 0.16819719485216403 5249.4700000000012 17.964285714285719
decision_type=2 2 2 2 2 2 2 2 2 2 2 2 2 2 2 2 2 2 2 2 2 2 2 2 2 2 2 2 2 2
left_child=2 -2 3 16 5 11 7 8 9 10 23 22 -9 15 -15 -13 -1 -3 -19 -8 24 -22 -4 -7 25 28 -27 -28 29 -6
right_child=1 17 4 -5 20 6 19 12 -10 -11 -12 13 -14 14 -16 -17 -18 18 -20 -21 21 -23 -24 -25 -26 26 27 -29 -30 -31
leaf_value=-0.10394767443266716 0.0067824923854912624 0.053288353640078917 -0.11337038838471931 0.047774276013269966 0.0046389241275380062 -0.0091300746318328189 -0.083764847567242479 -0.0012340153521441992 0.0086214323688932181 -0.058196442964235519 -0.18439476264161089 0.0019847222675320997 0.17940215574458707 -0.092286692039849169 0.023997596285691918 -0.12974288959871266 0.011445728267481957 0.00057242427782107472 0.037381030125807749 0.00021651707125281393 0.046307548490967479 -0.0052118155272192533 0.11003719595323172 0.10070494273755581 0.054572551659460039 -0.059804291437759366 0.0017363717167432641 -0.15290572015748269 0.028693300834024743 0.029030604460890272
leaf_weight=49.528070008382201 2086.932664476335 1006.7204902768135 76.758619979023933 580.73570532351732 8670.2761468496174 107.89137159101665 91.611631192266941 1329.667329961434 301.14430177398026 1285.0290856491774 24.128799803555012 2880.4708321727812 21.968301752582192 65.885414872318506 2860.7928889095783 42.545035546645522 8201.517561910674 902.37361188232899 1369.7099752500653 10276.070478117093 765.61963624507189 336.4528292901814 14.046267997473477 81.463468819856644 237.57410095073283 271.21485662274063 8547.3930341433734 30.868818588554859 1872.9996068738401 1099.2589595541358
leaf_count=392 3531 1382 552 844 26169 440 694 5083 817 5743 96 11750 35 213 5860 231 21771 1611 2136 34778 1126 686 35 248 576 4094 24872 114 4402 1961
internal_value=0.00694692 0.0222744 0.00530608 0.0131874 0.00362034 -0.000871278 -0.00536778 -0.0212986 -0.0385731 -0.0480574 0.0129729 0.00936155 0.00170189 0.0107303 0.0213798 6.74026e-05 0.0107531 0.0321349 0.0227622 -0.000525565 0.00762391 0.0305791 -0.0788123 0.0381227 0.00640351 0.00584506 -0.000689123 0.00117989 0.0108117 0.00738345
internal_weight=55488.6 5365.74 50122.9 8831.78 41291.1 19459.5 13519 3151.29 1799.66 1498.51 213.484 5940.5 1351.64 5849.69 2926.68 2923.02 8251.05 3278.8 2272.08 10367.7 21831.7 1102.07 90.8049 189.355 20729.6 20492 8849.48 8578.26 11642.5 9769.54
internal_count=162242 8660 153582 23007 130575 66575 47934 12462 7344 6527 784 18641 5118 18054 6073 11981 22163 5129 3747 35472 64000 1812 587 688 62188 61612 29080 24986 32532 28130
is_linear=0
shrinkage=0.1


Tree=34
num_leaves=31
num_cat=0
split_feature=5 18 14 10 12 18 9 2 17 4 5 17 18 4 7 18 9 11 10 12 6 6 11 7 7 5 0 12 1 2
split_gain=123.878 87.0171 72.4225 68.3142 81.1962 95.0713 77.9962 55.7637 66.9399 68.1706 67.3896 62.874 56.474 77.3786 89.115 61.9777 58.4752 87.9219 55.0977 140.05 75.1501 53.6751 57.8592 51.3187 51.1422 68.1076 63.1474 68.4756 61.0256 55.2789
threshold=47.677083333333336 -5999.4999999999991 28.010000000000002 57754812.8464 0.042854628833296278 -99.874999999999986 4.9968789013732842 2.4641025641025647 35.031250000000007 3.9174080664294189 22.683333333333337 16.964880952380955 -1901.1199999999997 0.37602459016393447 16232.100000000002 -4499.4999999999991 2.9992503748125938 2.7024062868606963e-08 5029867473149.5752 0.025590723372782277 80.919500000000014 950.01450000000011 6.0563293920000252e-05 3240.0600000000004 1165.8400000000004 22.683333333333337 0.60128205128205137 0.055341877464094295 0.11024305555555557 7.7525510204081636
decision_type=2 2 2 2 2 2 2 2 2 2 2 2 2 2 2 2 2 2 2 2 2 2 2 2 2 2 2 2 2 2
left_child=3 23 -3 4 5 6 -1 11 9 24 -11 -5 13 14 -13 -15 17 -17 20 -20 -10 -12 -23 -2 28 26 27 -26 -9 -27
right_child=1 2 -4 7 -6 -7 -8 8 18 10 21 12 -14 15 -16 16 -18 -19 19 -21 -22 22 -24 -25 25 29 -28 -29 -30 -31
leaf_value=0.0046378161720858884 0.050839363069439175 0.018235065234678625 0.049180001492172928 -0.067598002231715512 0.0019545724197122037 0.027867826452854318 0.020793270533622964 0.20821878705784658 0.0028405865471840546 -0.07794553551749385 -0.013373839159076584 0.2276392284911761 -0.11816086013268944 -0.074165252530431089 -0.14475841477057458 0.2486035913113705 0.18876060167382372 -0.12383980361671819 -0.00072801829480824724 0.35820364104203073 -0.066689324598205174 0.17815400568041892 0.0028861655086324066 -0.063326806353270648 0.059203205425812658 -0.11824392496508139 -0.10714606334710511 -0.043198101964506637 0.049277057092730343 0.0053988381242777257
leaf_weight=15479.36052300036 50.503112450242043 3441.9202205985785 969.28379861265421 317.71474139671773 26029.523079408333 2678.8504650648683 3703.3186235558242 30.184235472232103 253.12491740658879 135.89631762728095 366.71629252284765 31.12136759608984 31.359873741865158 68.239317605271935 8.0980248060077411 8.7844270355999488 23.297213789075613 22.762502323836088 207.16417244076729 11.472793780267237 402.83860253915191 33.153588280081749 43.611453730612993 178.6602727137506 406.13374035991728 58.62036407366395 29.842185884714127 77.813190573826432 120.96801698580384 94.37208442017436
leaf_count=41221 94 6337 1434 3491 84366 4815 8072 95 817 732 1218 144 339 808 210 38 88 224 954 54 2273 42 144 1024 1754 357 83 491 293 230
internal_value=0.00627501 0.0219135 0.0250347 0.00484296 0.0057281 0.0102211 0.00775671 -0.0103874 -0.00367197 0.00990819 -0.0163358 -0.0402221 0.00468972 0.0284267 0.150747 -0.0105494 0.0686041 -0.0201308 -0.0253684 0.0181066 -0.0398589 0.00254331 0.0785815 -0.0381668 0.0284979 0.0165925 0.0340326 0.0427382 0.0810168 -0.0419759
internal_weight=55314.7 4640.37 4411.2 50674.3 47891.1 21861.5 19182.7 2783.29 2271.91 1397.31 579.378 511.377 193.663 162.303 39.2194 123.083 54.8441 31.5469 874.6 218.637 655.964 443.481 76.765 229.163 817.934 666.782 513.789 483.947 151.152 152.992
internal_count=162242 8889 7771 153353 138474 54108 49293 14879 9537 5439 2136 5342 1851 1512 354 1158 350 262 4098 1008 3090 1404 186 1118 3303 2915 2328 2245 388 587
is_linear=0
shrinkage=0.1


Tree=35
num_leaves=31
num_cat=0
split_feature=0 2 17 4 16 17 19 14 13 8 8 2 11 18 1 10 8 11 5 2 15 18 19 4 12 11 9 0 11 4
split_gain=113.147 68.7862 70.8036 96.0243 66.8965 73.4117 89.3875 70.4687 66.86 64.7117 57.5734 66.2598 74.4252 64.0853 86.6289 69.2269 68.9295 63.3451 60.5762 61.9862 57.69 57.0678 74.1804 56.8614 55.4527 55.0081 86.966 78.9009 85.2773 68.6335
threshold=1.0606617647058825 7.8775000000000004 0.12678571428571431 1.7010638297872342 0.31550000000000006 2.0023148148148153 0.021277186761229316 3.1178235294117651 0.23546315077755242 0.88750000000000007 18.659000000000002 0.33356086461888518 0.01289387229478315 -698.95499999999981 2.4166666666666674 250639.93590000004 17.543500000000005 6.3226684904631132e-11 11.035714285714286 2.6201923076923079 1.2062533333333336 -118.95999999999999 0.49975000000000008 0.12571839080459773 7.0045574107142867 0.0056873369894148594 1.4996251874062969 0.087228260869565227 0.0052209758065874289 0.50193798449612415
decision_type=2 2 2 2 2 2 2 2 2 2 2 2 2 2 2 2 2 2 2 2 2 2 2 2 2 2 2 2 2 2
left_child=1 2 3 -1 -3 6 -6 9 10 -7 11 12 21 14 16 18 17 -13 20 -20 -15 -4 -23 -19 -21 27 29 28 -12 -27
right_child=-2 4 8 -5 5 7 -8 -9 -10 -11 25 13 -14 15 -16 -17 -18 23 19 24 -22 22 -24 -25 -26 26 -28 -29 -30 -31
leaf_value=0.0041376469812444416 0.031403791155585184 0.020882683642648468 -0.046743613654422519 0.026197275853524299 -0.11243025769149997 -0.088525234631204208 0.024216901853748658 0.015043925182287123 -0.033512336267385832 -0.0023766684215083848 -0.010407863330990561 0.11172054960438592 0.37642108034283778 -0.0059110760338096239 0.034576004256415556 0.021335593165560766 -0.13193207038642174 -0.10820816147691077 -0.058307342153393227 0.014672015732953611 -0.076705481461245492 0.0028411792298004921 0.28132460522049846 -0.013060332934825131 0.14101453329285737 0.13804516304060241 0.035252482983368465 0.03674836263920734 0.14134589925908478 -0.035233527281638782
leaf_weight=17209.446984978393 1655.8868430554867 4361.2817818373442 599.70794431865215 2228.8222611658275 48.817635029554367 88.413220137357712 2469.6263240277767 2981.2970889955759 651.17191414907575 6323.1126220971346 781.13007355947047 40.192036382853985 4.3856651559472075 4397.401033334434 388.84486338496208 1710.1957809850574 49.47925103828311 63.67928458750248 115.9205921292305 1953.8520555868745 118.20131975412369 56.844511456787586 11.500245314091442 4593.9276697710156 35.368379175662994 23.72360721975565 312.77830942720175 1242.9720017910004 38.872845571488142 626.77487607300282
leaf_count=52166 2790 7849 8052 4215 353 281 4404 5470 3983 14447 9113 167 12 14775 651 4676 330 379 380 3917 309 322 23 17671 37 51 877 2418 122 2002
internal_value=0.00565892 0.0048625 0.00249333 0.00666704 0.0102866 0.00640686 0.0215681 0.00234175 -0.00206018 -0.00356463 -0.000867063 -0.00354632 -0.0341814 -0.00201665 -0.0108023 0.00339978 -0.0145192 -0.0132825 -0.0012332 0.012776 -0.0077642 -0.0368769 0.0497011 -0.0143612 0.0169184 0.0116512 -0.00807904 0.020864 -0.00321386 -0.0289141
internal_weight=55183.6 53527.7 37255.2 19438.3 16272.5 11911.3 2518.44 9392.82 17816.9 6411.53 17165.8 14139.5 672.438 13467.1 5136.12 8330.94 4747.28 4697.8 6620.74 2105.14 4515.6 668.053 68.3448 4657.61 1989.22 3026.25 963.277 2062.97 820.003 650.498
internal_count=162242 159452 126648 56381 32804 24955 4757 20198 70267 14728 66284 51701 8409 43292 19198 24094 18547 18217 19418 4334 15084 8397 345 18050 3954 14583 2930 11653 9235 2053
is_linear=0
shrinkage=0.1


Tree=36
num_leaves=31
num_cat=0
split_feature=2 13 18 4 11 14 20 11 17 3 15 13 15 16 12 18 19 13 10 9 17 15 20 12 11 15 5 5 0 6
split_gain=97.1141 82.3962 122.266 65.3662 63.593 63.3823 58.2211 94.7 57.2495 55.0826 54.5545 82.4979 64.267 65.7983 115.532 109.412 90.2429 74.0858 73.8895 71.4348 61.0216 60.666 88.419 59.809 56.7217 65.0887 75.8604 88.3894 54.1265 85.3701
threshold=15.951612903225808 0.032295314013260829 -1597.7799999999997 115.50000000000001 4.1829101007639931e-05 0.69240384615384631 5.5000000000000009 0.0019364527330656257 2.753571428571429 35.500000000000007 0.80009000000000008 0.50100000000000011 -1.0000000180025095e-35 0.11950000000000001 0.34470911892843908 -132.94999999999996 0.037037749287749291 0.062042234696605192 770.46420000000012 5.0025025025025034 30.003322259136215 3.2177427840909094 4.5000000000000009 0.0018001864386304543 2.5203639546698636e-05 10.052070952327382 4.1742424242424248 3.7321428571428577 0.57247899159663873 385.22500000000008
decision_type=2 2 2 2 2 2 2 2 2 2 2 2 2 2 2 2 2 2 2 2 2 2 2 2 2 2 2 2 2 2
left_child=3 2 6 10 -3 8 7 -2 -4 28 12 21 -1 14 17 16 23 20 -16 -20 -14 -12 24 -15 25 -23 27 -27 29 -10
right_child=1 4 5 -5 -6 -7 -8 -9 9 -11 11 -13 13 15 18 -17 -18 -19 19 -21 -22 22 -24 -25 -26 26 -28 -29 -30 -31
leaf_value=0.0080544981645345633 -0.084087117059068101 -0.0022683357523558697 0.031405146007035464 -0.15968320220198029 0.04315689022422689 0.024807508616169868 0.035010747805499225 0.01433541467817186 -0.012732479073291501 0.036204228408809436 0.018512214927356271 -0.11619688114941573 0.025928726076808063 -0.06850679686630548 -0.045005800593301643 0.0057755402771574663 -0.0049321451467460812 -0.0096929216140042747 -0.032576358054037517 0.016298348602260114 -0.00079041801566358001 -0.027426786298986469 0.031450077185185707 -0.020449863605242882 -0.056459806580583971 0.083864492562736578 0.0099825681813477795 0.43223666812632544 0.011232065108602727 -0.089758050094769684
leaf_weight=12791.500986697152 293.27219729498029 389.04351809620857 568.31700306385756 24.566103741526604 1482.8596101477742 2757.4569830112159 95.094968661665916 146.64170046150684 964.66424040496349 289.2999164685607 4774.6867257468402 49.532397603616118 3643.2318812143058 292.10376013070345 551.47604706138372 7945.9380374718457 10109.108934146352 1049.4397013643757 467.46514205262065 830.05343323014677 1116.7526909019798 340.02339786570519 414.09708485752344 2283.2935852240771 340.57353565096855 28.257137260399759 110.5585534311831 9.8120203018188459 694.30430657416582 169.11789981648326
leaf_count=37015 1344 1026 925 139 2250 4507 150 269 2093 450 9431 454 8928 1388 2246 23039 34784 4438 2325 2944 3608 1782 701 12267 1220 243 556 26 1155 539
internal_value=0.00510865 0.0154073 0.00967435 0.00339483 0.033716 0.0141579 -0.0359413 -0.0512788 0.0032238 -0.00434021 0.00347981 0.0123309 0.00217251 -0.000487172 0.00742844 -0.0034256 -0.00918946 0.0143576 -0.0143426 -0.00131005 0.0196601 0.0133887 -0.00628682 -0.0259005 -0.0251318 -0.00329725 0.0519052 0.173655 -0.0107565 -0.0242218
internal_weight=55022.5 7850.07 5978.17 47172.5 1871.9 5443.16 535.009 439.914 2685.7 2117.39 47147.9 6067.54 41080.4 28288.9 7658.42 20630.4 12684.5 5809.42 1848.99 1297.52 4759.98 6018.01 1243.32 2575.4 829.225 488.651 148.628 38.0692 1828.09 1133.78
internal_count=162242 14708 11432 147534 3276 9669 1763 1613 5162 4237 147395 14413 132982 95967 24489 71478 48439 16974 7515 5269 12536 13959 4528 13655 3827 2607 825 269 3787 2632
is_linear=0
shrinkage=0.1


Tree=37
num_leaves=31
num_cat=0
split_feature=0 15 15 18 14 18 15 20 9 12 16 8 7 4 17 11 3 10 18 12 0 6 7 3 14 0 1 2 8 11
split_gain=86.82 56.9782 63.8038 55.8183 55.1155 51.5776 51.5507 121.037 75.2439 47.8683 57.9837 94.9753 76.4988 58.5566 52.1516 84.5088 55.1293 53.2947 52.444 52.2915 48.6457 47.9864 57.2846 56.7509 72.7482 72.5303 58.5866 55.8019 55.4771 54.1055
threshold=1.0606617647058825 -0.53995999999999988 0.54573220833333347 -6564.2799999999997 10.357394957983196 10.009999999999993 2.6158655024710007 1.2500000000000002 1.5731519795152022 32.719836838487986 0.32350000000000007 0.37250000000000005 257355.84000000003 6.6824797843665777 1.7137605042016808 0.028582742793206699 127.50000000000001 980535.64240000013 -94.499999999999986 0.0036662910280368948 0.61583184257602874 1563.8750000000002 1614.1600000000003 49.500000000000007 0.39966666666666678 0.091431556948798343 0.034602490421455946 2.2492362525458254 40.002500000000005 0.00076051682287231047
decision_type=2 2 2 2 2 2 2 2 2 2 2 2 2 2 2 2 2 2 2 2 2 2 2 2 2 2 2 2 2 2
left_child=1 3 4 -1 5 9 -4 8 -8 10 13 -12 14 -3 15 -13 21 18 -17 -18 -19 23 28 27 26 -26 -25 -16 -23 -29
right_child=-2 2 6 -5 -6 -7 7 -9 -10 -11 11 12 -14 -15 16 17 19 20 -20 -21 -22 22 -24 24 25 -27 -28 29 -30 -31
leaf_value=-0.083481889330464479 0.027615275079678692 0.0028671490147605784 0.015398417027310039 0.015270990323267886 0.012999787692959506 0.045671025418656863 -0.026153357606124417 0.014845664033449084 -0.13659751312048685 0.023447857790227043 -0.09496872071567343 -0.0014955983739833823 -0.045964268888156974 0.0266610566458674 -0.023351251010306162 0.028175285973883513 0.38705737163204784 -0.12426713829860513 -0.02365027499880866 0.061913845522354682 0.070470149722918971 -0.044422793370004515 -0.059196197142992159 -0.013831952693830297 0.32355155357788612 0.021506733694485324 0.1175214345240596 0.014266896923258974 0.27575426918340257 -0.0076919504309149542
leaf_weight=57.911872847005725 1593.140241406858 8798.1463298676535 6207.7055331151932 4911.7807842735201 3622.3277771789581 246.32920664921403 611.96096563525498 1288.6607938557863 68.600841131992638 833.29341663233936 112.60257739946246 11824.527285610326 406.35376872867346 1172.0830106176436 1868.9820262258872 1874.4339204467833 6.0666824057698241 46.027673557400703 217.96240053325891 26.7836445979774 17.783894568681717 11.25490182451904 280.33816171251237 132.37276305630803 17.168433004990224 14.806703627109526 45.671476187184453 1328.8803261369467 10.423747368156908 7210.2125582303852
leaf_count=430 2790 29289 12649 10860 7701 571 3208 3104 362 1483 636 40030 1951 2104 13757 4200 31 168 643 244 19 80 2134 717 74 27 170 4520 42 18248
internal_value=0.00461229 0.00392437 0.00287533 0.0141202 0.00123463 6.71105e-05 0.0109264 -0.00317105 -0.0372862 -0.000242729 -0.00080003 -0.00333222 -0.00292502 0.00566432 -0.0022236 0.00182441 -0.00739061 0.0200312 0.0227767 0.12196 -0.069995 -0.00777973 -0.0470852 -0.00666174 0.0448041 0.183684 0.0198625 -0.00770024 0.109528 -0.00427465
internal_weight=54864.6 53271.5 48301.8 4969.69 40124.8 36502.5 8176.93 1969.22 680.562 36256.2 35422.9 25452.7 25340.1 9970.23 24933.7 13980.7 10953 2156.21 2092.4 32.8503 63.8116 10920.1 302.017 10618.1 210.019 31.9751 178.044 10408.1 21.6786 8539.09
internal_count=162242 159452 148162 11290 128839 121138 19323 6674 3570 120567 119084 87691 87055 31393 85104 45060 40044 5030 4843 275 187 39769 2256 37513 988 101 887 36525 122 22768
is_linear=0
shrinkage=0.1


Tree=38
num_leaves=31
num_cat=0
split_feature=5 10 14 15 11 13 1 0 8 5 14 10 18 0 15 16 9 9 17 9 11 17 2 7 0 15 2 6 10 13
split_gain=82.7438 69.9611 78.271 55.4348 52.0018 81.6891 58.1401 83.3722 70.5934 64.2291 93.1803 58.313 102.622 56.7877 61.1041 50.8864 84.9533 57.7816 74.9126 67.8731 57.2911 49.2826 48.2855 47.928 45.0838 43.1489 54.3767 67.556 51.0333 46.1509
threshold=47.677083333333336 230895613219.85553 64.00833333333334 -1.0000000180025095e-35 0.090927377309922605 0.080069686411149837 1.8750000000000002 0.015665903141361261 34.003000000000007 44.100000000000009 7.965476190476191 1100.4599500000002 -100.84999999999998 0.66224991224991236 2.1372775277777785 -0.097499999999999962 1.3856815889319567 1.8909551200604533 177.42045454545459 1.6295496388613513 0.016119024567662416 2.5023364485981312 5.2803571428571443 1504.6900000000003 0.66224991224991236 0.033334666666666672 18.055555555555561 176.56100000000004 3062285.4303000006 0.018209450124343742
decision_type=2 2 2 2 2 2 2 2 2 2 2 2 2 2 2 2 2 2 2 2 2 2 2 2 2 2 2 2 2 2
left_child=4 2 25 -3 5 6 7 8 9 15 -11 23 -13 -7 22 16 21 18 19 -18 -19 -1 -15 -9 -25 26 27 -2 -29 -28
right_child=1 3 -4 -5 -6 13 -8 11 -10 10 -12 12 -14 14 -16 -17 17 20 -20 -21 -22 -23 -24 24 -26 -27 29 28 -30 -31
leaf_value=0.01372239595873663 0.002519575726557513 0.066239627518793823 0.052066202853615032 -0.050711098300759344 0.019042002811543984 -0.0069140072074749389 0.018906294230823975 -0.0058629032049011551 -0.063055338101741465 -0.13417359731943576 0.071010008097036184 0.0047453336939718453 0.023086926844633461 -0.062814557549292202 -0.20553563383412696 -0.0010024812239520428 -0.067127017586658205 -0.064991971561251555 0.27733609654187136 0.093718911905268723 0.038149901218589521 -0.1351627283022496 0.021157942743653051 -0.13439407041721838 0.018551098731307763 0.027327560988265193 -0.014812322369725931 -0.16068243174446623 -0.038593156029372078 0.030490517731284045
leaf_weight=28.40697456151247 611.41529861092567 48.907344114035368 660.65659254044294 236.61738266982138 1943.1523750536144 4532.7373740160838 2387.4248955100775 2585.4488794580102 199.7351370099932 81.571816086769104 30.374437645077705 22694.934638598934 3524.1471890360117 228.08741800487041 23.21030343323946 11328.297212632373 47.911705726757646 188.26856219395995 12.7703047581017 57.985707938671112 75.430688679218292 102.28788838349283 97.854752227663994 56.203169614076614 29.331049256026745 1508.9497079998255 303.06086772307754 42.355452075600624 178.62695217877626 871.56256601214409
leaf_count=134 1157 104 1021 1156 3967 22393 4566 5650 4283 324 33 50709 6781 531 85 50980 248 1146 24 189 168 759 155 181 47 2460 624 180 787 1400
internal_value=0.00416116 0.0172116 0.0204855 -0.0306787 0.00300243 0.00235731 0.00373594 0.0028535 -0.0040955 -0.0031103 -0.078501 0.0057767 0.00721066 -0.00990738 -0.0487677 -0.00239757 -0.0332009 -0.0094109 0.0485377 0.0209466 -0.0354884 -0.102802 -0.0376042 -0.00829937 -0.0819467 0.0145514 0.00494579 -0.0146073 -0.0619939 0.0188021
internal_weight=54717.7 4462.15 4176.63 285.525 50255.6 48312.4 43430.5 41043.1 12153 11953.3 111.946 28890.1 26219.1 4881.89 349.152 11841.4 513.062 382.367 118.668 105.897 263.699 130.695 325.942 2670.98 85.5342 3515.97 2007.02 832.398 220.982 1174.62
internal_count=162242 8889 7629 1260 153353 149386 126222 121656 58288 54005 357 63368 57490 23164 771 53648 2668 1775 461 437 1314 893 686 5878 228 6608 4148 2124 967 2024
is_linear=0
shrinkage=0.1


Tree=39
num_leaves=31
num_cat=0
split_feature=2 12 9 16 1 13 4 18 4 17 10 14 7 17 15 15 16 19 6 0 3 4 9 20 12 18 5 6 10 17
split_gain=68.8218 51.0929 77.5367 68.1501 78.3827 60.5855 73.6596 55.1681 50.4807 73.4613 53.7297 49.8776 68.87 49.5359 45.4481 51.7676 67.8537 67.312 45.2999 44.6781 47.2195 70.859 49.5487 44.5801 59.8464 53.4324 51.968 80.0331 50.4394 55.0304
threshold=29.698051948051951 0.042854628833296278 1.0000000180025095e-35 0.13650000000000004 0.0056657678479712387 0.003992031872509961 0.098402323892519974 -101.49999999999999 14.708333333333334 129.10319767441862 1023508.1554500001 0.28558441558441566 187754.21000000005 46.439338235294123 -0.068595816666666656 0.17435428571428577 0.82750000000000001 0.004638936535162951 90.291500000000013 0.53410852713178303 11.500000000000002 19.510416666666668 2.526529194881066 5.5000000000000009 3.2282707125603869 -694.95999999999992 12.950000000000001 860.71600000000001 2185.6121000000007 12.325757575757578
decision_type=2 2 2 2 2 2 2 2 2 2 2 2 2 2 2 2 2 2 2 2 2 2 2 2 2 2 2 2 2 2
left_child=1 2 -1 5 -5 -4 13 -8 10 -10 -2 12 14 -7 -6 16 17 -16 -14 20 21 -18 -22 25 -25 -3 -27 28 -28 -30
right_child=8 23 3 4 11 6 7 -9 9 -11 -12 -13 18 -15 15 -17 19 -19 -20 -21 22 -23 -24 24 -26 26 27 -29 29 -31
leaf_value=-0.10865693045449532 0.029824710474078406 -0.011004875617046769 0.043896961110689407 -0.10460628925187675 0.014885828161893648 -0.016194937295250695 0.010851372004153008 0.048697913454872288 0.050689698882009027 -0.046882640974436313 -0.0021162874736933685 0.0083815044542914496 0.015013886682852425 -0.14899519163968472 0.13926620653595265 0.015691812989509401 0.012332190971599894 -0.043528429577471189 -0.054801929841529221 -0.027506200542078137 -0.0068490965858057952 -0.14721508075791317 -0.068031941058099996 0.036336855085266226 -0.013739390555428589 -0.00078146519670006841 -0.066005768412706584 0.094275864738329052 0.023689320781858356 -0.0079416109252327428
leaf_weight=58.687145816162229 878.63595681637526 4405.9507300630212 687.79113768413663 66.724311426281929 1695.0920331440866 76.684971461072564 4414.2538953218609 421.97335565090179 709.50751730799675 86.578142058104277 1314.6008481197059 10970.77078205999 122.969253141433 44.322532213293016 20.796101868152618 1126.0301906792447 2136.1443970408291 643.35158331133425 380.54245405923575 652.36175606399775 1280.0702123260126 28.204140301793814 147.63060346618295 721.47765683941543 356.62500597536564 18466.971924133599 83.537703365087509 119.12298774719238 1628.6516278758645 830.48937872052193
leaf_count=357 1383 15965 1351 534 4132 735 10757 630 1024 231 2830 28907 338 483 89 2538 5852 2493 1844 1308 5342 134 905 1294 882 64592 232 209 3038 1833
internal_value=0.00375698 0.00290216 0.00615085 0.00642127 0.00359065 0.0160843 0.0122254 0.0141536 0.0185088 0.0400782 0.0106796 0.00396658 -0.00191632 -0.0648369 0.000417969 -0.003646 -0.00808212 -0.0378047 -0.0377513 -0.00343125 0.000941063 0.0102531 -0.0131757 -0.000146513 0.0197722 -0.000987501 0.00110141 0.0141643 0.0104112 0.0130071
internal_weight=54576.6 51587.2 24974.4 24915.7 19270.7 5645.03 4957.23 4836.23 2989.32 796.086 2193.24 19204 8233.19 121.008 7729.68 6034.59 4908.56 664.148 503.512 4244.41 3592.05 2164.35 1427.7 26612.8 1078.1 25534.7 21128.8 2661.8 2542.68 2459.14
internal_count=162242 156774 68729 68372 54416 13956 12605 11387 5468 1255 4213 53882 24975 1218 22793 18661 16123 2582 2182 13541 12233 5986 6247 88045 2176 85869 69904 5312 5103 4871
is_linear=0
shrinkage=0.1


Tree=40
num_leaves=31
num_cat=0
split_feature=5 11 4 4 19 17 18 6 15 15 13 13 13 17 12 4 4 18 7 3 7 15 17 12 6 15 20 18 6 6
split_gain=64.4589 91.5928 55.5327 54.978 46.3093 95.5341 45.405 58.1062 52.1794 55.7747 50.2685 45.4294 44.4852 59.156 50.1001 45.7214 61.6929 47.7842 56.5276 79.5055 43.7579 57.3374 43.984 56.6609 44.6974 43.2119 112.759 76.6237 41.6283 41.1802
threshold=60.366666666666674 9.0665585309854285e-07 2.8017857142857143 53.125000000000007 0.038459935897435911 15.507911029580372 -1588.3599999999999 9.0030000000000019 -0.99034924999999985 0.54573220833333347 0.55844155844155852 0.037080003437312027 0.1921538461538462 30.512195121951223 0.00029163605212984819 4.222875816993465 5.9911504424778768 -3499.4999999999995 454761.71000000008 33.500000000000007 21755.180000000004 -0.0010666904761904761 134.70833333333334 0.0001094502865949134 385.22500000000008 4.1507559861111121 4.5000000000000009 1403.5000000000002 6530.2605000000012 740.78950000000009
decision_type=2 2 2 2 2 2 2 2 2 2 2 2 2 2 2 2 2 2 2 2 2 2 2 2 2 2 2 2 2 2
left_child=6 4 -3 -4 5 -2 7 -1 11 28 25 -8 15 -14 -15 20 -17 29 19 -19 -9 -22 24 -24 -23 -11 27 -27 -10 -18
right_child=1 2 3 -5 -6 -7 8 12 9 10 -12 -13 13 14 -16 16 17 18 -20 -21 21 22 23 -25 -26 26 -28 -29 -30 -31
leaf_value=-0.11410813341729559 0.27064934670242613 -0.036952725541505686 0.029913927336777564 -0.096510541877135064 -0.058747408550285853 -0.096458708921613817 0.024063865131554056 0.015719012057541757 0.0011775662305764248 0.014185772013346323 -0.11180065827230948 -0.0050478355062711228 -0.085765208200735438 -0.12698634001275383 0.091145070946522633 -0.053381764563028601 0.04383899882420722 -0.026874141180015965 -0.15205251323043975 0.10823207655287688 -0.087675245258756168 -0.012342708157942596 0.020910953874651167 -0.130383902304296 0.054993608481669502 -0.039174351713264249 0.027984722693138238 -0.24728469370615877 -0.1263006408017357 -0.09004150837256121
leaf_weight=51.441745756193995 13.480822730809452 139.69773974269629 2258.4481181874871 34.929460246115923 200.93004378676414 14.950186746194957 2092.6424267906696 1312.4275619313121 38664.99428340327 6156.4108569491655 33.269251350313425 720.64328186586499 146.52257160283625 14.133378559723495 41.291647183708847 371.86900950595737 237.01858555525541 428.80662969499826 31.214616177603602 48.480215923860669 95.386709494516253 300.11691417917609 44.375132072716951 55.98060904070735 146.79674438200891 364.08677319902927 372.83420778438449 18.59557393938303 25.633322324603796 25.440993219614029
leaf_count=344 17 343 3913 137 1008 106 3831 5944 121181 11823 115 1679 1691 241 219 1517 472 1342 153 138 655 1533 187 389 1007 1147 581 77 324 128
internal_value=0.00339038 0.018565 0.0242597 0.0279884 -0.041845 0.0776089 0.00261044 -0.00864653 0.0033891 0.00257428 0.0108257 0.0166067 -0.00700248 -0.0524777 0.0355216 -0.00403803 -0.0199278 -0.00379143 -0.0216773 -0.0131508 0.00525021 -0.0161291 -0.00365892 -0.0634846 0.0097751 0.0114159 -0.0111548 -0.049287 0.00109311 0.0308616
internal_weight=54462.8 2662.44 2433.08 2293.38 229.361 28.431 51800.4 3351.3 48449.1 45635.8 6945.2 2813.29 3299.86 201.948 55.425 3097.91 1142.83 770.961 508.501 477.287 1955.08 642.656 547.269 100.356 446.914 6911.93 755.517 382.682 38690.6 262.46
internal_count=162242 5524 4393 4050 1131 123 156718 15960 140758 135248 13743 5510 15616 2151 460 13465 3750 2233 1633 1480 9715 3771 3116 576 2540 13628 1805 1224 121505 600
is_linear=0
shrinkage=0.1


Tree=41
num_leaves=31
num_cat=0
split_feature=18 19 2 14 12 9 16 1 13 4 7 7 0 3 8 14 15 8 7 19 10 6 15 15 19 10 6 10 18 8
split_gain=58.1692 47.274 59.0268 41.8171 40.5988 58.4457 53.5518 56.7319 54.5492 55.847 47.0121 49.5771 80.8296 65.8725 53.8274 46.8804 58.3464 56.8702 57.7588 49.6059 45.488 48.907 45.4017 60.2148 79.5411 81.701 59.1116 51.2047 67.943 71.0891
threshold=9.0599999999999472 0.026316985645933016 9.9226190476190492 1.0787979094076656 0.042854628833296278 1.0000000180025095e-35 0.11950000000000001 0.0056657678479712387 0.0047968527124649159 0.098402323892519974 59009.755000000012 2450.0700000000006 0.059017027863777098 64.500000000000014 2.3775000000000008 0.30013888888888901 -0.068595816666666656 0.73350000000000015 59009.755000000012 0.0040734706117552992 57754812.8464 90.291500000000013 0.29925681103142865 0.11606203007518799 0.021739935587761678 939475.42650000018 762.26400000000012 203800.95370000004 -347.94999999999993 11.304500000000003
decision_type=2 2 2 2 2 2 2 2 2 2 2 2 2 2 2 2 2 2 2 2 2 2 2 2 2 2 2 2 2 2
left_child=4 -2 3 -3 5 -1 8 -8 -7 -10 11 -6 14 -14 -13 16 -9 -18 19 -19 -20 -22 23 27 -25 26 -26 -16 -29 -30
right_child=1 2 -4 -5 10 6 7 15 9 -11 -12 12 13 -15 22 -17 17 18 20 -21 21 -23 -24 24 25 -27 -28 28 29 -31
leaf_value=-0.092961473017358562 0.056105521062658384 0.083216242451060421 0.033929490897185575 -0.004068412743925943 0.0014398182639348629 0.039443377513916321 -0.084224476121541894 0.013150512410041035 -0.059195862380466868 0.01177377169497968 0.058551869404409332 0.018887872740307062 -0.0052156619503944714 0.053063085907472884 -0.075776329707282347 0.0077748386661754092 -0.13855767094268348 0.140571330772188 -0.012749934738799519 -0.0020726871022266713 0.00052604095254278995 -0.0788222775057522 -0.09275436447706803 -0.075945241736349464 0.089417631789252702 -0.12446062166684002 0.3613319802671271 -0.044752864229050109 0.15623437284820951 -0.0050571569251176441
leaf_weight=60.548176253214478 289.801947388798 57.420454617589712 828.13671553134918 1244.5815312862396 20920.079878591932 728.90581830963492 74.39172959793359 1994.1186712551862 113.42227965593338 4947.7690613633022 134.48977192305028 188.66449232585728 3604.3614474609494 204.97676011919975 290.89432473294437 10661.539536583237 32.310839258134365 24.481082759797573 863.22822446469218 5880.0512193804607 111.49580023065209 256.09613792039454 137.07079096138477 50.109981210902333 74.813558483496308 16.58423819206655 8.9513840917497856 423.81545405834913 35.920328333973885 114.21395244449377
leaf_count=364 519 162 1404 2690 65992 1438 563 4797 1199 11655 461 875 8138 477 2687 28282 119 66 2449 17440 365 1872 1445 656 529 173 45 3900 139 1341
internal_value=0.00305719 0.0182123 0.0130569 -0.000219014 0.00235128 0.00517139 0.0054027 0.0029397 0.0138668 0.0101833 -0.0004197 -0.000723917 -0.0095127 -0.00207974 -0.0306267 0.0032668 -0.00197919 -0.00618843 -0.00558903 -0.00148126 -0.0252949 -0.0547548 -0.0387331 -0.03144 0.0269467 0.0783264 0.118475 -0.0415976 -0.0242749 0.0335326
internal_weight=54373.2 2419.94 2130.14 1302 51953.3 25748.4 25687.8 19897.7 5790.1 5061.19 26204.9 26070.5 5150.38 3809.34 1341.04 19823.3 9161.78 7167.66 7135.35 5904.53 1230.82 367.592 1152.37 1015.3 150.459 100.349 83.7649 864.844 573.95 150.134
internal_count=162242 4775 4256 2852 157467 70609 70245 55953 14292 12854 86858 86397 20405 8615 11790 55390 27108 22311 22192 17506 4686 2237 10915 9470 1403 747 574 8067 5380 1480
is_linear=0
shrinkage=0.1


Tree=42
num_leaves=31
num_cat=0
split_feature=5 11 14 9 11 13 0 4 4 2 1 0 8 5 14 10 10 18 16 9 9 17 17 8 11 17 14 10 2 7
split_gain=55.925 55.1369 51.3075 45.5136 41.7572 57.7738 45.8541 46.9402 49.6122 48.8488 45.0017 57.8001 56.6762 54.2764 74.7527 43.95 43.5362 75.3999 42.5867 72.9797 46.5211 59.2964 57.7162 54.2625 47.4023 42.6657 42.5614 55.3268 40.8257 39.7105
threshold=47.677083333333336 1.0682306247302336e-08 64.00833333333334 0.58719926294941616 0.090927377309922605 0.080069686411149837 0.66224991224991236 2.5562587904360057 0.33156028368794327 3.6686991869918706 1.8750000000000002 0.015665903141361261 34.003000000000007 44.100000000000009 7.965476190476191 5029867473149.5752 1100.4599500000002 -100.84999999999998 -0.097499999999999962 1.3856815889319567 1.8909551200604533 196.13541666666671 13.503846153846156 1.3785000000000001 0.016119024567662416 2.5023364485981312 0.16017241379310349 38288.875250000005 2.3340220385674937 2088.3700000000003
decision_type=2 2 2 2 2 2 2 2 2 2 2 2 2 2 2 2 2 2 2 2 2 2 2 2 2 2 2 2 2 2
left_child=4 -2 3 -3 5 10 -7 8 -8 28 11 12 13 18 -15 26 29 -18 19 25 21 22 23 -21 -22 -1 -14 -28 -10 -13
right_child=1 2 -4 -5 -6 6 7 -9 9 -11 -12 16 15 14 -16 -17 17 -19 -20 20 24 -23 -24 -25 -26 -27 27 -29 -30 -31
leaf_value=0.010565353751236108 -0.0785953661688156 -0.14492358957260884 0.040229617948456656 0.011086347336942515 0.016235207888773463 -0.0063702863824246815 -0.0049553529839609931 -0.011615490174673856 -0.16685403093772144 -0.27401722506635345 0.01582081797304968 -0.006643196200860426 -0.096994861858521172 -0.12290479295209199 0.064242991908686362 0.38602457425269321 0.0032058392452536735 0.019070224349360908 -0.0014038630961483688 -0.071670951622777007 -0.060558760023489339 0.2387887583529405 -0.074529488061782542 0.13252326199155753 0.033571835051091119 -0.12865710270442396 0.32058787142063477 -0.023781800572533221 -0.028657491648520047 -0.11038504049007353
leaf_weight=28.45537481456995 63.804906925186515 18.798738284036517 680.272999022156 3553.1079585514963 1929.1929428949952 4511.0477762911469 51.915580056607723 200.31326591223478 40.10821159183979 18.087254777550697 2360.1077357456088 2632.0978307127953 125.6106164092198 80.613644041121006 29.028688594698906 2.1918355524539939 22564.122503109276 3454.5435484535992 11315.743738887832 17.990541357547045 183.3490645326674 13.601146882399915 41.832752835005522 47.047359563410282 75.539064072072506 97.210363574326038 5.1249434370547524 52.026027074083686 45.771941922605038 37.422161400318146
leaf_count=134 646 128 1164 6951 3967 22393 94 377 131 78 4566 5766 3034 324 33 13 50709 6781 50980 70 1146 22 218 151 168 759 81 1155 91 112
internal_value=0.00275331 0.0136745 0.015059 0.0102653 0.00180984 0.00123044 -0.00909772 -0.0436393 -0.0847906 -0.124656 0.00239507 0.00161851 -0.00417309 -0.00332149 -0.0733559 -0.0591055 0.00406437 0.00531218 -0.00267189 -0.0310837 -0.00920474 0.0421302 0.017102 0.0760398 -0.0330931 -0.097132 -0.0644439 0.00709913 -0.0931988 -0.00809748
internal_weight=54276.1 4315.98 4252.18 3571.91 49960.1 48030.9 4867.24 356.196 155.883 103.967 43163.7 40803.6 12115.4 11930.4 109.642 184.953 28688.2 26018.7 11820.8 505.026 379.36 120.472 106.871 65.0379 258.888 125.666 182.762 57.151 85.8802 2669.52
internal_count=162242 8889 8243 7079 153353 149386 23164 771 394 300 126222 121656 58288 54005 357 4283 63368 57490 53648 2668 1775 461 439 221 1314 893 4270 1236 222 5878
is_linear=0
shrinkage=0.1


Tree=43
num_leaves=31
num_cat=0
split_feature=5 4 5 11 4 15 15 13 12 16 18 12 13 17 12 16 13 10 0 1 7 12 7 11 9 5 13 1 16 6
split_gain=50.3692 41.4768 41.1307 42.0682 60.8608 40.8588 58.1524 50.6026 48.0194 49.5056 69.8904 52.2939 58.9647 58.4005 53.4005 51.9025 51.3922 49.8907 48.6619 48.0258 45.7243 83.5603 44.8328 43.4018 43.36 43.186 42.5993 41.5176 40.8452 39.9365
threshold=90.575000000000017 9.2792207792207808 28.535714285714288 0.00091917268078016662 11.514708056171473 0.80009000000000008 -1.0000000180025095e-35 0.50100000000000011 24.537794124365487 0.17150000000000001 -665.9799999999999 0.34470911892843908 0.062042234696605192 25.009966777408639 0.0097436248353654342 0.28550000000000003 0.066555924695459595 1467712.1322000001 0.40129870129870138 0.012861869313482219 147748.54000000001 0.0021600075629143694 234.01000000000002 0.043966816056100484 3.6418819742868771 21.354166666666668 0.22246014751368073 0.029498781761225203 0.24650000000000002 358.60500000000008
decision_type=2 2 2 2 2 2 2 2 2 2 2 2 2 2 2 2 2 2 2 2 2 2 2 2 2 2 2 2 2 2
left_child=1 5 -3 4 -4 6 24 27 9 11 15 12 13 23 -15 25 -14 22 -17 20 -12 -22 -16 -8 -1 -11 -13 -7 -10 -2
right_child=29 2 3 -5 -6 7 8 -9 28 10 19 26 16 14 17 18 -18 -19 -20 -21 21 -23 -24 -25 -26 -27 -28 -29 -30 -31
leaf_value=0.0026859344534959431 0.031405474653291819 -0.0056204183227579379 0.02714843988336655 0.022623178422949725 -0.036584574448690448 0.040909754840250938 0.021266866431645728 -0.11626555794127025 -0.093311659589627005 -0.14916663439946551 -0.084549976003933908 -0.0083553714946574525 -0.094274158934230079 0.015239238530596846 -0.10493399384036753 -0.0083865937190363907 -0.0079025407309809611 -0.06680915964273576 -0.02928282707614013 -0.0011927291133764948 0.42570116709765027 -0.062015630965664786 -0.00069354333193254907 -0.029757991952567578 0.016678688464758736 -0.020173600357840948 -0.097919910131145788 0.0072685649289260957 0.023715531217101373 -0.083365048101560438
leaf_weight=10506.014913838357 792.63083492219448 1051.9569518007338 282.15124242566526 2622.3524524793029 319.50114348530769 390.53066164720803 3562.0650647543371 32.250956458970904 30.833979148417711 51.852666097693145 113.87986706197262 1890.1530073704198 74.383710442110896 735.39021578244865 44.466001098975539 4735.8623285358772 932.7277875225991 190.0824040453881 1457.3748465329409 13681.562164797448 5.1920737177133587 10.861919824033974 572.15236069727689 174.88799564540386 2806.0103502608836 51.964938923716545 54.639538958668709 6050.0776596777141 910.59703014418483 31.524417417123914
leaf_count=30229 1373 2346 742 4510 1182 1228 8733 290 145 328 1432 7490 377 1738 192 19373 4066 917 3044 46048 6 147 1879 426 7919 125 370 13800 1626 161
internal_value=0.00248255 0.00210351 0.0115494 0.0171517 -0.0066963 0.00128032 0.000155374 0.00868275 -0.00233603 -0.00307413 -0.00574816 0.00345863 0.0078921 0.0121223 -0.00425089 -0.0144793 -0.0142818 -0.0220181 -0.0133038 -0.00176739 -0.0622769 0.0957184 -0.0082106 0.0188789 0.00563543 -0.0846004 -0.0108717 0.00930842 0.0198826 0.0270154
internal_weight=54165.9 53341.8 4275.96 3224 601.652 49065.8 42593 6472.86 29280.9 28339.5 20108.6 8230.95 6286.16 5279.04 1542.09 6297.05 1007.11 806.701 6193.24 13811.5 129.934 16.054 616.618 3736.95 13312 103.818 1944.79 6440.61 941.431 824.155
internal_count=162242 160708 8780 6434 1924 151928 136610 15318 98462 96691 70503 26188 18328 13885 4726 22870 4443 2988 22417 47633 1585 153 2071 9159 38148 453 7860 15028 1771 1534
is_linear=0
shrinkage=0.1


Tree=44
num_leaves=31
num_cat=0
split_feature=0 1 15 15 9 16 13 13 5 10 15 5 0 0 8 0 14 9 17 19 1 12 8 18 15 17 7 7 4 10
split_gain=45.2845 42.2917 35.8852 55.4371 65.4572 71.335 59.6691 49.5262 50.948 50.7624 47.1097 55.4661 63.4863 45.9411 68.6535 60.7977 54.6972 52.5254 63.2378 45.8898 49.0229 45.4322 42.5889 65.3649 52.7874 52.4715 55.8171 50.0609 59.0723 63.917
threshold=1.1690476190476193 0.36602870813397131 -1.0000000180025095e-35 0.034803785714285725 1.0000000180025095e-35 1.0000000180025095e-35 0.18190909090909094 1.1900000000000002 39.041666666666679 57754812.8464 0.028944175824175827 25.775000000000002 0.15345368916797492 0.077254641909814334 1.9910000000000003 0.10557275541795667 13.506250000000001 0.50025025025025038 3.5040983606557381 0.0052649122807017553 0.12613636363636366 0.36920991931508823 19.001500000000004 -1588.3599999999999 0.15853333333333336 3.4952830188679251 37335.885000000002 43647.840000000004 7.0091743119266061 11522918029439.842
decision_type=2 2 2 2 2 2 2 2 2 2 2 2 2 2 2 2 2 2 2 2 2 2 2 2 2 2 2 2 2 2
left_child=2 -2 -1 4 6 13 -4 8 9 19 -7 12 -12 14 -6 -15 17 18 -16 20 -5 -17 24 25 -11 26 -24 -27 29 -29
right_child=1 -3 3 7 5 10 -8 -9 -10 22 11 -13 -14 15 16 21 -18 -19 -20 -21 -22 -23 23 -25 -26 27 -28 28 -30 -31
leaf_value=0.0060818381603017571 0.035309416189880337 -0.0052342253212222358 -0.13782423345195136 0.034528108340733575 0.019053896691927238 -0.005592180484477266 0.15881707811960105 -0.093083377645608825 0.017355762054661075 -0.10518524317447014 -0.10307810989303486 0.017034968933000449 -0.014340548504359403 0.10721122440243638 0.35900683981329479 0.023155980725503365 0.22365569013162881 -0.048819093538573125 -1.8194334318962544e-05 0.0022657150186019518 -0.068095693943653626 -0.051793950003034384 0.24466078259782076 -0.056442415884463228 -0.020255204126908465 -0.063543388229161155 -0.034561020444601825 0.13104958605414271 -0.17171917333494652 -0.12267949911407534
leaf_weight=14340.373733286746 772.19090625271201 385.83733643591404 58.579510042443871 692.49896738864481 529.27091397717595 13053.25620924402 7.6685578506439915 53.070715945214033 2415.8908239491284 79.732849900610745 168.26458180509508 128.87157589942217 154.7934160977602 81.656167343258858 6.9107617177069214 1260.1865230202675 8.0195149611681682 390.35314364172518 16.911808986216784 18196.009827502072 49.902524508535862 86.422683775424957 24.716129366308451 77.784438169561327 890.80348541215062 42.59890038240701 10.078643850982187 69.940410982817411 9.2432102486491186 11.570861502550541
leaf_count=39977 1369 816 492 2257 1447 43931 49 446 4423 610 1092 235 332 174 47 2102 18 2668 211 52585 236 236 93 464 4854 451 95 279 103 150
internal_value=0.00223884 0.0218009 0.00181074 0.000222943 -0.00429181 -0.00387812 -0.103486 0.00340612 0.00363299 0.0019881 -0.00669114 -0.0384327 -0.0605595 0.012086 -0.00493733 0.0234264 -0.0350131 -0.0400216 0.104132 0.00326002 0.02763 0.0183458 -0.0178136 0.0193567 -0.0272325 0.0544209 0.163781 0.0258864 0.0678635 0.0950317
internal_weight=54073.4 1158.03 52915.4 38575 15951.2 15884.9 66.2481 22623.8 22570.8 20154.9 13505.2 451.93 323.058 2379.73 951.466 1428.27 422.195 414.176 23.8226 18938.4 742.401 1346.61 1216.47 245.933 970.536 168.148 34.7948 133.353 90.7545 81.5113
internal_count=162242 2185 160057 120080 53034 52493 541 67046 66600 62177 45590 1659 1424 6903 4391 2512 2944 2926 258 55078 2493 2338 7099 1635 5464 1171 188 983 532 429
is_linear=0
shrinkage=0.1


Tree=45
num_leaves=31
num_cat=0
split_feature=5 11 13 6 9 19 4 2 12 6 18 8 9 0 16 13 4 4 17 18 16 17 10 4 5 18 4 1 18 0
split_gain=39.1341 33.8049 51.3199 44.2186 63.1023 54.3321 68.0514 53.479 51.8284 49.5798 57.5385 46.8598 67.4093 60.3069 44.1144 44.0539 83.52 42.5572 48.36 62.342 46.3569 42.3699 41.1884 41.1828 42.457 40.7471 40.7386 40.672 56.3972 42.4845
threshold=90.575000000000017 0.090927377309922605 0.080069686411149837 18.666500000000003 1.0116340473958485 0.2501666666666667 0.70106382978723414 0.75290697674418616 0.0031646710733428643 5.0005000000000015 -96.499999999999986 0.65450000000000019 5.5725833247935714 0.32885724585436199 0.18750000000000003 0.10814762130551606 0.287784679089027 0.30816714150047492 24.517241379310349 -3976.7399999999993 0.43850000000000006 0.046164772727272735 990.03190000000006 53.125000000000007 60.366666666666674 -711.49999999999989 5.169540229885059 1.8750000000000002 -16139.109999999999 0.015665903141361261
decision_type=2 2 2 2 2 2 2 2 2 2 2 2 2 2 2 2 2 2 2 2 2 2 2 2 2 2 2 2 2 2
left_child=1 2 23 5 -5 11 9 -8 21 10 -7 13 -13 14 -4 16 -11 20 19 -19 -10 -6 -9 24 27 -25 -26 28 -1 -30
right_child=-2 -3 3 4 8 6 7 22 17 15 -12 12 -14 -15 -16 -17 -18 18 -20 -21 -22 -23 -24 25 26 -27 -28 -29 29 -31
leaf_value=-0.1342617625228055 0.023902172382003602 0.01441001122001174 0.036288993215032581 0.00096957746121624088 -0.20989747391137664 0.067858632907373956 0.17031451745581205 -0.06010240269686238 -0.097574148333459246 0.13145574909170488 -0.10971864487625871 0.042767615919821075 0.18157639938049794 -0.20251817285116075 -0.13398095518652581 -0.092513824799143884 -0.15714045308822247 -0.11935961710459914 0.041937781707279354 -0.0093847040733644575 -0.020883365122573171 -0.043908735167121432 0.021166948952662218 -0.15812943862494286 -0.018660658160767687 0.027080956128078312 0.029621206789503862 0.014486887572416188 -0.0036845457023955402 0.0033215887196455861
leaf_weight=30.72490649484098 804.76565242931247 2008.5845222994685 141.06074575707316 1963.1508179437369 15.781912589445708 65.708655431866646 21.584900535643101 72.684759691357613 116.1199049744755 26.282715450972319 25.2615757137537 175.954749237746 43.667847163975239 13.467423185706137 17.055958688259125 169.60324823483825 16.214251957833767 53.721270190551877 176.08382750302553 1272.8888079915196 245.36331747937948 600.87954731099308 439.11279973387718 31.357788071036339 212.65744488686323 19.122315376996994 980.60057156533003 2426.8855083212256 12237.628948016092 29565.568614240736
leaf_count=143 1534 4127 553 9570 86 182 42 209 1402 92 107 486 82 50 150 993 85 564 602 4559 2093 2784 993 155 433 37 1621 4688 58572 65248
internal_value=0.0020154 0.00168422 0.00118475 -0.00778503 -0.0124259 0.00901443 -0.00537262 0.016128 -0.0230261 -0.0432121 0.0185471 0.0397759 0.0703671 0.000619993 0.0179221 -0.0697008 0.021345 -0.014713 -0.0073024 -0.0138382 -0.0455189 -0.0481568 0.00962519 0.00230273 0.00240299 -0.0879701 0.0210166 0.00190117 0.00117104 0.00127059
internal_weight=53989.5 53184.8 51176.2 5671.65 4443.99 1227.66 836.453 533.382 2480.84 303.07 90.9702 391.207 219.623 171.584 158.117 212.1 42.497 1864.18 1502.69 1326.61 361.483 616.661 511.798 45504.5 45454.1 50.4801 1193.26 44260.8 41833.9 41803.2
internal_count=162242 160708 156581 25684 21660 4024 2703 1244 12090 1459 289 1321 568 753 703 1170 177 9220 5725 5123 3495 2870 1202 130897 130705 192 2054 128651 123963 123820
is_linear=0
shrinkage=0.1


Tree=46
num_leaves=31
num_cat=0
split_feature=18 9 9 9 18 9 15 6 0 19 11 19 16 14 3 10 12 16 8 7 16 14 10 8 16 13 17 9 10 9
split_gain=36.4222 64.8879 46.4055 46.365 46.5561 42.6295 47.3164 49.0048 41.1233 39.7798 39.5104 39.059 41.6898 38.0804 57.5287 52.5199 43.8833 49.671 41.0009 60.355 49.3801 45.3198 53.8059 72.5167 43.0939 38.1187 38.0314 37.912 35.5991 48.007
threshold=-86.499999999999986 1.3236273170048007 1.5731519795152022 5.5725833247935714 -91.84999999999998 1.5881423190745227 -0.32998124999999995 21.005000000000006 0.71291208791208804 0.049975000000000012 0.090927377309922605 0.010753267162944584 0.77750000000000019 0.39966666666666678 12.500000000000002 1200.2155000000002 1.1842962871758524 0.27750000000000008 0.22550000000000003 42.025000000000006 0.093500000000000014 3.4601809954751137 3089.3150000000005 5.7020000000000008 0.049500000000000009 0.043425877422734425 1.4976851851851853 2.8498149934866022 600.10775000000012 5.9985007496251876
decision_type=2 2 2 2 2 2 2 2 2 2 2 2 2 2 2 2 2 2 2 2 2 2 2 2 2 2 2 2 2 2
left_child=3 11 -3 4 10 6 -6 8 9 -8 -1 -2 -13 14 15 16 17 -4 19 20 24 -20 23 27 -15 -16 -12 -23 29 -5
right_child=1 2 13 28 5 -7 7 -9 -10 -11 26 12 -14 18 25 -17 -18 -19 21 -21 -22 22 -24 -25 -26 -27 -28 -29 -30 -31
leaf_value=-0.00096911089863564433 -0.10542247556933133 -0.028935837668110545 0.091452252303704407 0.13925934722403183 0.035852126965013414 -0.0066021403304197361 0.02641465822947002 0.023889058654564907 0.020752913485893077 -0.13993172133306672 0.027362334806387445 0.046899607768190826 0.014950775086619905 -0.1123291041446402 -0.13898990114775425 0.083233388335900799 -0.024463936641554246 -0.0046460340996737001 0.022001412033804658 0.053623065574141829 -0.1241376540828953 0.0063011828785571895 0.015242591841766984 -0.21661812999733737 0.1065916632173437 0.093950302894318091 -0.0084075878632438247 -0.041133135954367316 0.0092073639383822414 -0.028776762668734059
leaf_weight=35418.625097401906 25.235193181782961 478.27252890914679 75.492195673286915 17.789236314594746 43.020202368497849 381.5235344581306 16.145380064845085 37.679657503962517 23.496880784630775 131.17197028547525 955.58265291154385 475.42058115079999 2898.6591224577278 15.350112691521643 51.87457462400198 61.070411749184132 756.60963859409094 187.06603933870792 1814.5968026295304 48.551144763827324 78.533922702074051 348.29469592124224 878.40170148387551 18.635182298719883 21.70722521841526 8.1254188790917379 431.44164534844458 326.40273743122816 7489.0892666196451 384.17782089486718
leaf_count=115795 172 1235 116 33 91 1077 53 122 36 566 1772 755 6186 63 364 153 2811 418 4772 114 335 815 1565 73 59 23 1020 928 19522 1198
internal_value=0.00181527 0.00779444 0.000737315 0.000685076 -0.000783211 -0.027672 -0.0596329 -0.0793351 -0.102105 -0.121701 -0.000320738 0.0185255 0.0194525 0.00376284 -0.0121364 -0.00684269 -0.0122402 0.0229847 0.0088689 -0.039941 -0.0792402 0.0112348 -0.00119543 -0.0220212 0.015909 -0.107444 0.0162359 -0.0166464 0.00765128 -0.0213402
internal_weight=53898 8568.3 5168.98 45329.7 37438.7 633.038 251.514 208.494 170.814 147.317 36805.6 3399.31 3374.08 4690.71 1140.24 1080.24 1019.17 262.558 3550.47 164.142 115.591 3386.33 1571.73 693.333 37.0573 60 1387.02 674.697 7891.06 401.967
internal_count=162242 20957 13844 141285 120532 1945 868 777 655 619 118587 7113 6941 12609 3885 3498 3345 534 8724 571 457 8153 3381 1816 122 387 2792 1743 20753 1231
is_linear=0
shrinkage=0.1


Tree=47
num_leaves=31
num_cat=0
split_feature=2 10 4 17 17 17 18 4 15 15 17 13 9 4 16 15 17 0 19 8 17 4 19 3 12 2 18 6 6 17
split_gain=35.3155 41.1488 43.45 45.1951 36.5087 43.3328 41.5575 34.4897 33.7932 63.9891 36.0561 46.9835 38.6606 46.0473 41.8094 44.493 42.2887 32.8718 44.3008 37.7852 32.6673 74.5455 70.1192 55.3994 77.5664 61.1007 64.5144 53.81 63.0873 50.904
threshold=29.698051948051951 699655.89060000016 15.012820512820515 129.10319767441862 365.02777777777783 2610.6666666666674 -636.78499999999997 115.50000000000001 0.1800034375 -0.15544012987012984 541.33333333333337 0.0047968527124649159 1.4731157283767011 3.4463601532567054 0.87350000000000005 9.9327272727272748e-06 10.25277777777778 1.2738636363636366 0.32983333333333337 1.9990000000000003 0.83429770819151361 3.7516447368421058 0.062160256410256416 33.500000000000007 0.0014822443521866487 1.2565789473684212 -147.97499999999997 25.757000000000005 29.891999999999999 14.508928571428573
decision_type=2 2 2 2 2 2 2 2 2 2 2 2 2 2 2 2 2 2 2 2 2 2 2 2 2 2 2 2 2 2
left_child=4 -2 8 -4 7 6 -6 17 9 -3 11 -11 13 -13 -15 16 -16 20 -19 -20 21 -1 -23 25 -25 26 27 -22 29 -29
right_child=1 2 3 -5 5 -7 -8 -9 -10 10 -12 12 -14 14 15 -17 -18 18 19 -21 23 22 -24 24 -26 -27 -28 28 -30 -31
leaf_value=0.0011691151194345101 0.030274357286552325 0.025565205425722104 0.040976255281267839 -0.044154172615097256 0.051421600466944106 -0.10911669445201749 -0.036138511974128734 -0.10039658643873482 0.015544496345069199 0.044432932469104208 -0.11497445748571505 0.00078336209665748064 -2.6007214814127678e-05 -0.1760333865122656 -0.035582758745814541 -0.016616228902317339 -0.16716348224378583 0.044283438007413703 -0.057009694016004801 0.019394356771715911 -0.077293861328803989 -0.0064349937425764447 0.02828679015718813 -0.038766126375742033 0.020390857352777573 -0.0016167885642851443 0.0065917468377777542 -0.046631151845827522 -0.026916496692501898 0.16979581525563486
leaf_weight=20582.302892740816 891.58900251239538 261.46576731652021 448.13799310103059 72.443324666470289 340.40556651167572 21.220775293186307 64.470670852810144 33.667388191446662 528.67189417034388 81.343344833701849 49.569492250680923 97.529074463993311 181.41647206991911 38.592788241803646 43.046012856066227 103.58942578360438 56.464713927358389 396.34755767509341 99.818763937801123 184.12083181366324 209.43628234229982 812.92114258930087 2044.0318958982825 250.84219716861844 1904.359580709599 21994.64573148638 689.54094323143363 17.082229053601623 1310.221133752726 29.871032401919365
leaf_count=62162 1417 468 721 201 828 147 284 175 1012 180 167 225 373 159 97 228 220 678 256 353 1638 2009 3504 1074 8781 57592 4181 105 12899 108
internal_value=0.00163514 0.0124604 0.00436641 0.0291296 0.0010292 0.0301781 0.0374789 0.000783547 -0.00457538 -0.0162256 -0.0329961 -0.0262457 -0.0372883 -0.0572163 -0.0806206 -0.0624904 -0.110245 0.000850967 0.0226844 -0.00746543 0.000552985 0.0032702 0.018407 -0.00185895 0.0135056 -0.00322442 -0.0188968 -0.0301155 -0.0228351 0.0910568
internal_weight=53839.2 2853.86 1962.27 520.581 50985.3 426.097 404.876 50559.2 1441.69 913.017 651.551 601.982 520.638 339.222 241.693 203.1 99.5107 50525.5 680.287 283.94 49845.3 23439.3 2856.95 26406 2155.2 24250.8 2256.15 1566.61 1357.17 46.9533
internal_count=162242 5468 4051 922 156774 1259 1112 155515 3129 2117 1649 1482 1302 929 704 545 317 155340 1287 609 154053 67675 5513 86378 9855 76523 18931 14750 13112 213
is_linear=0
shrinkage=0.1


Tree=48
num_leaves=31
num_cat=0
split_feature=12 9 18 7 1 0 7 18 19 3 14 19 16 14 15 7 2 6 1 14 3 1 8 11 8 12 17 13 13 7
split_gain=31.3655 42.5595 40.8622 36.8088 52.028 51.3693 64.5979 67.9988 63.7967 55.6772 55.2341 86.4488 63.5632 65.9995 74.269 54.0546 71.476 52.8834 51.7075 50.5865 50.4312 50.1239 48.1981 49.1466 47.832 48.356 43.4256 39.644 59.9515 39.4538
threshold=0.042854628833296278 1.0000000180025095e-35 -99.874999999999986 2236.3550000000005 0.067041198501872665 0.059017027863777098 9182.6050000000014 -149.59999999999997 0.0030923295454545461 66.500000000000014 0.53832167832167843 0.078591666666666685 0.60750000000000004 1.328730158730159 0.036372484848484855 52032.000000000007 4.2197646103896114 740.78950000000009 0.065395580898075567 0.026385407964355335 51.500000000000007 2.4166666666666674 1.4725000000000001 0.1135874841985992 0.73350000000000015 0.25625405375395977 0.9457356188873699 0.064012195121951235 0.07854152897113903 2184.1250000000005
decision_type=2 2 2 2 2 2 2 2 2 2 2 2 2 2 2 2 2 2 2 2 2 2 2 2 2 2 2 2 2 2
left_child=1 -1 -3 20 5 6 7 8 -5 -7 27 12 -12 14 -14 22 -17 19 -15 -9 29 24 -8 -24 -6 -26 -19 -10 -29 -2
right_child=3 2 -4 4 21 9 15 17 10 -11 11 -13 13 18 -16 16 -18 26 -20 -21 -22 -23 23 -25 25 -27 -28 28 -30 -31
leaf_value=-0.081994302192475138 0.00096845866037945138 0.0026213874687142386 0.01457677343481417 0.14406799068909582 -0.099615002167624908 0.0033285441367729139 0.12134474654356889 0.060840015969164746 -0.039213997011314006 0.057420033239896688 -0.12083080630031132 0.45923496764488497 0.083058267721817985 -0.12080604177668795 0.43575810203689064 -0.11018677516157188 0.1752299940313406 0.28496489777474354 0.23629342749405968 -0.10010639176694019 -0.078946894782506868 0.086122062553123213 -0.095946363818735003 0.19376519220655319 -0.011150375669419997 -0.046400892643412794 -0.024510395507974195 0.19065536092864141 -0.05863669301917375 0.058747135020778052
leaf_weight=57.588241126388311 20794.670128948055 23684.535681382753 3251.3260851129889 41.274142267182469 73.138844145461917 2122.7050523459911 11.536131229251621 23.442833408713341 155.45250011514872 209.03023882210255 15.505278634838758 5.7598470970988265 15.105808317661287 14.49304496496916 9.8720823358744365 15.283072054386137 20.601431678980589 7.8531511761248138 5.6300133299082509 116.96126030758023 78.615188058465719 45.38323450833559 219.53682477399707 6.0159297734498969 2121.9190669525415 476.54918198660016 10.728201871737836 20.588685672730207 18.151810966432095 118.85816119424999
leaf_count=366 65126 66799 6391 187 291 4808 70 187 1762 468 198 55 97 171 65 285 72 26 13 1429 643 52 2903 5 6850 2086 100 130 261 346
internal_value=0.00147543 0.00388088 0.00406448 -0.000949683 -0.00801422 0.000915785 -0.0221598 0.000676102 0.0285553 0.00817762 0.0102574 0.0890153 0.0538307 0.113878 0.222457 -0.0607101 0.0536721 -0.0522525 -0.020897 -0.0732337 0.000996322 -0.0180898 -0.0780224 -0.0882192 -0.01986 -0.0176152 0.106285 -0.0166583 0.0738499 0.00129683
internal_weight=53768.1 26993.5 26935.9 26774.7 5782.52 3065.53 733.792 460.819 301.833 2331.74 260.559 66.3661 60.6062 45.1009 24.9779 272.973 35.8845 158.985 20.1231 140.404 20992.1 2716.99 237.089 225.553 2671.61 2598.47 18.5814 194.193 38.7405 20913.5
internal_count=162242 73556 73190 88686 22571 13292 8016 4681 2939 5276 2752 599 544 346 162 3335 357 1742 184 1616 66115 9279 2978 2908 9227 8936 126 2153 391 65472
is_linear=0
shrinkage=0.1


Tree=49
num_leaves=31
num_cat=0
split_feature=15 15 16 9 14 0 8 15 16 15 7 15 4 17 4 12 17 2 15 19 18 7 5 10 10 0 20 13 12 20
split_gain=29.4664 46.6491 57.6566 63.1427 64.1329 57.8423 53.5611 67.8918 53.5015 96.0208 82.3853 80.6844 53.3426 69.2473 45.9519 53.8238 45.4004 54.1309 44.2783 44.0564 48.3985 58.7194 43.3848 48.4051 44.6106 43.197 42.1087 43.0466 41.8857 60.8237
threshold=-1.0000000180025095e-35 0.034803785714285725 0.11950000000000001 1.0000000180025095e-35 1.0000000180025095e-35 0.077254641909814334 18.659000000000002 0.030480727272727274 0.99250000000000005 0.0045043181818181822 42.025000000000006 0.028944175824175827 0.16869918699186995 108.52272727272729 0.30816714150047492 0.042854628833296278 42.885416666666679 36.023809523809533 0.0051972916666666669 0.040020833333333339 -350.49999999999994 24490.080000000002 42.52272727272728 3101973782634.0454 41354363.979300007 0.24257134451309212 5.5000000000000009 0.023837936129105581 0.087538553729739219 3.5000000000000004
decision_type=2 2 2 2 2 2 2 2 2 2 2 2 2 2 2 2 2 2 2 2 2 2 2 2 2 2 2 2 2 2
left_child=-1 2 3 4 -2 12 7 -7 9 10 -4 -10 28 14 15 -14 17 -16 -17 20 -12 -22 24 -24 -3 -13 27 -26 29 -5
right_child=1 22 8 5 -6 6 -8 -9 11 -11 19 25 13 -15 16 18 -18 -19 -20 -21 21 -23 23 -25 26 -27 -28 -29 -30 -31
leaf_value=0.0051732690753833388 -0.12796889934554842 0.0025698028554003039 0.017430516922362117 0.034517528880287335 0.2206677281793922 0.013787789202178448 0.05516824711792806 -0.10083590342053413 -0.0031045010656843334 0.0027214199536558042 -0.1246917285866769 -0.11290690297291871 0.18796027450024913 -0.076572963505919633 -0.00068476080400773536 -0.12274412855388449 0.04808520330972655 -0.20255894805444058 0.18535587878581661 -0.036426398132486305 -0.073579000705229505 0.066663015683040547 0.018235994910909166 -0.071491494932364855 -0.067695052153232155 -0.019340096863214154 0.033248633093333431 -0.014487912998113861 -0.059503809270843248 -0.14749938553373534
leaf_weight=14506.916760283522 55.928224852308631 19464.084122844972 225.92520062439144 120.68038933817297 5.8260045964270821 2203.1791796311736 314.20460614562035 52.914677694439888 8949.6171180894598 984.40418730024248 137.69638382410631 102.14082130976021 29.91750156879425 102.68754361569881 1075.6121945362538 14.086398839950563 205.33812393061817 13.448686853051184 6.973814206197857 857.18381878361106 159.78367971256375 36.715913981199265 2233.3743291534483 61.786255742423236 177.64733422733843 95.45067360624671 154.36428915336728 1055.4554023155943 287.46950576547533 21.653093514032662
leaf_count=40441 520 56144 573 829 21 4008 507 152 30008 3423 775 624 115 510 3957 122 653 51 34 3116 854 103 4003 561 974 197 273 6402 2106 186
internal_value=0.00132281 -0.000101942 -0.00424323 0.00534533 -0.0950779 0.00673952 0.0164866 0.0110994 -0.00798762 -0.0212706 -0.0379346 -0.00450001 -0.00660158 0.00258059 0.00862209 0.101749 0.00495445 -0.00317768 -0.0207208 -0.0484336 -0.0792311 -0.0473748 0.00277122 0.0158205 0.00133487 -0.0677075 -0.0159894 -0.0221532 -0.0375376 0.00682742
internal_weight=53712.5 39205.5 16058.8 4509.92 61.7542 4448.17 2570.3 2256.09 11548.9 2401.71 1417.3 9147.21 1877.87 1448.06 1345.38 50.9777 1294.4 1089.06 21.0602 1191.38 334.196 196.5 23146.7 2295.16 20851.6 197.591 1387.47 1233.1 429.803 142.333
internal_count=162242 121801 53444 13771 541 13230 4667 4160 39673 8844 5421 30829 8563 5442 4932 271 4661 4008 156 4848 1732 957 68357 4564 63793 821 7649 7376 3121 1015
is_linear=0
shrinkage=0.1


Tree=50
num_leaves=31
num_cat=0
split_feature=5 4 4 4 1 7 0 17 6 13 12 0 1 12 15 10 13 15 6 12 10 8 2 0 4 18 16 19 19 0
split_gain=28.2441 34.3831 29.1513 40.3595 35.0888 34.5603 33.9657 27.1277 25.8942 53.7441 76.4455 75.0488 55.3691 57.9203 54.7828 52.6825 50.3705 54.1442 44.5877 91.2915 44.3025 85.9694 44.2075 43.5032 43.3271 38.0508 37.8379 57.1239 48.2868 39.5938
threshold=90.575000000000017 2.6030303030303035 8.0029585798816587 20.244565217391308 0.055250305250305255 43647.840000000004 0.13900966183574884 9.259006211180127 860.71600000000001 0.020343910130074895 0.3566306130911584 0.059017027863777098 0.011940404904476763 0.13769206511418408 0.0038127500000000006 3847653.969 0.10814762130551606 -1.0000000180025095e-35 184.50150000000002 1.0056813635099957 108956.37200000002 21.995000000000001 4.4567809239940397 0.42940199335548174 9.2792207792207808 -7999.4999999999991 0.73550000000000015 0.032258661887694155 0.02841801075268818 0.50274725274725285
decision_type=2 2 2 2 2 2 2 2 2 2 2 2 2 2 2 2 2 2 2 2 2 2 2 2 2 2 2 2 2 2
left_child=8 -2 -3 4 -4 6 -6 -7 18 10 11 12 13 -10 22 23 20 -18 24 25 21 -11 -13 -16 -1 -20 27 -21 -28 -30
right_child=1 2 3 -5 5 7 -8 -9 9 16 -12 14 -14 -15 15 -17 17 -19 19 26 -22 -23 -24 -25 -26 -27 28 -29 29 -31
leaf_value=0.0012529638043068396 -0.0799902972408012 0.039465565725143488 -0.16042220057355305 0.065030477427104397 -0.0030819479944828032 0.081547274672717954 -0.15071154032828415 -0.015725080029088682 -0.043134831368535131 -0.077718429759514041 -0.09757549813960642 0.070802926794777551 -0.089598995694601336 0.19225176582694772 -0.077214200406609396 0.019089559700236288 0.097115359232666204 -0.08898084044687149 -0.067322090277710619 -0.05338174950980356 0.024426410593760686 0.20061284554678666 0.01195027746346242 0.032201052133300767 0.017094050926690998 -0.0025732415873854688 0.029473565620413113 0.048316028710576518 -0.075885287486033889 -0.26669732698456505
leaf_weight=37189.856543272734 32.88495909422636 474.31402154266834 17.215736551210284 68.215288266539574 33.468378059566021 44.761241495609283 29.165370624512434 79.754781447350979 30.803909552283585 15.812233047559856 83.145365479402244 201.78357087820768 135.43326794914901 15.823522807098923 153.76094918698072 224.55803780257702 19.982172433286905 71.851680471561849 91.553078230004758 145.6627659201622 1339.3512462992221 37.217133203521371 347.32625586166978 47.583889804780483 1810.6550221219659 10493.308990106918 43.625208962708712 88.967259336262941 254.9793832115829 11.359109655022619
leaf_count=105985 100 751 101 108 71 60 99 244 560 124 577 338 1735 117 473 449 90 745 849 822 6267 111 692 70 3275 35270 237 345 1529 48
internal_value=0.00118998 0.0200828 0.0244889 -0.00157169 -0.0238029 -0.0112354 -0.0718256 0.0192426 0.000911245 0.0104057 -0.00495905 0.00169621 -0.0572408 0.0367462 0.0127013 -0.0142135 0.0232446 -0.0484881 0.000395244 -0.00518762 0.0279757 0.11762 0.0335771 -0.0513561 0.00198841 -0.00313328 -0.0451162 -0.0148199 -0.0680494 -0.0840233
internal_weight=53634.2 779.78 746.895 272.581 204.366 187.15 62.6337 124.516 52854.4 2724.43 1240.22 1157.07 182.061 46.6274 975.013 425.903 1484.21 91.8339 50130 11129.5 1392.38 53.0294 549.11 201.345 39000.5 10584.9 544.594 234.63 309.964 266.338
internal_count=162242 1534 1434 683 575 474 170 304 160708 12348 5011 4434 2412 677 2022 992 7337 835 148360 39100 6502 235 1030 543 109260 36119 2981 1167 1814 1577
is_linear=0
shrinkage=0.1


Tree=51
num_leaves=31
num_cat=0
split_feature=2 2 4 10 17 4 4 7 10 8 2 4 9 15 12 16 12 12 15 17 2 4 15 18 20 7 18 6 8 15
split_gain=27.1756 29.6358 39.1659 34.766 28.9184 39.2193 42.1394 39.9086 37.3603 33.2762 31.8989 29.858 27.4511 54.3326 46.9432 60.4379 53.4782 53.5318 48.7949 43.4435 46.2832 45.4359 38.3999 53.8666 51.4299 38.4897 43.7431 37.0725 35.6274 40.6391
threshold=199.00000000000003 29.698051948051951 20.244565217391308 1023508.1554500001 365.02777777777783 4.222875816993465 2.0043103448275867 4872.5500000000011 3419965.7895500003 1.8035000000000003 10.495370370370372 115.50000000000001 5.5725833247935714 4.1507559861111121 0.011688419260827093 0.64150000000000007 0.052291697658116358 0.23358910082218801 8.3840379413682484 29.029681467181472 11.261363636363638 0.30816714150047492 0.54573220833333347 -2482.0799999999995 1.7500000000000002 7359.9000000000015 -148.49999999999997 37.001000000000005 23.898 1.0717083333333337
decision_type=2 2 2 2 2 2 2 2 2 2 2 2 2 2 2 2 2 2 2 2 2 2 2 2 2 2 2 2 2 2
left_child=1 4 3 -3 11 6 7 8 -6 -8 -7 12 13 22 19 18 -17 -18 -16 20 -15 -21 -1 -24 25 28 -27 -23 -25 -30
right_child=-2 2 -4 -5 5 10 9 -9 -10 -11 -12 -13 -14 14 15 16 17 -19 -20 21 -22 27 23 24 -26 26 -28 -29 29 -31
leaf_value=-0.0014997400837900834 -0.12539735518761802 0.02153623069799299 0.041454794918535709 -0.0030768979197255274 0.030696870719599614 0.02447417780612984 0.041134293078940343 -0.0055945113706252665 0.17254677330465851 -0.12102669026783593 0.12241310153144057 -0.095279992794319118 0.0052583608782686532 -0.12186426192657998 -0.1857165228617797 0.061983146560320439 -0.13550493645414469 0.011748733581673498 0.033174529687150338 0.12070707715628193 0.001355107231427874 -0.15989170466475652 -0.037729750557636353 0.0014461135176467061 0.03399102465151272 0.0091618581298326448 0.048995639983770115 -0.020622976304860974 -0.019436096499559446 -0.15081808475348335
leaf_weight=34570.906598805916 16.985448783263564 940.24746306613088 369.98522360250354 1472.8111220914871 51.391708314418793 69.222304955124855 18.496423929929733 147.61969493981451 29.070414315909147 40.064869690686464 64.004340548068285 32.633065024390817 9461.9260270753875 123.71022394532338 28.619114677421749 134.71996566466987 34.208070615306497 88.705552684143186 15.809882794506846 20.102574119344354 40.451168421655893 21.848102420568466 252.64240009244531 3013.7985439663753 740.51676701568067 1147.9842558233067 362.80648643523455 152.72102000098675 90.545336469076574 31.816506005823612
leaf_count=113543 84 1579 606 3199 179 163 42 532 63 224 56 175 25708 975 202 560 279 237 110 88 101 113 1623 6127 1399 2470 572 859 244 130
internal_value=0.00107104 0.00111114 0.0111588 0.0065136 0.000560542 0.0266958 0.00585965 0.0252879 0.0819463 -0.0698086 0.0715257 0.000342671 0.000404666 -0.000718973 -0.0291586 -0.000110488 0.0184649 -0.0292334 -0.107825 -0.053611 -0.0915017 -0.0216589 -0.000251549 0.00739921 0.0095155 0.0056152 0.0187277 -0.0380531 -0.000701513 -0.053598
internal_weight=53586.4 53569.4 2783.04 2413.06 50786.3 419.87 286.643 228.082 80.4621 58.5613 133.227 50366.5 50333.8 40871.9 660.896 302.063 257.634 122.914 44.429 358.833 164.161 194.672 40211 5640.11 5387.47 4646.95 1510.79 174.569 3136.16 122.362
internal_count=162242 162158 5384 4778 156774 1259 1040 774 242 266 219 155515 155340 129632 3524 1388 1076 516 312 2136 1076 1060 126108 12565 10942 9543 3042 972 6501 374
is_linear=0
shrinkage=0.1


Tree=52
num_leaves=31
num_cat=0
split_feature=15 15 16 9 15 0 4 17 16 15 6 15 17 8 15 11 11 5 8 5 16 17 7 6 18 17 4 8 12 6
split_gain=24.747 35.6995 44.0354 53.4263 73.6325 47.3559 44.642 56.7505 44.1989 79.24 70.0701 66.9494 60.2524 43.6383 53.4304 42.5769 68.7589 67.0104 44.0053 54.3962 41.8067 47.8703 52.0112 53.806 53.0376 50.541 68.5059 46.2162 40.196 38.8163
threshold=-1.0000000180025095e-35 0.034803785714285725 0.11950000000000001 1.0000000180025095e-35 0.0060008883333333343 0.077254641909814334 0.16869918699186995 108.52272727272729 0.99250000000000005 0.0045043181818181822 148.51400000000004 0.028944175824175827 101.79166666666667 18.659000000000002 0.030480727272727274 0.025804864496428718 0.03505140454766939 0.34166666666666673 1.9910000000000003 32.062500000000007 -0.065499999999999933 8.955533596837947 715.10000000000014 323.17750000000007 -349.49999999999994 1.3501527494908354 1.876179245283019 6.998000000000002 6.0157339244533459e-05 132.00150000000002
decision_type=2 2 2 2 2 2 2 2 2 2 2 2 2 2 2 2 2 2 2 2 2 2 2 2 2 2 2 2 2 2
left_child=-1 2 3 4 -2 6 -5 15 9 10 12 -10 28 14 -7 17 -17 -8 -19 20 -20 22 27 25 -25 -24 -27 -22 -4 -16
right_child=1 -3 8 5 -6 13 7 -9 11 -11 -12 -13 -14 -15 29 16 -18 18 19 -21 21 -23 23 24 -26 26 -28 -29 -30 -31
leaf_value=0.0044962843827430765 -0.12670968204340335 0.0021755227086084424 0.037115862536652985 -0.035083181640808321 0.25644795088368449 0.012131312815875775 0.14733420586531895 -0.070435571339217226 -0.0028107996412554933 0.0024294399535016564 -0.068773491362717862 -0.062078052122853104 -0.18077863793903642 0.049740751273706224 -0.02914163579078017 -0.14846613253460214 -0.0056974566190007778 0.025547689692467897 -0.07296741312910654 -0.14036005222957779 -0.15067536064956699 -0.031216793849913927 0.0040242617423155288 -0.091347513721879825 0.12538174389743251 0.26531726200240047 0.023884348937940683 0.12301140174407116 -0.024031294279577377 -0.20868543758359201
leaf_weight=14483.029538299888 53.012062715366483 23049.344222233165 123.26926641352475 420.49757821951061 5.5396079160273066 2188.7459180541337 37.067691944539547 100.83930825442076 8933.0596328014508 983.20814874675125 420.1498630293645 194.75271634664387 22.773508289828897 309.63446541130543 36.755355432629585 41.835259146988392 174.19410796090961 704.66149798594415 72.370378689840436 32.409577205777168 20.579931821674112 134.74655702337623 21.761102749034762 28.099954793229699 18.876665947958827 35.349274877458811 17.606191616505384 8.8118933439254743 840.65871991403401 17.908096477389336
leaf_count=40441 525 68357 201 3121 16 4008 97 510 30008 3423 2091 821 117 507 79 181 505 1865 568 152 119 793 110 233 68 129 60 52 3012 73
internal_value=0.00096584 -0.000343596 -0.00397278 0.004438 -0.0904589 0.00569431 -0.00639727 0.00192613 -0.0072452 -0.0193511 -0.034573 -0.00407534 -0.0200099 0.0145495 0.00969243 0.00733778 -0.0333454 0.0150994 0.0106241 -0.016298 -0.00507304 0.0121173 0.0507652 0.0796001 -0.00425896 0.132325 0.185048 -0.068622 -0.0162117 -0.0879613
internal_weight=53531.5 39048.5 15999.2 4481.3 58.5517 4422.75 1869.71 1449.21 11517.9 2390.06 1406.85 9127.81 986.701 2553.04 2243.41 1348.37 216.029 1132.34 1095.27 390.612 358.202 285.832 151.085 121.693 46.9766 74.7166 52.9555 29.3918 963.928 54.6635
internal_count=162242 121801 53444 13771 541 13230 8563 5442 39673 8844 5421 30829 3330 4667 4160 4932 686 4246 4149 2284 2132 1564 771 600 301 299 189 171 3213 152
is_linear=0
shrinkage=0.1


Tree=53
num_leaves=31
num_cat=0
split_feature=20 15 18 5 5 16 15 4 19 9 18 7 7 11 13 15 9 9 15 4 9 10 18 3 4 6 13 2 10 18
split_gain=23.2862 49.9069 40.0247 55.5305 74.1109 54.5 39.3961 37.1448 35.9317 63.9629 38.1366 39.5417 37.0655 35.6006 35.2875 47.1836 33.7516 39.6905 32.9128 30.0142 46.915 48.57 45.9021 54.872 110.894 49.9337 66.2838 52.7567 49.4698 58.5437
threshold=4.5000000000000009 3.7153219583333339 -1788.4099999999999 4.1742424242424248 1.7083333333333337 0.86150000000000004 0.80009000000000008 1.3164313222079593 0.0067135258358662622 10.006257822277849 -2299.8499999999995 591771.68000000017 110076.94500000002 6.3226684904631132e-11 0.024257134451309212 2.3897977454545458 19.261686866188477 4.0853845794361332 2.3897977454545458 9.2792207792207808 1.0133423697253487 19990.546300000005 -695.95499999999981 44.500000000000007 4.6679487179487191 860.71600000000001 0.030344885317261011 13.267857142857144 10173890.571 -1495.9499999999998
decision_type=2 2 2 2 2 2 2 2 2 2 2 2 2 2 2 2 2 2 2 2 2 2 2 2 2 2 2 2 2 2
left_child=1 6 3 4 -3 -6 19 -5 -8 10 11 12 13 -10 15 -11 17 -9 -15 22 -21 -22 23 -1 28 -24 27 -27 -25 -30
right_child=-2 2 -4 7 5 -7 8 16 9 14 -12 -13 -14 18 -16 -17 -18 -19 -20 20 21 -23 25 24 -26 26 -28 -29 29 -31
leaf_value=-0.0053875531613371431 0.0076405852328758966 -0.13200368996416001 -0.03889760635741564 -0.11825576282525463 -0.054965085642179182 0.21003342753458765 0.050759171400263453 -0.0012863160241192596 0.11476147536258766 -0.30032752065067858 0.0098910263968421709 -0.1839405076011672 0.053121624764567346 -0.030898137769690928 -0.018780071368392728 -0.046760075355860534 0.16681283605702926 -0.18677016250191245 -0.1390980424742842 0.017753537175308167 -0.11978665174069932 -0.0039407212469167686 0.00016585577545755821 -0.075282504642832093 -0.16397289634355652 -0.0023684167128189466 0.061138505333115392 0.096864721601608431 -0.070799523753748261 0.05035051583919508
leaf_weight=10408.4604504616 4635.089705764316 11.558026819024233 579.66892533283681 30.476924501359463 9.9497942812740785 35.276957018300891 194.07023763470352 276.07550022285432 13.310372811742125 14.785890318453314 5223.8547080783173 15.741536433808504 53.044642256572843 123.96744258515537 28.874138813465834 14.569516897201536 11.34440793097019 12.039618980139492 36.3586271898821 2082.5755330622196 37.503567337989807 1034.5002401582897 27233.824533205479 100.48872451111674 64.595193576067686 650.6874713357538 311.58384180255234 58.382279440760612 58.40203551016748 125.81749325245619
leaf_count=34867 11796 271 1954 443 73 147 354 1482 89 71 9904 139 241 638 78 33 15 81 334 4292 119 2269 85200 677 328 3576 1566 80 672 453
internal_value=0.000866722 0.000224013 -0.0222751 0.00264094 0.093982 0.151734 0.000678074 -0.0130796 0.0084668 0.00698111 0.00809167 -0.0306817 -0.0200389 -0.0423889 -0.0972726 -0.174478 -0.00237551 -0.00903723 -0.0554356 -0.000378216 0.00900405 -0.00799354 -0.00113688 -0.0066959 -0.0456817 0.000979694 0.0226951 0.00580209 -0.0188435 0.011943
internal_weight=53486.9 48851.8 966.39 386.721 56.7848 45.2268 47885.4 329.936 5718.58 5524.51 5466.28 242.423 226.681 173.636 58.2295 29.3554 299.46 288.115 160.326 42166.8 3154.58 1072 39012.2 10757.8 349.303 28254.5 1020.65 709.07 284.708 184.22
internal_count=162242 150446 4466 2512 491 220 145980 2021 11881 11527 11345 1441 1302 1061 182 104 1578 1563 972 134099 6680 2388 127419 36997 2130 90422 5222 3656 1802 1125
is_linear=0
shrinkage=0.1


Tree=54
num_leaves=31
num_cat=0
split_feature=5 10 15 12 4 8 4 15 11 13 6 9 12 3 14 17 17 9 7 2 11 17 9 18 12 7 18 2 18 19
split_gain=23.1264 29.2573 32.3386 30.8932 23.2841 28.3559 27.9164 34.9633 21.6417 33.6854 36.0308 53.822 43.5515 46.6613 53.7229 49.3947 43.5254 40.6043 45.3775 40.2639 55.6694 53.3674 48.6681 40.1538 40.0233 40.7971 59.7938 40.2349 52.3865 39.3543
threshold=94.071428571428584 395596.31665000005 0.031788047619047625 0.00037085182492505199 8.0029585798816587 14.000500000000002 9.8035087719298257 0.020001428571428576 0.090927377309922605 0.080069686411149837 18.666500000000003 1.0116340473958485 0.0018001864386304543 6.5000000000000009 2.3338095238095242 38.276988636363647 10.752659574468087 2.4984394506866421 12057.085000000001 2.3340220385674937 4.7237342894609649e-10 0.55598789450929542 0.50025025025025038 -1.0000000180025095e-35 2.4683468458653866 262.10000000000008 -340.06999999999999 2.7529069767441867 -1275.6199999999997 0.2501666666666667
decision_type=2 2 2 2 2 2 2 2 2 2 2 2 2 2 2 2 2 2 2 2 2 2 2 2 2 2 2 2 2 2
left_child=8 2 3 -2 -3 6 7 -6 9 -1 29 19 13 14 16 -15 -13 -16 -19 21 -21 -12 -23 -24 25 26 -22 28 -27 -11
right_child=1 4 -4 -5 5 -7 -8 -9 -10 10 11 12 -14 15 17 -17 -18 18 -20 20 24 22 23 -25 -26 27 -28 -29 -30 -31
leaf_value=0.0010519572822529351 -0.23124495306458576 0.039728116668534014 0.025161402990989984 -0.021484024000108026 0.0061907556066292998 -0.11233176701690573 0.030795426908871944 -0.16802482423726944 0.010793513668339477 0.03409205855435396 0.012989481704638242 -0.2025751002328649 -0.014541251936337665 -0.039491590992851398 -0.15740104015625281 0.074470429541296596 -0.06418883521082297 0.07502755323298807 -0.066010795263272817 0.099469915700193437 -0.0072738049779214557 0.05952564209957803 -0.060872621735657551 0.071050337618054751 0.13189205952359218 0.13252529966158194 -0.20348052862554203 0.0024049365196120742 -0.0039905610580701738 -0.0043024851986699017
leaf_weight=45127.675049238838 14.013045709580185 400.55793027579784 28.419806502759457 14.072033878415821 33.426893997937441 20.468838378787041 165.07953977584839 17.57707342505455 1981.6431075409055 393.44685556553304 328.51406382676214 50.902309376746416 1959.9363622036763 237.68128855526447 23.257297000847757 45.27819131501019 41.06171343382448 37.82808455452323 57.468385632149875 68.992255574092269 49.842564567923546 43.407245430164039 353.76163322664797 24.681729674339294 25.088742099702358 57.427022188901901 22.563226774334908 936.02383545413613 55.060661368072033 830.44361720979214
leaf_count=130965 79 630 49 28 92 127 333 68 4127 1322 1430 261 9729 1071 166 286 251 74 262 309 144 582 3584 31 55 81 101 3169 128 2708
internal_value=0.000779816 0.0189207 -0.0500432 -0.126144 0.025037 0.000160418 0.0108164 -0.0538477 0.000541289 0.000141129 -0.00714329 -0.0113488 -0.0212267 -0.0477791 -0.0834293 -0.0212558 -0.140786 -0.0389368 -0.0100254 0.00098208 0.0122303 -0.0172312 -0.0407654 -0.0522687 0.0069783 0.00418244 -0.0684161 0.00919579 0.0657033 0.0080403
internal_weight=53445.6 693.615 56.5049 28.0851 637.11 236.552 216.084 51.004 52752 50770.3 5642.67 4418.78 2453.41 493.477 210.518 282.959 91.964 118.554 95.2965 1965.36 1215 750.365 421.851 378.443 1146.01 1120.92 72.4058 1048.51 112.488 1223.89
internal_count=162242 1406 156 107 1250 620 493 160 160836 156709 25744 21714 12100 2371 1014 1357 512 502 336 9614 3987 5627 4197 3615 3678 3623 245 3378 209 4030
is_linear=0
shrinkage=0.1


Tree=55
num_leaves=31
num_cat=0
split_feature=12 16 16 11 13 4 1 4 18 5 10 10 9 5 12 13 13 19 2 15 7 11 12 7 15 13 0 4 2 18
split_gain=22.2348 32.349 53.2728 51.2469 44.4283 48.8746 40.5078 46.3529 40.1444 43.2686 59.4509 39.7692 44.7168 38.2505 37.6108 35.4642 39.0255 36.9659 35.5369 35.192 42.6633 35.2186 34.8369 39.5655 38.9606 36.2861 34.9686 34.7414 34.4722 33.3562
threshold=0.042854628833296278 0.6775000000000001 0.82150000000000001 0.10176959217108623 0.0047968527124649159 5.169540229885059 0.006968725718725719 12.671568627450982 -153.49999999999997 15.35416666666667 1119558.4533000002 976935891410.42908 10.423457192524991 11.975000000000001 0.013868125550607211 0.49900000000000005 0.13611145510835918 0.051945906432748545 57.250000000000007 -0.084015214285714276 218141.86500000002 0.0080009436081918111 0.039331795436279286 11314.930000000002 0.044178250000000009 0.086010752688172057 0.1202409638554217 2.3766891891891899 8.9829545454545485 -7832.9199999999992
decision_type=2 2 2 2 2 2 2 2 2 2 2 2 2 2 2 2 2 2 2 2 2 2 2 2 2 2 2 2 2 2
left_child=1 4 3 -3 13 11 7 -4 9 10 28 15 -13 -1 -12 16 18 -17 -6 21 -21 -18 -8 24 25 -24 27 -25 -7 -11
right_child=-2 2 6 -5 5 8 22 -9 -10 29 14 12 -14 -15 -16 17 19 -19 -20 20 -22 -23 23 26 -26 -27 -28 -29 -30 -31
leaf_value=0.01618685020459687 -0.0013410602220060722 -0.025120052839323982 -0.10436195581135964 0.07749787646042261 0.0021002918025677659 -0.089243511567787537 0.0013270902703662491 0.13829234110051142 0.044116029639311126 0.1161177438276144 -0.21447821222018712 -0.12427215190516028 0.03250937111905737 0.058987273659664996 -0.037555341673120114 0.14780187718914803 -0.05224163708950931 -0.026380050244266262 -0.10459004246455871 -0.069704223151622585 0.059242661313118707 0.12290027473067998 0.052117490120554034 0.3539395366283854 -0.036426604267409748 -0.081023371110000963 0.051341525947300376 0.09628564995027139 0.055405668508599563 0.012224039762193632
leaf_weight=1080.062166551128 26675.178113364615 1095.7301796516404 62.092056975699961 50.927409410476685 4503.4359142100438 24.373960826545954 16256.791761508677 9.0152909681200963 420.24207026511431 31.385106379166245 26.264805905520916 53.226599836256355 27.6384093221277 258.84718829393387 22.147610016167164 32.368761025369167 21.26202817261219 19.538941382430494 31.437686149030924 201.28234486281872 29.407299930229783 24.958881512284279 212.31204693578184 9.2240148838609475 95.644638497382402 22.654182819649577 43.36102831363678 12.09596563503146 50.841193564236164 2011.1746826432645
leaf_count=2626 88686 3389 585 67 12682 75 45204 10 753 66 142 689 100 382 70 70 134 80 89 1290 68 33 496 61 293 100 67 54 85 3796
internal_value=0.000701668 0.00273946 0.000288988 -0.0205624 0.00767634 0.0046922 0.0017187 -0.0735972 0.0158308 0.0103434 -0.0471037 -0.00113423 -0.0706867 0.0244613 -0.13354 2.2167e-05 -0.000864734 0.0822368 0.00136067 -0.0373094 -0.0532666 0.0423334 0.00204032 0.0313725 0.0173789 0.0392808 0.102899 0.207759 0.00853116 0.0138204
internal_weight=53414.9 26739.7 17869.8 1146.66 8869.9 7530.99 16723.2 71.1073 2586.43 2166.19 123.628 4944.56 80.865 1338.91 48.4124 4863.69 4811.78 51.9077 4534.87 276.911 230.69 46.2209 16652.1 395.292 330.611 234.966 64.681 21.32 75.2152 2042.56
internal_count=162242 73556 50326 3456 23230 20222 46870 595 4987 4234 372 15235 789 3008 212 14446 14296 150 12771 1525 1358 167 46275 1071 889 596 182 115 160 3862
is_linear=0
shrinkage=0.1


Tree=56
num_leaves=31
num_cat=0
split_feature=2 2 4 10 8 9 13 14 7 13 11 13 17 6 13 17 3 0 10 18 17 4 4 7 10 8 13 13 10 18
split_gain=21.9155 21.2874 31.2823 30.2425 43.9754 36.8749 47.3227 26.8776 46.2643 41.6402 42.4317 38.2214 51.4456 61.297 49.8853 67.0229 39.7081 35.8447 51.6301 35.5634 29.3939 29.2453 33.6016 32.6684 32.8536 27.4481 26.9274 26.3502 26.8168 31.0358
threshold=199.00000000000003 29.698051948051951 20.244565217391308 321785.72230000008 1.3330000000000004 1.7157565028986819 0.00795231771327389 -96.876249999999985 304931.22500000003 0.074133811230585434 0.0009970942859344105 0.033949152542372886 0.49728260869565222 47.000500000000009 0.017278698313181077 13.758333333333335 15.500000000000002 0.15345368916797492 99002742.809100017 -2045.9999999999998 365.02777777777783 4.222875816993465 2.0043103448275867 4872.5500000000011 3419965.7895500003 1.8035000000000003 0.024803642105694895 0.022191443521083414 145051.23240000004 -5987.9099999999989
decision_type=2 2 2 2 2 2 2 2 2 2 2 2 2 2 2 2 2 2 2 2 2 2 2 2 2 2 2 2 2 2
left_child=1 7 3 4 5 6 -3 8 9 11 17 14 -13 -14 15 19 -15 -11 -19 -1 -9 22 23 24 26 -24 -22 -16 -29 -30
right_child=-2 2 -4 -5 -6 -7 -8 20 -10 10 -12 12 13 16 27 -17 -18 18 -20 -21 21 -23 25 -25 -26 -27 -28 28 29 -31
leaf_value=0.037577981384345843 -0.11241651270184749 -0.17205904819384482 0.036966904190337671 -0.00051276056968177063 0.052220398892815927 0.047789344236026446 -0.012771005548107645 0.00026822749615231862 -0.14888239011853929 0.1196909684913021 -0.036668043238625041 0.03174633061131904 -0.027901214917964726 -0.18772132331740207 0.064230501253856084 -0.19783870575319965 0.014293558466552714 0.096225546558215636 -0.075496100138579256 -0.11433273992138218 -0.016377285842347249 0.067434708013313124 0.040804817658056956 -0.0015948048904050689 0.16357104478475171 -0.10885331319439176 0.1445302718216821 -0.091571801339831504 -0.072483041860595704 0.036825497968002545
leaf_weight=44.192085154354572 17.142903467640281 23.024103060364723 354.50879371538758 1908.500529659912 288.67529885098338 70.840600907802582 98.198010690510273 49439.949124735314 26.243380129337311 56.305819591507316 70.237702965736389 43.511146731674671 74.615443009883165 62.57069949246943 75.986803360283375 28.633036393672228 11.521647207438944 35.928333878517151 34.151350855827332 23.662549830973148 36.250211350619793 125.37949834018946 18.17371672950685 145.54413654934615 28.729917231947184 37.628943558782339 14.584454432129858 30.446610443294048 33.773734617978334 112.48803935572505
leaf_count=74 84 81 606 3998 408 98 193 153420 145 219 194 86 193 292 124 130 27 44 119 77 161 212 41 517 56 214 17 90 118 204
internal_value=0.00063177 0.000668092 0.00924687 0.00513384 0.0275505 -0.00952901 -0.0430251 0.000203011 -0.0184079 -0.0137684 0.0256468 -0.028083 -0.0638944 -0.0918784 -0.00836941 -0.0695371 -0.156307 0.0602777 0.0125419 -0.015397 0.000488364 0.0272759 0.00935179 0.0265715 0.078095 -0.0601129 0.0297871 0.0149865 -0.00618899 0.0115847
internal_weight=53371.4 53354.3 2743.75 2389.24 480.738 192.063 121.222 50610.5 764.268 738.025 196.623 541.402 192.219 148.708 349.183 96.4877 74.0923 126.386 70.0797 67.8546 49846.2 406.291 280.911 225.109 79.5646 55.8027 50.8347 252.695 176.708 146.262
internal_count=162242 162158 5384 4778 780 372 274 156774 2136 1991 576 1415 598 512 817 281 319 382 163 151 154638 1218 1006 751 234 255 178 536 412 322
is_linear=0
shrinkage=0.1


Tree=57
num_leaves=31
num_cat=0
split_feature=15 6 10 6 12 6 7 10 9 0 10 14 14 1 5 9 1 6 17 7 7 8 15 4 20 14 0 8 19 8
split_gain=20.6471 28.482 65.7865 51.0651 51.9836 45.8639 61.4534 51.0922 40.1798 44.5517 46.1333 38.3189 67.1655 40.4538 63.7074 42.2785 48.4374 37.6928 48.6668 37.093 37.4965 43.7259 36.4209 34.3358 36.5585 33.8539 33.2932 32.5726 34.0503 51.0126
threshold=-1.0000000180025095e-35 184.50150000000002 57980.726000000002 291.67050000000006 1.1842962871758524 334.35700000000008 2568.9000000000005 36703.205800000003 4.9968789013732842 0.047478162862778249 33745.49515000001 0.98784615384615393 0.33318840579710146 0.077524038461538478 15.67543859649123 1.0422097671185264 0.065395580898075567 193.17800000000003 99.174401008827246 1771.0150000000001 6606.6600000000008 9.9810000000000016 9.9327272727272748e-06 2.2488095238095243 1.2500000000000002 -602.84272727272707 0.47673160173160178 0.81450000000000011 0.0098233766233766246 6.8020000000000014
decision_type=2 2 2 2 2 2 2 2 2 2 2 2 2 2 2 2 2 2 2 2 2 2 2 2 2 2 2 2 2 2
left_child=-1 -2 3 11 5 6 7 -5 9 -7 -11 12 23 15 -15 16 -14 18 19 -4 22 -22 -21 26 -25 -19 -3 -27 -29 -30
right_child=1 2 17 4 -6 8 -8 -9 -10 10 -12 -13 13 14 -16 -17 -18 25 -20 20 21 -23 -24 24 -26 27 -28 28 29 -31
leaf_value=0.0037977391008176052 0.00095553258428950441 -0.12651120946896152 -0.15190575935303419 0.053583328961256171 -0.10595655372567828 -0.12123137447452109 -0.0095444869179322333 0.26044109303177926 0.054584742858898194 0.050608526395802947 -0.067353896967936241 -0.12853433610682155 -0.16726670445835456 -0.12797450410359201 0.10804726200671198 0.12520612384507554 0.094789372448151804 -0.10669290755226915 0.07059525936407629 0.1128218467315778 -0.167954744275885 -0.026207111471508601 -0.039378003420682081 -0.082657983633492041 0.04062515020790336 -0.060506562315155388 0.050242182870697739 0.015376270498865524 -0.02719112867933466 -0.00042753985032429248
leaf_weight=14449.268082684837 28966.072172505315 117.0664051650092 36.986384024843574 27.182480175048113 46.50016815867275 49.680328543297946 55.681920448318124 21.293592717498541 58.834948554635048 64.294864445924759 68.44849755614996 63.45638195797801 13.63755805231631 35.473251685500145 16.877462267875671 43.757627239450812 14.60904763266444 30.662318203598261 32.401133573614061 24.513000402599573 36.259490176104009 54.43135448731482 43.843464940786362 58.781281627714634 40.714077726006508 92.375792253762484 11.723859369754789 1131.5164573816583 794.83361540129408 6848.5483269905671
leaf_count=40441 82741 929 205 86 385 624 195 49 219 148 237 329 103 237 20 110 32 140 83 60 188 171 168 200 84 464 15 4292 2972 26315
internal_value=0.000569854 -0.000629118 -0.00524954 -0.0325983 -0.00669511 0.00666751 0.0621248 0.144448 -0.0172749 -0.040451 -0.0102182 -0.0569962 -0.0441232 0.0150077 -0.0518829 0.0636406 -0.0317322 -0.00282819 -0.0429374 -0.0617024 -0.0407257 -0.0828798 0.0152017 -0.0763338 -0.0322098 -0.00179848 -0.110421 -0.00143576 -0.000813907 -0.00321068
internal_weight=53349.7 38900.5 9934.39 808.014 391.917 345.417 104.158 48.4761 241.259 182.424 132.743 416.097 352.641 124.355 52.3507 72.0042 28.2466 9126.37 228.435 196.034 159.047 90.6908 68.3565 228.286 99.4954 8897.94 128.79 8867.27 8774.9 7643.38
internal_count=162242 121801 39060 4002 1943 1558 330 135 1228 1009 385 2059 1730 502 257 245 135 35058 875 792 587 359 228 1228 284 34183 944 34043 33579 29287
is_linear=0
shrinkage=0.1


Tree=58
num_leaves=31
num_cat=0
split_feature=20 18 15 18 7 17 1 10 17 20 14 12 2 10 7 12 10 19 19 16 11 5 12 7 18 6 18 8 9 2
split_gain=20.2258 40.8018 33.7179 40.6696 31.527 29.8734 44.4583 42.143 65.026 41.7602 29.8653 77.4129 54.6129 54.4023 48.8032 42.5281 33.9743 30.0916 29.5862 34.858 45.2842 50.4565 48.8272 38.5624 43.5065 43.6489 36.4827 89.7574 46.2906 35.6758
threshold=4.5000000000000009 6019.2650000000003 3.7153219583333339 9.0599999999999472 366934.60000000009 26.513157894736846 0.032362798491830755 39166695310711.906 2.5023364485981312 1.7500000000000002 7.0031250000000007 0.95402007395838617 9.0217391304347831 700.07030000000009 1112.3450000000003 4.9024002713759325 12634.059050000002 0.097050000000000011 0.0067135258358662622 0.10650000000000001 0.00091917268078016662 9.0500000000000025 6.2621329056237895 15169.300000000001 -104.94999999999999 42.001500000000007 -108.49999999999999 9.9810000000000016 5.0025025025025034 14.292857142857146
decision_type=2 2 2 2 2 2 2 2 2 2 2 2 2 2 2 2 2 2 2 2 2 2 2 2 2 2 2 2 2 2
left_child=1 2 3 -1 -3 7 -7 9 -9 -4 11 14 -12 15 -5 -13 -16 -17 -2 20 22 -22 -20 24 26 -26 -21 28 -28 -25
right_child=18 4 5 10 -6 6 -8 8 -10 -11 12 13 -14 -15 16 17 -18 -19 19 23 21 -23 -24 29 25 -27 27 -29 -30 -31
leaf_value=-0.00021269419343876634 -0.041659783644748843 -0.17354946954120759 -0.069666212180867423 0.13965553797774452 0.00092462377782243717 -0.14062556777729948 0.0057649358356948802 0.35955985944016122 -0.11650127892161935 -0.0097693175522066706 -0.0086039053509494503 0.061749334550276529 0.031732273914291974 -0.096078391758671555 -0.052681129288833284 0.031071252599933631 0.074249387851947776 -0.095277161002053121 0.055576558798074986 0.017109771435081172 -0.068617896893156033 0.019977010245796432 -0.08830806826506013 -0.02828215306480002 -0.0040704911482063654 -0.14095700718264434 0.15919857415443567 0.29973200803811662 -0.1028087562748537 0.0098447614152262011
leaf_weight=45893.707757228985 122.4670131392777 24.02623462677002 242.94340738281608 88.575767762959003 18.20341794937849 21.73583818692714 455.38380504213274 6.5648396620526892 5.0967945503070951 223.47064467612654 821.18383739516139 115.67582881450653 567.72655789554119 47.358191251754761 29.248933911323547 36.197420656681061 75.56924207881093 39.331559330224991 432.98846886400133 1709.2727553844452 81.561541855335236 303.45172887295485 24.943543083965778 598.33892977051437 861.43546023964882 23.941853297874331 11.243326611816885 15.84237779676914 16.847538828849792 416.08544316515326
leaf_count=142118 594 84 1580 119 36 257 1806 19 115 651 1580 306 1055 211 109 122 112 166 922 4177 281 493 99 1601 2478 160 40 95 91 765
internal_value=0.00051082 -8.88251e-05 -3.57391e-06 0.000368836 -0.0983411 -0.0186064 -0.000904084 -0.0362734 0.151494 -0.0409681 0.0150259 0.0379906 0.00788378 -0.000125307 0.0850089 0.0236406 0.0388301 -0.0347244 0.00683548 0.00815646 0.0264866 0.00120899 0.0477392 0.00392671 0.0102973 -0.0077721 0.0194225 0.1094 0.00205928 -0.0126437
internal_weight=53330.4 48712 48669.8 47714.6 42.2297 955.195 477.12 478.076 11.6616 466.414 1820.87 431.957 1388.91 238.563 193.394 191.205 104.818 75.529 4618.42 4495.95 842.945 385.013 457.932 3653.01 2638.58 885.377 1753.21 43.9332 28.0909 1014.42
internal_count=162242 150446 150326 145898 120 4428 2063 2365 134 2231 3780 1145 2635 805 340 594 221 288 11796 11202 1795 774 1021 9407 7041 2638 4403 226 131 2366
is_linear=0
shrinkage=0.1


Tree=59
num_leaves=31
num_cat=0
split_feature=18 9 9 18 15 10 1 15 7 18 9 17 4 11 2 13 18 9 12 11 0 10 8 6 15 18 13 0 11 11
split_gain=18.6268 43.5863 36.6165 35.5404 33.6246 29.6716 29.5297 30.8612 29.311 28.1673 71.5251 28.2231 49.8427 59.2989 44.4814 52.0162 61.9745 57.1084 71.7909 48.2433 58.1049 104.829 47.8802 67.5666 55.1359 43.536 43.3625 42.5034 50.5182 45.4729
threshold=-86.499999999999986 1.3236273170048007 1.5731519795152022 3226.5000000000005 -0.04997678571428571 1526.3216000000002 4.5000000000000009 1.8973861904761906 1061.0200000000002 -91.84999999999998 11.275168597823063 0.83429770819151361 3.7516447368421058 0.0018191839990306547 0.30625000000000008 0.10814762130551606 -118.95999999999999 12.205763418890735 0.044149464752663826 0.0044577853206736141 0.030395417590539545 684935558.25810015 18.659000000000002 193.17800000000003 -0.068595816666666656 -304.97999999999996 0.029297620095665701 0.42163742690058487 0.0037741468962835044 0.028582742793206699
decision_type=2 2 2 2 2 2 2 2 2 2 2 2 2 2 2 2 2 2 2 2 2 2 2 2 2 2 2 2 2 2
left_child=6 3 4 -2 8 -6 9 -8 -3 11 -11 12 27 -14 15 16 17 19 -19 20 21 -13 23 26 -24 -26 -22 29 -29 -1
right_child=1 2 -4 -5 5 -7 7 -9 -10 10 -12 14 13 -15 -16 -17 -18 18 -20 -21 22 -23 24 -25 25 -27 -28 28 -30 -31
leaf_value=-0.0051305444804526628 0.014879801480744012 -0.057073434794531079 0.0017202983773085421 -0.082516261215248937 -0.035155982201272189 0.022437893024666006 0.025435576026841846 -0.074350798732485485 -0.21792435721722159 -0.028543269425189727 0.08630201915987995 -0.072867739238761456 -0.017742421808335473 0.02193882581314827 -0.0016448886299181035 -0.079857195974646356 0.13972053512975033 0.22902108624642198 -0.055255895021928708 0.26346132052760457 0.069967794185542234 0.44449624509924962 -0.11075879595739545 -0.17237786413868109 0.15155684953688764 0.016333227280104657 -0.061432754902557112 0.020449243900899267 -0.0083600918391139641 0.012708211217774271
leaf_weight=9174.5489340843633 3252.5130444541574 46.046185836195946 4639.7527802698314 37.902745172381401 286.87286391109228 129.9822655133903 633.29447245970368 32.588302783668041 15.025543533265589 704.72042383253574 58.749899342656136 256.42849128646776 451.88485836982727 2260.3437563255429 26343.752105002292 147.2809286355041 25.326412215828896 19.814413426443934 16.103208156302571 5.5824303515255442 47.423091471195221 3.9771773624233893 17.858146890997887 29.194998495280743 45.427028223872185 50.031531751155853 53.386514499783516 1940.3341001570225 886.87741047143936 1692.6010753512383
leaf_count=34311 7007 142 12609 106 796 235 1076 96 62 2235 141 6809 1385 3997 77837 3159 126 119 247 16 63 97 64 147 85 149 160 3057 1623 4286
internal_value=0.000459074 0.00477869 -0.000994485 0.0137579 -0.0273498 -0.0171973 -0.000349874 0.020552 -0.0966478 -0.00066454 -0.0197058 -0.000330102 0.00294243 0.0153275 -0.00231414 -0.0268748 -0.013198 -0.0203013 0.101569 -0.0288958 -0.0321358 -0.064966 0.00299951 -0.0384153 0.0505134 0.0806837 0.000381 0.000489507 0.0114119 -0.00235209
internal_weight=53305.6 8408.1 5117.68 3290.42 477.927 416.855 44897.5 665.883 61.0717 44231.6 763.47 43468.2 16406.6 2712.23 27061.6 717.834 570.553 545.227 35.9176 509.309 503.727 260.406 243.321 130.005 113.317 95.4586 100.81 13694.4 2827.21 10867.2
internal_count=162242 20957 13844 7113 1235 1031 141285 1172 204 140113 2376 137737 48659 5382 89078 11241 8082 7956 366 7590 7574 6906 668 370 298 234 223 43277 4680 38597
is_linear=0
shrinkage=0.1


Tree=60
num_leaves=31
num_cat=0
split_feature=0 19 8 11 14 2 20 13 13 13 4 2 18 15 15 3 8 6 4 4 15 15 13 7 16 10 8 19 0 17
split_gain=17.4459 37.5355 31.0994 23.6418 17.8939 17.3244 16.9924 38.0463 55.4738 59.5689 56.7965 98.075 51.839 48.55 59.9958 45.8583 43.413 39.9244 39.8665 53.9601 69.8894 47.2231 42.543 38.5576 48.7784 56.1152 72.3684 30.6668 30.5453 35.4105
threshold=1.2522727272727276 0.28716666666666674 0.99750000000000016 7.559257094820532e-06 0.37515957446808518 199.00000000000003 0.62500000000000011 0.14006369426751594 0.091042780748663107 0.060023094688221715 0.99640287769784186 0.49107142857142866 -346.94999999999993 0.0068546373626373639 0.020001428571428576 9.5000000000000018 8.9980000000000011 61.665500000000002 1.3164313222079593 0.4188596491228071 -0.20927325123152707 -0.0026918205128205123 0.0082079496968335969 815534.79500000016 -0.89249999999999996 12460535337.886402 19.001500000000004 0.0016502032520325205 0.029520697167755995 112.12540983606559
decision_type=2 2 2 2 2 2 2 2 2 2 2 2 2 2 2 2 2 2 2 2 2 2 2 2 2 2 2 2 2 2
left_child=5 4 -3 -4 -2 6 7 8 9 12 11 -10 15 -12 -15 16 18 -16 19 20 -1 -20 -22 24 -17 27 -27 -26 29 -29
right_child=1 2 3 -5 -6 -7 -8 -9 10 -11 13 -13 -14 14 17 23 -18 -19 21 -21 22 -23 -24 -25 25 26 -28 28 -30 -31
leaf_value=0.27486991904260533 0.0042805691102024866 -0.12280460227681736 -0.10717347870513394 0.0047338765057025629 0.046167977657747952 -0.099796442380947703 0.00044511344564206488 -0.089335916798094148 -0.10404282276980018 -0.089614425194109615 -0.085582082804392473 0.36934935448173867 -0.07128734248049004 0.36702826403496464 0.1628170260563479 0.24183198052926944 0.19226014601409724 -0.064542254533638044 -0.06715594973221882 -0.10071759668836196 0.12041523139237487 0.07875005819960415 -0.085291413243575684 0.11872096086616901 0.14461534327227729 -0.12957366234422477 0.19721172370208129 -0.069568530450909979 -0.14455122452727537 0.1457384506292288
leaf_weight=10.582303259521721 148.09057003259659 22.846684020012617 20.112777963280678 307.58408250287175 327.58063355833292 17.325284108519554 51562.15920537198 62.038724874146283 6.4704723898321417 97.612540687434375 24.984187508001924 13.522540401667355 98.541851540096104 6.637420490384101 13.851276472210886 5.8809477444738141 16.370727743953466 17.45820901170373 26.460350606590509 48.673117926344275 15.67295006662607 137.20347090810537 28.04227240383625 16.357830388471484 6.0558622796088448 10.763274181634189 18.296876749023795 80.08737129997462 53.838201187551022 8.4440117049962264
leaf_count=50 296 72 58 648 621 84 152169 821 222 1447 211 79 1334 21 25 22 88 174 133 448 51 515 350 57 25 141 79 1488 363 150
internal_value=0.000411712 0.0148297 -0.00999924 -0.00213457 0.0331272 0.000184393 0.000217459 -0.0140308 -0.00789823 -0.0173294 0.0693126 0.216142 -0.00519058 0.0226653 0.0939353 0.00830207 0.0341947 0.0360412 0.0244898 -0.0242592 0.0442792 0.0551607 -0.0115407 -0.0283872 -0.0415105 -0.0508989 0.0761772 -0.0757791 -0.0851539 -0.0490328
internal_weight=53229.5 826.215 350.544 327.697 475.671 52403.3 52386 823.847 761.808 678.884 82.9241 19.993 581.271 62.9311 37.9469 482.73 283.005 31.3095 266.634 102.971 54.2975 163.664 43.7152 199.724 183.367 177.486 29.0602 148.425 142.37 88.5314
internal_count=162242 1695 778 706 917 160547 160463 8294 7473 6741 732 301 5294 431 220 3960 1635 199 1547 899 451 648 401 2325 2268 2246 220 2026 2001 1638
is_linear=0
shrinkage=0.1


Tree=61
num_leaves=31
num_cat=0
split_feature=15 18 12 9 12 15 0 11 9 9 8 7 14 10 9 19 18 10 20 8 0 2 10 18 18 2 12 0 17 13
split_gain=16.9573 42.006 39.8717 39.0373 43.7972 35.5239 34.3673 39.0007 56.0302 32.8824 40.2936 37.9443 53.3806 35.4009 30.2868 42.4053 39.7499 28.0326 26.5893 31.1419 36.5497 25.4161 24.8517 29.4503 44.2766 24.0336 35.5691 35.9023 28.2449 27.6666
threshold=-0.53995999999999988 -6881.5499999999993 0.035057376774178549 38.610614192009542 19.61665977777778 -0.45382932692307687 0.091431556948798343 0.006610221544583854 1.0851875142787832 3.7059927665613697 4.5910000000000011 200.02500000000003 0.19661904761904764 78367.851550000007 12.205763418890735 0.11406250000000002 -148.49999999999997 49224.052950000012 3.5000000000000004 21.995000000000001 0.13900966183574884 1.9587904360056261 2143922.7916500005 -328.86999999999995 -132.94999999999996 32.309523809523817 0.0013938185638904053 0.08941897654584223 20.379807692307697 0.030787458986511123
decision_type=2 2 2 2 2 2 2 2 2 2 2 2 2 2 2 2 2 2 2 2 2 2 2 2 2 2 2 2 2 2
left_child=1 2 -1 4 14 6 7 -2 21 10 -8 -12 13 -13 18 16 -16 -10 25 22 -21 -9 23 -20 -25 26 27 -3 -29 -30
right_child=5 3 -4 -5 -6 -7 9 8 17 -11 11 12 -14 -15 15 -17 -18 -19 19 20 -22 -23 -24 24 -26 -27 -28 28 29 -31
leaf_value=-0.12475026512687581 -0.10989198529730056 -0.093686599065925871 0.136013695628978 0.13279434040327823 -0.12417646961094897 7.484772492027322e-05 -0.082446096107925124 -0.012338332783667347 -0.013224011778769411 0.05781344855184431 0.079428157239943786 -0.20151777273299501 0.017746822462797043 -0.035040041382858739 -0.22076728544129179 0.075138819070512064 -0.030793206525257501 0.14373294020186128 0.05933693317568324 0.17366885256038711 0.038952523296030488 -0.19519648706167503 -0.0071288947110325256 -0.12578579195434292 0.036371098755323988 0.033735435155424966 0.0065954773782205788 0.0041121660742824686 -0.10970393429089864 -0.012042687979388865
leaf_weight=40.921904084272683 87.210703926160932 61.522185750305653 6.8444053828716269 24.486438676714897 25.624972473829985 47737.282602385618 81.29686251282692 13.390548855066301 25.10723902285099 61.382437944412231 47.188566461205482 22.131742000579834 107.29905513674021 30.207385070621967 19.460212981328368 16.290135078132153 25.376679297536612 20.810665547847748 190.55072896927595 29.034266695380211 65.736631087958813 17.581052392721176 222.36363983899355 24.24429515376687 55.124250218272209 272.44893959909678 3447.4973085727543 306.11862609907985 50.245501894503832 68.626922599971294
leaf_count=371 557 355 27 39 96 149079 219 46 78 87 67 88 191 69 99 17 65 36 280 80 92 80 478 104 107 457 8130 567 146 135
internal_value=0.000365366 0.00593784 -0.0873856 0.0068467 0.00621476 -0.000206598 -0.0263656 -0.0641168 -0.0121969 -0.00864067 -0.0227982 0.000647454 -0.0226399 -0.105436 0.00690302 -0.0630423 -0.113246 0.0579112 0.00779497 0.0277313 0.0802246 -0.116138 0.0176257 0.0380189 -0.0131621 0.00501265 0.00302346 -0.0222883 -0.0119527 -0.0533226
internal_weight=53203.4 4952.52 47.7663 4904.75 4880.27 48250.9 513.606 164.1 76.8895 349.506 288.124 206.827 159.638 52.3391 4854.64 61.127 44.8369 45.9179 4793.51 587.054 94.7709 30.9716 492.283 269.919 79.3685 4206.46 3934.01 486.513 424.991 118.872
internal_count=162242 11645 398 11247 11208 150597 1518 797 240 721 634 415 348 157 11112 181 164 114 10931 1141 172 126 969 491 211 9790 9333 1203 848 281
is_linear=0
shrinkage=0.1


Tree=62
num_leaves=31
num_cat=0
split_feature=5 4 0 4 4 7 5 8 17 15 15 14 6 13 12 0 1 15 16 16 4 3 5 11 18 19 10 8 1 11
split_gain=16.4254 23.7539 24.653 22.5003 24.1367 28.4719 24.761 23.7446 22.4497 24.6126 62.0956 23.0847 17.449 42.7245 62.0601 56.4465 48.8409 46.9393 44.9004 66.3947 43.6347 47.1959 57.0045 57.8377 81.4565 46.4318 43.5496 42.8894 42.834 39.9588
threshold=94.071428571428584 2.8017857142857143 0.028915830546265332 8.0029585798816587 20.244565217391308 24490.080000000002 109.30952380952382 14.000500000000002 8.0540935672514635 0.0013275000000000003 -0.30922570532915356 0.98784615384615393 860.71600000000001 0.020343910130074895 0.3566306130911584 0.059017027863777098 0.011940404904476763 0.0038127500000000006 0.88250000000000017 0.63250000000000017 13.651086956521741 45.500000000000007 1.5147058823529413 0.0013809997295156772 -1239.4749999999997 0.03695993589743591 448965.74430000008 160.09250000000003 0.010666742519057915 0.002142343601608782
decision_type=2 2 2 2 2 2 2 2 2 2 2 2 2 2 2 2 2 2 2 2 2 2 2 2 2 2 2 2 2 2
left_child=12 2 -2 -3 5 6 -5 8 -7 10 -10 -11 -1 14 15 16 18 -17 19 29 21 -15 28 27 -25 -22 -19 -24 -23 -14
right_child=1 3 -4 4 -6 7 -8 -9 9 11 -12 -13 13 20 -16 17 -18 26 -20 -21 25 22 23 24 -26 -27 -28 -29 -30 -31
leaf_value=-0.0002925783855634774 0.017094922362712105 0.036951131437978672 -0.11792933139996518 -0.015985926854984858 0.057086310502824603 0.071009173050893534 -0.17213478512293226 -0.10214224206719794 0.062441030938892042 0.096310231352466497 -0.24602317235069476 -0.031980548067587704 -0.11341245312097636 0.041304158613372922 -0.091233644353643742 0.028944687521371217 -0.085430979848396316 -0.15146929394757902 -0.108465813506919 0.40191062774861258 -0.079297282854491488 -0.13174502629711993 -0.086093189946574666 0.1091806274778081 -0.03192544817703416 0.011892220116536888 -0.0080208103605138824 0.15122129182735494 0.086571447966615533 0.14174720320717357
leaf_weight=49829.522967817727 28.214058041572571 371.89161924645305 25.967750020325184 20.594539407640696 53.878994207829237 48.02321794629097 20.034187160432339 19.344675190746784 12.763170484453441 24.131116323173046 13.354471661150454 33.494229029864073 10.77774812188 807.13862889027223 79.719556267373264 540.53615886904299 124.57457795087248 22.364203460514545 14.722848720848559 6.0144274216145268 83.872362427413464 9.9663996463641507 124.00745939463377 61.434298694133759 122.45780842378736 167.04966000653803 394.27053911611438 8.1138507984578592 91.453986851498485 14.255150329321621
leaf_count=148488 50 601 108 47 100 68 75 121 21 38 84 93 199 3547 577 1030 1735 86 394 45 388 207 1243 103 575 494 906 68 712 39
internal_value=0.000329139 0.0158678 -0.0476182 0.0214382 -0.00205002 -0.0186674 -0.0929836 0.00131378 0.0165022 -0.0147553 -0.0952829 0.0217423 0.000130382 0.00798653 -0.00596504 6.3765e-05 -0.0529743 0.00950279 0.0353644 0.10357 0.0194016 0.027186 -0.00011263 -0.0210475 0.015215 -0.0185885 -0.0157209 -0.0715192 0.0651179 0.0318899
internal_weight=53183.9 671.692 54.1818 617.51 245.619 191.74 40.6287 151.111 131.766 83.743 26.1176 57.6253 52512.3 2682.73 1207.24 1127.52 170.345 957.171 45.7702 31.0473 1475.49 1224.57 417.434 316.013 183.892 250.922 416.635 132.121 101.42 25.0329
internal_count=162242 1406 158 1248 647 547 122 425 304 236 105 131 160836 12348 5011 4434 2412 2022 677 283 7337 6455 2908 1989 678 882 992 1311 919 238
is_linear=0
shrinkage=0.1


Tree=63
num_leaves=31
num_cat=0
split_feature=15 15 9 15 16 13 13 0 14 18 17 12 12 13 2 14 9 2 4 15 12 7 10 15 7 0 17 19 0 17
split_gain=15.4787 28.1296 36.2984 71.7369 40.938 34.9864 34.6808 34.0722 52.2133 37.3904 37.1816 32.8175 37.5417 38.1187 50.2136 37.0706 35.8892 37.4327 35.4609 32.7472 31.8079 70.9049 63.276 84.8051 54.4428 60.9868 49.4975 48.8874 55.499 48.6822
threshold=-1.0000000180025095e-35 0.034803785714285725 1.0000000180025095e-35 0.019016696428571431 1.0000000180025095e-35 0.21966057441253267 1.1900000000000002 0.58387445887445899 751.75000000000011 -149.59999999999997 196.13541666666671 5.7664367401960792 0.60377575111868753 0.024427537853360191 0.9472222222222223 0.55186206896551737 8.3382995629717929 19.395833333333339 3.9702503681885131 0.086888275862068973 0.05693018893011751 1771.0150000000001 499.87720000000007 0.018003846153846158 65.010000000000005 0.023904761904761908 5.9191368788142986 0.14275714285714289 0.1988372093023256 6.502173913043479
decision_type=2 2 2 2 2 2 2 2 2 2 2 2 2 2 2 2 2 2 2 2 2 2 2 2 2 2 2 2 2 2
left_child=-1 2 3 -2 5 11 -3 8 20 10 -9 12 13 15 -15 -4 17 18 -14 -8 -6 22 23 -22 26 -26 27 28 -24 -27
right_child=1 6 4 -5 7 -7 19 9 -10 -11 -12 -13 16 14 -16 -17 -18 -19 -20 -21 21 -23 24 -25 25 29 -28 -29 -30 -31
leaf_value=0.0030966227565322681 -0.12295208679250121 0.0016875385216302584 0.0042525600035161213 0.26407254167786071 0.00095303492040326669 -0.12721661706857104 0.053642246623799662 -0.026072610776578627 -0.17247768288546489 0.0048622551235790708 -0.14417684279976248 0.13573205603332411 -0.13611130766827181 -0.062852374971794245 0.026649820995049835 -0.051287018731740013 0.065194811618419377 0.10400173638048196 0.0088732882289107584 -0.12459552339482538 -0.050176035185525658 -0.031017377758755432 -0.11013657007445106 0.057955627326955 -0.020878736028358588 0.015956594580799892 0.084628643680212279 0.033409242036268487 0.042205688027135063 -0.028078472439060059
leaf_weight=14381.668970588595 49.310391077771783 22843.585766345728 763.38499817624688 5.3044105004519215 6539.4956389456056 18.873671816661954 13.888769114390014 1148.5761870294809 18.358601093292236 458.17122514918447 27.289472654461861 20.409947758540511 61.002551931887865 65.992669598199427 1250.076838625595 142.63226058706641 23.091953882947564 10.524179242551325 23.3179711997509 39.981919468380511 486.73218737915158 1185.4532927498221 58.052970662713051 85.230221040546894 1201.3384425984696 1454.3419469371438 130.57684992812574 310.38001494854689 40.664266973733902 303.43886554613709
leaf_count=40441 531 67904 1957 10 21486 176 49 2318 61 858 90 52 474 856 2990 404 57 12 56 404 1977 5850 361 207 6893 3595 352 871 79 871
internal_value=0.000294632 -0.000744508 -0.00397837 -0.0853627 -0.00369754 0.0083935 0.00149855 -0.00583675 -0.00396477 -0.0193711 -0.0288136 0.00947781 0.00837661 0.0112946 0.0221618 -0.00449091 -0.0466032 -0.0738228 -0.0960173 -0.0786428 -0.0037025 -0.00949467 -0.00322699 -0.0340629 0.00181389 -0.00351327 0.0310236 0.0139137 -0.0473827 0.00835499
internal_weight=53161.1 38779.5 15882 54.6148 15827.4 2379.31 22897.5 13448.1 11814.1 1634.04 1175.87 2360.43 2340.02 2222.09 1316.07 906.017 117.937 94.8447 84.3205 53.8707 11795.7 5256.21 4070.76 571.962 3498.79 2959.12 539.674 409.097 98.7172 1757.78
internal_count=162242 121801 53444 541 52903 7034 68357 45869 42603 3266 2408 6858 6806 6207 3846 2361 599 542 530 453 42542 21056 15206 2184 13022 11359 1663 1311 440 4466
is_linear=0
shrinkage=0.1


Tree=64
num_leaves=31
num_cat=0
split_feature=16 7 9 19 10 12 5 13 9 1 13 10 12 9 11 19 19 0 7 10 5 2 15 14 13 11 19 6 0 3
split_gain=16.444 67.8517 48.8633 51.4041 53.4545 52.1353 58.4547 50.2214 49.6905 43.7907 40.8039 45.4956 41.6639 40.7319 38.8569 32.7409 32.0377 29.4308 34.3194 29.876 33.1103 29.2916 65.974 35.6278 26.6091 28.1486 26.8451 25.8463 29.6827 53.457
threshold=-0.097499999999999962 55350.820000000007 1.5881423190745227 0.066679487179487199 118678.12175000001 0.27306325886880861 4.4868421052631584 0.01309332476159863 3.7750099754887994 0.018576029445594666 0.016021390374331555 35216.31990000001 1.952530931213637 14.428033306899289 0.001881013380939055 0.0078482737734706255 0.13177500000000003 0.35767590618336892 1165.8400000000004 1274690.8077500002 4.0277777777777786 1.6288265306122451 0.20576623376623379 6.0022727272727279 0.048024024024024031 5.0842565777813914e-05 0.014572599531615925 540.0200000000001 0.32885724585436199 11.500000000000002
decision_type=2 2 2 2 2 2 2 2 2 2 2 2 2 2 2 2 2 2 2 2 2 2 2 2 2 2 2 2 2 2
left_child=1 2 9 7 5 8 -7 -4 16 -1 15 13 14 -12 24 -9 -5 19 -19 -11 -21 22 -6 -23 25 -13 -27 28 29 -3
right_child=-2 27 3 4 21 6 -8 10 -10 17 11 12 -14 -15 -16 -17 -18 18 -20 20 -22 23 -24 -25 -26 26 -28 -29 -30 -31
leaf_value=0.053483421897840902 0.00064142032520003776 0.027592454371309375 0.013315597485453402 -0.14591242167721133 -0.0032221257240469359 -0.10575818132444699 0.066995237020659099 -0.011778630561925199 -0.19290301164590837 -0.04529192639627018 -0.14518705586108666 0.089328259617359088 -0.18241548059101961 0.023259788781379936 0.006140802769751031 -0.24176604763645304 -0.0023730439810107167 -0.10931423356672126 0.00073313141646860714 0.06032769127445578 -0.1291188557219379 0.042540778527092905 0.21108350049601943 -0.058298283027832055 -0.14873141263762396 -0.15357773030216745 -0.022232161711437035 0.071998596896882538 0.034105251593584553 -0.19495179456822065
leaf_weight=48.236041558906436 50790.958421302494 28.142796675674617 280.62068910524249 19.774143239483237 27.896822370588779 25.195464873686433 87.991145648062229 9.6632252866402286 24.613862751051784 257.9656536038965 57.788449745625257 14.956600764766334 15.16540710441768 19.099747931584716 288.22182334400713 17.220954414457083 72.78413237631321 33.589565701782703 181.28284386172891 10.281659319065509 89.80919224768877 269.18216975033283 29.614468639716506 40.280325427651405 27.250263884663582 22.06236551143229 52.804653763771057 118.60090445680544 153.20570227131248 17.50908460188657
leaf_count=222 154838 90 780 87 124 178 154 36 123 1215 332 76 104 52 701 97 183 92 329 122 508 452 72 107 257 130 196 226 238 121
internal_value=0.000263746 -0.00793104 -0.0146748 -0.00433161 0.0178936 -0.0198635 0.0285401 -0.0208263 -0.0666208 -0.0380231 -0.0391024 -0.032616 -0.0196824 -0.103343 -0.0135932 -0.1591 -0.0330388 -0.0457273 -0.0164698 -0.0632849 -0.109658 0.0415948 0.107131 0.0294153 -0.0621759 -0.0359171 -0.060938 0.0350513 0.0130154 -0.057761
internal_weight=53131.8 2340.81 2023.35 1402.19 597.333 230.359 113.187 804.854 117.172 621.165 524.233 497.349 420.461 76.8882 405.296 26.8842 92.5583 572.929 214.872 358.057 100.091 366.974 57.5113 309.462 117.074 89.8236 74.867 317.458 198.858 45.6519
internal_count=162242 7404 6729 4241 1480 725 332 2761 393 2488 1981 1848 1464 384 1360 133 270 2266 421 1845 630 755 196 559 659 402 326 675 449 211
is_linear=0
shrinkage=0.1


Tree=65
num_leaves=31
num_cat=0
split_feature=18 18 9 16 16 12 7 0 8 14 9 9 7 9 18 20 15 15 15 8 19 9 8 7 8 19 9 10 9 7
split_gain=15.0217 37.5247 31.2801 38.9083 43.5534 46.0461 48.5763 54.3288 46.4565 33.8166 57.9818 58.215 57.5974 47.1494 35.5329 35.2134 47.8858 49.0701 34.4555 62.0521 33.6482 30.1493 29.4084 41.7081 28.9712 28.6379 28.5335 27.5466 27.3787 27.0872
threshold=-86.499999999999986 -68.200000000000031 1.3236273170048007 0.79250000000000009 0.76350000000000018 1.2499873317307695 874.17000000000007 0.11566332218506133 5.238500000000001 3.2254032258064522 2.6609906419232781 1.5881423190745227 140.01000000000002 13.443119183157135 1.0000000180025095e-35 4.5000000000000009 -0.12381846666666665 -0.17669799999999997 -0.019760965909090905 1.2995000000000003 0.29758333333333337 17.634102098989377 2.1235000000000004 596.05000000000007 0.93050000000000022 0.041674242424242426 7.6236117753334405 230895613219.85553 4.3308799807933269 8.0250000000000021
decision_type=2 2 2 2 2 2 2 2 2 2 2 2 2 2 2 2 2 2 2 2 2 2 2 2 2 2 2 2 2 2
left_child=-1 -2 27 4 5 6 8 -8 20 12 11 -11 14 -12 29 16 17 -14 19 -16 22 -15 24 -24 -4 -23 -6 -3 -21 -7
right_child=1 2 3 -5 26 9 7 -9 -10 10 13 -13 15 21 18 -17 -18 -19 -20 28 -22 25 23 -25 -26 -27 -28 -29 -30 -31
leaf_value=-0.00049031067694553867 0.051526506835226527 0.012510997940506405 0.036108125261346963 -0.014303943573925393 0.074839371646177752 -0.097568758618871487 -0.093430102945208593 0.01460368520276243 0.16068049913905208 -0.14285425328962392 -0.08154044791774373 0.021435327423158748 -0.058438308255898887 0.09478723807991743 0.12805789867788087 0.053895004906697297 -0.078205549642485772 0.15789712585512428 0.010313492586624722 -0.10335900389318725 -0.067617718873522623 0.059699222817101917 -0.14250468468814986 0.078565271946964596 0.12082254298534401 -0.11515530336309399 -0.018737569286827106 -0.043209735345620975 0.03956273129833552 -0.010306073799519262
leaf_weight=44744.584646190517 163.74089110642672 3101.1225009616464 97.450008124113083 1653.6985878646374 136.10269932448864 41.524763695895672 50.628004599362612 577.77362626791 37.161468476057053 23.73101718723774 216.34090521931648 236.65586479008198 23.115534141659737 27.575486287474632 70.676189735531807 33.207556843757629 185.64841458946466 19.188353553414345 1067.1737746074796 20.773990839719772 25.730890870094299 16.075846076011658 16.87260901927948 17.268649831414223 68.919762060046196 22.443802237510681 42.841965548694134 91.335794188082218 37.777719229459763 248.13709066063166
leaf_count=141285 326 6776 180 4433 212 197 294 1062 63 93 738 542 90 54 125 113 898 32 2881 88 67 49 69 35 99 97 84 211 95 954
internal_value=0.000237067 0.00412518 0.00317945 -0.00174652 0.00443243 0.00173277 0.02101 0.0058998 0.0570583 -0.00577428 -0.0275759 0.00646238 0.000998981 -0.0589568 0.00861034 -0.0423115 -0.0563266 0.0396879 0.0162189 0.0649864 0.0400378 0.0149632 0.0538528 -0.0306875 0.0712016 -0.0421813 0.0524357 0.0109168 -0.0111455 -0.0228157
internal_weight=53115.3 8370.69 8206.95 5014.49 3360.8 3181.85 891.805 628.402 263.403 2290.05 542.823 260.387 1747.22 282.436 1486.06 261.16 227.952 42.3039 1196.4 129.228 226.242 66.0951 200.511 34.1413 166.37 38.5196 178.945 3192.46 58.5517 289.662
internal_count=162242 20957 20631 13644 9211 8915 1869 1356 513 7046 1573 635 5473 938 4340 1133 1020 122 3189 308 450 200 383 104 279 146 296 6987 183 1151
is_linear=0
shrinkage=0.1


Tree=66
num_leaves=31
num_cat=0
split_feature=9 10 6 3 17 5 6 2 17 8 6 11 8 11 16 17 4 17 19 15 10 0 18 19 16 10 18 19 12 6
split_gain=15.0623 29.6292 45.0464 56.4752 51.6706 62.8498 51.2615 45.3081 43.5221 43.2727 37.8938 37.4751 34.0016 32.4216 30.5241 40.4127 36.1131 31.7366 30.589 30.2379 29.8674 29.8127 28.9916 50.1349 47.6489 28.3405 28.0301 27.6942 27.2779 60.2261
threshold=5.5725833247935714 65849.103000000017 112.00100000000002 9.5000000000000018 24.517241379310349 4.8814102564102573 174.00300000000001 1.3286384976525822 0.49728260869565222 19.001500000000004 103.87250000000002 0.024714891242235505 12.002500000000001 0.0045630982213569838 0.11950000000000001 105.00581395348838 0.14434523809523811 3.8768939393939399 0.0064110105580693823 0.00081433333333333347 92522.984200000021 0.42776886035313005 -349.49999999999994 0.030303689064558634 0.080500000000000016 15152.705350000002 6019.2650000000003 0.0085022522522522539 0.037192420389630595 282.6810000000001
decision_type=2 2 2 2 2 2 2 2 2 2 2 2 2 2 2 2 2 2 2 2 2 2 2 2 2 2 2 2 2 2
left_child=26 2 9 21 5 28 -6 -7 -3 10 12 -12 -2 -8 15 16 20 22 -17 -20 -10 -4 23 24 -18 -11 -1 -21 29 -5
right_child=1 8 3 4 6 7 13 -9 14 25 11 -13 -14 -15 -16 18 17 -19 19 27 -22 -23 -24 -25 -26 -27 -28 -29 -30 -31
leaf_value=-0.00050469779496286607 -0.00020655225688445981 0.028571029196223719 -0.13421171875924282 -0.10403299249695803 0.16268213979566731 0.14401186387992485 0.089567400076931702 -0.010015163943997497 0.20053104491705667 0.23976403041594094 -0.011163811853541225 0.14202683218628537 -0.10335205951291854 -0.18027466674323531 -0.0044159632716915904 -0.1032751556618202 -0.16919809775161054 0.026104776112488667 -0.07969661855532878 0.12142132158193136 -0.11026518525535944 -0.0017565392760692492 0.039468624378559553 0.022726419665006391 -0.032189891687441921 0.044552073604498969 -0.080740922933155934 -0.0077553198732630731 -0.11360629587343961 0.09570972724092025
leaf_weight=43322.181924990378 4245.2548197284341 938.21227304823697 70.81995528191328 38.418236950412393 29.750949457287788 25.40498860925436 8.5067129749804753 76.923765137791634 3.4103063456714144 11.844385068863632 28.099340051412582 36.991467662155628 32.201876571401954 9.3429267257451993 1930.6571798566729 45.785739319398999 31.079912260174751 1459.777062850073 40.419139483943582 22.182101042941213 33.132543480955064 22.357180282473564 109.04109630919993 145.41158902645111 138.50826872698963 19.985716365277767 43.583394415676594 65.912163460627198 79.215206254273653 24.865510929375887
leaf_count=135748 12478 2168 400 181 36 44 56 174 53 48 107 37 212 49 4429 209 126 3050 143 36 513 39 222 265 394 88 116 162 599 60
internal_value=0.000212254 0.00376942 -0.00186749 -0.0346328 -0.0130304 -0.0315652 0.0823011 0.0282249 0.00917517 0.0010208 0.000169276 0.0758953 -0.00098306 -0.0516744 0.00465442 0.0130146 0.0171993 0.0191092 -0.0330902 -0.00808522 -0.0812606 -0.10243 -0.0049732 -0.0203573 -0.057299 0.117193 -0.000585337 0.0247713 -0.0745005 -0.0255499
internal_weight=53089.3 9723.51 4759.98 385.605 292.428 244.828 47.6006 102.329 4963.53 4374.38 4342.55 65.0908 4277.46 17.8496 4025.32 2094.66 1920.36 1883.82 174.299 128.513 36.5428 93.1771 424.041 315 169.588 31.8301 43365.8 88.0943 142.499 63.2837
internal_count=162242 26378 14608 1638 1199 1058 141 218 11770 12970 12834 144 12690 105 9602 5173 4623 4057 550 341 566 439 1007 785 520 136 135864 198 840 241
is_linear=0
shrinkage=0.1


Tree=67
num_leaves=31
num_cat=0
split_feature=15 15 0 18 20 15 17 13 19 6 11 14 7 14 14 8 16 7 14 7 4 1 2 13 4 5 0 5 16 5
split_gain=14.6095 32.0092 58.1956 73.2072 29.0358 71.7848 45.0778 35.275 37.6393 50.5129 32.3518 32.7597 31.2041 32.6126 56.6127 30.6441 58.0408 29.7203 31.8927 47.6578 99.5364 36.9174 31.4501 29.6485 49.2809 44.0005 29.4364 52.4485 29.2792 53.8213
threshold=0.54573220833333347 0.50002606250000003 0.44387170675830473 -945.49999999999989 1.7500000000000002 2.3897977454545458 31.179292929292931 0.10814762130551606 0.022224014336917567 1104.7585000000001 0.031620165844014281 0.82006493506493527 46061.975000000013 1.1251666666666669 0.13963923673226 8.9410000000000007 0.76650000000000007 7562.8100000000013 -6.2985153764581119 1279.6600000000003 10.540935672514623 0.94444444444444453 6.1455026455026465 0.035108262459427261 2.0563492063492066 25.350877192982459 0.032362798491830755 24.950000000000003 0.86150000000000004 9.0500000000000025
decision_type=2 2 2 2 2 2 2 2 2 2 2 2 2 2 2 2 2 2 2 2 2 2 2 2 2 2 2 2 2 2
left_child=1 -1 3 -3 5 17 7 8 -7 10 11 -10 -6 14 -14 16 -16 18 19 22 -21 -20 -2 24 25 -8 27 -19 -25 -30
right_child=4 2 -4 -5 12 6 23 -9 9 -11 -12 -13 13 -15 15 -17 -18 26 21 20 -22 -23 -24 28 -26 -27 -28 -29 29 -31
leaf_value=-0.00031636235668778352 -0.088263870580398834 -0.0066235371283522408 0.021069382422453695 -0.14169790764413853 0.021769442382644111 -0.14646158758712335 -0.035569692326148809 -0.10980736041941758 -0.10778543815919062 0.13457510241566131 0.069627498288421616 -0.026819654924617815 0.01092499561541632 0.013315180836982431 -0.07562984372807946 -0.047813486718707512 -0.3368674448623119 -0.1195984230132978 0.0057174515540324355 -0.35496092631801052 0.021141383262016027 -0.022746961635205159 0.029513738520616107 -0.058392529284571927 -0.10222886732927637 0.14727389173826633 0.017145754737615506 0.047742339590629117 0.13624817743926401 0.0081966558175193827
leaf_weight=44474.45435367804 37.367242759093642 81.36786073166877 110.48190880194306 79.159783751703799 1503.5946968235075 28.199713679030538 41.381557559128851 78.457850196864456 65.255802312865853 18.471823060885072 26.609140299260616 213.38214955944568 109.78116158489138 320.77645373903215 25.086692954413593 56.020751565694809 12.866806942969559 42.756638896651566 2836.2814159458503 13.927785040810706 14.222146131098269 542.85422421619296 57.652883052825928 44.263044578023255 66.089287718757987 19.299386695027351 1888.72634729743 33.329888868145645 39.73493734234944 188.70614016521722
leaf_count=140822 113 284 179 443 3319 229 258 835 374 57 34 929 221 878 80 202 87 634 5875 79 24 1132 88 220 441 11 3429 132 169 664
internal_value=0.00019052 -0.000525148 -0.0347882 -0.0732317 0.00403707 0.000685452 -0.0267195 -0.0491739 -0.0356561 -0.0260037 -0.035721 -0.0457815 0.0144432 -0.00655766 -0.0378439 -0.094816 -0.164193 0.00484524 -0.000677197 -0.0506598 -0.164943 0.00114468 -0.016803 -0.00252814 -0.0424853 0.0225831 0.0146891 -0.0462944 0.0160465 0.0304699
internal_weight=53070.6 44745.5 271.01 160.528 8325.1 6296.97 829.851 430.376 351.919 323.719 305.247 278.638 2028.13 524.532 203.755 93.9743 37.9535 5467.12 3502.31 123.17 28.1499 3379.14 95.0201 399.474 126.77 60.6809 1964.81 76.0865 272.704 228.441
internal_count=162242 141728 906 727 20514 15727 4221 2458 1623 1394 1337 1303 4787 1468 590 369 167 11506 7311 304 103 7007 201 1763 710 269 4195 766 1053 833
is_linear=0
shrinkage=0.1


Tree=68
num_leaves=31
num_cat=0
split_feature=5 10 19 17 17 6 14 4 4 6 2 10 11 14 14 4 15 2 2 11 12 3 7 1 0 17 8 6 17 2
split_gain=13.8425 36.786 29.7472 74.7142 33.6703 29.8166 29.0782 27.806 25.1285 22.4908 36.3991 32.1602 56.3821 31.3978 27.8851 23.0845 22.7191 40.0088 35.331 29.5277 27.0545 24.6106 21.0856 21.1468 24.4717 21.0602 24.3902 20.9254 20.6535 20.14
threshold=61.083333333333336 108332363030.62291 0.038459935897435911 15.507911029580372 37.097222222222236 181.91900000000004 26.529166666666669 53.125000000000007 2.8017857142857143 14.386500000000002 18.055555555555561 684935558.25810015 6.0563293920000252e-05 0.088320545609548176 6.0022727272727279 20.244565217391308 -0.0086204166666666669 13.732142857142859 2.5045454545454553 0.022562274370749247 0.0033203794575323042 39.500000000000007 17374.040000000005 2.5833333333333335 0.37455035971223027 42.885416666666679 3.9985000000000004 29.891999999999999 2610.6666666666674 10.626785714285715
decision_type=2 2 2 2 2 2 2 2 2 2 2 2 2 2 2 2 2 2 2 2 2 2 2 2 2 2 2 2 2 2
left_child=28 6 3 -3 22 25 7 8 27 -10 13 15 -13 16 -15 -12 -11 18 19 21 -19 -18 29 24 -24 -6 -27 -2 -1 -4
right_child=1 2 4 -5 5 -7 -8 -9 9 10 11 12 -14 14 -16 -17 17 20 -20 -21 -22 -23 23 -25 -26 26 -28 -29 -30 -31
leaf_value=-0.00011734509722856763 -0.0087342130616799747 0.25214532729943845 -0.12872394162074233 -0.10145245088661117 0.09910439692430123 -0.14097564144348437 0.036354575932019864 -0.093709996084641783 0.041570320249566667 0.030120447625655362 0.0014799620231773936 -0.041025057269636796 0.097280954926084573 0.026282092703331462 -0.070814491125029591 0.049509523359727317 -0.20292004563520805 -0.056521783445385478 0.015835108968884064 0.034905490814864132 -0.16917902235249005 -0.0049176354201141059 -0.1254056514220688 -0.028491623946755942 -0.31600504175244082 -0.1004919344259577 0.027269547867606769 -0.098574639977106193 -0.07371142871645249 0.017914323761127705
leaf_weight=50685.763313898118 86.573797032237053 11.816563360393049 15.275299148634074 12.089075939729808 21.973697442561388 14.409439222887157 391.3196570314467 27.447016570717096 210.92693029344082 41.552639663219452 562.87285421043634 40.007516801357269 111.96516742557287 200.95682468265295 34.682365164160728 121.70780551433563 21.782982017844919 51.361983850598335 98.243591964244843 12.823067851364611 36.440754406154156 8.81883856654167 22.836058413609862 12.496153581887482 9.5548324361443502 21.899986302480102 47.031546507030725 37.00833834707737 38.16222315095365 24.212147377431393
leaf_count=156667 165 12 90 108 27 259 762 126 303 65 1062 88 124 348 88 187 112 142 188 19 286 43 245 38 50 111 110 151 203 63
internal_value=0.000172063 0.00774252 -0.0317922 0.073331 -0.0450404 -0.00732978 0.0117704 0.00612857 0.0077619 0.011213 0.00644592 0.019257 0.0608713 -0.0147065 0.011991 0.0100189 -0.0379183 -0.0502388 -0.0173664 -0.092481 -0.103278 -0.14586 -0.09211 -0.138997 -0.18163 0.0138545 -0.0133211 -0.0356381 -0.000172714 -0.0388111
internal_weight=53034 2310.09 213.595 23.9056 189.689 105.315 2096.49 1705.17 1677.73 1554.14 1343.22 836.553 151.973 506.663 235.639 684.581 271.024 229.471 141.668 43.4249 87.8027 30.6018 84.3745 44.887 32.3909 90.9052 68.9315 123.582 50723.9 39.4874
internal_count=162242 5372 1113 120 993 507 4259 3497 3371 3055 2752 1461 212 1291 436 1249 855 790 362 174 428 155 486 333 295 248 221 316 156870 153
is_linear=0
shrinkage=0.1


Tree=69
num_leaves=31
num_cat=0
split_feature=16 7 13 9 19 10 17 10 13 1 13 10 9 7 11 11 11 4 7 13 17 19 11 9 9 14 18 5 0 2
split_gain=13.5609 55.151 44.5257 38.707 40.2492 39.5436 44.3042 38.1793 35.409 35.2539 34.5838 34.0423 32.589 31.8204 30.9294 35.9119 30.746 30.7286 37.025 29.9549 54.1806 35.5785 34.4037 29.3355 33.8085 27.5693 28.0968 26.994 32.4763 26.8705
threshold=-0.097499999999999962 55350.820000000007 0.18005376344086024 1.5881423190745227 0.066679487179487199 118678.12175000001 49.183333333333344 1854284.4976500003 0.01309332476159863 0.018576029445594666 0.016021390374331555 35216.31990000001 14.428033306899289 2626.1000000000008 0.023074464851856376 0.01051902147238565 0.001881013380939055 3.1465040650406508 23477.775000000005 0.00795231771327389 0.16764705882352945 0.37875000000000009 0.013764206970926727 4.0853845794361332 2.899391371599584 12.138095238095239 -1199.5899999999999 18.529824561403512 0.24257134451309212 1.6643333333333337
decision_type=2 2 2 2 2 2 2 2 2 2 2 2 2 2 2 2 2 2 2 2 2 2 2 2 2 2 2 2 2 2
left_child=1 2 3 7 8 6 13 9 -5 -1 -10 12 -12 14 15 23 -13 -9 27 22 -21 -22 -11 24 -6 26 -23 -19 -29 -7
right_child=-2 -3 -4 4 5 29 -8 17 10 19 11 16 -14 -15 -16 -17 -18 18 -20 20 21 25 -24 -25 -26 -27 -28 28 -30 -31
leaf_value=0.065910867627672232 0.00049782902081347484 0.031975149154427847 -0.12226394005808233 0.01182516078189017 -0.019224329385514313 0.10158522099055745 -0.16168447103278938 -0.036722237273891518 -0.14262528908405936 -0.14865690320521649 -0.13101432235237354 -0.058388092689564124 0.023552281632873092 -0.11747164658332628 0.060472831183236424 -0.12072905151736027 0.0021019955951884794 -0.065063879304773489 -0.02903722184955005 0.12905223140132072 -0.01244856960992026 -0.010585006833211549 0.022957098285504317 -0.099446754125561254 0.13673640497944833 -0.0073569998886736324 -0.1907925418799401 -0.16314112357404573 -0.39524604039951827 0.026556756431104944
leaf_weight=43.956035139970481 50686.488892666763 309.46099918009713 36.863946598023176 280.02591514773667 32.466396959498525 56.626534348353744 18.952675556764007 70.214205794967711 26.983857462182641 38.633060604333878 52.012979958206415 117.85674860607833 18.489936631172895 21.214882090687752 75.873489625751972 27.821330010890961 292.73726943694055 10.950737435370682 20.794626373797655 23.493229772895575 287.77372725866735 11.959734747186301 16.744613856077194 17.844808908179402 24.304524350911379 24.032921941950917 31.281440684571862 15.594838395714762 9.8271002918481809 303.94845712929964
leaf_count=146 154838 675 307 780 120 179 100 414 133 189 294 668 44 72 123 102 731 52 63 35 1045 33 37 102 49 59 161 86 53 552
internal_value=0.00015572 -0.00732261 -0.0133751 -0.01134 -0.00201914 0.017998 -0.0155736 -0.032394 -0.0167265 -0.019427 -0.0324626 -0.0262838 -0.090478 -0.00169475 0.0120801 -0.0237637 -0.0152611 -0.0810402 -0.135473 -0.0280717 -0.0180223 -0.0277541 -0.0967658 0.012391 0.0475449 -0.0932256 -0.14095 -0.196323 -0.252864 0.0383396
internal_weight=53005.2 2318.74 2009.28 1972.42 1367.16 579.053 218.478 605.256 788.107 477.875 508.081 481.097 70.5029 199.525 178.311 102.437 410.594 127.382 57.1673 433.919 378.541 355.048 55.3777 74.6157 56.7709 67.2741 43.2412 36.3727 25.4219 360.575
internal_count=162242 7404 6729 6422 4049 1399 668 2373 2650 1705 1870 1737 338 568 496 373 1399 668 254 1559 1333 1298 226 271 169 253 194 191 139 731
is_linear=0
shrinkage=0.1


Tree=70
num_leaves=31
num_cat=0
split_feature=11 10 7 8 13 12 8 16 19 9 8 16 9 4 7 17 15 15 14 6 18 4 2 15 16 7 12 6 12 8
split_gain=13.398 19.2965 35.5701 27.284 30.5499 47.1267 27.9911 24.9321 29.4379 34.413 37.2635 29.3703 50.4291 41.5135 26.3703 26.0367 33.5353 63.3951 38.6651 48.3724 29.017 71.7084 38.6965 28.4512 23.6351 23.5132 28.84 22.3471 21.4167 21.1075
threshold=0.090927377309922605 105.00000000000001 60.015000000000008 0.77450000000000008 0.066555924695459595 0.13769206511418408 0.93050000000000022 0.75650000000000006 0.07577350427350428 2.289202927664332 2.1845000000000003 0.95050000000000001 1.2682313279676776 2.4953222049689443 6270.3300000000008 1.4976851851851853 0.16875000312500002 -0.32998124999999995 2.4912878787878792 94.506000000000014 -98.799999999999983 1.9939024390243905 1.497058823529412 0.0018894444444444447 0.10050000000000002 735.0200000000001 0.031364220189851445 9.0030000000000019 0.1180616509608978 3.9705000000000004
decision_type=2 2 2 2 2 2 2 2 2 2 2 2 2 2 2 2 2 2 2 2 2 2 2 2 2 2 2 2 2 2
left_child=-1 24 27 4 5 -4 -5 8 9 14 -11 12 13 28 -8 20 17 -17 19 -19 29 22 -22 -21 -2 -10 -27 -3 -9 -13
right_child=1 2 3 6 -6 -7 7 11 25 10 -12 15 -14 -15 -16 16 -18 18 -20 23 21 -23 -24 -25 -26 26 -28 -29 -30 -31
leaf_value=-0.00017207832728094149 0.045130095147506231 0.0711967787238698 -0.022513541080244476 0.072746755900006385 0.0059527218226163876 -0.19497745262254815 -0.17339355690105168 -0.037445887013880394 0.083678929390017212 -0.061620932997617374 0.072479300402839716 -0.00051798822574285165 -0.17032734488220647 0.034371190310331028 0.0021924672238746584 0.051500417622271866 0.027615949429557016 -0.20130961291809304 -0.0010785761798040576 -0.020158739983103621 -0.17262356285727967 0.035830446118596433 -0.023581831718273976 -0.17445622074953565 -0.073955592785497168 0.066044265563986237 -0.039004635069557279 0.0020911988199269682 -0.20971267809978233 0.040976101751071192
leaf_weight=51021.334264906822 23.440914556384087 143.98201943933964 44.278617598116398 66.707206957042217 82.531500391662121 24.672880031168461 18.839787177741528 17.141909152269367 113.6724646538496 32.512660875916481 57.138317905366421 188.34046008437872 26.216286431998014 60.932480048388243 15.665581978857515 51.99064713716507 99.265957586467266 37.645155511796474 46.262144934386015 48.134018752723932 34.971756830811501 92.859599366784096 34.710432507097721 15.897316504269837 57.667010575532913 57.261478580534458 48.076965279877186 69.325427755713463 12.464531712234018 351.17739644646645
leaf_count=158087 60 230 90 90 176 108 84 42 171 95 102 357 102 101 35 74 173 161 94 170 149 146 87 68 169 77 113 153 58 620
internal_value=0.000140657 0.00822471 0.0102715 0.00538575 -0.0350946 -0.0842262 0.0093992 0.00650719 0.0300847 -0.00881523 0.0238468 -0.000729802 -0.0481939 -0.0128292 -0.0936768 0.00480494 -0.0198969 -0.0434874 -0.0768693 -0.111354 0.0153321 -0.0217069 -0.0983822 -0.0584668 -0.0395388 0.0521369 0.0180994 0.0487373 -0.109971 0.0264909
internal_weight=52995.1 1973.78 1892.68 1679.37 151.483 68.9515 1527.88 1461.18 343.167 124.156 89.651 1118.01 116.755 90.5389 34.5054 1001.25 299.195 199.929 147.939 101.676 702.06 162.542 69.6822 64.0313 81.1079 219.011 105.338 213.307 29.6064 539.518
internal_count=162242 4155 3926 3543 374 198 3169 3079 677 316 197 2402 303 201 119 2099 740 567 493 399 1359 382 236 238 229 361 190 383 100 977
is_linear=0
shrinkage=0.1


Tree=71
num_leaves=31
num_cat=0
split_feature=2 14 17 10 6 2 0 8 13 4 10 2 7 11 17 8 4 14 4 0 4 16 2 18 13 8 4 7 17 0
split_gain=13.1529 61.8217 46.4635 40.2486 86.6031 61.2183 64.2055 78.3895 83.7104 52.7902 46.0169 70.7744 58.622 50.6279 57.3114 50.023 47.27 47.1197 42.9354 40.5806 38.1311 36.2302 41.9484 89.4643 40.3898 39.6926 35.6134 50.6244 35.4503 40.4551
threshold=3.3009433962264154 1749.0466666666669 22.016129032258068 477652993.60750002 63.946500000000007 3.9941860465116283 0.0064309346567411095 2.9985000000000004 0.027826171118854048 10.304761904761907 2143922.7916500005 4.1723809523809532 24490.080000000002 0.022562274370749247 1.2533783783783787 0.51050000000000006 9.5030120481927725 0.33318840579710146 4.3387978142076511 0.33549783549783557 0.55600358422939078 -0.29649999999999999 4.2521186440677976 -137.67499999999998 0.14006369426751594 9.2185000000000006 1.002985074626866 176.00500000000002 5.0090909090909106 0.082079496968335955
decision_type=2 2 2 2 2 2 2 2 2 2 2 2 2 2 2 2 2 2 2 2 2 2 2 2 2 2 2 2 2 2
left_child=1 -1 3 10 -5 -6 7 -7 -9 -10 13 18 -13 20 -15 16 -16 -14 -12 -19 -2 -17 23 24 25 -23 27 -22 29 -8
right_child=2 -3 -4 4 5 6 28 8 9 -11 11 12 17 14 15 21 -18 19 -20 -21 26 22 -24 -25 -26 -27 -28 -29 -30 -31
leaf_value=-0.0013004532726419457 -0.085058682038071223 -0.18309977645117526 -0.0039501577743536144 -0.034350825468351658 -0.12250723402991354 -0.13870411949038616 -0.11858201718974787 -0.12638262389865995 0.18767997228451247 -0.039167382287937307 0.049817187067497493 -0.017657000809870909 -0.01014963128658933 0.013900919293731601 -0.10395088546435197 0.046494107750364007 0.047511144814573254 0.043123478428297918 -0.090291273187761339 0.0031442416315969226 0.14921873116046502 -0.036504305371661765 -0.0059257163092778595 0.049337072874564146 -0.18876023908661579 -0.1639027104585796 0.011489601257021101 0.029659774999194807 0.052665523859038957 0.017207640456919228
leaf_weight=26828.365136467619 40.000906154513359 18.717999897897243 9297.2370496448129 179.79441815335304 21.203506149351597 11.329405158758162 26.370857147499919 10.981279634870587 96.098814813420177 11.484530106186865 312.95943496003747 2541.909990504384 1030.8235067203641 1447.5668409951031 99.727623578161001 116.3733773380518 25.971357762813568 439.20846092700958 23.515346616506577 601.73718063160777 42.430848211050034 110.14535547792912 1955.2247484624386 65.487260065972805 32.271493174135685 31.435462608933449 6908.9457600917667 214.20997993834317 311.76811176910996 130.58550268411636
leaf_count=101361 170 65 23615 620 235 75 334 128 528 86 644 6363 2622 2732 421 185 39 817 81 1183 55 290 4147 113 144 150 13654 450 627 308
internal_value=0.000127384 -0.00142721 0.00172422 0.00485708 0.0267534 0.0444781 0.0503929 0.112605 0.136619 0.163464 0.00376552 -0.00425143 -0.00748053 0.00734405 -0.00185869 -0.0112212 -0.0726565 0.00500525 0.0400254 0.0200128 0.0123048 -0.00787957 -0.0107629 -0.050279 -0.0878028 -0.0647908 0.0128483 0.0494267 0.0331525 -0.00560692
internal_weight=52983.9 26847.1 26136.8 16839.6 799.616 619.822 598.619 129.894 118.565 107.583 16039.9 4950.15 4613.68 11089.8 3884.2 2436.64 125.699 2071.77 336.475 1040.95 7205.59 2310.94 2194.56 239.34 173.852 141.581 7165.59 256.641 468.724 156.956
internal_count=162242 101426 60816 37201 2941 2321 2086 817 742 614 34260 11710 10985 22550 8221 5489 460 4622 725 2000 14329 5029 4844 697 584 440 14159 505 1269 642
is_linear=0
shrinkage=0.1


Tree=72
num_leaves=31
num_cat=0
split_feature=6 3 10 11 11 18 13 6 14 8 20 13 15 19 12 5 16 16 17 17 2 0 13 4 19 1 11 0 7 6
split_gain=13.6179 48.8631 54.9861 65.7229 57.9007 63.0694 55.2572 51.2923 65.3816 44.6826 44.0602 40.1765 51.0597 41.818 40.074 42.6579 38.6639 52.1707 58.7255 37.3781 49.5962 61.8343 53.1367 47.1907 46.1101 44.461 42.0092 37.8451 36.3735 36.3673
threshold=184.50150000000002 10.500000000000002 203800.95370000004 0.0037741468962835044 0.012248483349729049 -345.97499999999997 0.026692111959287536 193.17800000000003 0.030395417590539545 16.899000000000004 0.87500000000000011 0.074133811230585434 -0.01562685714285714 0.010753267162944584 0.0042356900788404908 18.806250000000002 0.90350000000000008 0.82150000000000001 4.5036764705882364 35.756355932203398 3.2464285714285719 0.098199935711989719 0.056037383177570101 1.1256578947368423 0.11946428571428573 0.062114197530864203 0.00038328204569037806 0.1243556701030928 120.04500000000002 190.00050000000002
decision_type=2 2 2 2 2 2 2 2 2 2 2 2 2 2 2 2 2 2 2 2 2 2 2 2 2 2 2 2 2 2
left_child=-1 2 3 -2 5 6 -5 8 -3 -10 -9 13 -13 -4 -6 -16 17 18 -14 20 23 22 24 27 -22 26 -21 -15 -12 -27
right_child=1 7 11 4 14 -7 -8 10 9 -11 28 12 16 19 15 -17 -18 -19 -20 25 21 -23 -24 -25 -26 29 -28 -29 -30 -31
leaf_value=0.0010617084499228943 -0.1276807239933084 0.010388245985573343 -0.15378461691350662 -0.16211005284088498 -0.192406155121325 0.051921573992093899 0.019193906500513409 -0.031570557228805904 -0.14918214064198815 -0.012521574585725462 -0.084650897836047748 -0.17932132140499774 -0.16760695821229848 -0.081237407505044282 -0.09266093008090831 -0.0030669950672329296 -0.062157191212654866 0.1894679138853097 0.05306273151834643 -0.020171320959760056 0.013209833979665101 0.007843230404137827 -0.087033609820019051 -0.078829882801140186 0.13186437649750762 0.060720969765622052 0.31328807179261742 0.056359407345026237 0.0025029916232407481 -0.038392131217540315
leaf_weight=39239.3009280595 80.848514379933476 95.46545048058033 17.829285584390163 32.241093181073666 21.687677338719368 128.23934078589082 35.123209048062563 402.55277464725077 71.357950515113771 35.992735499516129 48.098549642600119 25.729069121181965 17.569019793532789 27.940258373506367 110.87532988935709 102.05972379818559 130.74094314826652 15.828256441280244 38.45930743124336 7.6177615318447334 47.603261386975646 632.2433276027441 17.953395267948508 106.86881149932742 104.97264667972922 40.792639581486583 7.4951079525053501 70.241539791226387 10851.251586439786 400.40802080370486
leaf_count=110416 800 298 82 133 97 351 109 5427 355 127 344 155 118 407 423 206 848 21 160 81 205 1201 108 514 239 98 31 102 37343 1443
internal_value=0.00011335 -0.00259776 -0.016176 -0.0449573 -0.0294118 0.0107663 -0.0675796 2.39808e-05 -0.04982 -0.103362 0.000918446 -0.00757555 -0.0466229 -0.00155953 -0.0629081 -0.0497186 -0.0297707 0.0291555 -0.0161335 0.00029417 0.0110454 0.0222569 0.0756963 -0.0328479 0.0948445 -0.0234512 0.145205 0.0172026 0.00211838 -0.0292283
internal_weight=52965.4 13726.1 2221.37 511.075 430.226 195.604 67.3643 11504.7 202.816 107.351 11301.9 1710.29 228.327 1481.97 234.623 212.935 202.598 71.8566 56.0283 1464.14 1007.82 802.773 170.529 205.051 152.576 456.314 15.1129 98.1818 10899.4 441.201
internal_count=162242 51826 7932 2119 1319 593 242 43894 780 482 43114 5813 1302 4511 726 629 1147 299 278 4429 2776 1753 552 1023 444 1653 112 509 37687 1541
is_linear=0
shrinkage=0.1


Tree=73
num_leaves=31
num_cat=0
split_feature=3 14 6 3 6 13 12 9 7 0 1 15 10 11 1 7 2 0 6 13 19 1 7 12 5 11 11 19 13 6
split_gain=12.985 30.2965 14.3201 31.5146 15.8642 35.2938 50.082 42.0445 40.7194 36.7619 68.8432 38.9358 65.7555 50.0292 36.5477 39.4195 36.7555 34.7166 34.2841 29.6344 37.49 56.014 71.5317 56.6962 53.857 50.7038 60.9254 57.8794 39.9246 35.233
threshold=166.50000000000003 1.1251666666666669 6530.2605000000012 142.50000000000003 860.71600000000001 0.020343910130074895 0.3566306130911584 0.54674701964582517 216.11000000000004 0.059017027863777098 0.0085592185592185625 0.015000961538461541 3847653.969 0.010702844539978435 0.029498781761225203 48859.635000000002 3.4895833333333335 0.10367218987908645 1207.7200000000003 0.021768747778699211 0.022224014336917567 0.023880809808953525 4308.29 0.027996019019586631 1.5147058823529413 0.0011864746297105798 0.0014506326933299517 0.01315865751334859 0.023448955278592379 1770.3000000000002
decision_type=2 2 2 2 2 2 2 2 2 2 2 2 2 2 2 2 2 2 2 2 2 2 2 2 2 2 2 2 2 2
left_child=2 -2 4 -4 -1 6 7 -6 -8 10 18 17 13 14 16 -16 -13 -11 -9 -7 24 22 -22 -24 -21 -26 -27 -28 -23 -29
right_child=1 -3 3 -5 5 19 8 9 -10 11 -12 12 -14 -15 15 -17 -18 -19 -20 20 21 28 23 -25 25 26 27 29 -30 -31
leaf_value=-0.00022550403338106887 -0.10982873642001807 0.22352579245643167 -0.12352687343032552 0.20631008961052921 -0.14704005001557305 0.065213423744787016 0.13382606861465118 0.40876131814410066 -0.10849036952168861 0.087746724051362163 -0.067477129307852865 -0.11005982328942464 0.023824892064665471 -0.20376880959121305 -0.20625180564328618 -0.017059242004404982 0.02949530244604048 0.016446972886057655 0.068334422700652542 0.05396570429857829 0.24460753300825214 -0.11420952360348774 0.093798130407131627 -0.14070696784985454 -0.067043140395497899 0.16712208998006661 0.033339678163470561 -0.028725578942707344 0.022868935890009094 -0.15329804270044176
leaf_weight=50274.683373413282 23.036970893386755 3.0923033803701392 20.598430329002444 3.370802015066146 19.028098568320274 122.89810389839113 7.7227383181452742 3.9594352580606929 67.972461282275617 79.05277699790895 130.59959797933698 25.501637406647205 192.35451859049499 21.708191871643066 23.171818882226944 20.987899139523506 72.601816155016422 501.62784721702337 11.700242581777273 118.28302410617471 25.413570549339056 21.962449517101049 50.765953954309225 12.937101630493997 159.43299980182201 21.083680093288422 140.84172171354294 84.722613705322146 652.43165668519214 31.015849411487579
leaf_count=149615 505 9 306 24 257 308 22 9 533 195 1794 96 372 87 108 45 134 915 191 1039 99 141 198 157 1546 39 401 346 2542 209
internal_value=0.00010001 -0.0703775 0.000134809 -0.0771418 0.000169827 0.0077564 -0.00508455 0.000318708 -0.0837682 0.00290714 -0.0437203 0.0101853 -0.0158372 -0.0623646 -0.0407875 -0.116334 -0.00678155 0.0261536 0.154409 0.0182479 0.0138715 0.0282509 0.102762 0.0461738 -0.00589663 -0.022096 0.00371237 -0.00971532 0.0184048 -0.0621088
internal_weight=52944.6 26.1293 52918.4 23.9692 52894.5 2619.78 1177.99 1102.29 75.6952 1083.27 146.259 937.007 356.326 163.971 142.263 44.1597 98.1035 580.681 15.6597 1441.79 1318.89 763.511 89.1166 63.7031 555.38 437.097 277.664 256.58 674.394 115.738
internal_count=162242 514 161728 330 161398 11783 4758 4203 555 3946 1994 1952 842 470 383 153 230 1110 200 7025 6717 3137 454 355 3580 2541 995 956 2683 555
is_linear=0
shrinkage=0.1


Tree=74
num_leaves=31
num_cat=0
split_feature=9 10 7 12 2 4 5 6 8 17 5 9 17 6 17 8 12 11 11 17 6 11 8 0 20 16 9 6 6 12
split_gain=13.0945 23.6129 40.7393 45.8329 45.2786 36.6859 38.8586 36.2667 49.3844 44.7635 45.474 45.7373 57.964 41.5138 33.3563 32.6974 31.4899 31.3791 31.2293 30.9489 30.5176 30.9538 29.0078 28.9165 38.1214 51.3391 32.2617 34.8391 27.5593 39.4493
threshold=5.5725833247935714 65849.103000000017 16232.100000000002 0.15118868954744819 14.022727272727275 1.6376262626262628 6.7888888888888896 112.00100000000002 0.65450000000000019 24.517241379310349 4.8814102564102573 19.639987142397946 5.1702898550724647 171.19550000000004 124.55396174863388 19.001500000000004 0.020452479499675463 0.016790049810053779 0.0043614938890422844 112.12540983606559 103.87250000000002 0.024714891242235505 12.002500000000001 0.53923076923076929 4.5000000000000009 0.17950000000000002 9.44032796068546 528.00150000000019 217.63500000000002 0.024731993057520042
decision_type=2 2 2 2 2 2 2 2 2 2 2 2 2 2 2 2 2 2 2 2 2 2 2 2 2 2 2 2 2 2
left_child=-1 7 19 4 5 14 -7 15 -9 10 28 12 -12 -11 23 20 -8 -6 -15 -3 22 -22 -2 24 25 26 -4 -28 -10 -30
right_child=1 2 3 -5 17 6 16 8 9 13 11 -13 -14 18 -16 -17 -18 -19 -20 -21 21 -23 -24 -25 -26 -27 27 -29 29 -31
leaf_value=-0.00065748094854967696 -0.00013282287750071269 0.017328324917511091 0.089151651422226849 0.079477547140206189 0.01869272170933025 -0.14945964362147079 -0.03378689365609925 -0.17603843396102922 -0.1176693853795628 0.10789314905949197 0.016903107959264741 0.11338351421449247 -0.148010467086131 0.074506913051342868 -0.12705073980225731 0.099174436064294047 0.032195795730786479 -0.078632941307673218 -0.17561930441901114 -0.02834338291219457 -0.010154098889855601 0.13007484395897048 -0.097417807212542243 -0.054541946674835445 0.088419140465818932 -0.17505747601679683 0.016896552102377799 -0.16169396860369745 0.049125597525159909 -0.096532617892327241
leaf_weight=43248.916385696502 4241.4464066680521 3001.2636237563565 45.656753798946738 63.603920268826187 625.3185629285872 26.691666711121798 671.61991005670279 22.19182513654232 78.629367056302726 43.956889746710658 79.803238570690155 29.419950403273106 29.079230859875679 8.9385997550562042 16.227278519421816 33.631058890372515 81.058333564549685 34.980417475104332 11.304492004215716 156.08793156128377 27.97578201815486 35.994186326861382 30.872552286833525 42.356996886432171 83.661328400485218 14.581933951005338 52.951193996705115 13.762191259302197 32.929586533457041 42.710582396946847
leaf_count=135864 12478 7108 116 183 1114 122 1581 135 536 79 172 37 110 63 118 136 145 93 63 461 107 37 212 95 171 127 210 126 97 346
internal_value=8.66071e-05 0.00341154 0.00825935 -0.00387352 -0.00697584 -0.0198929 -0.0308859 -0.00162099 -0.0312964 -0.0222932 -0.0388859 0.00275215 -0.0271403 0.0533232 0.0119335 0.000952492 -0.026681 0.0135367 -0.0651728 0.0150705 0.00019071 0.068749 -0.000835822 0.0208489 0.036011 0.001474 0.024382 -0.0199446 -0.0762143 -0.033121
internal_weight=52927.6 9678.71 4929.82 1772.47 1708.87 1048.57 779.37 4748.88 378.964 356.772 292.572 138.302 108.882 64.2 269.198 4369.92 752.678 660.299 20.2431 3157.35 4336.29 63.97 4272.32 252.97 210.613 126.952 112.37 66.7134 154.27 75.6402
internal_count=162242 26378 11770 4201 4018 2811 1848 14608 1638 1503 1298 319 282 205 963 12970 1726 1207 126 7569 12834 144 12690 845 750 579 452 336 979 443
is_linear=0
shrinkage=0.1


Tree=75
num_leaves=31
num_cat=0
split_feature=12 9 9 12 12 0 8 10 7 8 6 1 10 7 9 14 14 1 1 6 15 19 18 19 18 5 12 0 11 20
split_gain=12.6605 21.1077 21.9636 20.9998 55.5914 58.797 54.4354 47.1232 77.9857 74.3242 47.2088 46.5583 40.9778 40.5276 59.2484 49.0747 81.2147 40.4447 44.7313 39.1361 38.6293 37.9176 36.7088 33.7979 33.6168 52.4109 32.8793 45.69 31.2651 43.5201
threshold=32.719836838487986 9.0960802564898149 10.006257822277849 1.8404022389152739 3.4267944230769238 0.28281378178835115 0.4835000000000001 400.03760000000005 96.045000000000016 13.363000000000001 291.67050000000006 0.16472868217054268 260.37645000000003 134.02000000000001 35.043859649122815 1.3750862068965521 0.33318840579710146 0.021798526966025186 0.019077949651198061 950.01450000000011 -0.45382932692307687 0.031254032258064522 -3452.9599999999996 0.19922500000000001 -185.84999999999997 6.7888888888888896 2.4683468458653866 0.1082709215239336 0.0016120596743236743 4.5000000000000009
decision_type=2 2 2 2 2 2 2 2 2 2 2 2 2 2 2 2 2 2 2 2 2 2 2 2 2 2 2 2 2 2
left_child=3 -2 -3 -1 5 6 11 8 21 10 28 -5 -13 15 19 16 24 18 -11 22 -12 -6 -15 -24 -8 26 27 -26 29 -9
right_child=1 2 -4 4 7 -7 13 9 -10 17 20 12 -14 14 -16 -17 -18 -19 -20 -21 -22 -23 23 -25 25 -27 -28 -29 -30 -31
leaf_value=0.00062880700087794528 0.015865099079166362 -0.13679873875551843 -0.00046713239642122081 0.17525811643038347 -0.073805786793994313 0.016311598373975802 -0.10077554250386055 0.036343736239061335 0.16123815948311371 -0.045438675449389114 0.10699589123099514 0.10712356911080999 -0.049525356168202403 0.11624847317213197 0.07782292319275752 -0.059003154625976474 0.103821358977451 -0.053516549143820716 0.21906489861267292 0.089762176153260834 -0.15341753755838491 -0.0073740273054426902 -0.055962527930371424 -0.13840268503167813 -0.064496683001241659 0.14071523029846933 -0.079653468194061272 0.113720614457997 -0.00059617091203134501 -0.052306754498947117
leaf_weight=45648.618682612665 824.15861584618688 18.671076580882072 32.190999150276184 20.497206792235374 88.582488285377622 326.4097753688693 40.686415320262313 1067.3558057770133 27.038065254688263 13.549973492510619 7.2771195434033862 25.581248074769974 48.094922129064798 11.742218252271412 34.762500036507845 135.18501307442784 73.863839505240321 213.50633776094764 12.10591056011617 18.070307930000126 26.22150178719312 2857.5935823395848 682.7746708644554 53.635814428329468 27.726697485893965 22.923015281558037 55.951952064409852 29.896555721759796 406.9982789568603 58.407047256827354
leaf_count=139407 1506 65 76 60 425 571 217 3345 53 174 14 64 211 31 122 494 183 1220 47 86 202 7895 3447 277 143 32 250 46 1355 224
internal_value=7.79944e-05 0.0120067 -0.0505134 -0.000122599 -0.00549346 -0.0215781 -0.0312297 -8.16933e-05 -0.00781992 0.0126618 0.0205903 0.0419518 0.00486503 -0.0370347 -0.0498645 -0.0104275 0.0157295 -0.0392614 0.0793692 -0.0556575 -0.0968463 -0.00937143 -0.0591699 -0.061967 -0.0209938 0.00278703 -0.0250512 0.0279674 0.0231569 0.0317444
internal_weight=52910.1 875.021 50.8621 52035.1 6386.44 1607.8 1281.39 4778.64 2973.21 1805.42 1566.26 94.1734 73.6762 1187.22 800.986 386.233 251.048 239.162 25.6559 766.223 33.4986 2946.18 748.153 736.41 177.185 136.498 113.575 57.6233 1532.76 1125.76
internal_count=162242 1647 141 160595 21188 6234 5663 14954 8373 6581 5140 335 275 5328 3963 1365 871 1441 221 3841 216 8320 3755 3724 688 471 439 189 4924 3569
is_linear=0
shrinkage=0.1


Tree=76
num_leaves=31
num_cat=0
split_feature=18 18 15 20 0 16 10 16 3 11 12 10 7 0 8 8 13 15 12 15 14 17 3 2 13 20 15 18 15 11
split_gain=13.1556 31.0855 25.6528 29.6638 23.6301 28.2846 22.8171 63.177 98.3048 61.8809 72.0962 61.4294 78.4466 52.6121 76.6262 48.9645 48.0334 32.8132 40.5215 59.4972 30.3643 30.0244 39.6157 37.8591 54.6598 63.2863 84.3812 64.3942 93.9958 47.1612
threshold=-86.499999999999986 -68.200000000000031 -0.13056946428571425 3.5000000000000004 1.1455026455026458 1.0000000180025095e-35 1100.4599500000002 0.093500000000000014 6.5000000000000009 0.043966816056100484 3.2282707125603869 550.66250000000014 147.42500000000004 0.54606060606060614 3.2485000000000004 1.9405000000000003 0.11502522120234848 -0.22117799999999999 0.0087020403409090921 0.0045043181818181822 1.7169047619047622 0.83429770819151361 149.50000000000003 0.49107142857142866 0.056037383177570101 1.7500000000000002 -0.019760965909090905 -139.95999999999995 0.27366000000000007 2.0872493053750015e-10
decision_type=2 2 2 2 2 2 2 2 2 2 2 2 2 2 2 2 2 2 2 2 2 2 2 2 2 2 2 2 2 2
left_child=6 2 3 -2 5 -3 7 8 17 10 13 15 -13 14 -9 -12 -16 -1 -19 -20 -17 22 -8 24 -23 -26 -27 -28 -29 -25
right_child=1 4 -4 -5 -6 -7 21 9 -10 -11 11 12 -14 -15 16 20 -18 18 19 -21 -22 23 -24 29 25 26 27 28 -30 -31
leaf_value=0.14026485580076994 -0.059936472179807659 0.029401469420909959 0.07465465097482106 0.10099298976538887 0.025884976020951592 0.00027903683845516026 0.0040343017948902046 -0.022718482585967717 0.25692067183793349 0.0091230033361076688 -0.097587622372692695 0.059822369380920087 -0.099855823474308034 0.016504074064422076 -0.084345281704248209 -0.026967705571936063 0.017455501913355272 0.051083041944394697 -0.11790596620707955 0.029740504368076116 0.019081376406461598 -0.00060422020961863184 -0.1199359823916147 0.050776192628904204 -0.090821667842860165 0.11640970255074137 -0.10094030339707316 -0.057428305513871382 0.3405158514454461 -0.0015951555567928974
leaf_weight=21.353711545467377 36.804808899760246 349.28183436766267 109.58814649283886 16.629047945141792 422.39350871369243 7380.5439044237137 14027.626362805255 805.46428914926946 19.098127640783787 988.31638891994953 65.843425346538424 247.8819859996438 35.126758016645908 177.7991496026516 425.82791750878096 323.62985016405582 52.010123401880264 120.01646808534861 47.221465226262808 64.671768426895142 256.82958962768316 445.98199357092381 25.824443740770221 173.09669250249863 195.52621130086482 41.718285068869591 73.454100290313363 16.944025433622304 9.1359842559322697 25909.618109659292
leaf_count=23 124 641 165 37 942 19048 42309 3008 35 2233 229 536 143 281 1663 823 175 263 247 188 500 5615 436 931 4610 328 1278 216 29 75186
internal_value=6.6629e-05 0.00371814 0.0469552 -0.00985392 0.00285352 0.00159497 -0.000614618 -0.00818922 0.0381418 -0.011924 -0.0206259 0.00115019 0.0400033 -0.0344762 -0.0415394 -0.0158631 -0.0732648 0.0216441 0.0107218 -0.0325696 -0.00659287 6.12441e-05 0.0038065 -0.00189791 -0.0235675 -0.0539767 -0.00297471 -0.053013 0.0819739 -0.0012476
internal_weight=52885.3 8315.24 163.022 53.4339 8152.22 7729.83 44570 3651.09 272.362 3378.73 2390.41 929.312 283.009 1461.1 1283.3 646.303 477.838 253.263 231.91 111.893 580.459 40918.9 14053.5 26865.5 782.761 336.779 141.252 99.5341 26.08 26082.7
internal_count=162242 20957 326 161 20631 19689 141285 10347 756 9591 7358 2231 679 5127 4846 1552 1838 721 698 435 1323 130938 42745 88193 12076 6461 1851 1523 245 76117
is_linear=0
shrinkage=0.1


Tree=77
num_leaves=31
num_cat=0
split_feature=2 2 2 11 11 16 19 2 10 14 17 0 1 5 11 18 12 16 0 17 8 8 17 4 0 4 9 19 7 2
split_gain=12.4997 14.7233 12.941 54.9097 21.3408 51.2418 37.1217 17.6544 30.0427 26.0558 33.0395 34.3053 52.4432 37.2589 49.3066 40.6484 29.0307 27.0566 23.2142 22.7614 20.8983 47.1375 20.222 25.1486 28.2073 25.0004 25.2255 30.6787 24.7802 22.564
threshold=199.00000000000003 119.50000000000001 77.291666666666671 0.0015632343249076237 0.008308050179912629 0.88850000000000018 0.49975000000000008 29.698051948051951 699655.89060000016 0.30013888888888901 0.69519519519519524 0.57247899159663873 0.051836094939543227 15.67543859649123 0.0013433595629427813 -1199.5899999999999 0.00025662769160538754 0.22950000000000004 0.35767590618336892 124.55396174863388 2.1845000000000003 7.9995000000000003 365.02777777777783 4.222875816993465 0.66224991224991236 2.0043103448275867 5.9985007496251876 0.33316666666666672 4872.5500000000011 12.866071428571431
decision_type=2 2 2 2 2 2 2 2 2 2 2 2 2 2 2 2 2 2 2 2 2 2 2 2 2 2 2 2 2 2
left_child=1 2 7 -4 -5 -6 -7 22 -9 10 -10 12 19 -14 17 16 -16 -15 -19 -12 -18 -22 -1 25 -25 28 27 -27 -24 -30
right_child=-2 -3 3 4 5 6 -8 8 9 -11 11 -13 13 14 15 -17 20 18 -20 -21 21 -23 23 24 -26 26 -28 -29 29 -31
leaf_value=-0.00046580473146574648 -0.086417876830198942 0.046691216210640839 -0.16277560499932039 0.033569181881413564 0.029478464880289552 -0.22049426674948247 -0.029455544487978814 0.024968754748304008 0.053812217250239561 0.011394019545880209 -0.20699274781227275 0.0030214577233987901 0.090136564387709631 -0.0062448071545180978 0.097154707027838433 -0.1200635550324477 0.048253735134530219 -0.19967842194620114 -0.049330131046618882 -0.04624101378365475 -0.15144991233487926 0.0058589049902912351 0.064290942645058344 0.093194622513954439 -0.0089086563604879147 -0.1685391905462289 0.058061812373094171 0.0049083883741177763 -0.045918670416527516 0.032789218290336541
leaf_weight=49734.111791676842 16.710454416461289 67.691737584769726 25.415907509624958 77.283242274075747 50.487559776753187 19.583287768065929 21.164079867303371 757.35581942647696 65.001360908150673 981.81123530119658 25.882583549246192 301.91699410229921 24.062897756695747 16.885364562273026 28.62723545730114 30.499846689403057 38.156263515353203 33.328781623393297 14.843373343348501 13.35214309953153 26.811616539955139 65.788078881800175 82.072376404888928 82.549409843981266 40.24974612891674 23.704907979816198 14.807223334908484 17.896663792431355 69.005507829599082 77.140611849725246
leaf_count=155515 84 103 193 128 83 80 44 1263 89 1913 152 558 40 35 36 102 58 174 34 56 96 147 242 132 87 187 28 51 390 142
internal_value=5.6246e-05 8.35996e-05 2.38012e-05 -0.0257606 -0.00509602 -0.0378485 -0.121269 0.000118929 0.0084534 0.000949957 -0.0140161 -0.0211255 -0.0440341 -0.0288111 -0.0400381 -0.0142964 0.00594342 -0.115171 -0.153351 -0.152287 -0.014026 -0.0396888 -0.000284039 0.0219039 0.0597283 0.00558492 -0.0540275 -0.0939234 0.0203193 -0.00437412
internal_weight=52844.2 52827.5 52759.8 193.934 168.518 91.2349 40.7474 52565.9 2424.32 1666.97 685.157 620.155 318.238 279.003 254.941 189.883 159.383 65.0575 48.1722 39.2347 130.756 92.5997 50141.5 407.426 122.799 284.627 56.4088 41.6016 228.218 146.146
internal_count=162242 162158 162055 528 335 207 124 161527 4753 3490 1577 1488 930 722 682 439 337 243 208 208 301 243 156774 1259 219 1040 266 238 774 532
is_linear=0
shrinkage=0.1


Tree=78
num_leaves=31
num_cat=0
split_feature=1 6 9 16 14 14 9 12 18 4 7 14 6 9 4 12 18 10 18 12 14 4 6 12 4 2 18 19 15 16
split_gain=11.7854 25.1448 39.5259 24.213 23.348 22.1788 28.9695 26.3003 20.9818 45.4181 16.6062 13.4308 27.7781 16.5402 14.713 27.1712 13.162 39.9282 49.2771 42.6068 67.955 56.8953 40.8029 37.682 45.7055 43.2605 40.086 41.5513 69.0406 46.1458
threshold=4.5000000000000009 13.277500000000002 8.5417969564311047 0.98350000000000015 53.851648351648358 4.167083333333335 13.443119183157135 24.537794124365487 -1267.9799999999998 3.858571428571429 940.87500000000011 53.851648351648358 32.000500000000009 5.0025025025025034 2.7165178571428577 0.085493544479141814 -695.95499999999981 51338.587300000007 -647.9799999999999 0.0016915634130288024 1.1626453488372095 6.9590301003344495 589.0975000000002 0.39587280832541649 0.33156028368794327 2.9951923076923079 -692.97499999999991 0.062516666666666679 0.29925681103142865 -0.23649999999999996
decision_type=2 2 2 2 2 2 2 2 2 2 2 2 2 2 2 2 2 2 2 2 2 2 2 2 2 2 2 2 2 2
left_child=16 2 3 -2 8 6 7 -4 9 -5 -10 13 -13 -3 15 -15 -1 18 -18 20 21 -19 -20 24 25 -21 -25 28 -28 -29
right_child=1 11 5 4 -6 -7 -8 -9 10 -11 -12 12 -14 14 -16 -17 17 19 22 23 -22 -23 -24 26 -26 -27 27 29 -30 -31
leaf_value=-0.0024156628016800724 0.042298115236839691 0.092345496253072076 -0.11349453775331318 -0.19074952563107872 0.069268966748054564 -0.13480948212109514 0.037562590564725676 -0.01754404758264317 -0.014918105730424323 -0.00035373919373403635 0.069189956337979988 -0.083353698226378919 0.061977436829747434 -0.073053058463341453 0.03903321203209606 0.050243580255464652 0.071520473355576014 -0.062875107029158619 -0.0016569043550563553 0.024939813464155511 0.0039516321287691725 0.011767537350476212 -0.10050539374527279 -0.17703299543231954 0.0071991569305799238 0.19300349901852384 -0.0070574379690105564 0.17031647776763015 -0.087642675383704793 0.012873823426476812
leaf_weight=17269.234889545478 181.25525107979774 45.411882840096951 46.063612639904022 20.17857863754034 35.696743384003639 21.910055071115494 48.339258715510368 75.209600314497948 134.10856546461582 33.049464114010334 28.455167517066002 29.226404964923859 23.912216112017632 36.202229522168636 260.3113795556128 35.302557654678822 91.934676874428988 343.35925455205142 22219.956362441648 1391.1537404032424 1130.5324032548815 145.3448795452714 41.837743173353374 13.834657492116092 7762.5864742267877 15.486451245844362 797.03329059295356 19.530590631999075 122.6785383131355 397.55420085974038
leaf_count=54686 278 68 150 75 46 76 88 144 290 57 33 84 40 100 368 60 162 1182 66877 8026 2301 269 396 86 20204 23 4060 50 625 1338
internal_value=5.11884e-05 0.0105162 -0.00230436 0.0144355 -0.00564599 -0.0401278 -0.0278971 -0.0539892 -0.0180386 -0.0725322 -0.000195824 0.0291131 -0.0179551 0.0357434 0.0279969 -0.0121804 -0.000162033 0.000966273 -0.00154095 0.00558324 -0.00951742 -0.0406757 -0.00184268 0.00790757 0.0102046 0.0267901 -0.00768652 -0.00593394 -0.0178065 0.0202463
internal_weight=52816.7 1054.63 624.266 432.744 251.489 191.523 169.612 121.273 215.792 53.228 162.564 430.367 53.1386 377.228 331.816 71.5048 51762.1 34492.8 22353.7 12139.1 1619.24 488.704 22261.8 10519.9 9169.23 1406.64 1350.63 1336.8 919.712 417.085
internal_count=162242 1957 1237 779 501 458 382 294 455 132 323 720 124 596 528 160 160285 105599 67435 38164 3752 1451 67273 34412 28253 8049 6159 6073 4685 1388
is_linear=0
shrinkage=0.1


Tree=79
num_leaves=31
num_cat=0
split_feature=5 10 15 12 6 15 0 11 17 2 9 8 19 13 10 12 17 16 7 6 7 19 19 14 14 6 1 8 10 13
split_gain=11.8235 18.2615 24.0533 22.7119 14.6519 25.4844 26.6657 13.0389 44.1087 45.9853 57.0198 44.3289 96.2647 38.9695 38.8652 36.4948 30.6739 29.7563 27.3375 33.848 37.4478 31.1105 51.319 42.9492 39.4332 32.8551 27.9578 26.8048 24.1205 23.0363
threshold=94.071428571428584 395596.31665000005 0.031788047619047625 0.00037085182492505199 187.20900000000003 -1.0000000180025095e-35 0.62563131313131326 0.072387271436285164 2.2004464285714289 9.6760752688172058 1.1154493151775762 3.9705000000000004 0.02040212765957447 0.13172353961827649 105.00000000000001 0.028812056161455154 2.9935064935064939 0.10050000000000002 70.020000000000024 102.14850000000001 612.09000000000015 0.058577380952380957 0.030303689064558634 0.088320545609548176 0.52392660550458736 16.803000000000004 0.13921188630490958 0.79050000000000009 3089.3150000000005 0.16496154783032332
decision_type=2 2 2 2 2 2 2 2 2 2 2 2 2 2 2 2 2 2 2 2 2 2 2 2 2 2 2 2 2 2
left_child=7 2 3 -2 -3 -6 -7 -1 14 10 13 27 -13 16 17 -15 -10 -9 -16 21 -21 22 23 26 25 -24 -20 -12 -11 -22
right_child=1 4 -4 -5 5 6 -8 8 9 28 11 12 -14 15 18 -17 -18 -19 19 20 29 -23 24 -25 -26 -27 -28 -29 -30 -31
leaf_value=-0.00049000236800515826 -0.2099297419386261 0.024867544264820698 0.022987965228382083 -0.023159914182706815 0.062122651559526655 -0.14506798376386321 -0.0032461847482993357 0.043771107042605575 0.013681691388321253 -0.081825295010578669 -0.061900997684980898 0.079360591906302791 -0.15330674799866895 0.037747107699072552 0.044236582798901011 -0.10735754629972005 -0.16246792408079871 -0.088754302229433341 0.019498961611441622 0.10892472911034873 0.0031578851928826253 0.01154782250420535 0.043895732778412078 0.058116020581328864 -0.23342186369850546 -0.12936134861504944 -0.1498993181036222 0.045272961423353783 0.018037508819441609 0.09390221463534254
leaf_weight=49438.474611075595 12.298072438687088 509.45624596998096 27.451237332075834 13.836010031402109 25.382331909611821 21.792939007282257 33.850559834390879 23.457866683602333 11.627384122461079 26.035724513232708 28.967431649565697 27.884564481675625 49.085757166147232 35.578611996024847 315.89050220698118 33.798152022063732 65.994506724178791 61.001077085733414 17.62525150179863 68.681581296026707 137.4913570061326 1167.4060247279704 18.859981507062912 65.135221146047115 17.546753264963627 26.080716162919998 21.78518944978714 120.04769778624177 340.58460262417793 35.121373824775219
leaf_count=154873 79 946 49 28 48 183 73 60 39 73 81 89 222 118 574 121 313 195 45 89 315 2318 34 122 82 97 89 215 610 62
internal_value=4.6876e-05 0.013513 -0.0423833 -0.111049 0.0185855 -0.0209134 -0.0587911 -0.000119421 0.00662693 -0.0142048 -0.0389262 -0.00739181 -0.0690168 -0.0874049 0.0144238 -0.0329433 -0.136082 -0.0519463 0.0173871 0.0120046 0.0464714 0.00577226 -0.0345936 0.00825944 -0.106289 -0.0566516 -0.0741405 0.0244391 0.0109457 0.0216216
internal_weight=52798.2 644.067 53.5853 26.1341 590.482 81.0258 55.6435 52154.2 2715.69 739.604 372.984 225.985 76.9703 146.999 1976.08 69.3768 77.6219 84.4589 1891.62 1575.73 241.294 1334.44 167.033 104.546 62.4875 44.9407 39.4104 149.015 366.62 172.613
internal_count=162242 1406 156 107 1250 304 256 160836 5963 1881 1198 607 311 591 4082 239 352 255 3827 3253 466 2787 469 256 213 131 134 296 683 377
is_linear=0
shrinkage=0.1


Tree=80
num_leaves=31
num_cat=0
split_feature=16 10 7 13 9 19 10 17 13 13 2 4 0 13 13 7 8 8 11 13 1 19 9 12 1 2 7 8 9 7
split_gain=11.761 47.6422 57.3138 34.4813 29.6849 30.555 35.3845 35.9556 29.5834 27.6698 31.138 29.8958 33.6042 27.8312 40.6344 33.0229 27.7061 27.4928 32.6835 41.6006 26.9256 25.8915 25.3755 23.2213 23.0465 32.6138 64.8231 24.4013 23.0411 36.5914
threshold=-0.097499999999999962 6417116728.2670507 55350.820000000007 0.18005376344086024 1.5881423190745227 0.066679487179487199 118678.12175000001 49.183333333333344 0.01309332476159863 0.016021390374331555 1.6643333333333337 0.25112612612612617 0.13900966183574884 0.080069686411149837 0.042120047309284453 874.17000000000007 1.5185000000000004 2.6645000000000008 0.033770728890586958 0.041724698235840303 0.018576029445594666 0.0078482737734706255 3.7750099754887994 0.33371218421052634 0.51666666666666672 1.5813862928348912 1165.8400000000004 0.82350000000000001 9.8107966889420588 2626.1000000000008
decision_type=2 2 2 2 2 2 2 2 2 2 2 2 2 2 2 2 2 2 2 2 2 2 2 2 2 2 2 2 2 2
left_child=1 2 3 4 20 8 7 17 28 21 11 12 -11 14 15 -12 -16 18 19 22 -1 -10 -7 -19 25 26 -8 -26 -6 -30
right_child=-2 -3 -4 -5 5 6 24 -9 9 10 13 -13 -14 -15 16 -17 -18 23 -20 -21 -22 -23 -24 -25 27 -27 -28 -29 29 -31
leaf_value=0.044317173617197961 0.00036078902300163665 -0.16564496777093329 0.035564975179089284 -0.11260266454201479 0.023729130291016712 0.045179312109182398 0.29377575352095775 -0.14901574565801007 0.0034402869600032222 -0.11780389170916941 -0.10084611597288902 -0.12822643683087806 0.10007380573679353 0.079235271468498902 -0.19016324489463132 0.0099627161019847799 -0.050711589591014773 -0.17261380277242724 0.083621396788246552 -0.13365583779872697 -0.034711521938024674 -0.20075797858358169 -0.075900999521387222 -0.0089511716225652797 0.046162883678081384 0.038892085578009813 0.017089221235863882 -0.037130684098127309 0.014728882059369841 -0.1766576883792195
leaf_weight=46.758136051241308 50483.501629434992 18.764474949333817 293.8891735188663 33.333530872128904 235.36590937338769 69.859689900651574 15.814243415370582 18.594846096821129 9.672055112197997 13.062070748768749 30.104388006031513 49.589847339317203 15.454331517219542 30.693095982074738 18.291351705789566 252.24670607410371 64.438158415257931 16.043360843323171 47.352567061781883 23.539662173017859 552.82556345127523 17.344864711165428 23.009879261255264 18.861637068912387 69.101361569017172 179.99845693260431 18.226572908461094 71.629720605909824 27.043630875647068 15.841569187119601
leaf_count=209 154838 206 585 275 634 132 28 100 36 291 107 368 19 62 85 566 214 82 57 148 2124 97 74 75 108 320 74 182 69 77
internal_value=4.2392e-05 -0.0069561 -0.00564893 -0.0117536 -0.0100304 -0.00181299 0.0157373 -0.0160445 -0.014698 -0.0292211 -0.0236091 -0.0813113 0.000273913 -0.0122216 -0.0199105 -0.00185177 -0.0815441 -0.00359861 0.0135759 -0.014917 -0.0285485 -0.127655 0.0151798 -0.0841753 0.0352005 0.0558675 0.145629 0.00376788 0.0114458 -0.0559683
internal_weight=52780.3 2296.75 2277.99 1984.1 1950.76 1351.18 572.032 217.262 779.148 500.897 473.88 78.1062 28.5164 395.774 365.081 282.351 82.7295 198.667 163.762 116.409 599.584 27.0169 92.8696 34.905 354.77 214.039 34.0408 140.731 278.251 42.8852
internal_count=162242 7404 7198 6613 6338 4005 1380 668 2625 1845 1712 678 310 1034 972 673 299 568 411 354 2333 133 206 157 712 422 102 290 780 146
is_linear=0
shrinkage=0.1


Tree=81
num_leaves=31
num_cat=0
split_feature=9 14 15 15 5 17 2 2 3 5 15 20 9 10 6 8 5 14 8 12 18 8 14 11 9 15 15 2 0 0
split_gain=11.5455 22.5115 19.3228 24.9831 60.5522 43.8503 30.266 28.7355 48.0681 24.9948 24.5786 38.442 31.5789 59.9517 69.5586 41.3822 40.8116 28.0028 27.6279 27.1597 29.4019 27.1006 33.9469 32.9925 26.7191 32.9406 26.2825 48.4123 47.9353 41.4544
threshold=5.5725833247935714 4272.416666666667 4.1507559861111121 10.052070952327382 4.1742424242424248 28.017857142857146 4.0142857142857151 6.7521929824561413 14.500000000000002 2.5227272727272729 0.54573220833333347 1.7500000000000002 5.0025025025025034 805.18505000000016 136.00100000000003 3.8565000000000005 27.775000000000002 0.66627450980392167 0.55850000000000011 0.2646742042009787 -2299.8499999999995 29.001000000000001 0.2221825396825397 0.00044833776701624207 5.2110488355926323 -1.0000000180025095e-35 0.35698125000000008 5.7678571428571432 0.42940199335548174 0.26215805471124626
decision_type=2 2 2 2 2 2 2 2 2 2 2 2 2 2 2 2 2 2 2 2 2 2 2 2 2 2 2 2 2 2
left_child=1 2 10 -4 9 -6 -7 -8 -9 -5 12 19 26 15 16 18 17 -15 -14 20 -12 22 23 -16 -20 -26 -1 28 29 -28
right_child=-2 -3 3 4 5 6 7 8 -10 -11 11 -13 13 14 21 -17 -18 -19 24 -21 -22 -23 -24 -25 25 -27 27 -29 -30 -31
leaf_value=-0.00050959455733351499 0.003167481193065977 -0.075909354345065266 -0.029392698137784334 0.0066827788562288833 -0.072737328307983143 -0.12919216694790114 0.10565513050210117 0.031175397191734535 -0.16119250371843294 0.16977504605971244 -0.029382185470561428 0.025835431885247402 0.11005957355992763 -0.079144255673697372 0.040834772841680043 0.15303258891392377 0.035839241369714531 -0.16835418460765617 -0.094180651411428673 -0.012191916829786804 0.0078951611193018075 0.13076269931955817 0.035115869344746607 -0.15520143021925287 0.13005861931120291 -0.034198387853278014 -0.039991403997892097 0.0096294258566940582 0.010209704721991409 -0.13086166263442836
leaf_weight=34737.528706972487 9633.1125015961006 39.720744743943214 506.49390138988383 13.886044652201234 79.29253744520247 12.843309493735431 38.133646015077829 95.320628620684147 15.038834189996122 29.066732738167048 223.2129481388256 811.08922766614705 19.347832102328539 91.065736327320337 13.191145944409071 21.836306348443031 20.836889088153839 57.342767393216491 32.318676553666592 1021.5483300862834 4061.8475566687994 15.19256095215678 57.879376235418022 24.58625471778214 18.283438846468925 36.748620331287384 388.94704852020368 418.46030594967306 173.55503830313683 57.642805531620979
leaf_count=112905 26378 102 2381 198 543 204 93 258 154 99 1322 1850 40 484 62 46 32 346 119 2455 8133 73 190 126 28 122 2082 938 292 187
internal_value=3.74473e-05 -0.000661611 -0.000592251 -0.0160869 0.00767802 -0.011845 0.0180819 0.0308198 0.00496116 0.11705 -0.00030286 0.00555939 -0.00129398 -0.0289358 -0.0548832 0.027607 -0.0952135 -0.113614 0.00193813 0.0024603 0.00595335 0.00669323 -0.0130119 -0.0867493 -0.0220103 0.0203731 -0.00097826 -0.0166534 -0.0343885 -0.0517203
internal_weight=52765.4 43132.3 43092.5 790.076 283.582 240.629 161.336 148.493 110.359 42.9528 42302.5 6117.7 36184.8 408.63 280.095 128.535 169.245 148.409 106.699 5306.61 4285.06 110.849 95.6568 37.7774 87.3507 55.0321 35776.1 1038.61 620.145 446.59
internal_count=162242 135864 135762 3930 1549 1252 709 505 412 297 131832 13760 118072 1668 1313 355 862 830 309 11910 9455 451 378 188 269 150 116404 3499 2561 2269
is_linear=0
shrinkage=0.1


Tree=82
num_leaves=31
num_cat=0
split_feature=15 12 16 5 7 12 5 2 1 18 9 5 0 7 12 10 9 16 0 14 2 2 14 15 13 4 17 17 2 5
split_gain=11.1351 30.0506 26.9712 29.3201 26.6997 20.4615 28.4334 36.955 45.4614 34.8718 50.8106 39.4275 37.6761 32.8708 30.2859 29.5278 50.8038 51.6458 23.6178 47.7361 32.5812 34.107 26.6344 23.0837 21.2386 22.9209 20.1872 26.1093 20.0136 28.956
threshold=-0.078543181818181804 24.537794124365487 -0.58149999999999991 20.354166666666668 27.010000000000002 0.0014822443521866487 24.950000000000003 0.75290697674418616 0.065395580898075567 -1174.8099999999997 3.1266293013555795 23.071428571428573 0.41742424242424248 4208.5000000000009 0.0010406595252787326 273354.99050000001 1.1474473082716272 0.66850000000000021 0.1988372093023256 3.2254032258064522 8.9829545454545485 6.0116279069767451 19.724065934065937 -1.1347883333333331 0.018209450124343742 8.339743589743593 0.74838325391422755 2.2004464285714289 13.732142857142859 32.708333333333336
decision_type=2 2 2 2 2 2 2 2 2 2 2 2 2 2 2 2 2 2 2 2 2 2 2 2 2 2 2 2 2 2
left_child=1 2 3 -1 -3 6 7 15 14 10 11 12 -10 23 -9 16 -4 -18 19 -15 21 -20 -21 -8 25 -22 -11 -28 29 -7
right_child=-2 4 5 -5 -6 28 13 8 9 26 -12 -13 -14 18 -16 -17 17 -19 20 22 24 -23 -24 -25 -26 -27 27 -29 -30 -31
leaf_value=-0.17978661811202179 -0.00068819588911011177 -0.18388603799925007 0.051814957636380811 0.0037105673536439302 0.0097204777035952775 0.004595536141696408 -0.013784263122561502 -0.15998420357276746 -0.13728546353708934 -0.074317536760167599 -0.014094163699909942 0.0015475297925123248 -0.36957590980706173 0.077192278073953305 -0.017937272008635607 0.075437252503809074 0.017558862539555988 -0.18439610092661596 -0.0091954652052440074 -0.13539533894468336 -0.1148892624904615 -0.1516418275482726 0.029281255747481125 -0.15317029276076316 0.023483432126114395 -0.0029589719076924159 0.10872350420288784 -0.0023122432762899734 0.017980188731559228 -0.029509803677927583
leaf_weight=16.77567021921277 42323.968446049141 16.214525025337938 55.180359181016684 18.106122098863125 12.70389201492071 7703.6896510701627 27.375300526618958 46.620857980102301 34.495064640417695 31.511121198534966 84.234269624575973 15.507470861077307 8.7544250562787038 116.82312308251858 22.13703471980989 55.549600699916482 24.495138227939606 26.213905327022076 45.768976762890816 18.9785320982337 23.638015255331993 26.565211102366447 20.355764396488667 20.992454409599304 328.58629129081964 80.942503280937672 24.370754972100258 161.60953901708126 1083.421191342175 257.25254242494702
leaf_count=94 134187 76 91 35 46 22200 54 243 233 87 211 36 46 202 74 157 42 108 86 63 68 87 37 69 567 158 33 322 1941 589
internal_value=3.24389e-05 0.00296264 0.00324625 -0.0845386 -0.0988345 0.00354224 -0.00818514 -0.0243953 -0.0397349 -0.0255217 -0.0638802 -0.135254 -0.184305 0.00530026 -0.114251 0.0163904 -0.0145857 -0.0868412 0.0111177 0.0451101 0.000616832 -0.0615098 -0.0501741 -0.0742802 0.0109913 -0.0282582 -0.000302704 0.0122378 0.00522881 0.00349344
internal_weight=52732.8 10408.9 10380 34.8818 28.9184 10345.1 1300.71 590.68 429.241 360.483 142.991 58.757 43.2495 710.026 68.7579 161.439 105.889 50.709 661.658 156.157 505.501 72.3342 39.3343 48.3678 433.167 104.581 217.491 185.98 9044.36 7960.94
internal_count=162242 28055 27933 129 122 27804 3074 1683 1285 968 526 315 279 1391 317 398 241 150 1268 302 966 173 100 123 793 226 442 355 24730 22789
is_linear=0
shrinkage=0.1


Tree=83
num_leaves=31
num_cat=0
split_feature=6 3 10 11 20 11 0 2 13 12 10 8 4 6 11 16 17 1 14 13 15 17 11 17 1 12 2 20 11 6
split_gain=11.0169 52.4435 48.2841 52.3465 36.2475 35.6609 47.1771 41.4726 32.7054 48.8566 31.4013 42.6443 55.5735 45.2376 44.4474 36.84 39.56 37.6988 67.8284 31.2404 40.8519 39.5878 50.6467 46.8477 48.3162 45.9694 37.1735 35.4404 51.6405 39.51
threshold=187.20900000000003 10.500000000000002 203800.95370000004 0.0037741468962835044 0.87500000000000011 0.012248483349729049 0.2991228070175439 6.4919354838709689 0.030787458986511123 0.019115362820897732 121233884.85825001 18.999000000000002 2.9933333333333336 400.00250000000005 6.0563293920000252e-05 -0.89249999999999996 17.753787878787882 0.0098280691586979645 0.39966666666666678 0.074133811230585434 -0.01562685714285714 331.87500000000006 0.00055145998425727694 1.6273148148148151 0.18301435406698566 0.39587280832541649 2.6747967479674801 1.2500000000000002 3.229839826717004e-07 291.67050000000006
decision_type=2 2 2 2 2 2 2 2 2 2 2 2 2 2 2 2 2 2 2 2 2 2 2 2 2 2 2 2 2 2
left_child=-1 2 3 -2 10 6 7 -5 9 -7 15 14 13 -13 -12 -3 17 18 -17 21 -21 22 27 -24 25 26 -25 -4 -29 -30
right_child=1 4 19 5 -6 8 -8 -9 -10 -11 11 12 -14 -15 -16 16 -18 -19 -20 20 -22 -23 23 24 -26 -27 -28 28 29 -31
leaf_value=0.00087885432319534059 -0.12147484466369381 0.1800949923023609 0.05132693073589864 0.04736339179441354 0.0013345762313923268 -0.13939123172320375 -0.1149885978483626 -0.088670868703500424 -0.1010545068630629 0.0082293410045658003 -0.11567469430165295 0.35474786775357359 -0.073395862738717926 0.078407557608306033 0.094985933588996208 -0.050954806182272321 -0.10838481229858932 -0.046308630888196978 0.28444154162154173 -0.16351345520573043 -0.028209627936797928 -0.097111561881597627 0.027240547607030804 -0.13449931387064293 0.016567050720763095 -0.17439655584591338 -0.02685534595717325 -0.19264522660809916 0.048164457084261918 -0.069122106642682632
leaf_weight=39222.188546537422 74.73783570388332 6.8231118638068429 261.94831408187747 129.23007156699896 10977.052447671536 28.77022285759449 29.055250838398933 27.113156825304031 96.948280192911625 101.56883119046688 37.681990300305188 6.7626359891146413 22.745905700139701 47.76658193860203 13.641508005559443 14.649680691771211 90.952793086878955 142.05583165865391 10.247463364154099 25.207915895152837 194.42659115511924 43.536449300125241 226.57116727158427 34.356316059827805 206.15758519992232 24.412747866474092 484.5203253775835 14.041237859055398 86.576965346932411 42.980322863906622
leaf_count=110911 776 25 1106 391 38167 95 84 91 391 225 609 32 441 391 74 284 1621 1947 36 151 1113 203 451 256 457 132 1269 117 218 178
internal_value=3.07218e-05 -0.00243293 -0.0168248 -0.0444679 0.000265803 -0.0305218 0.00202593 0.0237722 -0.0570711 -0.0243555 -0.0295617 0.0109778 0.0579079 0.112679 -0.0596822 -0.0492548 -0.0553225 -0.0264151 0.0870916 -0.00863262 -0.0437387 -0.00322211 -0.000263431 -0.0126053 -0.0246514 -0.0402923 -0.0339828 0.0294394 -0.0104871 0.00925492
internal_weight=52724.7 13502.5 2132.16 487.424 11370.4 412.686 185.398 156.343 227.287 130.339 393.328 128.599 77.2751 54.5292 51.3235 264.729 257.906 166.953 24.8971 1644.74 219.635 1425.1 1381.56 976.018 749.447 543.289 518.877 405.547 143.599 129.557
internal_count=162242 51331 7704 2053 43627 1277 566 482 711 320 5460 1547 864 423 683 3913 3888 2267 320 5651 1264 4387 4184 2565 2114 1657 1525 1619 513 396
is_linear=0
shrinkage=0.1


Tree=84
num_leaves=31
num_cat=0
split_feature=12 16 10 18 12 12 10 1 7 18 0 1 14 8 14 12 12 18 16 3 8 14 16 17 7 6 19 19 16 9
split_gain=10.6023 17.9301 15.2343 37.6746 39.2378 70.2248 47.4231 88.5685 52.9175 52.0971 50.2702 96.1018 61.9188 42.7244 44.8057 38.5771 38.122 36.7981 34.7581 48.8059 42.2162 66.2928 48.0085 58.9295 44.332 61.9076 52.2726 63.7458 54.0029 48.8951
threshold=32.719836838487986 0.5445000000000001 1100.4599500000002 -100.84999999999998 0.33371218421052634 1.2499873317307695 1321.2032500000003 0.10084745762711866 812.07000000000005 -94.499999999999986 0.028915830546265332 0.055250305250305255 0.66627450980392167 13.001000000000001 3.7144957983193283 0.78883252004517235 0.3566306130911584 2.0499999999999976 0.093500000000000014 7.5000000000000009 0.22550000000000003 1.9986734693877553 0.17950000000000002 18.435416666666672 168.05000000000004 1.0000000180025095e-35 0.14292857142857143 0.076961538461538484 0.29350000000000004 35.043859649122815
decision_type=2 2 2 2 2 2 2 2 2 2 2 2 2 2 2 2 2 2 2 2 2 2 2 2 2 2 2 2 2 2
left_child=2 -2 18 -4 -5 6 8 9 -6 10 11 -8 -13 15 -15 -11 -9 -7 19 -1 21 22 23 -20 26 29 27 28 -22 -26
right_child=1 -3 3 4 5 17 7 16 -10 13 -12 12 -14 14 -16 -17 -18 -19 20 -21 24 -23 -24 -25 25 -27 -28 -29 -30 -31
leaf_value=0.016240382073868048 -0.064867801389064256 0.013685802874596534 -0.00045583548915276552 0.0042692318865443979 0.10653518140862656 -0.0069135491104536295 0.49326767665117743 0.086779578617961872 -0.05543127256666297 0.08141485274762586 0.07689751032846702 -0.11575981183234335 0.24229104197450169 -0.14653082556846647 0.066548793767654532 -0.064268774566636197 -0.026624339941398519 -0.12476202529874136 -0.020297812482998931 0.16546645535731974 0.0052116128993711158 -0.12519631456750044 -0.082148821814321427 0.091252693389047443 -0.042325117045459631 2.6702203814159017e-05 -0.0040543249962718434 0.044214138369714273 -0.11103905287476144 0.080069195961091105
leaf_weight=351.71506244875491 30.097717553377151 840.32470336928964 39049.930771253305 3793.8068284559995 156.2646883353591 190.67986144311726 9.0112074874341506 33.580714009702206 23.161944635212421 94.334787495434284 133.72876551747322 7.995014030486348 12.199850104749201 25.655678194016218 16.037129372358322 22.514528766274452 252.78221155330539 30.771663628518581 285.63641555607319 23.373596519231796 472.17666965723038 68.28521878272295 95.00354103371501 56.769838804379106 794.57916091382504 958.36287328228354 4243.0990412086248 554.48872279748321 43.654554814100266 34.037608325481415
leaf_count=1068 112 1535 125373 8945 306 766 40 59 98 203 243 73 66 162 23 99 953 170 983 50 1619 300 661 107 2729 2533 11151 1514 196 105
internal_value=2.44848e-05 0.0109696 -0.000159312 0.000572068 0.00893008 0.0264596 0.0404535 0.0271188 0.0856271 0.0631458 0.102856 0.221712 0.100541 0.0223359 -0.0645698 0.0533445 -0.0133259 -0.0232891 -0.00417786 0.0255394 -0.00564334 -0.0335595 -0.0192539 -0.0018031 -0.00365514 -0.0172804 0.000927234 0.0206758 -0.00462663 -0.0372974
internal_weight=52704.1 870.422 51833.6 43852.5 4802.52 1008.72 787.267 607.84 179.427 321.477 162.935 29.2061 20.1949 158.542 41.6928 116.849 286.363 221.452 7981.18 375.089 7606.09 505.695 437.41 342.406 7100.4 1786.98 5313.42 1070.32 515.831 828.617
internal_count=162242 1647 160595 137579 12206 3261 2325 1921 404 909 422 179 139 487 185 302 1012 936 23016 1118 21898 2051 1751 1090 19847 5367 14480 3329 1815 2834
is_linear=0
shrinkage=0.1


Tree=85
num_leaves=31
num_cat=0
split_feature=3 14 6 3 6 13 12 9 7 10 17 0 0 1 0 8 18 12 15 14 3 1 15 3 0 17 11 7 8 18
split_gain=10.3842 24.1825 12.0994 29.1952 12.5827 29.6637 41.9842 34.3861 31.0519 29.5001 53.5997 31.8842 29.3691 53.7296 33.1643 35.7352 30.362 35.1599 33.0813 27.6975 37.1891 40.7726 31.7238 27.2755 51.5871 58.9133 34.0988 46.2361 43.7767 42.4656
threshold=166.50000000000003 1.1251666666666669 6530.2605000000012 151.50000000000003 860.71600000000001 0.020343910130074895 0.3566306130911584 0.54674701964582517 216.11000000000004 71737.888750000013 46.439338235294123 0.098199935711989719 0.059017027863777098 0.0085592185592185625 0.091431556948798343 23.898 -830.84999999999991 0.055341877464094295 -0.031921293103448267 0.026385407964355335 46.500000000000007 0.038610614192009549 0.99997383333333345 65.500000000000014 0.054384797397219763 25.009966777408639 0.0056873369894148594 37335.885000000002 23.005000000000006 -304.97999999999996
decision_type=2 2 2 2 2 2 2 2 2 2 2 2 2 2 2 2 2 2 2 2 2 2 2 2 2 2 2 2 2 2
left_child=2 -2 4 -4 -1 6 7 -6 -8 10 11 -7 13 -9 15 -14 -17 18 -18 20 -15 22 -22 26 -25 -26 -11 29 -29 -28
right_child=1 -3 3 -5 5 9 8 12 -10 23 -12 -13 14 19 -16 16 17 -19 -20 -21 21 -23 -24 24 25 -27 27 28 -30 -31
leaf_value=-0.00027296997772827315 -0.10909572711877279 0.17688785569335397 -0.12159629615106887 0.1954831063167467 -0.14123613541147861 -0.12597019175214119 0.10533424063017244 0.12577316435206862 -0.10166372523658505 0.028768207133338903 0.24365608864819555 0.12467848831172042 -0.056276865021169437 -0.11545413808838303 0.0023195880493922477 0.20978553591902763 0.090332237602551088 0.1370437685538998 -0.13259012258572098 -0.10341911887047794 -0.044232987701494135 0.32059736535259109 0.22725764794506687 -0.11066140139494361 0.062117494591310531 -0.12277571247429855 0.030327456565723998 0.041613768696710796 -0.12705040246477639 -0.076842208032583459
leaf_weight=50057.467380806105 19.90524252969772 3.4726098924875251 19.060875115450475 3.4257667884230605 16.988736680708826 10.246710939332845 8.1607039123773557 17.089392957277596 64.722575455438346 922.57651867298409 15.829456783831118 10.055469855666159 19.148644380271435 19.678518215194345 836.01576777175069 18.04081472940743 13.165396049618723 28.783198133111 13.465799376368521 72.083252593874931 21.39985700510443 5.0324053941294542 5.3876021876931182 48.781878813169897 69.705347180366516 22.893431264907122 210.81961622089148 21.706640668213367 52.869298104196787 44.837435077875853
leaf_count=149615 505 9 313 17 257 111 22 200 533 4652 17 11 72 329 1680 31 30 52 87 1123 266 69 7 998 196 129 486 39 214 172
internal_value=1.77489e-05 -0.0666149 4.73245e-05 -0.0732903 7.86486e-05 0.00687581 -0.00501334 -8.37216e-05 -0.0784863 0.016511 0.105721 -0.00182637 0.00215889 -0.0404219 0.0086092 0.065391 0.097108 0.0604245 -0.0223862 -0.0634041 -0.00739433 0.0594336 0.0103703 0.0141991 -0.0274373 0.0164059 0.0188978 -0.00867737 -0.0779577 0.0115319
internal_weight=52692.8 23.3779 52669.4 22.4866 52647 2589.48 1159.16 1086.28 72.8833 1430.32 36.1316 20.3022 1069.29 140.671 928.62 92.6039 73.4552 55.4144 26.6312 123.582 51.4984 31.8199 26.7875 1394.19 141.381 92.5988 1252.81 330.233 74.5759 255.657
internal_count=162242 514 161728 330 161398 11783 4758 4203 555 7025 139 122 3946 1994 1952 272 200 169 117 1794 671 342 273 6886 1323 325 5563 911 253 658
is_linear=0
shrinkage=0.1


Tree=86
num_leaves=31
num_cat=0
split_feature=15 18 7 10 3 1 12 16 10 13 10 5 16 8 0 8 9 0 14 19 3 0 4 6 3 17 4 2 19 11
split_gain=10.1199 40.6361 33.7456 32.2224 44.2926 62.9956 41.9506 41.0027 32.4472 32.0508 30.1562 42.2787 28.8964 46.6147 35.3649 28.6197 29.5659 37.2846 25.9628 42.1866 43.6307 37.6507 30.8933 26.0297 24.3565 22.9871 22.4942 33.2181 22.4209 30.7029
threshold=-1.1347883333333331 -5999.4999999999991 75.88000000000001 28397.382200000004 10.500000000000002 0.10471491228070177 0.069736487500000013 0.87950000000000006 1274690.8077500002 0.043425877422734425 15500722.150400003 27.038461538461544 0.23750000000000002 1.9910000000000003 0.082079496968335955 2.1235000000000004 1.0386013813020831 0.4971910112359551 0.15385641025641028 0.066654761904761925 15.500000000000002 0.71563342318059309 0.33156028368794327 155.15350000000004 10.500000000000002 1.0026315789473685 3.6035714285714291 9.5077319587628875 0.2765833333333334 0.031620165844014281
decision_type=2 2 2 2 2 2 2 2 2 2 2 2 2 2 2 2 2 2 2 2 2 2 2 2 2 2 2 2 2 2
left_child=1 -1 15 4 28 6 7 -6 18 -10 11 25 -12 -14 -15 -3 17 -17 23 20 21 -20 -22 -5 -16 -11 -13 -28 -4 -30
right_child=-2 2 3 8 5 -7 -8 -9 9 10 12 26 13 14 24 16 -18 -19 19 -21 22 -23 -24 -25 -26 -27 27 -29 29 -31
leaf_value=-0.078568003647849077 -0.00031293051121123881 0.098061515935024796 0.015107335205256645 0.060228160988503615 -0.0034107247783169863 -0.1775238296964313 0.032589650926700187 -0.1988874355962692 0.010531496540992979 -0.068978064506391198 -0.1146689548010091 0.050788717194623793 0.1111698838029658 -0.086670467161315462 -0.04260453053705314 -0.14593256574267119 0.061283597500501864 0.043049340348331258 -0.24863191875018878 0.025631328492264183 -0.10594292942434883 -0.025823443919903762 0.021800302739643916 0.0092464561970110656 0.045319800014455541 -0.22400544307607761 -0.1709387660908834 -0.0034489429682477857 -0.11881708909883333 0.0014533323516031328
leaf_weight=55.774922494310886 49932.960035182536 72.836841057986021 263.73583023063838 277.11156049370766 21.92268580198288 37.301140978932381 55.41270662471652 21.018596932291985 723.74221429321915 17.539434708654881 22.183280983939767 25.838784907013178 34.838328365236521 50.075593256391585 50.861424800008535 20.263061683624983 59.207211632281542 21.534520193934441 16.266988262534145 380.16838174127042 24.872845644131303 14.208797320723532 79.257702991366386 156.82348335720599 82.791591860353947 21.035910401493311 18.470791533589363 32.991329308599234 33.359486047178507 58.35564699023962
leaf_count=454 155664 100 520 394 42 143 109 80 1685 53 129 35 79 491 124 79 90 29 71 658 88 32 148 338 135 121 63 68 110 110
internal_value=1.2315e-05 0.00591837 0.0076675 0.00472804 -0.0182559 -0.0668686 -0.0249022 -0.0990913 0.0102909 -0.00155911 -0.0260959 -0.0680108 -0.00592176 0.00511545 -0.0149944 0.050281 0.0158254 -0.0485673 0.0237855 0.00859706 -0.0395128 -0.144751 -0.00871272 0.0418034 0.0118603 -0.153518 -0.0253405 -0.0635644 0.000296746 -0.0422926
internal_weight=52682.8 2749.8 2694.03 2520.18 491.106 135.655 98.354 42.9413 2029.08 1080.37 356.626 115.876 240.75 218.567 183.729 173.842 101.005 41.7976 948.71 514.775 134.606 30.4758 104.131 433.935 133.653 38.5753 77.3009 51.4621 355.451 91.7151
internal_count=162242 6578 6124 5826 1114 374 231 122 4712 2983 1298 340 958 829 750 298 198 108 1729 997 339 103 236 732 259 174 166 131 740 220
is_linear=0
shrinkage=0.1


Tree=87
num_leaves=31
num_cat=0
split_feature=9 14 0 17 18 8 16 16 15 15 9 18 9 15 6 0 0 11 16 9 15 10 7 16 16 7 9 9 12 7
split_gain=9.87201 18.9517 29.386 35.0632 19.2144 31.6368 28.5078 54.3819 28.269 47.7301 27.7153 25.8615 34.9713 36.8655 41.5849 41.5318 27.3626 70.7176 25.1979 23.9491 26.2415 28.2764 24.1517 23.7231 33.0585 23.3279 22.9854 22.1638 28.009 31.1572
threshold=5.5725833247935714 1749.0466666666669 0.74849397590361455 63.43139097744362 -86.499999999999986 0.37250000000000005 0.37050000000000005 0.35850000000000004 0.80009000000000008 0.072203750000000025 1.3236273170048007 -91.84999999999998 1.5881423190745227 -0.32998124999999995 34.505000000000003 0.37455035971223027 0.071147356580427465 0.069091105541563336 0.77750000000000019 1.5731519795152022 -0.031921293103448267 1526.3216000000002 1061.0200000000002 0.65450000000000019 0.66850000000000021 1435.9350000000002 5.3792377050129057 3.7059927665613697 1.391668561921571 168.05000000000004
decision_type=2 2 2 2 2 2 2 2 2 2 2 2 2 2 2 2 2 2 2 2 2 2 2 2 2 2 2 2 2 2
left_child=1 4 -3 -4 11 8 7 -7 9 -6 18 -1 13 -13 15 25 17 -14 -8 20 22 23 -12 -22 -25 -15 -21 28 -18 -30
right_child=-2 2 3 -5 5 6 10 -9 -10 -11 19 12 16 14 -16 -17 27 -19 -20 26 21 -23 -24 24 -26 -27 -28 -29 29 -31
leaf_value=-0.001048837726896745 0.002908306371864709 0.0058066462220993506 -0.18943286799595885 -0.024410758513886584 -0.14389209924848537 0.01886380258423466 0.045272125923540088 0.14601132913193476 -0.18724472562903191 0.064382758227644235 -0.050712569273897661 0.033122688070976861 -0.1033250015277738 -0.14087847289111319 0.05528016836359665 -0.015686005356834117 0.031383478923129655 0.057549231778510512 0.0076064090822499375 0.0011775807725839917 -0.1285670452483817 0.026668170895678297 -0.19786699198282531 0.080982978570201009 -0.035931254523028609 -0.030617869623430688 -0.10495417471782464 0.07037430393671272 -0.01340241777753225 -0.16464515775989988
leaf_weight=36104.579771603458 9620.8262485540472 60.737825646996498 22.845284722745419 29.504066064953804 19.793670322746038 487.69596504047513 190.1667548418045 36.130761101841927 14.894009992480276 24.776020366698503 47.313577130436897 42.896846368908882 72.617279428988695 96.474894449114799 23.76680189371109 57.567925170063972 118.29884558916092 43.809360731393099 2690.2910188864917 2265.5917477235198 23.51586014777422 113.81682400405407 14.593318771570919 27.028631925582886 229.88662821799517 23.952133130282164 20.591591939330101 57.431790620088577 67.219888523221016 17.082476854324341
leaf_count=118581 26378 106 84 65 146 1044 307 43 54 55 148 91 423 497 75 114 227 89 6094 6054 92 202 59 56 635 91 94 99 164 75
internal_value=1.23408e-05 -0.000634928 -0.0415182 -0.0964265 -0.000527236 0.00461912 0.00532138 0.0276338 -0.0679714 -0.0281134 0.00324273 -0.00139689 -0.0216287 -0.0510627 -0.0689614 -0.0855508 -0.00249984 -0.0427908 0.0100931 -0.00395266 -0.0248737 -0.0153693 -0.0854013 -0.0324309 -0.0236314 -0.118948 0.000221655 0.0155399 -4.08092e-06 -0.0440493
internal_weight=52665.7 43044.9 113.087 52.3494 42931.8 6206.09 6146.62 523.827 59.4637 44.5697 5622.8 36725.7 621.118 244.659 201.762 177.995 376.46 116.427 2880.46 2742.34 456.155 394.248 61.9069 280.431 256.915 120.427 2286.18 260.033 202.601 84.3024
internal_count=162242 135864 255 149 135609 15083 14828 1087 255 201 13741 120526 1945 868 777 702 1077 512 6401 7340 1192 985 207 783 691 588 6148 565 466 239
is_linear=0
shrinkage=0.1


Tree=88
num_leaves=31
num_cat=0
split_feature=2 2 2 11 11 16 19 5 9 9 5 17 6 17 18 2 19 6 14 7 9 4 13 1 5 0 15 16 13 11
split_gain=9.78397 12.0822 11.0473 48.2451 17.2978 37.5967 26.5227 13.6094 21.2397 30.4141 37.1751 36.3757 18.9853 16.9237 17.7415 22.8302 15.2926 13.4794 13.6679 13.2289 43.8949 31.179 58.2581 53.5739 38.6722 40.828 48.5901 36.0395 30.9265 33.3621
threshold=199.00000000000003 119.50000000000001 77.291666666666671 0.0015632343249076237 0.008308050179912629 0.88850000000000018 0.49975000000000008 94.071428571428584 1.0005005005005008 1.4892041019090201 102.25000000000001 19.792857142857148 277.99900000000008 25.009966777408639 -1595.8999999999999 20.775000000000002 0.17222500000000002 41.169000000000004 3.4601809954751137 33655.545000000006 0.54674701964582517 5.169540229885059 0.032985166648532994 0.021352583586626141 20.775000000000002 0.012220009955201594 0.99997383333333345 0.64950000000000008 0.032025641025641031 0.011561044455659518
decision_type=2 2 2 2 2 2 2 2 2 2 2 2 2 2 2 2 2 2 2 2 2 2 2 2 2 2 2 2 2 2
left_child=1 2 7 -4 -5 -6 -7 19 12 10 -10 -11 13 14 15 -9 -12 -13 -19 -1 -21 22 28 -24 25 -23 -27 -26 29 -22
right_child=-2 -3 3 4 5 6 -8 8 9 11 16 17 -14 -15 -16 -17 -18 18 -20 20 21 24 23 -25 27 26 -28 -29 -30 -31
leaf_value=0.00047077203905773827 -0.07701083100145964 0.042806551003913007 -0.15747210224271851 0.030285705975804988 0.025114013245567637 -0.18295551244903929 -0.024882943218126331 0.048072075417344762 0.0030929401955257503 0.039161936190994902 -0.066309698829730701 -0.008359847863173616 -0.050731651282617765 0.071589460558099699 0.042408120968940803 -0.06924343622389488 -0.21522979764863051 -0.18720959537958159 -0.032578404891110822 -0.076409749317801506 0.0032256377344353584 0.12567675361672509 0.039191184707133078 -0.033058369967115434 0.026455804324276789 -0.059000063033089502 0.045905560945481344 0.00021051826370556794 0.081091291966023715 -0.047037326754745853
leaf_weight=45898.470748203807 16.487409146502614 65.961924783885479 23.725464396178722 75.685250636190176 49.294947266578674 21.055023230612278 21.406387865543365 28.646245270967484 33.854604154825211 136.67764281481504 11.946474244818093 21.976607508957386 25.866042595356703 102.94869787059724 139.63210408389568 39.408331174403429 16.310029424726963 12.72674726881087 10.377062715589998 83.8270926293917 1593.2639841744676 15.986318947747348 112.50760155543685 1169.2380157189909 759.73253598809242 227.07796782627702 54.808775253593922 1680.60395458946 47.20759691670537 143.99028265476227
leaf_count=141489 84 103 193 128 83 80 44 59 66 232 52 43 153 171 230 117 65 82 30 973 4862 74 619 5493 1449 678 84 4049 94 363
internal_value=1.09242e-05 3.50555e-05 -1.86238e-05 -0.0240141 -0.00510394 -0.0342951 -0.103265 6.89722e-05 0.0152971 -0.00717458 -0.0675863 0.0134696 0.0315828 0.038437 0.0220036 -0.0198618 -0.152268 -0.0644262 -0.117757 -0.000101689 -0.00456398 -0.00352639 -0.0104524 -0.0267165 0.00422928 -0.0297861 -0.0386027 0.00838128 0.00122978 -0.000940349
internal_weight=52640.7 52624.2 52558.3 191.167 167.442 91.7564 42.4614 52367.1 580.371 243.869 62.1111 181.758 336.501 310.635 207.687 68.0546 28.2565 45.0804 23.1038 51786.7 5888.24 5804.42 3066.21 1281.75 2738.21 297.873 281.887 2440.34 1784.46 1737.25
internal_count=162242 162158 162055 528 335 207 124 161527 1300 570 183 387 730 577 406 176 117 155 112 160227 18738 17765 11431 6112 6334 836 762 5498 5319 5225
is_linear=0
shrinkage=0.1


Tree=89
num_leaves=31
num_cat=0
split_feature=16 10 7 13 16 13 19 13 2 13 9 7 1 1 9 10 20 8 10 5 0 8 5 11 5 2 14 17 1 6
split_gain=9.60614 40.8124 44.6605 28.2307 24.5715 48.1347 35.3196 30.0123 31.045 32.2901 27.2896 25.2002 24.4931 24.4538 24.2493 22.9723 49.735 22.4068 24.9108 56.9256 46.0221 36.4311 29.2331 44.2852 38.9735 34.8053 29.7628 37.6954 32.414 28.5474
threshold=-0.097499999999999962 3407211480.5750508 55350.820000000007 0.18005376344086024 -0.35849999999999993 0.13172353961827649 0.068035714285714297 0.01309332476159863 1.6643333333333337 0.016021390374331555 9.8107966889420588 2626.1000000000008 0.018576029445594666 0.049281521959117593 1.3504395083342453 40013.721200000007 2.2500000000000004 0.73350000000000015 594967.39230000007 17.354166666666668 0.32885724585436199 4.3075000000000001 25.350877192982459 0.0052209758065874289 9.9500000000000011 9.3367697594501742 1.4292857142857145 1.7534722222222225 0.14907407407407411 176.56100000000004
decision_type=2 2 2 2 2 2 2 2 2 2 2 2 2 2 2 2 2 2 2 2 2 2 2 2 2 2 2 2 2 2
left_child=1 2 3 4 6 12 7 10 -9 -10 -1 -12 -6 14 -14 16 -11 -15 22 20 21 -20 23 26 -25 -26 27 -19 29 -29
right_child=-2 -3 -4 -5 5 -7 -8 8 9 15 11 -13 13 17 -16 -17 -18 18 19 -21 -22 -23 -24 24 25 -27 -28 28 -30 -31
leaf_value=0.028768011139992278 0.00029843862508421534 -0.14053967371350404 0.032082983747550309 -0.10382575939120578 0.043470319610779747 0.11418438666596482 0.02146192877357038 -0.091364257737164542 -0.13307088756989002 -0.15316364628804194 0.001871704407433673 -0.15944096999738619 -0.050987950944144371 -0.14327193086554624 -0.18071856866619126 -0.0020109350223031734 0.054942442959785467 -0.050261548337129681 0.010033336513468636 -0.11418878931368284 0.060127639337868855 -0.15690037480572494 0.046805015283796603 -0.1220610265585646 0.012597214080781051 -0.11135506705484044 -0.069110771452165959 0.22924186133819446 0.01406292964931161 0.063348291980597493
leaf_weight=210.3791644461453 50345.633631081553 22.439971906132996 283.71253449190408 31.791365415789187 45.044192555360496 24.66455506067723 468.17598861642182 67.363665463402867 23.063971722498536 30.67375672608614 25.014390703290701 15.801990797743199 49.581695100758225 15.90949792973697 20.310519692488015 338.46701416932046 18.356486670672894 31.617471519857645 26.876923577859998 84.047274507582188 54.505853831768036 25.45478418469429 76.688152942806482 59.089674588292837 81.567699931561947 31.364301159977913 30.291356089524925 19.280251417309046 40.064902528189123 22.453290180303156
leaf_count=563 154838 236 577 272 163 78 1137 702 97 135 69 77 277 61 138 874 31 143 97 283 66 204 113 285 170 103 151 41 180 81
internal_value=1.12814e-05 -0.00634614 -0.00500874 -0.0103563 -0.00882147 -0.0231627 2.79971e-05 -0.013735 -0.0284437 -0.0181199 0.01425 -0.0605802 -0.0279062 -0.0327113 -0.0886874 -0.011278 -0.0752506 -0.0261822 -0.0229886 -0.0526189 -0.00418291 -0.0711653 -0.00857546 -0.022027 -0.056258 -0.0218277 0.0189486 0.0424676 0.0783101 0.139989
internal_weight=52619.7 2274.05 2251.61 1967.9 1936.11 738.812 1197.3 729.12 477.925 410.561 251.196 40.8164 714.148 669.104 69.8922 387.497 49.0302 599.211 583.302 190.885 106.838 52.3317 392.417 315.729 172.022 112.932 143.707 113.416 81.7984 41.7335
internal_count=162242 7404 7168 6591 6319 2634 3685 2548 1839 1137 709 146 2556 2393 415 1040 166 1978 1917 650 367 301 1267 1154 558 273 596 445 302 122
is_linear=0
shrinkage=0.1


Tree=90
num_leaves=31
num_cat=0
split_feature=3 14 6 7 6 13 12 9 20 13 13 15 10 8 0 1 15 10 11 1 7 2 16 16 20 11 4 6 0 4
split_gain=9.37576 19.7168 10.6794 29.0133 10.3614 24.4647 35.5044 28.6572 26.8531 26.3098 25.8588 39.4617 25.5445 49.9361 24.792 44.4394 30.0105 52.9664 39.0129 30.2958 32.5445 31.2548 28.6218 28.1261 28.0299 24.7957 24.4344 23.8041 34.7524 39.8308
threshold=166.50000000000003 1.1251666666666669 6530.2605000000012 187754.21000000005 860.71600000000001 0.020343910130074895 0.3566306130911584 0.54674701964582517 1.2500000000000002 0.014311315924219152 0.10814762130551606 -1.0000000180025095e-35 108956.37200000002 21.995000000000001 0.059017027863777098 0.011940404904476763 0.015000961538461541 3847653.969 0.010702844539978435 0.029498781761225203 48859.635000000002 3.4895833333333335 0.88550000000000006 0.63250000000000017 4.5000000000000009 0.002142343601608782 0.57238095238095255 345.52750000000009 0.53410852713178303 7.3380952380952387
decision_type=2 2 2 2 2 2 2 2 2 2 2 2 2 2 2 2 2 2 2 2 2 2 2 2 2 2 2 2 2 2
left_child=2 -2 4 -4 27 6 7 -6 -8 -10 12 -12 13 -7 15 22 26 18 19 21 -21 -18 23 25 -17 -9 -16 -1 29 -29
right_child=1 -3 3 -5 5 10 8 14 9 -11 11 -13 -14 -15 16 24 17 -19 -20 20 -22 -23 -24 -25 -26 -27 -28 28 -30 -31
leaf_value=0.00049287500640301802 -0.10855493215124934 0.14232805458093734 -0.12008340751333986 0.20366466278985362 -0.13545073453897388 -0.075997441301559387 -0.12557511263470497 -0.11333733035893843 0.11365500517905334 -0.079141557546259844 0.081416129968257589 -0.079614373985539139 0.015443912767254472 0.13990832315437418 0.085272766611937764 -0.083429903440884676 -0.10260176875673299 0.020705029517627375 -0.18098382340794228 -0.19130586794904969 -0.017216124820641294 0.026922145238917991 -0.10883875203178833 0.26802112572778508 0.20622805675110409 0.11721733404911971 0.015039634583640205 -0.0062676346318433903 0.0098713993701103672 -0.032217803867772087
leaf_weight=44760.678062814754 18.175921355839822 3.7848146557807913 18.116838082671169 3.2673295428976408 15.422827792353926 14.420605058781801 41.090527204796672 6.8605871740728679 11.980732725933196 17.297275307588279 20.239316239953041 61.340059497393668 1288.0524151409045 41.658603832125664 54.724385157227516 95.045506035443395 25.189962640404701 187.76590314880013 22.049224942922592 22.353236809372902 20.665680848062038 71.541239626705647 8.293920271098612 7.5360885253176084 3.4625045657157889 14.574409484863279 522.43572870083153 3488.092194713885 1024.7495714984834 712.25533877499402
leaf_count=129801 505 9 315 15 257 124 419 132 32 104 87 687 6016 111 80 1527 96 372 87 108 45 134 212 33 58 32 1030 15760 1799 2255
internal_value=9.86571e-06 -0.0653166 3.71496e-05 -0.0706173 6.58956e-05 0.00625319 -0.00460995 -0.000117219 -0.0734307 -0.000248073 0.0150025 -0.0396637 0.0183204 0.0843888 0.00184723 -0.0380608 0.00769409 -0.015429 -0.057362 -0.0378574 -0.107676 -0.00680743 0.0549562 0.101848 -0.0732486 0.0434249 0.0216989 -0.000252717 -0.00663981 -0.010668
internal_weight=52603.1 21.9607 52581.2 21.3842 52559.8 2574 1148.29 1077.92 70.3685 29.278 1425.71 81.5794 1344.13 56.0792 1062.5 135.773 926.725 349.565 161.799 139.75 43.0189 96.7312 37.265 28.9711 98.508 21.435 577.16 49985.8 5225.1 4200.35
internal_count=162242 514 161728 330 161398 11783 4758 4203 555 136 7025 774 6251 235 3946 1994 1952 842 470 383 153 230 409 197 1585 164 1110 149615 19814 18015
is_linear=0
shrinkage=0.1


Tree=91
num_leaves=31
num_cat=0
split_feature=17 4 19 10 5 1 7 12 14 16 3 0 10 6 11 19 15 5 17 15 0 2 0 5 14 0 15 14 19 9
split_gain=9.16612 41.7586 51.3653 38.3218 35.2689 35.0686 51.1009 30.6274 36.4439 43.4369 28.196 27.343 48.199 36.9909 52.5797 44.428 30.8506 35.0324 39.7207 40.1089 39.3454 38.7791 41.5078 38.0131 55.8558 37.9685 36.6236 42.8646 35.2075 36.3051
threshold=0.83429770819151361 3.7516447368421058 0.062160256410256416 3101973782634.0454 15.062500000000002 0.31009615384615391 80.00500000000001 0.0022711492024909533 0.088320545609548176 0.26950000000000007 144.50000000000003 0.54606060606060614 198.60745000000003 13.833500000000003 0.076848692998084486 0.13807142857142859 0.15853333333333336 11.690476190476192 0.16764705882352945 0.4327770363636364 0.42776886035313005 4.3390804597701154 0.0097324177125266403 5.9750000000000005 0.29862781954887224 0.39464733261725748 0.3727795454545455 9.6209090909090929 0.05263931888544892 1.0355541447902727
decision_type=2 2 2 2 2 2 2 2 2 2 2 2 2 2 2 2 2 2 2 2 2 2 2 2 2 2 2 2 2 2
left_child=1 3 7 10 5 -4 -7 8 9 -3 11 16 -13 -14 -15 -16 -1 18 19 20 23 22 -19 26 -25 -20 -18 -28 -22 -30
right_child=-2 2 4 -5 -6 6 -8 -9 -10 -11 -12 12 13 14 15 -17 17 21 25 -21 28 -23 -24 24 -26 -27 27 -29 29 -31
leaf_value=0.00080730504813156592 -0.0011784441256951343 0.076157862691258238 0.062760489059334568 -0.13114702262738098 0.013449624860317153 0.092713009787261533 -0.024180115235310055 -0.019723537507296676 0.062254352114672978 -0.074535545328973093 -0.099061970171715683 -0.03118985196020347 0.025063853047409462 0.0065946830932897792 -0.19006491401775513 -0.029549607297616267 -0.014878164329226654 0.091613509991118891 -0.082841801776706733 0.0034652612826028954 -0.011573723064330592 -0.050022712675943784 -0.0028374649634340873 0.18279676177672233 -0.016150924676149186 0.054245286572701015 -0.089871021041313837 0.085216597943395589 -0.038559930209138997 -0.21891316393306301
leaf_weight=14587.354945911095 29119.746805386152 28.784643240272999 333.46467177569866 22.300659570842981 1635.0490309968591 51.927784323692322 133.6582155264914 620.1078636944294 114.27591985836625 57.017107987776399 28.684857407584786 253.39865484833717 1354.7701764702797 746.42941864207387 24.637172013521194 57.458095259964466 1463.8401063317433 101.37188500538468 131.70896152406931 1276.2719127060845 34.436654329299927 51.0907325707376 86.001960983499885 23.277214422821999 35.841127820312977 23.864401489496231 119.12066363729537 15.842202991247175 18.881910428404808 27.297348469495773
leaf_count=46921 93861 38 506 321 3029 61 293 1598 171 278 437 536 2065 1270 88 120 5585 191 692 2888 67 141 172 41 120 30 546 29 42 105
internal_value=6.62706e-06 0.00147771 0.0125501 -0.00013001 0.0206591 0.0433694 0.0085271 -0.00874701 0.0252729 -0.0239811 1.27828e-05 0.00015187 0.0100933 0.0148847 -0.00175983 -0.077721 -0.0011942 -0.00975918 -0.0125395 -0.00999678 -0.0198794 0.0272045 0.0482618 -0.0165621 0.0621826 -0.0618131 -0.0194738 -0.0693189 -0.0881016 -0.14517
internal_weight=52577.9 23458.2 2974.29 20483.9 2154.1 519.051 185.586 820.186 200.078 85.8018 20461.6 20432.9 2436.69 2183.29 828.525 82.0953 17996.2 3408.85 3170.38 3014.81 1738.54 238.465 187.374 1657.92 59.1183 155.573 1598.8 134.963 80.6159 46.1793
internal_count=162242 68381 5974 62407 3889 860 354 2085 487 316 62086 61649 4079 3543 1478 208 57570 10649 10145 9423 6535 504 363 6321 161 722 6160 575 214 147
is_linear=0
shrinkage=0.1


Tree=92
num_leaves=31
num_cat=0
split_feature=14 19 0 11 13 19 15 17 17 7 9 18 13 16 7 20 12 3 7 6 2 1 7 10 8 7 2 18 6 13
split_gain=9.77173 41.7382 39.444 43.7684 39.2657 58.648 49.2555 52.0532 49.0465 71.9321 80.9422 65.2974 58.6904 57.3415 47.5027 46.2199 46.147 44.8207 44.141 40.8573 65.5395 36.7521 82.3611 72.0181 48.6824 45.5764 45.2258 40.1311 44.4627 48.16
threshold=0.28558441558441566 0.12493750000000002 0.40129870129870138 0.017556225581992765 0.05005694760820046 0.02439249037227215 0.093612500468000015 72.782352941176484 83.02500000000002 15169.300000000001 0.54674701964582517 -100.84999999999998 0.016689879294336123 0.28550000000000003 4308.29 5.5000000000000009 5.3866798146398596 38.500000000000007 854.36500000000012 15.000500000000001 1.8638888888888892 0.087228260869565227 480.03000000000009 18279.278450000005 20.761500000000002 629.12000000000012 12.482919254658386 -103.49999999999999 83.631000000000014 0.03823396331488637
decision_type=2 2 2 2 2 2 2 2 2 2 2 2 2 2 2 2 2 2 2 2 2 2 2 2 2 2 2 2 2 2
left_child=-1 2 4 -4 8 6 19 -8 11 10 14 16 -11 -12 -10 -13 21 -7 -15 -6 -21 22 -2 27 25 -25 -27 28 -24 -30
right_child=1 -3 3 -5 5 17 7 -9 9 12 13 15 -14 18 -16 -17 -18 -19 -20 20 -22 -23 23 24 -26 26 -28 -29 29 -31
leaf_value=-0.0014785958069614079 -0.13375989512725212 -0.0022367458801398716 0.019852155678955818 -0.0067707560047422597 0.18613222004837396 0.018100113940751787 -0.10366083480234921 0.12435298125598451 0.45482221538014794 -0.077079261149647749 -0.020376062497535655 0.0058948996284208903 0.020111066046323449 0.18709587643540956 0.11259519724830369 0.080993699987841589 -0.15777911545146334 0.17111183762756058 0.053824146426635293 -0.093787933021273973 0.053933799359227298 -0.002595676420391635 0.094419978629748644 0.081347009341223769 -0.0056669555552063371 -0.05888406256080201 -0.0017271242807486856 -0.020113681610245591 -0.12505635143218766 0.13168189737316027
leaf_weight=24022.937317540869 63.552584365010262 15541.780351295602 2905.11205971241 784.21216352283955 11.826571494340895 1903.7361097389366 101.07506608730182 11.112897819839416 7.5449378443881896 96.712720765266567 101.86457593739033 2407.2926046513021 173.77256393339485 27.878937592729926 8.7708773529157025 84.841016680002213 21.653113809414208 19.33830554690212 228.91692789271474 51.995481787249446 71.108264232054353 2158.3805168867111 115.41647897288203 28.947497567161918 662.41921749105677 631.5711668683216 177.29846527054906 87.552370179444551 21.514931340701878 11.063628315925596
leaf_count=80340 355 41005 4844 1501 14 8461 751 42 32 484 355 7550 594 54 72 165 136 46 732 474 170 6798 237 97 2911 3158 399 317 120 28
internal_value=7.28597e-06 0.00125895 0.0054457 0.0141931 0.00197079 0.0137459 -0.032113 -0.0810747 -0.00161981 0.0246662 0.053019 -0.00424155 -0.0146396 0.0431096 0.270852 0.00845153 -0.0121908 0.0196388 0.0682927 0.00859626 -0.00845961 -0.0113942 -0.0219485 -0.0178547 -0.0259258 -0.0419434 -0.0463557 0.0335513 0.065299 -0.0378684
internal_weight=52541.2 28518.3 12976.5 3689.32 9287.16 2170.19 247.118 112.188 7116.97 645.462 374.976 6471.5 270.485 358.66 16.3158 2492.13 3979.37 1923.07 256.796 134.93 123.104 3957.72 1799.34 1735.78 1500.24 837.817 808.87 235.547 147.995 32.5786
internal_count=162242 81902 40897 6345 34552 9958 1451 793 24594 2323 1245 22271 1078 1141 104 7715 14556 8507 786 658 644 14420 7622 7267 6565 3654 3557 702 385 148
is_linear=0
shrinkage=0.1


Tree=93
num_leaves=31
num_cat=0
split_feature=16 8 7 5 4 4 5 19 12 19 18 3 1 15 19 4 13 9 0 20 17 12 2 5 15 15 6 10 14 12
split_gain=9.26407 47.3384 44.7513 38.9213 43.7396 40.4947 44.5436 45.4468 60.8463 54.0637 51.1936 45.5484 59.3048 63.4208 41.1399 41.8937 42.4174 48.244 39.4584 40.7152 42.3272 65.2628 41.51 37.8827 49.8299 61.652 52.1615 45.9304 52.5897 42.5087
threshold=0.31550000000000006 0.37250000000000005 1504.6900000000003 8.9750000000000014 0.70106382978723414 1.5420707732634342 4.5131578947368434 0.013513899613899616 0.0013938185638904053 0.014287784679089029 -95.499999999999986 8.5000000000000018 0.19292803970223329 -0.0063736666666666655 0.0052649122807017553 2.0563492063492066 0.056037383177570101 9.2646238358868747 0.50274725274725285 1.7500000000000002 3.1282894736842111 0.063984290929512147 2.3340220385674937 5.0250000000000012 0.26643639705882355 0.21819081818181821 14.386500000000002 13276.588100000003 2.591704545454546 0.0097436248353654342
decision_type=2 2 2 2 2 2 2 2 2 2 2 2 2 2 2 2 2 2 2 2 2 2 2 2 2 2 2 2 2 2
left_child=3 2 -2 5 -5 6 7 8 -1 -9 -11 12 -12 -14 -7 -16 -17 -18 19 23 -21 -22 -23 -8 25 26 -25 -28 29 -29
right_child=1 -3 -4 4 -6 14 18 9 -10 10 11 -13 13 -15 15 16 17 -19 -20 20 21 22 -24 24 -26 -27 27 28 -30 -31
leaf_value=-0.11378475954276786 -0.07662028318600321 -0.00054836009792295741 0.09980459079062548 -0.088951398963107331 0.0081298604925037887 0.018340474916753276 0.064957094400133392 -0.14943387255411175 0.009700363207839631 -0.023517266323930312 -0.10417754330732237 0.07270777316900312 0.06733957351546456 -0.0064649672709398203 -0.064824829306393619 -0.031468987683970606 0.087150063896165919 -0.052968977639545556 -0.058272862456489216 0.0012263375156762147 0.017620869059011637 0.25244211046335269 0.096254944165389905 -0.15100720094441814 -0.085075506115488753 0.20173184099791885 0.13894284909177315 0.056357612793658134 0.078813318484942552 -0.053423978887191886
leaf_weight=40.707987793255597 131.34464320354164 39292.48883084883 16.14486075937748 46.725577246397734 6853.1351785911247 196.24213874340057 115.91112654283643 28.663563364185393 2017.711249381071 1416.9560785123613 52.298714071512222 92.916287779808044 138.98831051588058 717.36883037537336 267.75607724674046 376.99600065685809 71.945000976324081 37.318388227373362 55.029151938855648 57.918687012046576 49.019599260762334 31.7726706340909 36.638113968074322 20.045122884213924 58.693093677982688 16.790319442749023 27.400907546281815 47.597159329801798 66.445444080978632 136.1998879853636
leaf_count=186 786 121229 18 240 14799 564 390 189 8202 7961 251 213 278 2438 1027 1157 136 96 126 184 164 49 58 112 344 35 55 143 158 654
internal_value=4.12239e-06 -0.000760618 -0.057308 0.00231088 0.00747243 -0.00345625 -2.87419e-06 -0.00369242 0.00725828 -0.0129034 -0.0112853 0.00601957 -0.000799757 0.00551364 -0.0224449 -0.0330598 -0.0155686 0.0392931 0.0231029 0.0298425 0.0711846 0.105689 0.168794 0.0150203 -0.000490637 0.0152959 0.00478054 0.016028 0.00256914 -0.0249943
internal_weight=52515.2 39440 147.49 13075.2 6899.86 6175.33 5225.07 4505.61 2058.42 2447.19 2418.53 1001.57 908.656 856.357 950.258 754.015 486.259 109.263 719.461 664.432 175.349 117.43 68.4108 489.083 373.172 314.479 297.689 277.643 250.242 183.797
internal_count=162242 122033 804 40209 15039 25170 22190 19718 8388 11330 11141 3180 2967 2716 2980 2416 1389 232 2472 2346 455 271 107 1891 1501 1157 1122 1010 955 797
is_linear=0
shrinkage=0.1


Tree=94
num_leaves=31
num_cat=0
split_feature=7 14 9 4 6 10 2 0 14 0 13 4 13 12 2 2 8 0 19 17 10 3 13 0 12 17 12 2 5 8
split_gain=9.34455 42.1845 32.7157 31.437 35.3458 27.0003 23.1738 22.0615 25.7484 44.1118 27.3518 34.0133 26.853 55.1972 28.1195 23.934 44.3495 44.4633 25.5786 39.4303 36.6893 34.5545 29.4882 28.9167 28.7163 54.0278 81.7786 37.6872 40.3441 38.2812
threshold=33655.545000000006 -159.8133333333333 0.54674701964582517 7.8377192982456148 100.65100000000002 27199.979000000003 21.987500000000004 1.0104166666666667 -0.99490940465918876 0.41240409207161127 0.003992031872509961 2.4554778554778562 0.0070298986903879427 0.0034950960257204649 32.309523809523817 1.5813862928348912 8.7945000000000011 0.083771929824561414 0.0081550480769230788 4.1676245210727982 2616007.8227500007 26.500000000000004 0.11502522120234848 0.32885724585436199 0.0031646710733428643 1.6273148148148151 0.0058894307841340062 15.951612903225808 6.0250000000000012 23.005000000000006
decision_type=2 2 2 2 2 2 2 2 2 2 2 2 2 2 2 2 2 2 2 2 2 2 2 2 2 2 2 2 2 2
left_child=-1 3 -3 4 6 -4 -2 8 9 -7 11 -10 13 14 -12 16 -14 -18 19 21 22 -17 -20 -23 27 26 -26 28 -22 -30
right_child=1 2 5 -5 -6 7 -8 -9 10 -11 12 -13 15 -15 -16 18 17 -19 20 -21 24 23 -24 -25 25 -27 -28 -29 29 -31
leaf_value=0.00049446531921268886 -0.10442137513230783 -0.067932421451420519 -0.12721318106317367 0.011446273002186896 -0.18415363764604703 0.11138482269189741 0.050035242466110699 0.018670061186142516 0.005940126491788187 -0.049136540656791607 -0.095750028192180245 0.075768044234573284 -0.14056911401437053 -0.18557471869545225 0.030164251983087954 -0.26287660157186893 -0.079977781736721099 0.028631725124901898 -0.024264520057321382 0.0357051589338723 0.04266485426240723 -0.16166404776879359 0.067450647437056352 0.077200368479330636 0.05037815672550168 0.022716838745976436 -0.11305350044626102 0.0083432909517000917 -0.015099132121384652 -0.065558000863401675
leaf_weight=46196.330170538742 24.169606944546103 75.56750665185973 17.099157996475697 35.172185216099024 31.106636326760054 48.713626227341592 16.240854308009148 503.58634472638369 336.70653279870749 26.39565409719944 27.605219643563032 87.986151829361916 35.488644011318684 25.091975785791874 49.609878271818161 8.0449601896107215 64.641444217180833 90.417176213115454 1074.4888366553932 280.52030166704208 104.20707204937935 8.4991981368511933 36.238635018467903 12.554267287254332 51.365363299846649 875.47965425252914 75.798447091132402 1009.2814151113853 1087.6227158424444 174.47127094864845
leaf_count=142417 132 924 93 95 175 95 32 1101 1018 59 140 111 518 133 76 40 1494 179 2622 760 252 130 52 14 87 2392 398 2268 3548 887
internal_value=1.96748e-06 -0.00361274 -0.00253774 -0.0659581 -0.104026 -0.0017292 -0.0423457 -0.00137715 -0.00318275 0.0549728 -0.00397461 0.0204068 -0.00600834 -0.0567233 -0.0148514 -0.00496838 -0.039726 -0.0166458 -0.00358818 0.0242116 -0.00550563 -0.0865907 -0.0212722 -0.0192282 -0.000321736 0.0138699 -0.0470384 -0.00631148 -0.0171369 -0.0220745
internal_weight=52490.5 6294.17 6187.48 106.689 71.5171 6111.91 40.4105 6094.81 5591.23 75.1093 5516.12 424.693 5091.43 102.307 77.2151 4989.12 190.547 155.059 4798.57 309.619 4488.95 29.0984 1110.73 21.0535 3378.23 1002.64 127.164 2375.58 1366.3 1262.09
internal_count=162242 19825 19391 434 339 18467 164 18374 17273 154 17119 1129 15990 349 216 15641 2191 1673 13450 944 12506 184 2674 144 9832 2877 485 6955 4687 4435
is_linear=0
shrinkage=0.1


Tree=95
num_leaves=31
num_cat=0
split_feature=14 7 14 10 2 17 12 16 14 10 8 7 15 2 0 14 7 6 17 15 17 12 12 16 0 15 20 13 6 1
split_gain=9.16462 39.0369 33.9183 91.4143 59.414 57.0507 52.59 49.2497 46.0075 45.8341 42.656 40.3243 38.3766 37.8037 36.3466 36.0031 74.9173 33.0104 31.3808 32.2477 30.764 30.2524 41.3053 30.8179 30.0389 29.3989 53.1863 35.1725 30.8967 28.9095
threshold=-1.0000000180025095e-35 366934.60000000009 -6.2985153764581119 1467712.1322000001 5.8634669151910535 3.6654761904761908 0.0012171461834122918 0.83450000000000013 -288.66666666666657 477652993.60750002 9.827 3020.9050000000002 -0.35130993939393934 3.4895833333333335 0.59150717703349287 -3.4937499999999995 754.04000000000008 79.639000000000024 11.259615384615387 0.45856696428571436 6.3922466422466435 0.23358910082218801 3.6316780363066443 0.98750000000000016 0.69337606837606847 0.20000000067500004 1.2500000000000002 0.13172353961827649 2217.1250000000005 0.027874902874902876
decision_type=2 2 2 2 2 2 2 2 2 2 2 2 2 2 2 2 2 2 2 2 2 2 2 2 2 2 2 2 2 2
left_child=1 2 4 5 25 7 -7 10 11 -10 -4 -6 -8 15 -14 -9 21 -3 20 -20 -13 23 -23 -17 29 27 -27 28 -1 -18
right_child=-2 17 3 -5 8 6 12 13 9 -11 -12 18 14 -15 -16 16 24 -19 19 -21 -22 22 -24 -25 -26 26 -28 -29 -30 -31
leaf_value=-0.024416934140874563 -0.00033603773078516954 0.025660386408655023 0.043204424251098272 0.12026108798053246 0.013629143751914367 0.16171395668433458 0.068313873906094405 0.043095408267858556 0.023976385620185 0.13489801953319822 0.2082768895696917 -0.0512913527513899 -0.14147858300832572 0.098214776785572958 0.10553161890242523 0.1746421031253349 -0.030233943069258681 -0.17413303452153034 -0.14138298482142828 0.014215431246812779 0.091406571656206942 -0.038174009446928496 0.032353914522242788 0.030957673072651744 0.059107216763142512 -0.12862821885078446 0.0089862533956073781 0.026581670776629041 0.12304875511596583 -0.17342406483629952
leaf_weight=741.5162556534633 49249.019320074469 13.213220508769153 44.191557057201862 85.461793827824295 213.6132272593677 9.3777805492281896 13.160493953153489 206.34950270317495 691.09311808645725 39.375059500336647 24.241370426490903 50.404124308377504 62.621981102973223 49.108321603387594 6.5833558291196814 17.33326954767108 21.193518776446581 22.103406169451773 53.008776070550084 17.789444111287594 21.574819155037403 186.31777168437839 149.80570154171437 107.54434647597373 10.240044251084326 61.570971735753119 51.639492666348815 189.56839467771351 14.485435917973517 42.125853726640344
leaf_count=2628 152352 51 126 229 417 9 41 597 1290 67 68 140 525 72 5 32 143 132 236 38 34 860 439 337 12 279 113 668 43 259
internal_value=1.73173e-06 0.00517326 0.00633398 0.0211963 -0.000839743 0.0122862 -0.0626676 0.0202966 0.0155844 0.0299555 0.101679 -0.013871 -0.0882146 0.0132471 -0.117981 0.00761539 -0.0060805 -0.0993831 -0.0550149 -0.102286 -0.00851937 0.00887361 -0.00674066 0.0509014 -0.0997988 -0.0176994 -0.0658572 -0.0119336 -0.0215914 -0.125497
internal_weight=52465.6 3216.61 3181.3 1035.66 2145.64 950.195 91.7436 858.451 1086.86 730.468 68.4329 356.39 82.3658 790.018 69.2053 740.91 534.561 35.3166 142.777 70.7982 71.9789 461.001 336.123 124.878 73.5594 1058.78 113.21 945.57 756.002 63.3194
internal_count=162242 9890 9707 3754 5953 3525 580 2945 2222 1357 194 865 571 2751 530 2679 2082 183 448 274 174 1668 1299 369 414 3731 392 3339 2671 402
is_linear=0
shrinkage=0.1


Tree=96
num_leaves=31
num_cat=0
split_feature=11 6 0 13 14 7 15 16 7 6 9 0 3 0 1 15 14 16 7 13 15 13 4 4 7 17 4 8 10 19
split_gain=8.95097 19.9706 45.7067 32.6954 21.859 24.7084 20.9228 19.2966 19.4245 19.7308 19.1441 11.224 19.206 14.9919 16.4013 12.811 22.1647 12.6212 19.2215 26.5452 12.5857 14.3319 21.3759 11.5554 11.2943 39.7551 43.8483 53.8493 40.7228 36.3342
threshold=0.25255561118032666 36.000500000000009 0.77346041055718484 0.33266666666666672 5.4365151515151524 984.41000000000008 0.012007100000000001 0.98550000000000015 4308.29 385.22500000000008 1.2928253624423787 1.9444444444444446 1.5000000000000002 1.2870879120879124 0.27429467084639503 1.2704716662337665 242.19333333333336 0.70250000000000001 2626.1000000000008 0.042120047309284453 2.3897977454545458 0.054923507864684341 4.47295321637427 4.222875816993465 15674.700000000001 0.50240384615384626 0.16869918699186995 14.997000000000002 12634.059050000002 0.0052649122807017553
decision_type=2 2 2 2 2 2 2 2 2 2 2 2 2 2 2 2 2 2 2 2 2 2 2 2 2 2 2 2 2 2
left_child=11 2 3 4 5 10 7 -3 -9 -10 -2 13 20 24 23 16 17 -16 -19 -20 21 22 -13 -15 -1 28 27 -27 -26 -29
right_child=1 6 -4 -5 -6 -7 -8 8 9 -11 -12 12 -14 14 15 -17 -18 18 19 -21 -22 -23 -24 -25 25 26 -28 29 -30 -31
leaf_value=0.00049512670073810223 -0.014662686631691235 0.085098995693671076 0.042469419396894414 0.028751002214832785 0.010712183420609306 -0.22177630293016928 0.084145972733429678 -0.11227124894356699 0.07003519471361222 -0.069060059431300433 -0.1557062969125437 -0.047791101315821816 0.042833478563588392 0.063137181694913544 -0.0033795577743719243 0.03158797591251522 0.03371067237213498 -0.020231005363036514 -0.21530212099544488 -0.035791533903418715 0.013279070845637193 -0.0098102605519707654 -0.17961437989355647 0.019268555930711848 -0.11306090838029009 -0.14931243713115785 -0.0051784363305333852 0.19878937408223268 0.013515675347725967 -0.035760795754765214
leaf_weight=41805.043496362632 22.284982442855835 24.098015516996384 106.37799587845802 35.553544789552689 17.069895952939987 16.388413161039352 68.709946803748608 16.742821387946606 25.705505024641752 16.904680289328098 16.937569946050644 31.055060103535652 28.809656225144863 90.5680041462183 66.002592250704765 90.567504864186049 67.9984997138381 44.94977605342865 15.630101114511488 17.417314685881138 24.30360970646143 26.796628836542368 20.369317941367626 178.16805972531438 25.85062413290143 46.912534838076681 7907.9418573239818 7.2168947621248654 1516.5978361777961 77.840241339989007
leaf_count=129579 48 27 158 63 30 64 83 51 39 96 67 75 59 145 139 167 155 98 64 41 44 60 79 408 101 830 24140 57 4113 1162
internal_value=2.62058e-07 0.0155675 -0.00408056 -0.0498321 -0.0882729 -0.118657 0.0432798 0.00963237 -0.021008 0.0148521 -0.0755699 -0.000109349 -0.0293062 -3.55494e-05 0.0160744 0.000106074 -0.0133433 -0.0355627 -0.0627967 -0.120693 -0.0495777 -0.0691075 -0.100007 0.0340529 -0.000214653 -0.00331121 -0.00613245 -0.0632995 0.0113943 -0.0158598
internal_weight=52456.8 366.773 214.612 108.234 72.6809 55.611 152.161 83.451 59.353 42.6102 39.2226 52090 131.334 51958.7 571.302 302.566 211.998 144 77.9972 33.0474 102.525 78.221 51.4244 268.736 51387.4 9582.36 8039.91 131.97 1542.45 85.0571
internal_count=162242 726 430 272 209 179 296 213 186 135 115 161516 317 161199 1217 664 497 342 203 105 258 214 154 553 159982 30403 26189 2049 4214 1219
is_linear=0
shrinkage=0.1


Tree=97
num_leaves=31
num_cat=0
split_feature=10 8 0 8 1 7 3 0 0 7 7 6 4 4 13 1 1 7 1 6 17 15 17 18 11 13 0 15 17 15
split_gain=8.96744 40.777 49.5919 36.5654 81.0341 46.2218 39.1224 36.8178 80.068 39.7631 89.1771 38.2599 34.498 53.8237 86.0104 87.6558 68.8451 58.8678 59.0277 56.8399 50.5696 47.7613 48.1745 102.427 46.357 56.3312 84.7135 54.4951 53.8347 43.5392
threshold=51338.587300000007 26.999500000000005 0.30825791855203627 48.003000000000007 0.017937580437580442 8904.0800000000017 40.500000000000007 0.029520697167755995 0.02790758047767394 960.0150000000001 812.07000000000005 6.0015000000000009 1.5720779220779224 1.3984126984126986 0.0587372779023633 0.25403225806451618 0.039841269841269851 11685.365000000003 0.23205128205128209 23.779000000000003 52.016891891891895 0.00036364285714285719 1.4976851851851853 -1487.4899999999998 0.00058639545240437305 0.029875539247285175 0.080178571428571446 -2.9522153214285711 12.989583333333334 0.089323916666666683
decision_type=2 2 2 2 2 2 2 2 2 2 2 2 2 2 2 2 2 2 2 2 2 2 2 2 2 2 2 2 2 2
left_child=1 -1 3 6 -5 -6 7 8 9 10 -3 -9 13 14 15 24 -16 21 29 -18 -21 22 23 -15 25 26 27 -2 -26 -19
right_child=12 2 -4 4 5 -7 -8 11 -10 -11 -12 -13 -14 17 16 -17 19 18 -20 20 -22 -23 -24 -25 28 -27 -28 -29 -30 -31
leaf_value=-0.00078036196551163552 0.13006520806143815 -0.026989036741503814 0.033978165665093374 -0.11650295472995796 0.012845132558843729 0.25798254484264099 -0.12228704380502793 -0.076611962627318952 0.23224629097851396 -0.10894269568074966 0.55309588756701233 -0.005015652461005566 -0.00085791192391786197 0.19778133583333316 -0.11448994089780613 0.029906405807029968 -0.072428969835164003 -0.036013766196922259 -0.13572528881529417 0.0034943986632062158 -0.072425374323949396 0.015708639707155896 0.089121447587044544 -0.04248640645387395 -0.026362764918774196 0.058342957094220022 0.01847282908631279 -0.036667149216577696 0.0069072455238947499 0.05498218053615879
leaf_weight=22547.085287042428 20.450342820957303 13.463645308278503 109.14928307384253 20.084692479111254 14.644529214128854 16.201241973787546 63.540791558567435 207.00218127667904 15.268844719976185 26.95986358448863 3.2996421894058576 116.72607252001762 21741.143319275696 22.651721745729446 74.94030563859269 1452.3629413293675 147.74535188358277 112.65668654441833 33.880990451201797 759.29550962406211 99.198697790503502 330.61307713016868 280.47836420498788 81.87329787760973 980.4284880599007 229.20984154567122 1390.2763034924865 472.99073810642585 965.12678052298725 98.605531882494688
leaf_count=66526 142 228 161 304 108 43 567 822 49 466 28 377 54004 44 1606 4136 1092 499 217 6620 1303 1091 704 298 4386 2299 2756 6839 4189 338
internal_value=2.24019e-06 -0.00146856 -0.0270595 -0.0404592 0.0398155 0.1416 -0.0496208 -0.0375564 0.0351014 -0.0337449 0.0871934 -0.0507966 0.00116474 0.00698705 0.00376426 0.00882374 -0.0220243 0.0290994 -0.0131929 -0.0151378 -0.0052781 0.0435872 0.0675273 0.00958226 0.00127913 0.0115346 0.00583898 -0.029757 -0.00985859 0.00645811
internal_weight=52447.4 23153.4 606.341 497.192 50.9305 30.8458 446.261 382.72 58.992 43.7232 16.7633 323.728 29293.9 7552.78 6592.03 5510.85 1081.18 960.76 245.143 1006.24 858.494 715.616 385.003 104.525 4058.48 2112.93 1883.72 493.441 1945.56 211.262
internal_count=162242 69679 3153 2992 455 151 2537 1970 771 722 256 1199 92563 38559 35368 24747 10621 3191 1054 9015 7923 2137 1046 342 20611 12036 9737 6981 8575 837
is_linear=0
shrinkage=0.1


Tree=98
num_leaves=31
num_cat=0
split_feature=1 7 15 2 1 12 6 18 4 15 12 14 15 17 8 9 12 16 12 6 16 12 5 17 18 18 17 11 18 0
split_gain=8.54662 22.3091 26.6745 32.0184 24.3805 32.3193 22.9135 22.569 28.8563 21.0197 55.4011 18.9371 18.3882 18.2143 15.8682 15.8642 17.4411 13.432 20.9115 25.555 11.3389 9.51326 9.50414 16.0019 9.21697 33.9948 30.2304 35.9524 64.4078 86.5911
threshold=4.5000000000000009 192.04000000000005 1.8973861904761906 2.8188775510204089 5.5000000000000009 1.122773678752254 13.277500000000002 -1296.9099999999996 3.6626016260162606 0.072203750000000025 0.10461752818839105 53.851648351648358 0.0013275000000000003 6.7517123287671241 0.81450000000000011 13.443119183157135 24.537794124365487 0.99750000000000016 0.004826576163134407 25.757000000000005 0.73950000000000016 0.018475227288094666 29.72556390977444 8.4919354838709697 -695.95499999999981 -689.88999999999987 0.16764705882352945 0.00085347025840373238 -1600.0899999999999 0.016783249612694243
decision_type=2 2 2 2 2 2 2 2 2 2 2 2 2 2 2 2 2 2 2 2 2 2 2 2 2 2 2 2 2 2
left_child=24 4 3 12 5 21 11 -6 9 10 -9 13 -3 -5 15 16 -11 22 19 -19 -18 -2 23 -8 26 -26 27 28 -1 -30
right_child=1 2 -4 6 7 -7 17 8 -10 14 -12 -13 -14 -15 -16 -17 20 18 -20 -21 -22 -23 -24 -25 25 -27 -28 -29 29 -31
leaf_value=-0.032994481857350606 -0.0028401013724151047 0.12334410288636828 -0.065917977152455523 -0.092439309764519639 -0.11397717538520249 0.057744698494713698 0.080105197718594354 -0.015601336812227485 0.063505512524918928 -0.10843089596933267 -0.17358687799116559 0.050082796871530826 0.031472639443361032 -0.0061403237933858454 0.04463021754716201 0.044392445373022178 0.034178445014627704 -0.079092069078910698 0.051789268639555242 0.049535210151056719 -0.048842252073141551 -0.088447000671631262 0.090051677076776762 -0.0079532712048441916 0.023342324374594648 0.00032232772865229829 -0.0034023863486547126 0.0012604175807749637 0.12981068586870212 0.022526187772574431
leaf_weight=108.26439733617008 32.633441723883152 50.2264643907547 31.455077283084393 36.905075237154961 24.188309274613857 108.01281324774027 40.829205900430679 80.322481036186218 41.991679787635803 27.875517249107361 30.672561347484589 34.116134338080883 38.474561296403408 72.506937310099602 49.075007654726505 27.453966163098812 28.075398549437523 39.299971126019955 64.88539257645607 25.447112917900085 39.733927056193352 21.555614165961742 52.39560504257679 41.72496872395277 653.99193777609617 33604.393998454791 15576.714528200682 1079.0769168427214 108.01870913431048 247.8525174073875
leaf_count=522 63 60 93 96 69 159 42 162 48 95 121 50 84 132 71 51 42 99 84 36 86 85 53 76 1590 104009 50803 2589 318 454
internal_value=-3.39269e-06 0.00897212 0.0233863 0.0290405 -0.00591187 0.0261277 0.0172052 -0.0207861 -0.0138545 -0.0253248 -0.0592593 -0.0149662 0.0834943 -0.0352493 -0.00345333 -0.0226163 -0.0418425 0.0346572 0.0116682 -0.0285386 -0.0144688 -0.0368933 0.0567403 0.0355982 -0.00018505 0.000761779 -0.00207973 0.0112707 0.0345438 0.0550906
internal_weight=52418.2 1039.86 528.267 496.811 511.591 162.202 408.11 349.389 325.201 283.209 110.995 143.528 88.701 109.412 172.214 123.139 95.6848 264.582 129.632 64.7471 67.8093 54.1891 134.95 82.5542 51378.3 34258.4 17119.9 1543.21 464.136 355.871
internal_count=162242 1957 905 812 1052 307 668 745 676 628 283 278 144 228 345 274 223 390 219 135 128 148 171 118 160285 105599 54686 3883 1294 772
is_linear=0
shrinkage=0.1


Tree=99
num_leaves=31
num_cat=0
split_feature=5 11 15 6 4 4 14 2 4 16 7 14 0 19 4 18 10 15 15 4 11 10 17 17 2 9 18 17 6 5
split_gain=8.78626 30.1807 32.1226 19.6643 30.78 34.2549 26.7053 60.301 23.0435 25.506 35.3725 27.9486 22.3596 22.257 21.5055 22.5611 21.2419 21.0235 20.4948 24.5342 24.7303 34.2659 33.8858 18.2256 17.3574 16.6078 29.9574 23.6173 23.4656 34.077
threshold=61.083333333333336 1.0682306247302336e-08 -1.0000000180025095e-35 16.207500000000003 5.169540229885059 6.2546296296296306 0.10538581623550401 8.0227272727272751 4.3879928315412196 0.19750000000000004 15674.700000000001 1.243245614035088 0.18237250554323728 0.027780193236714979 4.0674242424242433 -1445.6699999999998 12437760.662650002 1.0000000180025095e-35 -2.9522153214285711 15.012820512820515 0.008308050179912629 1219769.1693000002 4.3932370820668707 13.758333333333335 3.0050000000000003 1.0005005005005008 -1497.7499999999998 0.33396704689480355 157.17350000000002 101.32539682539685
decision_type=2 2 2 2 2 2 2 2 2 2 2 2 2 2 2 2 2 2 2 2 2 2 2 2 2 2 2 2 2 2
left_child=-1 2 -2 14 8 12 7 -7 25 -10 -11 16 -6 -8 15 -3 -12 -14 -9 20 21 -20 -23 -22 -15 -5 -27 -28 29 -29
right_child=1 3 -4 4 5 6 13 18 9 10 11 -13 17 24 -16 -17 -18 -19 19 -21 23 22 -24 -25 -26 26 27 28 -30 -31
leaf_value=-0.0002745597916665245 0.1141183082499016 -0.061622086089551532 -0.11037279882793563 0.017284521469439398 0.097500875770423642 -0.1718381256878122 -0.067190120421145888 0.077913330316001006 0.061729106614496043 -0.010187073300963885 -0.36842245342389174 -0.02875257821546548 0.051924615760118455 0.092462662469801615 0.052326063271619407 0.022374089826057323 -0.15550202874740171 -0.012633217925337826 0.09473636531619295 0.020984565316351803 -0.15866678866926129 0.0013698793915641943 -0.093472778935147716 -0.033782894453737063 0.015066869524047495 0.016556821748395786 0.036976059624557252 -0.21413150626842314 -0.0043035255209164106 -0.050457354659140155
leaf_weight=50189.30683734687 7.623919876292347 40.276276096701622 38.878765549045056 146.78715553507209 57.935154810547829 23.826475059613585 31.684210665524006 25.948639214038849 14.151789270341395 37.207851611077785 5.6799539327621451 15.280779808759688 133.24957203865051 30.359374277293682 189.76806398481131 155.18947559222579 26.762848698534071 81.173339996486902 23.87411817908287 128.41788568627089 24.230645604431629 102.1724854875356 59.672864511609077 22.572340235114098 636.25078114122152 77.568510487675667 17.140741690993309 24.82529316842556 20.844641774892807 26.087672993540764
leaf_count=156870 21 101 590 322 68 133 94 32 18 69 30 32 178 47 274 254 263 154 22 290 79 206 179 59 1408 172 31 98 84 64
internal_value=-1.92727e-06 0.00614662 -0.0735684 0.00784789 0.00344535 0.0106023 0.00279849 -0.0174354 -0.0205312 -0.0625648 -0.0832754 -0.140259 0.0423787 0.0146995 0.0283468 0.00506644 -0.192779 0.0274852 -0.00792655 -0.0140977 -0.033473 -0.0171015 -0.0335989 -0.0984373 0.0185917 -0.00723588 -0.0288575 -0.0684838 -0.0936751 -0.130265
internal_weight=52414.7 2225.44 46.5027 2178.94 1793.71 1381.37 1109.01 410.715 412.337 99.0832 84.9314 47.7236 272.358 698.294 385.234 195.466 32.4428 214.423 386.889 360.94 232.522 185.719 161.845 46.803 666.61 313.254 166.467 88.8983 71.7576 50.913
internal_count=162242 5372 611 4761 4132 2949 2549 1000 1183 412 394 325 400 1549 629 355 293 332 867 835 545 407 385 138 1455 771 449 277 246 162
is_linear=0
shrinkage=0.1


Tree=100
num_leaves=31
num_cat=0
split_feature=12 12 11 11 7 7 16 0 7 15 5 2 15 14 7 7 1 3 8 17 9 7 2 6 17 15 10 16 4 12
split_gain=8.50542 29.0684 37.3988 26.8085 36.4542 37.6459 47.9781 44.9617 28.7142 28.5218 36.905 28.5818 27.0572 26.8917 25.4564 40.4726 61.8674 38.6576 41.0914 70.7248 42.9829 37.4365 36.2429 49.8488 45.4063 52.2394 36.3807 33.6084 32.1161 36.8488
threshold=0.041667315931946197 0.039331795436279286 0.043966816056100484 0.022092747467241648 3165.4650000000006 5529.2000000000016 0.31550000000000006 0.1082709215239336 896.70500000000004 0.015000961538461541 1.0000000180025095e-35 11.341666666666669 0.57338445378151282 0.66627450980392167 2759.2600000000007 3398.1750000000006 0.017291209886386289 56.500000000000007 4.5910000000000011 89.441666666666677 8.1656466553949496 1812.6850000000002 0.64642857142857157 179.39400000000003 129.10319767441862 -0.054539393939393929 5006999.3396500004 0.10250000000000001 2.111735330836455 0.074085891342082183
decision_type=2 2 2 2 2 2 2 2 2 2 2 2 2 2 2 2 2 2 2 2 2 2 2 2 2 2 2 2 2 2
left_child=1 -1 3 4 9 7 -7 -6 -5 10 -3 13 -11 -12 17 16 -16 18 -2 20 -20 -22 23 -21 -24 -26 -27 -18 -29 -30
right_child=14 2 -4 8 5 6 -8 -9 -10 12 11 -13 -14 -15 15 -17 27 -19 19 22 21 -23 24 -25 25 26 -28 28 29 -31
leaf_value=0.00085226846934962448 -0.0031785733900218643 0.10356306069587379 -0.079647862247051615 0.16077165972157462 0.19299646393305769 -0.14488178453791106 0.047915564584434502 0.028114619911486956 0.033630767390699659 -0.12001290014241917 -0.15026219685013498 0.071012974185337821 0.014629136093367707 0.0017925868993229857 0.11150624670308709 -0.0041737306846707616 0.00096403890750331757 -0.077584617703403802 0.0034028512046845659 0.44274142328330007 0.083810362374600184 -0.064762797141759296 0.10618340867338119 0.06694829211796019 0.099730690827591326 -0.076911225018032547 0.092847527431732718 -0.075583645569121463 0.032614778383431874 -0.053742019858010304
leaf_weight=25488.961914454587 12733.432301033288 36.319803206250072 30.540054079145193 32.133554473519325 34.881658455356956 15.40648982580751 79.574002085253596 31.450001686811447 39.721430465579033 35.777606361545622 20.770295491442084 22.910334393382072 25.608148543164134 26.433164432644844 29.222520022653043 4247.2964947749861 168.35626311879605 63.672246363945305 8423.6931950398721 5.7699050316587082 111.03322737058625 20.017037134617567 85.824048111215234 9.0921764033846539 41.761938389390707 58.155785737559199 16.124564437195659 249.66365222632885 76.914134223014116 138.18686680868268
leaf_count=71692 37455 84 85 33 92 103 266 53 72 189 110 26 57 73 182 17194 583 653 30050 29 389 103 200 98 59 251 60 1384 167 450
internal_value=3.10942e-07 0.001288 0.0270252 0.0351497 0.0230683 0.0570134 0.0166425 0.114821 0.0904882 -0.00956049 0.021748 -0.0206333 -0.0638446 -0.065114 -0.00126025 -0.00775916 -0.0307508 0.000219088 0.000449452 0.00571621 0.00428697 0.0611168 0.0621313 0.212842 0.0510354 0.0102483 -0.0400605 -0.0373169 -0.0511837 -0.0228632
internal_weight=52398.7 25920.5 431.527 400.986 329.132 161.312 94.9805 66.3317 71.855 167.819 106.434 70.1138 61.3858 47.2035 26478.2 4909.64 662.343 21568.6 21504.9 8771.47 8554.74 131.05 216.728 14.8621 201.866 116.042 74.2804 633.121 464.765 215.101
internal_count=162242 72935 1243 1158 1053 514 369 145 105 539 293 209 246 183 89307 19960 2766 69347 68694 31239 30542 492 697 127 570 370 311 2584 2001 617
is_linear=0
shrinkage=0.1


Tree=101
num_leaves=31
num_cat=0
split_feature=15 20 15 17 15 7 5 2 10 15 18 18 13 17 7 7 6 9 9 12 15 17 5 12 1 19 19 13 9 19
split_gain=8.64692 33.6382 42.8955 37.8684 29.6114 41.4604 41.6475 34.6787 62.962 32.9091 42.1058 37.5637 30.5663 39.4216 30.2829 29.5131 34.5443 59.1575 50.3584 40.6045 41.9651 59.3179 38.0423 36.161 38.5832 33.4216 69.8555 32.8013 31.7592 29.2887
threshold=0.23636369318181819 1.7500000000000002 2.3897977454545458 31.179292929292931 0.25456415584415587 509.85000000000008 0.95833333333333337 4.6132478632478637 41354363.979300007 0.30910639204545459 -1262.1599999999996 -670.76999999999987 0.02801869158878505 16.077380952380956 2137.8750000000005 16232.100000000002 55.116000000000007 47.394429469901176 15.399436786720026 0.00072069885280553071 0.29925681103142865 2.8758116883116887 13.708333333333334 0.0040350773783021559 2.8333333333333335 0.063679487179487196 0.080267857142857155 0.33266666666666672 22.770480470100246 0.022224014336917567
decision_type=2 2 2 2 2 2 2 2 2 2 2 2 2 2 2 2 2 2 2 2 2 2 2 2 2 2 2 2 2 2
left_child=-1 2 4 29 5 -2 -7 8 -6 10 -9 -12 13 -8 -10 16 17 19 27 -3 21 28 -20 24 -22 -25 -27 -18 -21 -4
right_child=1 15 3 -5 7 6 12 9 14 -11 11 -13 -14 -15 -16 -17 18 -19 22 20 23 -23 -24 25 -26 26 -28 -29 -30 -31
leaf_value=-0.00066223552473555162 0.089538436333825383 0.076233071424357257 -0.13850309492812207 -0.00013513820521541465 -0.0045678543817000653 -0.12653751382689007 0.034538287983277981 -0.12673729055433783 -0.00016628221044056885 0.0088669534988248984 0.044163425898716038 -0.057749687445815746 0.057400927084152703 -0.18796247969035551 -0.1174416048498091 -0.0031600931648240863 0.038196789951883948 0.12329033098344599 -0.14761548040644509 -0.1604398752541156 -0.16462706308177355 0.040268017990537225 0.046000334013358513 -0.028321081332339154 -0.0030827980482147303 0.1264781340855885 0.010602816918861391 0.15828623301573241 0.032391221414053858 -0.036182557272432352
leaf_weight=41439.145666342694 90.83285100851208 71.9718127399683 30.160223662154749 386.73800449818373 3129.1557842944749 21.146267471835017 19.588128661736846 38.964473269879818 31.200866929255426 3750.2410946395248 68.482853874564171 76.642429683357477 85.408990026451647 13.417241126298903 74.814691910520196 871.34315224550664 679.08525321539491 42.934733398258686 25.36464068852365 48.365856729447842 25.10264403745532 33.559742202982306 16.916022829711437 179.51483336742967 35.970291197299957 56.676246330142021 634.05641998723149 23.532942310441285 10.37291646748781 386.15857478184626
leaf_count=132568 181 98 293 1763 8579 168 47 164 183 7405 111 204 221 71 887 2462 1800 63 153 249 117 85 29 588 75 81 1359 49 24 2165
internal_value=-1.64433e-06 0.00249653 -0.000714268 -0.0226656 0.00166795 0.0369559 0.00273259 0.000533963 -0.00713566 0.00684064 -0.0344391 -0.00965813 0.0258175 -0.055912 -0.0829269 0.0120574 0.0190976 0.00814317 0.0358408 0.00363071 -0.00147405 -0.0657913 -0.0701519 0.00490011 -0.0694819 0.0101202 0.0201107 0.042219 -0.126387 -0.0435952
internal_weight=52396.9 10957.7 8202.95 803.057 7399.9 230.393 139.561 7169.5 3235.17 3934.33 184.09 145.125 118.414 33.0054 106.016 2754.77 1883.42 1138.53 744.899 1095.59 1023.62 92.2985 42.2807 931.32 61.0729 870.247 690.733 702.618 58.7388 416.319
internal_count=162242 29674 22442 4221 18221 688 507 17533 9649 7884 479 315 339 118 1070 7232 4770 2739 2031 2676 2578 358 182 2220 192 2028 1440 1849 273 2458
is_linear=0
shrinkage=0.1


Tree=102
num_leaves=31
num_cat=0
split_feature=12 15 7 16 14 5 18 0 1 16 12 8 19 8 12 8 0 6 0 4 15 5 1 10 14 0 12 17 18 19
split_gain=8.56525 40.5415 28.5636 19.3828 27.3777 20.9389 26.4747 27.535 23.6267 21.4458 25.1794 16.0255 13.658 25.5913 12.8147 43.6443 40.1621 36.9555 57.5122 45.767 37.1976 95.3981 36.5521 36.4715 36.0784 31.3788 32.8782 30.1421 27.3433 43.7217
threshold=24.537794124365487 -0.045849341332857139 54.020000000000003 0.10450000000000001 0.49968750000000006 10.343137254901963 -140.95999999999995 0.27326839826839833 0.81666666666666676 0.77750000000000019 49.032895721649489 1.6810000000000003 0.8135 0.79050000000000009 1.8404022389152739 8.9410000000000007 0.019834764933446991 8.4450000000000021 0.12922201138519926 0.30816714150047492 -0.29284398809523804 11.380952380952383 5.5000000000000009 15915.823900000003 -2.5972222222222219 0.082079496968335955 4.9024002713759325 186.76363636363638 -140.67499999999998 0.021739935587761678
decision_type=2 2 2 2 2 2 2 2 2 2 2 2 2 2 2 2 2 2 2 2 2 2 2 2 2 2 2 2 2 2
left_child=14 2 -2 4 -3 6 7 -5 11 -10 12 -8 13 -11 -1 22 -17 18 24 25 -21 23 27 -22 -18 26 -19 -16 29 -20
right_child=1 3 -4 5 -6 -7 8 -9 9 10 -12 -13 -14 -15 15 16 17 19 28 20 21 -23 -24 -25 -26 -27 -28 -29 -30 -31
leaf_value=0.00039653458688492215 -0.1738870811400087 -0.14836012087857173 0.022297143584308371 -0.141731019221986 0.043236680658631184 0.08800164623874504 0.11294168156066726 0.055822201097327599 0.02304195852725768 -0.017680162130852564 0.079240784497719874 0.024591573958362537 0.00093436864257711173 -0.11998407731533543 -0.0010150991132375678 -0.0800306435103081 0.060966206049558574 0.028019460088412659 0.056321210529259896 0.059915759856030176 -0.0010133188882721891 0.046518434757616044 -0.072447149901727612 -0.12317597301871114 -0.13646969161516764 0.020832127196058845 0.23447322143284655 0.12093937219389761 0.038022300504736171 -0.12570202379720313
leaf_weight=45171.36996659392 20.257466759532694 17.404250947758559 11.712181974202393 21.661197826266289 13.050146743655203 37.533007241785526 38.690017059445381 10.463383063673971 506.04967975616455 106.38014741241932 29.295588746666908 43.741234114393592 173.74427065253258 31.749282553792 5363.6322118928656 123.23364358022809 10.535963840782641 13.564414486289026 21.183678895235062 49.457449674606323 33.095285624265671 83.443705983459949 71.661120697855949 93.430800225585699 76.149875108152628 56.588909231126308 17.883514188230038 20.343345018103719 65.493199855089188 34.996657252311707
leaf_count=139407 97 120 43 171 27 77 56 15 824 201 31 106 307 96 16745 1742 36 72 40 103 112 173 221 463 472 148 47 40 128 122
internal_value=-1.90765e-06 0.00888836 -0.102014 0.0123314 -0.0662581 0.0147265 0.0118669 -0.0773854 0.0149511 0.00997841 -0.0093985 0.0660597 -0.0177248 -0.0411949 -0.000185884 -0.00447438 -0.028382 -0.0169308 -0.0502289 0.00303665 -0.0181053 -0.0364828 -0.00149862 -0.091222 -0.112473 0.0653379 0.145424 -0.000554294 -0.00588343 -0.0570673
internal_weight=52367.8 1061.73 31.9696 1029.76 30.4544 999.308 961.775 32.1246 929.65 847.219 341.169 82.4313 311.874 138.129 51306.1 6134.69 679.057 555.823 208.359 347.464 259.427 209.97 5455.64 126.526 86.6858 88.0368 31.4479 5383.98 121.674 56.1803
internal_count=162242 2171 140 2031 147 1884 1807 186 1621 1459 635 162 604 297 160071 20664 3658 1916 798 1118 851 748 17006 575 508 267 119 16785 290 162
is_linear=0
shrinkage=0.1


Tree=103
num_leaves=31
num_cat=0
split_feature=2 2 2 11 18 15 7 1 5 9 9 7 17 6 17 18 7 7 6 14 14 0 11 17 2 9 10 7 10 16
split_gain=8.46368 9.58452 9.63245 41.5026 15.0562 26.5983 17.4452 29.8088 11.0492 16.3577 23.7826 30.4843 28.0744 16.6502 15.126 11.7613 14.5882 17.0356 11.6243 11.5759 11.4593 11.1073 9.86677 35.5848 36.2141 46.0298 30.5826 63.9562 30.2306 35.306
threshold=199.00000000000003 119.50000000000001 77.291666666666671 0.0015632343249076237 -1199.5899999999999 0.024006842105263163 11685.365000000003 0.36602870813397131 94.071428571428584 1.0005005005005008 1.4892041019090201 67999.910000000018 19.792857142857148 277.99900000000008 34.378378378378386 -1595.8999999999999 2759.2600000000007 48859.635000000002 41.169000000000004 0.66627450980392167 3.4601809954751137 0.77346041055718484 0.072387271436285164 2.2004464285714289 9.6760752688172058 1.6982735580777832 13852.646050000001 26596.625000000004 990.03190000000006 0.88550000000000006
decision_type=2 2 2 2 2 2 2 2 2 2 2 2 2 2 2 2 2 2 2 2 2 2 2 2 2 2 2 2 2 2
left_child=1 2 8 -4 6 -6 -5 -8 22 13 11 -11 19 14 15 16 -10 -18 -14 -12 -20 -15 -1 -24 25 28 -27 -28 -25 -30
right_child=-2 -3 3 4 5 -7 7 -9 9 10 12 -13 18 21 -16 -17 17 -19 20 -21 -22 -23 23 24 -26 26 27 -29 29 -31
leaf_value=-0.00042551251962405018 -0.071910070487314501 0.038685090117333426 -0.1519301319128718 0.065577905795042621 0.01965767780503061 -0.10503290114891246 -0.088282312282388697 0.063944596300298875 0.058086689029187337 -0.0095441798143486856 0.0014266397325326653 -0.15631534900794347 -0.0037418570637600158 -0.12497569235341772 0.070864861861979253 0.037829859444819945 -0.10625132864685133 0.0096536059298893435 -0.17131464482447206 0.061505850018305441 -0.028851092182355438 0.0089900824501043166 0.012802512075064845 0.03475533160202126 0.0094683385113261496 0.032967730753552055 -0.1836853352150066 0.079404607480552031 -0.16729886437426464 -0.057659040670610229
leaf_weight=48816.016328828759 16.36419440060854 64.026893019676208 21.930632725358009 44.824794612824917 34.931722808629274 33.527126353234053 28.498478591442108 23.447095081210136 21.29060173779726 42.812004875391722 55.124915711581707 21.138412380591035 22.235192913562059 10.99136768653989 84.989517446607351 141.58839068189263 22.273515533655882 29.444896701723337 12.213397406041624 76.682877205312252 10.500238008797167 14.165150612592695 1963.9233216457069 26.909001640975475 361.7033522054553 114.32148483395576 21.547822020947933 16.177015960216522 36.24487541615963 154.85561538487673
leaf_count=154264 84 103 193 59 64 99 84 29 31 85 106 98 43 124 150 244 71 81 82 126 30 29 4082 54 683 211 118 42 270 503
internal_value=-4.17694e-06 1.83096e-05 -2.90595e-05 -0.0226746 -0.00551873 -0.0414084 0.019871 -0.0195704 5.23263e-05 0.013955 -0.00580063 -0.0580585 0.0131062 0.0285982 0.0351597 0.021019 -0.0115827 -0.0402631 -0.05514 0.0363794 -0.105455 -0.0495421 -0.000100285 0.00578925 -0.0130332 -0.0350269 0.00720458 -0.0708681 -0.0644803 -0.0784538
internal_weight=52344.7 52328.3 52264.3 187.16 165.229 68.4588 96.7704 51.9456 52077.1 565.45 240.707 63.9504 176.757 324.743 299.587 214.597 73.009 51.7184 44.9488 131.808 22.7136 25.1565 51511.7 2695.68 731.759 370.056 152.046 37.7248 218.009 191.1
internal_count=162242 162158 162055 528 335 163 172 113 161527 1300 570 183 387 730 577 427 183 152 155 232 112 153 160227 5963 1881 1198 371 160 827 773
is_linear=0
shrinkage=0.1


Tree=104
num_leaves=31
num_cat=0
split_feature=8 16 12 5 14 6 10 17 15 7 16 15 11 12 12 4 19 15 6 10 12 13 11 11 1 17 5 12 17 12
split_gain=8.2982 42.1699 56.5596 46.8916 43.688 44.5996 50.5443 32.0074 43.254 36.7911 36.4276 28.1083 27.7266 39.9614 39.4022 31.4988 26.033 33.661 44.5383 32.882 31.3151 41.406 28.4555 25.5004 25.4071 24.561 22.6949 21.5755 37.3368 28.1494
threshold=0.22550000000000003 0.17950000000000002 16.348786801801804 50.125000000000007 0.44454365079365082 61.665500000000002 60447.268400000008 1.2474489795918371 -0.019760965909090905 42.025000000000006 0.10050000000000002 0.012007100000000001 0.024714891242235505 0.019800725090476489 0.12982357088779653 3.4031250000000006 0.051945906432748545 -0.019760965909090905 36.000500000000009 1037701202.5786501 0.023952266270842237 0.016021390374331555 0.045400689246738644 0.00064844740057474158 0.72077922077922085 57.689903846153854 12.34848484848485 0.2646742042009787 0.30255035737491881 0.019115362820897732
decision_type=2 2 2 2 2 2 2 2 2 2 2 2 2 2 2 2 2 2 2 2 2 2 2 2 2 2 2 2 2 2
left_child=1 2 4 -3 11 6 7 9 -9 10 -6 16 14 -14 15 -13 17 -1 20 -20 25 22 24 -8 -22 26 -19 29 -29 -18
right_child=-2 3 -4 -5 5 -7 23 8 -10 -11 -12 12 13 -15 -16 -17 27 18 19 -21 21 -23 -24 -25 -26 -27 -28 28 -30 -31
leaf_value=0.058683963090581714 0.00020122766071551735 -0.10165211498090594 -0.12746348279407838 0.058299918210598038 -0.02503285098441543 -0.16239748641672949 -0.06587998339252514 0.047432939966277225 -0.17415326662076636 0.012757945874665819 -0.14831606942402595 0.062407592049986152 0.066842918526631073 -0.12977626800853717 0.12066973757510505 -0.059949145536430042 0.046139954714029263 -0.031703720935213703 -0.15948762451486498 0.14484790285342633 -0.091084267462103158 -0.10601821439490988 0.10298669467385856 0.050155738147601409 0.054359220559350163 -0.073114100269945415 0.062975776974981953 -0.013520337359234032 0.13454432004196415 -0.059609944833300857
leaf_weight=58.608782526105642 50983.523984507658 85.606485386379063 35.183642063289881 23.320943258702755 66.266437843441963 22.233158586546779 22.562025198712945 11.801072526723145 34.748022822663188 113.46217100322247 37.54792482405901 65.018029952421784 21.746636472642422 19.701709970831871 71.944587349891663 31.105157900601625 67.660915438085794 34.545014165341854 33.085863755084574 3.9769314825534812 31.115454450249672 61.46091059781611 21.220572352409363 117.95149341598153 19.561449401080608 23.668249046429992 94.777809292078018 27.696491122245789 44.224992722272873 40.083669632673264
leaf_count=129 157509 686 187 46 235 110 93 23 168 298 201 158 27 84 156 78 111 132 429 29 182 343 55 184 61 108 140 103 54 123
internal_value=-3.0772e-06 -0.00776542 -0.0024963 -0.067407 0.0011745 -0.0245047 -0.0169225 -0.0427251 -0.117977 -0.0266032 -0.0696223 0.0153783 0.0466371 -0.0266164 0.0647026 0.0228133 0.00371844 -0.0110456 -0.023682 -0.126832 -0.0103311 -0.0457513 0.00576729 0.0315241 -0.0349426 0.0205438 0.0376848 0.0351109 0.0775256 0.00679836
internal_weight=52325.4 1341.89 1232.96 108.927 1197.78 426.572 404.339 263.826 46.5491 217.277 103.814 771.203 209.516 41.4483 168.068 96.1232 561.687 382.021 323.412 37.0628 286.349 133.358 71.8975 140.514 50.6769 152.991 129.323 179.666 71.9215 107.745
internal_count=162242 4733 4001 732 3814 1312 1202 925 191 734 436 2502 503 111 392 236 1999 1608 1479 458 1021 641 298 277 243 380 272 391 157 234
is_linear=0
shrinkage=0.1


Tree=105
num_leaves=31
num_cat=0
split_feature=16 10 7 13 9 0 7 2 12 11 6 9 19 11 19 19 4 2 9 14 6 19 5 7 14 11 9 9 5 3
split_gain=8.11419 33.6647 34.5513 23.3697 24.0898 29.4887 39.565 33.0551 30.409 28.2543 35.2585 26.0589 25.5714 28.0205 22.6099 20.6409 27.8797 18.4049 43.5174 33.0907 30.811 40.0094 32.6736 37.0745 31.2465 27.0007 24.7964 52.2164 23.9138 32.7416
threshold=-0.097499999999999962 6417116728.2670507 55350.820000000007 0.18005376344086024 1.2928253624423787 0.35767590618336892 13287.755000000003 9.3367697594501742 0.45928650000000004 0.059926127206514225 174.00300000000001 1.1217053444258229 0.2765833333333334 0.0097745704773095337 0.032258661887694155 0.14073214285714289 5.8768939393939403 10.174242424242426 24.067423540315108 3.4601809954751137 323.17750000000007 0.035366071428571434 12.950000000000001 1504.6900000000003 0.11115555555555558 0.01051902147238565 1.3236273170048007 1.3856815889319567 14.071428571428573 13.500000000000002
decision_type=2 2 2 2 2 2 2 2 2 2 2 2 2 2 2 2 2 2 2 2 2 2 2 2 2 2 2 2 2 2
left_child=1 2 3 4 5 6 7 8 9 10 12 -12 -1 -14 -13 -7 -17 18 20 28 26 24 23 -23 25 -22 -6 -28 -19 -30
right_child=-2 -3 -4 -5 17 15 -8 -9 -10 -11 11 14 13 -15 -16 16 -18 19 -20 -21 21 22 -24 -25 -26 -27 27 -29 29 -31
leaf_value=-0.1394349199161771 0.00025928171599005689 -0.14936853789315827 0.028141660321658293 -0.096198475478695381 0.092313421952372923 0.036065410300681298 -0.17822909357930672 -0.12720923460810926 -0.13544616445217444 0.1540768840680363 0.12322374209122028 0.099650114721159491 -0.093912439987787866 0.093053584920375285 -0.077493674821446631 -0.12797178548553481 0.027920515081151766 0.064176866497571969 -0.15530661328813092 -0.061970933310129428 -0.026291159299781458 0.09501302600508009 0.12563920534138676 -0.16594320049824185 -0.1556508353189025 -0.19670403573154305 -0.16994449079899154 0.00053921477193552916 0.022358377962993961 -0.060649951303966922
leaf_weight=27.599337273277342 50065.459582501324 16.234756112797186 277.90197292622179 30.637307446915656 28.122172574978322 79.776394806802273 23.527671217918396 35.245489437133074 19.491440345067531 10.71869322657585 23.035178029444069 11.001318566501142 17.515791442245245 14.779463179409502 20.881193259730935 22.388912312686443 23.527216874063015 101.36911490187049 20.347502884455025 53.232196226716042 86.732996976934373 9.9229721929878014 21.292548395693302 12.062296165153382 34.24286038801074 10.413918018341063 18.359394798055291 837.56905221473426 297.15979385375977 56.562568999826908
leaf_count=229 154838 206 585 275 67 118 205 137 211 7 144 36 122 24 122 66 39 161 116 134 449 26 21 86 274 56 105 2712 512 159
internal_value=-4.26479e-06 -0.00589036 -0.00484367 -0.00955053 -0.00816564 -0.0327717 -0.0562661 -0.0403481 -0.0192378 -0.00119392 -0.0156898 0.0421832 -0.0687538 -0.0083501 -0.0163688 0.00532181 -0.0480933 -0.00305827 -0.0104487 0.0126301 -0.0076647 -0.0460438 0.0373479 -0.0481615 -0.0735118 -0.044559 -8.18894e-05 -0.00311761 0.0213562 0.00908479
internal_weight=52307.1 2241.65 2225.42 1947.51 1916.88 329.488 203.796 180.268 145.022 125.531 114.812 54.9177 59.8946 32.2953 31.8825 125.693 45.9161 1587.39 1079.07 508.324 1058.72 174.668 43.2778 21.9853 131.39 97.1469 884.051 855.928 455.091 353.722
internal_count=162242 7404 7198 6613 6338 1460 1237 1032 895 684 677 302 375 146 158 223 105 4878 3912 966 3796 912 133 112 779 505 2884 2817 832 671
is_linear=0
shrinkage=0.1


Tree=106
num_leaves=31
num_cat=0
split_feature=16 8 7 5 4 16 14 15 0 5 5 6 1 13 19 16 0 15 4 17 2 0 15 0 8 10 10 6 16 14
split_gain=8.33565 36.219 36.4312 29.6841 37.2927 36.3119 36.2173 33.0548 47.2342 38.8742 28.3773 28.1132 41.9298 36.9962 32.2279 30.983 29.7834 29.504 32.1875 50.8353 30.8473 44.9557 25.8926 65.3254 40.449 28.4959 35.4212 37.1617 62.1328 46.4505
threshold=0.31550000000000006 0.37250000000000005 1504.6900000000003 8.9750000000000014 0.70106382978723414 0.29350000000000004 0.60047619047619061 1.1291165000000001 0.17684288905435594 5.366666666666668 50.125000000000007 1770.3000000000002 0.049281521959117593 0.03984505924205451 0.003741338112305855 0.15450000000000003 0.33549783549783557 0.80009000000000008 2.9933333333333336 28.630681818181824 5.5131578947368434 0.100561797752809 -0.29284398809523804 0.031348270440251576 1.2490000000000003 335693.14060000004 350578.58430000005 345.52750000000009 0.10650000000000001 0.062622549019607857
decision_type=2 2 2 2 2 2 2 2 2 2 2 2 2 2 2 2 2 2 2 2 2 2 2 2 2 2 2 2 2 2
left_child=3 2 10 7 -5 -6 -7 11 -9 -10 -2 17 13 15 -14 16 -13 18 22 20 21 -20 23 -1 -25 -24 -27 28 -28 -29
right_child=1 -3 -4 4 5 6 -8 8 9 -11 -12 12 14 -15 -16 -17 -18 -19 19 -21 -22 -23 25 24 -26 26 27 29 -30 -31
leaf_value=-0.12295539862319492 -0.090097650633357174 -0.00054941412572653988 0.093278479887318966 -0.08396675643598088 0.0063284926300244543 -0.033528618969277106 0.092592338733969257 -0.10677359929523517 0.0014758765273414458 -0.12130280353206005 0.042818518643151032 -0.093475270878228364 0.26100558576329147 0.089157407319722923 0.063983374382659636 0.088348875852083605 0.112480508458439 0.035054819410829906 -0.13544496485499008 -0.14812421996927944 0.027884796897256821 -0.010179704857558466 -0.0039665726253023626 -0.099099477233777475 0.014884019673566902 0.12120067519017459 0.040016693065907154 0.020499030446653313 -0.074932034470330464 -0.052391674702632313
leaf_weight=61.249828626867384 104.7675561401993 39162.61235563294 15.421215899288653 45.051866641268134 6685.0840552728623 30.268315751105547 91.896557845175266 70.264990670373663 210.66605481505394 29.38488645106554 18.971196979284286 49.779913434758782 13.073343235999344 40.468696527183056 22.749916945584118 17.218696526251733 8.1744447052478773 203.83359371358529 42.070265967398882 36.308399906381965 82.28762074559927 89.812322489917278 4036.9461178570054 37.969729743897915 172.91148064285517 30.70017843414098 476.77186827617697 188.73118579760194 52.168583663878962 162.87807192420587
leaf_count=537 744 121229 18 240 14603 88 108 663 387 87 42 471 43 114 96 72 6 452 198 179 187 184 16133 109 342 83 2256 1054 348 1169
internal_value=-4.5437e-06 -0.000730375 -0.0516566 0.0021917 0.00671566 0.00731581 0.0613438 -0.00286002 -0.0346614 -0.0135536 -0.0697194 -0.00116618 0.0413524 0.0120684 0.135885 -0.0294317 -0.0644253 -0.00230107 -0.00369289 -0.0387101 -0.020161 -0.0501391 -0.00201271 -0.032044 -0.00563902 -0.000361116 0.0156115 0.0119301 0.0286795 -0.0132666
internal_weight=52290.5 39301.8 139.16 12988.7 6852.3 6807.25 122.165 6136.42 310.316 240.051 123.739 5826.1 151.465 115.642 35.8233 75.1731 57.9544 5674.64 5470.81 250.479 214.17 131.883 5220.33 272.131 210.881 4948.2 911.25 880.55 528.94 351.609
internal_count=162242 122033 804 40209 15039 14799 196 25170 1137 474 786 24033 802 663 139 549 477 23231 22779 748 569 382 22031 988 451 21043 4910 4827 2604 2223
is_linear=0
shrinkage=0.1


Tree=107
num_leaves=31
num_cat=0
split_feature=17 4 8 10 11 10 19 7 3 14 11 8 4 1 13 14 13 19 0 19 4 4 12 17 6 5 7 17 11 15
split_gain=8.2294 28.7159 41.0907 39.3068 36.7262 33.0161 27.0276 34.0325 24.827 23.2167 22.52 37.789 59.0483 37.7425 53.6105 66.7204 47.7898 35.0293 40.0273 37.4672 42.7838 33.7622 32.5822 78.6561 29.3322 26.9022 26.2448 34.6986 25.3687 51.9012
threshold=0.83429770819151361 3.7516447368421058 37.005500000000005 1219769.1693000002 0.0020488577734523385 3101973782634.0454 0.017669696969696974 86.030000000000015 144.50000000000003 -16.76444892473118 0.045400689246738644 4.1045000000000007 1.7010638297872342 0.11583184257602865 0.033949152542372886 0.79349206349206358 0.056759961518670167 0.088809090909090921 0.4971910112359551 0.026864250614250618 2.6030303030303035 3.5030864197530867 6.7461531818181824 14.508928571428573 385.22500000000008 16.973684210526319 33655.545000000006 7.3366666666666669 0.16819719485216403 -0.13056946428571425
decision_type=2 2 2 2 2 2 2 2 2 2 2 2 2 2 2 2 2 2 2 2 2 2 2 2 2 2 2 2 2 2
left_child=1 5 4 -4 9 8 -6 -8 -1 -3 22 28 -13 17 15 -15 21 19 -19 24 -21 -16 -2 -24 -14 -18 -22 -28 -12 -30
right_child=10 2 3 -5 6 -7 7 -9 -10 -11 11 12 13 14 16 -17 25 18 -20 20 26 -23 23 -25 -26 -27 27 -29 29 -31
leaf_value=0.00031305955313568556 -0.00013271941373319647 -0.10215324070077743 0.021017312166733932 -0.14943430095859764 -0.026509704871838513 -0.1283238793633342 0.062907481751383207 0.016690639466626623 -0.096334295114835655 -0.0065079169199794397 0.0041818061453851134 -0.12606384501660289 0.11583536412715048 -0.25701110280123723 0.10533739278510784 -0.043593006076599099 -0.11801201021721962 0.074977279484713874 -0.053793498696194965 -0.1549656692129624 -0.0095978653965264841 -0.014664310447285592 -0.11742737758585847 0.037444236668957596 -0.0090476765207306662 -0.027575267450361846 -0.005231123025409852 -0.20660901238927201 0.067987806731786726 -0.11514477863010496
leaf_weight=20331.3350145882 26839.205313554383 26.698771312832832 24.019851759076118 30.975976813584566 130.6185506246984 20.011240399908274 172.83752247691154 2038.4799020960927 26.614146678708494 513.37378564290702 1071.546308727935 56.865876819007099 31.527924120426178 25.052541583776474 33.44199226796627 35.273639786988497 58.782541267573833 94.826171480119228 32.382513768970966 27.758636102080345 197.67546703666449 78.431578643620014 74.98947065602988 58.279961300548166 46.616712056100368 74.68205413967371 17.368704617023468 16.864103127270937 22.621591545641422 48.989654310047626
leaf_count=61649 88292 91 50 347 298 321 234 3677 437 1277 2356 282 44 115 40 83 220 149 75 130 444 165 529 304 149 187 34 68 30 165
internal_value=-5.32285e-06 0.00139286 0.0106371 -0.0749882 0.0122711 6.05136e-05 0.017692 0.020303 0.000186712 -0.0112362 -0.00113162 -0.0114512 -0.0277264 -0.0204704 -0.0477659 -0.132222 -0.026999 -0.00252874 0.0421971 -0.019371 -0.0376407 0.0212074 -0.000377631 -0.0497006 0.0413371 -0.0674068 -0.0235972 -0.104436 0.00033074 -0.0572942
internal_weight=52258.1 23315 2937 54.9958 2882.01 20378 2341.94 2211.32 20357.9 540.073 28943.2 1970.71 827.55 770.685 305.664 60.3262 245.338 465.02 127.209 337.812 259.667 111.874 26972.5 133.269 78.1446 133.465 231.908 34.2328 1143.16 71.6112
internal_count=162242 68381 5974 397 5577 62407 4209 3911 62086 1368 93861 4736 2185 1903 810 198 612 1093 224 869 676 205 89125 833 193 407 546 102 2551 195
is_linear=0
shrinkage=0.1


Tree=108
num_leaves=31
num_cat=0
split_feature=14 14 10 9 10 16 0 10 12 12 16 2 14 8 6 7 10 1 15 12 15 1 13 5 6 12 13 13 10 10
split_gain=8.1482 33.7595 70.8244 51.2579 47.5513 43.4499 45.2672 41.9977 46.7891 108.327 41.5444 41.3985 43.64 40.2356 57.2146 37.8424 33.7154 32.4016 30.3723 30.0795 32.6268 25.7264 31.3686 28.4534 26.8336 26.7659 29.3096 39.379 28.6701 56.4725
threshold=-1.0000000180025095e-35 -6.2985153764581119 1467712.1322000001 0.84793695835570226 8986.431950000002 0.74350000000000016 0.08631332481907196 5631.513750000001 7.5413312570356483 3.2282707125603869 0.5545000000000001 5.8634669151910535 -288.66666666666657 9.9810000000000016 27.132500000000004 3020.9050000000002 477652993.60750002 0.23205128205128209 1.0525340909090912 0.19305427749957091 -0.084015214285714276 1.6333333333333335 0.066555924695459595 1.9583333333333337 2217.1250000000005 0.00037085182492505199 0.022611652222818728 0.020343910130074895 412987.40840000001 45389.858150000007
decision_type=2 2 2 2 2 2 2 2 2 2 2 2 2 2 2 2 2 2 2 2 2 2 2 2 2 2 2 2 2 2
left_child=1 11 3 4 -3 10 7 8 9 13 -5 21 15 -7 17 -13 -14 -15 -8 20 -9 22 24 -23 25 -1 27 28 29 -27
right_child=-2 2 -4 5 -6 6 18 19 -10 -11 -12 12 16 14 -16 -17 -18 -19 -20 -21 -22 23 -24 -25 -26 26 -28 -29 -30 -31
leaf_value=0.074388824299031847 -0.00032302829595135164 0.41024166280467089 0.10685049844428768 -0.025547833952109879 0.033586221907580489 -0.091656761709540846 0.022755556808469631 0.1245029346705511 -0.13375479525719561 0.20929425438641647 0.15568550764690778 0.011921409280185076 0.02042408754918312 -0.08051353512915653 0.28516850248444814 -0.051556560614687497 0.11436503254412021 0.11338074942706133 -0.07994443902892194 -0.12193603573534594 -0.069673373131694166 -0.050689741050915116 0.0038445210094718006 0.09508896285228545 0.097432940590479411 -0.045571305785905444 -0.069207096493885428 0.098497726420912923 -0.11456761506178914 0.052580700077963775
leaf_weight=21.067385226022452 49045.892790295184 6.1589459143578988 85.733272735029459 19.152539542410523 7.3537756549194455 43.754485554993153 595.79660259187222 12.156780567020176 20.858365502208471 25.838130917400122 37.245475547388196 212.51512046530843 689.33084805309772 23.503171399235725 8.0175761468708497 168.28146601933986 40.446569606661797 13.608973324298857 30.258805379271507 65.655484826304018 30.026287082582712 19.986247327178717 352.23059370229021 40.561290085315704 15.339085780084131 248.34334929846227 222.25017131306231 24.709204631857574 37.662993442267179 76.730465310625732
leaf_count=49 152352 34 230 84 125 250 1284 58 131 79 76 417 1305 178 34 582 72 72 89 742 289 87 1361 69 44 692 1038 58 180 181
internal_value=-4.29126e-06 0.00488924 0.019844 0.0119034 0.205262 0.00908137 0.00356413 -0.0330284 0.00401609 0.029065 0.0941394 -0.00217725 0.0113114 -0.0233266 0.0429214 -0.0161307 0.0256306 -0.00941276 0.0177918 -0.0796028 -0.0137135 -0.0163243 -0.020163 0.0469686 -0.0332509 -0.036429 -0.0402581 -0.0236522 -0.0319729 -0.0224035
internal_weight=52240.5 3194.57 1025.12 939.385 13.5127 925.873 869.475 243.419 135.581 114.722 56.398 2169.45 1110.57 88.8842 45.1297 380.797 729.777 37.1121 626.055 107.839 42.1831 1058.88 998.333 60.5475 646.103 630.764 609.696 387.446 362.737 325.074
internal_count=162242 9890 3755 3525 159 3366 3206 1833 744 613 160 6135 2376 534 284 999 1377 250 1373 1089 347 3759 3603 156 2242 2198 2149 1111 1053 873
is_linear=0
shrinkage=0.1


Tree=109
num_leaves=31
num_cat=0
split_feature=9 10 7 6 13 3 10 15 14 3 17 4 11 17 19 16 19 10 12 0 12 7 14 18 17 2 9 7 12 2
split_gain=8.22593 21.0436 47.1473 38.3728 58.0505 47.1469 36.789 36.7063 39.8895 60.5807 36.5377 40.1671 49.9272 48.5001 58.4919 56.6947 38.9051 37.5053 35.4263 46.1209 40.4535 32.7307 48.6319 31.5377 31.5778 31.3063 30.7415 29.7837 46.394 32.3354
threshold=4.1914081257393168 9947.7541000000019 8428.6800000000021 18.666500000000003 0.094392033542976955 2.5000000000000004 15152.705350000002 0.23333430154479171 0.40047619047619054 6.5000000000000009 23.306089743589748 0.48733974358974363 0.0084862578522952488 3.3516016016016019 0.14275714285714289 0.10250000000000001 0.0078482737734706255 5337.3685500000011 0.8654645050505051 0.038554440728353782 0.38195381210604379 2394.1000000000004 0.038544073951799283 -697.90999999999997 22.505952380952383 15.585784313725492 8.9335594573024757 16232.100000000002 0.13346688859984429 14.022727272727275
decision_type=2 2 2 2 2 2 2 2 2 2 2 2 2 2 2 2 2 2 2 2 2 2 2 2 2 2 2 2 2 2
left_child=-1 2 3 4 23 -5 7 8 18 -10 11 13 -13 16 15 -15 17 -7 19 20 -3 22 -21 25 -25 -2 -6 -8 29 -29
right_child=1 6 -4 5 26 10 27 -9 9 -11 -12 12 -14 14 -16 -17 -18 -19 -20 21 -22 -23 -24 24 -26 -27 -28 28 -30 -31
leaf_value=-0.00067432874582885449 -0.14656990163701741 -0.13827656336241601 -0.15609126125368153 -0.091780239819947873 0.089030401015287752 0.11642531647563992 0.0083375733840586729 -0.061056013420054914 0.020187277628569155 0.15759994841755637 -0.13778482735546291 0.12338764058134979 -0.0015576996424951062 0.14251830597884987 0.3040224909069405 -0.13994447842568361 -0.087314854349960738 -0.12129530083692204 0.095531954277488507 0.044404148643880884 0.079464822514075051 0.078637027042631591 -0.13135604051397079 -0.0015086230920029981 0.083146221456952427 0.0051930743498648929 0.016145873276721196 -0.018444670421056419 0.060796469105474607 0.0079694850004119917
leaf_weight=40720.238980983268 29.601839199662209 35.472304740920663 20.083068303763866 88.687462355941534 108.31494079530239 20.051311826333407 4732.4868663894013 35.956812308169901 63.497236389666796 64.850663892924786 22.959263239055872 35.065249435603619 363.64454155415297 13.567294486798348 7.7756947427988043 14.920656868256627 146.33739922288805 9.9203372560441476 49.053308411501348 43.188250422477722 11.234888479113577 67.530547864735126 24.772797808051109 3176.2475945074111 44.683246646076441 25.133068054914474 124.25892959907651 1318.2747915876098 99.440729335416108 714.71947972662747
leaf_count=128114 141 286 82 345 272 91 13553 137 163 124 118 86 968 77 41 181 911 61 126 75 38 97 88 9897 85 46 435 3871 325 1408
internal_value=-7.0774e-06 0.00235318 -0.00323427 -0.00250874 0.00181426 -0.0234874 0.00562482 0.0352793 0.0449119 0.0896181 -0.0139379 -0.00928631 0.00943084 -0.0443929 0.0609291 -0.00542249 -0.0660558 0.037742 0.0200994 -0.000209264 -0.0859013 0.0293308 -0.019663 -0.00161333 -0.000334226 -0.0768837 0.0500899 0.00391613 -0.00589634 -0.00915851
internal_weight=52232 11511.7 4251.25 4231.17 3508.24 722.929 7260.48 395.557 359.6 128.348 634.242 611.282 398.71 212.573 36.2636 28.488 176.309 29.9716 231.252 182.199 46.7072 135.492 67.961 3275.67 3220.93 54.7349 232.574 6864.92 2132.44 2032.99
internal_count=162242 34128 13837 13755 10876 2879 20291 1134 997 287 2534 2416 1054 1362 299 258 1063 152 710 584 324 260 163 10169 9982 187 707 19157 5604 5279
is_linear=0
shrinkage=0.1


Tree=110
num_leaves=31
num_cat=0
split_feature=12 15 7 16 1 7 19 19 16 15 19 9 9 16 16 16 5 10 0 10 15 18 19 12 16 18 6 1 14 10
split_gain=8.0469 33.1756 28.8117 12.8268 19.5722 39.0626 26.1517 20.3697 20.0153 17.1925 16.4138 13.549 21.7572 40.2262 17.5504 15.3861 11.955 30.5245 20.7099 10.3417 35.5475 28.2256 37.223 33.6435 81.5509 35.9626 45.498 44.0959 42.2255 46.6582
threshold=24.537794124365487 -0.045849341332857139 86.030000000000015 0.24650000000000002 0.38675213675213682 4.0050000000000008 0.3987500000000001 0.42275000000000001 0.77750000000000019 0.039801394285714296 0.027029138513513518 1.2394133972369865 3.5735569555593401 0.79250000000000009 0.8175 0.78650000000000009 10.343137254901963 880.41340000000014 0.24257134451309212 770.46420000000012 -1.1347883333333331 -100.84999999999998 0.030078461538461543 0.55722525635582854 0.50550000000000017 1.0000000180025095e-35 8.4450000000000021 0.38675213675213682 0.60047619047619061 805.18505000000016
decision_type=2 2 2 2 2 2 2 2 2 2 2 2 2 2 2 2 2 2 2 2 2 2 2 2 2 2 2 2 2 2
left_child=19 2 -2 10 9 7 -7 -6 -9 16 -3 14 13 15 -10 -13 17 -5 -19 20 -1 -21 23 -23 25 26 28 -27 29 -25
right_child=1 3 -4 4 5 6 -8 8 11 -11 -12 12 -14 -15 -16 -17 -18 18 -20 21 -22 22 -24 24 -26 27 -28 -29 -30 -31
leaf_value=0.040152440547811516 -0.16417148454210739 0.021839728682487063 0.038864055184606616 0.1421460796116284 0.074426510845379726 -0.18266533719208 -0.013317466277893861 0.023271306974286379 0.074053454731607793 -0.03215898492665805 -0.11414295186071768 -0.056599036784372003 0.0079529599011069086 -0.16935830954021705 -0.0057975375498723206 0.037447540523662372 0.14276368872879694 -0.12995970954176389 0.069813264668868599 -0.00059109028071920337 -0.0051271300349422268 0.011832230390211649 0.0031507236026810008 0.14600297050647079 0.22458257630485209 -0.078304908191065573 0.14978376366360477 0.085921536121774444 0.09643665150323083 -0.029545243992609823
leaf_weight=178.22938561905175 20.103221237659458 17.453380508814007 10.714011542499064 19.461369350552559 52.364268943667412 16.912795659154654 19.787930075079203 478.91054891049862 37.232860252261162 15.640904928557573 18.063093569129705 47.156809136271477 98.265789806842804 24.590276882052422 105.56654711067677 27.563695222139359 22.830754917114973 10.600327514111997 10.165741905570028 39050.78961976245 6375.1992792347446 692.54115120321512 4548.3378173839301 17.921505510807037 24.935693316161633 49.585195250809193 42.223871245980263 24.392873533070087 69.30205937474966 97.561542451381683
leaf_count=307 103 86 37 25 75 80 50 765 40 84 89 106 164 86 193 39 40 95 14 126389 18563 1960 11795 41 49 241 125 78 148 375
internal_value=-8.19418e-06 0.0086434 -0.0935835 0.0117242 0.0138487 0.0097039 -0.091358 0.0139591 0.0100944 0.0616888 -0.0473188 -0.00844568 -0.0254074 -0.0584167 0.0150224 -0.0219061 0.0849667 0.0521645 -0.0321636 -0.000186292 -0.00389569 0.000358544 0.00702017 0.0243007 0.0507944 0.0363967 0.0561292 -0.0241543 0.0347288 -0.00230239
internal_weight=52224.4 1053.38 30.8172 1022.57 987.051 908.352 36.7007 871.651 819.287 78.6991 35.5165 340.376 197.577 99.3108 142.799 74.7205 63.0582 40.2274 20.7661 51171 6553.43 44617.6 5566.8 1018.46 325.923 300.987 227.009 73.9781 184.785 115.483
internal_count=162242 2171 140 2031 1856 1598 130 1468 1393 258 175 628 395 231 233 145 174 134 109 160071 18870 141201 14812 3017 1057 1008 689 319 564 416
is_linear=0
shrinkage=0.1


Tree=111
num_leaves=31
num_cat=0
split_feature=6 8 3 6 3 7 10 1 15 0 16 10 7 13 9 15 6 11 14 12 2 4 19 6 3 0 6 18 6 4
split_gain=7.84002 20.9947 12.2567 38.4288 13.7567 24.3754 25.7237 19.721 11.523 7.9571 7.86937 28.565 27.3909 19.2313 19.5167 26.3914 27.1934 30.7496 22.0607 26.9715 22.4232 21.0064 18.2826 17.8657 24.4345 45.7595 17.1045 16.8852 33.2534 20.266
threshold=6530.2605000000012 160.09250000000003 152.50000000000003 4319.9865000000009 135.50000000000003 18686.220000000005 15500722.150400003 0.014319890635680111 0.28646753246753254 0.26215805471124626 -0.097499999999999962 3407211480.5750508 55350.820000000007 0.18005376344086024 1.2928253624423787 -0.3739754545454545 157.17350000000002 0.03505140454766939 0.83358974358974369 0.030506857169010252 2.6201923076923079 3.1465040650406508 0.01667083333333334 540.0200000000001 11.500000000000002 0.45183384887317724 23.779000000000003 -149.59999999999997 93.27800000000002 0.36417112299465243
decision_type=2 2 2 2 2 2 2 2 2 2 2 2 2 2 2 2 2 2 2 2 2 2 2 2 2 2 2 2 2 2
left_child=2 -2 4 -4 10 -6 7 8 9 -7 11 12 13 14 15 -1 17 -17 19 21 -20 -18 -21 24 -14 -26 -15 29 -29 -16
right_child=1 -3 3 -5 5 6 -8 -9 -10 -11 -12 -13 23 26 27 16 18 -19 20 22 -22 -23 -24 -25 25 -27 -28 28 -30 -31
leaf_value=0.062596215761509769 -0.11676513497923646 0.055953318442728189 -0.12812369709955151 0.27316587796127129 0.15117545983288494 -0.10813007847623712 0.073643578439622936 0.070519406069210019 -0.0080735173263909842 -0.28360136941164432 0.00025231851006441509 -0.12529977733256839 0.036758905580639191 0.0051154546011906209 0.030290370807393774 -0.089240835876622404 0.087950969525477929 0.0198155664512536 0.12268446930165011 0.047413779471291474 -0.016299150806160522 -0.049257413165472705 -0.12057821227794203 0.058337999420280166 -0.1537881430124437 0.019325361524995033 -0.15122204796046965 -0.005832684204822039 -0.10242726213941107 -0.0042574964926968828
leaf_weight=28.048246189951897 18.542980408761654 11.342684371396897 18.405500420369211 2.7418943289667359 16.417778716422617 5.3422878971323389 28.701622025109828 6.9228354990482321 4.9953454388305536 5.0058466047048569 49880.360568610602 19.837315060896799 98.238241657614708 11.580571947619321 197.8650130382739 126.54579619225115 22.406924474053085 32.493257477879524 22.13261057343334 7.8858776786364606 24.412510556168854 22.226192580536008 36.294243274722248 101.35494578815997 23.556545000523329 43.40312472730875 17.685657655820251 132.60592994838953 48.738478785380721 1196.8765098955482
leaf_count=48 360 112 554 19 88 116 69 40 21 23 153487 235 179 57 992 653 79 62 76 60 80 69 321 187 110 77 215 391 296 3166
internal_value=-8.40761e-06 -0.0512123 2.09172e-05 -0.0760939 5.17756e-05 0.0452053 0.0110702 -0.0695877 -0.132803 -0.193013 -6.63174e-06 -0.00584016 -0.00476023 -0.00891465 -0.00767457 -0.0300904 -0.038921 -0.0669595 -0.00597721 -0.035203 0.0497888 0.0196246 -0.0905927 0.0252859 0.00500729 -0.0415763 -0.0893597 -0.00308859 -0.0317936 0.000643637
internal_weight=52213 29.8857 52183.1 21.1474 52161.9 67.3857 50.9679 22.2663 15.3435 10.3481 52094.5 2214.19 2194.35 1927.8 1898.53 322.446 294.397 159.039 135.358 88.8132 46.5451 44.6331 44.1801 266.553 165.198 66.9597 29.2662 1576.09 181.344 1394.74
internal_count=162242 472 161770 573 161197 357 269 200 160 139 160840 7353 7118 6565 6293 1448 1400 715 685 529 156 148 381 553 366 187 272 4845 687 4158
is_linear=0
shrinkage=0.1


Tree=112
num_leaves=31
num_cat=0
split_feature=15 20 15 9 18 18 17 2 6 10 14 7 3 4 17 1 17 0 7 4 8 10 4 12 15 18 6 6 0 6
split_gain=7.63371 28.749 33.4607 31.8999 26.8937 29.3305 26.689 24.4858 39.7224 33.1265 29.4521 27.3351 59.6004 25.3477 36.6291 35.1721 24.6539 25.338 25.0114 44.7329 31.6983 28.2596 41.7142 46.6715 55.7896 49.6822 43.3515 42.5182 58.3053 32.1712
threshold=0.23636369318181819 1.7500000000000002 2.3897977454545458 4.9968789013732842 -1496.8999999999999 -1597.7799999999997 31.179292929292931 3.2464285714285719 13.833500000000003 198.60745000000003 -4.6381818181818177 27793.490000000002 73.500000000000014 1.3005376344086024 120.03125000000001 0.31414473684210531 81.091666666666683 0.057233848953594187 120.04500000000002 1.2311253561253563 4.9990000000000006 13276.588100000003 2.4953222049689443 0.044149464752663826 0.99997383333333345 -90.499999999999986 73.39200000000001 62.801000000000009 0.24257134451309212 34.505000000000003
decision_type=2 2 2 2 2 2 2 2 2 2 2 2 2 2 2 2 2 2 2 2 2 2 2 2 2 2 2 2 2 2
left_child=-1 2 7 6 5 -5 -4 8 9 -2 -11 12 16 14 -9 -16 18 -18 19 20 -10 22 23 24 -20 26 27 28 -25 -26
right_child=1 -3 3 4 -6 -7 -8 13 11 10 -12 -13 -14 -15 15 -17 17 -19 21 -21 -22 -23 -24 25 29 -27 -28 -29 -30 -31
leaf_value=-0.00062926486128102093 -0.032551058413937878 0.011213096145077378 -0.034219750714258139 -0.13897519306087208 -0.22305261213186456 0.089798635290939385 0.0032549727598518759 0.051849280963592682 -0.18628196910398356 -0.099496303053389412 0.013747873022302314 -0.070664529617099653 0.18666630352207902 0.0041620685146154766 -0.15327876519266559 0.038441408983360154 -0.073286899905008723 0.068548845035115588 -0.05680902969116574 0.085654910433789269 0.034006219921455833 -0.014795636302149001 0.021610787492126617 -0.14393198623697975 -0.13183663533164175 -0.18992202813539802 -0.17001606447552298 0.1363128322513861 0.025961682165896741 -0.33674653967677859
leaf_weight=41306.043251790106 196.36178273707628 2737.8671859023161 384.42052367771976 13.750005897134541 13.545208261348305 9.4595829285681265 375.8540267040953 222.26726296171546 12.783595154061915 23.403874728828669 1227.3561731390655 92.519449058221653 14.579285939224063 4299.9789280137047 18.48021356202662 19.843982324004173 15.963186002802102 59.694045588374138 35.60424810834229 53.971680961549282 13.357424329034982 811.01496800850146 60.749181173741817 28.896820495836437 14.426804423332216 19.645860280841589 16.719642331823707 19.640525529161096 67.119495525956154 16.340170055627823
leaf_count=132568 453 7232 2327 100 67 21 1706 419 87 67 2737 617 72 8936 115 32 187 83 121 88 30 3344 109 211 43 102 140 38 109 81
internal_value=-8.18881e-06 0.00234635 -0.000629462 -0.0200923 -0.111081 -0.0457333 -0.0156935 0.001478 -0.00588265 0.00563405 0.0116289 -0.0182003 -0.0143495 0.00599737 0.0362813 -0.0540075 -0.0167017 0.0386224 -0.0202783 0.0336504 -0.0737201 -0.0242414 -0.0516849 -0.0720731 -0.142036 -0.0415279 -0.0195049 0.00225334 -0.0251691 -0.240663
internal_weight=52201.7 10895.6 8157.75 797.029 36.7548 23.2096 760.275 7360.72 2800.15 1447.12 1250.76 1353.03 1260.51 4560.57 260.591 38.3242 1245.93 75.6572 1170.27 80.1127 26.141 1090.16 279.143 218.394 66.3712 152.022 132.376 115.657 96.0163 30.767
internal_count=162242 29674 22442 4221 188 121 4033 18221 8719 3257 2804 5462 4845 9502 566 147 4773 270 4503 205 117 4298 954 845 245 600 498 358 320 124
is_linear=0
shrinkage=0.1


Tree=113
num_leaves=31
num_cat=0
split_feature=11 17 10 10 9 2 18 14 5 13 4 14 13 7 16 7 8 20 8 4 0 15 10 18 18 15 19 20 13 0
split_gain=7.6185 27.3463 28.6254 26.6216 23.7275 36.0706 47.5546 33.0676 31.7433 27.927 25.1089 25.2979 24.1661 38.9254 23.6557 21.5666 24.4027 38.1447 20.433 24.9686 47.5685 33.3859 43.2832 23.8675 24.9345 27.2838 23.5901 22.7043 21.1842 20.3886
threshold=0.072387271436285164 2.2004464285714289 448965.74430000008 105.00000000000001 1.6982735580777832 8.2583333333333346 -110.32499999999999 0.026385407964355335 23.966666666666672 0.15024271844660195 2.2511261261261266 0.98784615384615393 0.18005376344086024 192.04000000000005 0.10050000000000002 75.88000000000001 0.81450000000000011 1.2500000000000002 0.93050000000000022 1.7514044943820226 0.79855072463768129 0.19999996601428574 805.18505000000016 -148.49999999999997 -140.67499999999998 -0.42347222222222219 0.12493750000000002 1.2500000000000002 0.28432209737827718 0.15345368916797492
decision_type=2 2 2 2 2 2 2 2 2 2 2 2 2 2 2 2 2 2 2 2 2 2 2 2 2 2 2 2 2 2
left_child=-1 3 4 14 5 6 7 12 10 -8 -6 -12 13 -3 -2 -5 17 -17 -18 20 21 23 27 -20 -25 26 -26 -23 29 -27
right_child=1 2 -4 15 8 -7 9 -9 -10 -11 11 -13 -14 -15 -16 16 18 -19 19 -21 -22 22 -24 24 25 28 -28 -29 -30 -31
leaf_value=-0.00028864897610270704 0.041006763164437271 0.036930859461428787 0.047090969026282188 0.037201008057839442 -0.044677521149195779 -0.009027417060846761 -0.054100868668781159 -0.16078480005061782 -0.10048616511791404 0.090649893968843098 0.071299908446553137 -0.023185453219514238 0.031992733770475026 -0.17074382733165319 -0.077221878815115913 -0.0055659162125603831 0.077907159155903974 -0.13529813960180315 -0.077197074716579786 0.022206751620091544 -0.14435691182174801 -0.064926398256671874 -0.13886006811103363 0.10880744718374294 0.0093939418375674835 -0.022003892705843998 -0.14162359355476073 0.070393481685867482 0.066322915743692187 0.033179838739528227
leaf_weight=49486.802329835482 23.575386106967926 13.749774836003779 75.47959825117141 326.01366359367967 40.59640215523541 288.13055221363902 29.96942569874227 53.728985857218504 22.871694557368755 24.00410620868206 100.46566507965326 39.469973534345627 21.534988131374121 26.267281020060182 59.979898221790791 125.59772461652756 46.961754687130451 27.654350489377975 28.244155064225197 790.84114337712526 23.612123817205429 24.149068273603916 36.538175724446774 28.072906143963337 20.846728585660458 127.08901362866163 20.53036430478096 25.482656359672546 77.813412792980671 141.49218349903822
leaf_count=156251 60 46 140 606 126 604 145 230 88 34 154 90 48 201 195 285 63 99 102 1385 72 72 137 43 46 434 71 43 144 228
internal_value=-6.88475e-06 0.00517514 -0.0112501 0.0113626 -0.0179142 -0.0305508 -0.0671913 -0.10346 0.0105014 0.0102754 0.0245625 0.0446496 -0.0534218 -0.0993872 -0.0438633 0.013829 0.00889695 -0.0289761 0.0130676 0.0108031 -0.00547943 0.00070471 -0.0562585 0.0117577 0.0177995 0.011211 -0.0655375 0.00455154 0.0203786 0.00706764
internal_weight=52177.6 2690.76 736.268 1954.49 660.789 457.385 169.255 115.281 203.404 53.9735 180.532 139.936 61.552 40.0171 83.5553 1870.94 1544.93 153.252 1391.67 1344.71 553.871 530.259 86.1699 444.089 415.845 387.772 41.3771 49.6317 346.395 268.581
internal_count=162242 5991 1906 4085 1766 1308 704 525 458 179 370 244 295 247 255 3830 3224 384 2840 2777 1392 1320 252 1068 966 923 117 115 806 662
is_linear=0
shrinkage=0.1


Tree=114
num_leaves=31
num_cat=0
split_feature=18 4 5 8 14 6 14 4 16 16 20 5 5 7 17 15 17 12 1 16 7 20 0 4 0 18 10 18 10 15
split_gain=7.29533 32.1096 49.2476 45.5267 59.1787 45.7061 39.136 41.8739 38.8097 38.2527 65.3274 44.6003 57.8193 60.5995 59.8223 54.3005 51.3553 45.4368 39.9862 39.9721 37.5495 37.4477 43.6674 37.2294 36.7678 36.6971 41.2444 35.905 35.8378 35.7038
threshold=-695.95499999999981 1.6026315789473686 9.6904761904761916 5.0020000000000016 -16.76444892473118 23.779000000000003 0.80026595744680862 1.5420707732634342 0.7965000000000001 0.30850000000000005 3.5000000000000004 9.0500000000000025 8.5277777777777803 3020.9050000000002 42.885416666666679 0.022598214285714287 35.031250000000007 0.17085930516833239 0.023880809808953525 0.9425 37335.885000000002 1.2500000000000002 0.45534290271132377 1.1256578947368423 0.1243556701030928 -1499.9199999999998 35064944.708400004 -1466.6599999999996 35064944.708400004 0.072730303030303048
decision_type=2 2 2 2 2 2 2 2 2 2 2 2 2 2 2 2 2 2 2 2 2 2 2 2 2 2 2 2 2 2
left_child=1 3 20 5 -5 -1 7 9 23 10 28 12 13 -11 15 16 19 -17 27 -15 -3 22 -9 -8 -12 26 -7 -16 -6 -13
right_child=-2 2 -4 4 6 25 8 21 -10 11 24 29 -14 14 18 17 -18 -19 -20 -21 -22 -23 -24 -25 -26 -27 -28 -29 -30 -31
leaf_value=-0.0059890644855926448 0.0008341437033444071 -0.038695762728892788 -0.0022939450494415541 -0.082921032047049703 0.007852059376492488 0.096730542128898811 -0.10549069242990999 -0.130853947341596 0.045091775826805784 -0.088128493992851845 0.22906667602789843 -0.11231764890279627 0.14611793115990437 -0.09141983036118205 0.21811027363344901 -0.11412450553409846 0.25931690290190157 0.10235514560649811 -0.10183792827169043 0.048181840210903132 0.014823608227795593 0.17858200641692878 0.11203750575274443 0.021548921601128673 0.039514496799672588 0.016851696386596084 0.028496269627932082 -0.12790843916412453 -0.13125416783115046 0.014010042170410847
leaf_weight=598.31882000155747 34678.267867901595 640.97525886306539 13375.442902626935 95.063069708179682 163.28279109066352 139.73017454985529 38.071742594940588 13.324197314679624 277.03853449993767 112.7359638446942 19.921379794832319 98.02516382932663 20.81020063534379 23.213900066446513 8.0322967115789634 44.462053586961702 10.452721220441161 12.399439300410448 76.978814436588436 176.1222859909758 164.79874784313142 20.850180190056562 16.652165755629539 58.533749545924366 21.041960746049881 966.34919919120148 242.0166235959623 4.7855273140594354 20.889732859213836 28.988893982023001
leaf_count=2432 106728 2871 33570 543 915 377 558 114 1877 1147 96 724 65 236 25 545 77 71 783 1044 744 97 12 215 31 3804 1858 183 370 130
internal_value=-5.66399e-06 -0.00167086 -0.00374035 0.00720068 -0.00682503 0.0170128 -0.00111381 -0.0124842 0.0260603 -0.0178042 0.0174785 -0.0306782 -0.0169898 -0.0242243 -0.00401282 0.0197607 0.0432542 -0.0669181 -0.074608 0.0319244 -0.0277499 0.0756615 0.00407465 -0.0285168 0.131698 0.0272216 0.053472 0.0889244 -0.00792604 -0.0834854
internal_weight=52167.6 17489.3 14181.2 3308.09 1361.68 1946.41 1266.61 892.97 373.644 842.143 225.136 617.007 489.993 469.183 356.447 266.65 209.789 56.8615 89.7966 199.336 805.774 50.8265 29.9764 96.6055 40.9633 1348.1 381.747 12.8178 184.173 127.014
internal_count=162242 55514 37185 18329 9858 8471 9315 6665 2650 6442 1412 5030 4176 4111 2964 1973 1357 616 991 1280 3615 223 126 773 127 6039 2235 208 1285 854
is_linear=0
shrinkage=0.1


Tree=115
num_leaves=31
num_cat=0
split_feature=14 7 6 15 10 0 8 13 17 17 12 12 2 14 14 2 16 8 1 18 18 10 0 1 2 0 11 18 1 1
split_gain=7.12223 28.9274 29.0245 23.8129 68.9768 38.9985 35.7847 30.7836 26.3247 41.0067 37.7228 46.3641 37.3555 43.2709 37.8533 48.1793 36.6365 37.5662 32.1244 28.8206 28.1548 27.9763 27.9443 27.4617 25.5523 31.2226 25.3773 30.5797 25.2337 24.6214
threshold=-1.0000000180025095e-35 366934.60000000009 79.639000000000024 0.20576623376623379 4092284.9835000006 0.10557275541795667 4.3075000000000001 0.032688643123007614 4.3932370820668707 5.6889880952380958 1.1842962871758524 0.8654645050505051 3.8786764705882359 -12.288690476190474 -6.2985153764581119 2.8373983739837403 0.83450000000000013 9.827 0.31009615384615391 -114.97499999999998 -175.94999999999996 400.03760000000005 0.11173533083645444 0.20256410256410259 5.8634669151910535 0.46709956709956718 0.0064562381632430341 -417.84999999999997 0.065395580898075567 0.046966911764705889
decision_type=2 2 2 2 2 2 2 2 2 2 2 2 2 2 2 2 2 2 2 2 2 2 2 2 2 2 2 2 2 2
left_child=1 3 -3 8 5 -5 -7 -8 12 28 11 29 14 -14 15 18 17 19 23 -16 -20 -22 -15 -1 -6 -26 -12 -28 -10 -11
right_child=-2 2 -4 4 24 6 7 -9 9 10 26 -13 13 22 16 -17 -18 -19 20 -21 21 -23 -24 -25 25 -27 27 -29 -30 -31
leaf_value=-0.012985224340321684 -0.00030583019269670125 0.029788988675637059 -0.159617030552752 -0.15589056953589231 -0.040408299129946292 0.012580046597751608 -0.04264472751903535 -0.16279537761389984 0.053306725257969305 0.042627556464802763 -0.123661576594714 0.12699066668290007 0.024845027643039214 0.16126572985105722 -0.053288144287878182 -0.11903899487461292 0.015622792949100645 0.19220910186634776 0.042430315139056901 0.11878528466828597 0.0193173173291021 -0.12064697699005644 0.052492875049752169 -0.097232449885821609 0.12143180874724674 0.0084291130858092055 0.038854312260888715 -0.10558214658123422 -0.11807727719200256 -0.0054632012645022612
leaf_weight=263.31751440837979 48984.323514856747 13.133430989459155 21.070582253858447 28.041699757799506 27.41042212350294 106.94505083560944 126.38536737114191 25.651928395032883 10.518688861280678 129.20948579721153 36.638895825017244 31.452479196712375 378.71066057682037 41.939405936747789 19.169793087989092 38.914068039506674 682.91635549254715 24.461279673501849 184.82801579870284 19.774171441793442 35.710646316409111 23.797773454338312 54.066292062401772 45.356222283095121 52.479182463139296 45.780353270471096 36.947339773178101 24.297912783920765 46.876091062091291 604.67639650125057
leaf_count=857 152352 51 132 195 155 185 298 92 51 436 353 91 719 63 79 153 2537 60 491 32 86 115 82 179 74 82 86 139 210 1807
internal_value=-8.09045e-06 0.00457757 -0.0868902 0.00557194 -0.0168183 -0.04387 -0.0317408 -0.0629167 0.00895224 -0.00481892 0.000623132 0.00809915 0.0159452 0.0400461 0.00739587 -0.011489 0.0223739 0.0950874 -0.00392094 0.0340838 0.0231689 -0.0366552 0.10001 -0.0253644 0.0449664 0.0687824 -0.0578305 -0.0184482 -0.0866679 0.00300376
internal_weight=52164.8 3180.48 34.204 3146.27 412.694 287.024 258.982 152.037 2733.58 920.617 863.223 765.338 1812.96 474.716 1338.25 591.924 746.322 63.4052 553.01 38.944 244.336 59.5084 96.0057 308.674 125.67 98.2595 97.8841 61.2453 57.3948 733.886
internal_count=162242 9890 183 9707 1081 770 575 390 8626 3173 2912 2334 5453 864 4589 1881 2708 171 1728 111 692 201 145 1036 311 156 578 225 261 2243
is_linear=0
shrinkage=0.1


Tree=116
num_leaves=31
num_cat=0
split_feature=18 18 15 20 9 10 12 11 4 6 6 6 8 7 15 0 8 19 9 7 6 13 11 12 17 14 20 0 7 7
split_gain=6.97079 24.8055 22.4877 22.4962 19.2317 17.6968 34.1326 37.3989 31.4649 29.8427 34.9933 44.0019 40.9366 34.0559 33.7818 32.5462 39.9214 37.0793 31.9593 58.337 46.2258 40.161 34.8309 34.4302 33.7528 76.6113 31.809 49.5819 43.8253 41.5313
threshold=-86.499999999999986 -68.200000000000031 -0.13056946428571425 3.5000000000000004 1.1771634448832538 1526.3216000000002 0.0026835824734276676 0.059926127206514225 4.6679487179487191 78.165500000000009 31.332500000000003 25.002500000000001 8.9980000000000011 1435.9350000000002 -0.17669799999999997 0.62563131313131326 9.827 0.045458041958041963 0.95359224807705367 208.05000000000004 5.0005000000000015 0.16496154783032332 0.054872607098553197 0.33371218421052634 5.6889880952380958 3.9873333333333343 1.7500000000000002 0.42776886035313005 696.6400000000001 16.005000000000006
decision_type=2 2 2 2 2 2 2 2 2 2 2 2 2 2 2 2 2 2 2 2 2 2 2 2 2 2 2 2 2 2
left_child=5 2 3 4 -2 6 -1 9 -9 10 11 13 14 18 -12 16 17 -15 19 -8 21 26 24 -23 25 -22 27 28 -20 -29
right_child=1 -3 -4 -5 -6 -7 7 8 -10 -11 12 -13 -14 15 -16 -17 -18 -19 20 -21 22 23 -24 -25 -26 -27 -28 29 -30 -31
leaf_value=0.032788840461094398 0.010685909585616825 0.0018918910294428257 0.067779769091630845 0.083245674492620866 -0.13537944738592431 0.00016466722527606721 -0.059972250936047147 0.012043257373282427 -0.07986083335797528 0.10879834094735737 0.017926903550367062 0.063144603516409006 0.090338625044720636 -0.045594373058278265 -0.12812018712068821 0.040790453017314716 0.0069678765801469943 -0.21705842795396355 -0.027407013104509648 0.23646460856308782 -0.022847888637790664 -0.026017084419977018 -0.19426774784740408 0.11344337200083071 0.024655697350745433 -0.11336084791108103 0.0057438560596391932 -0.10540398319107896 -0.14413826784815523 0.01963347209705316
leaf_weight=210.62707367353141 19.72965519875288 8013.4556305613369 107.85557168722153 17.029524713754654 16.596917718648911 39556.964246519143 12.572556611150505 958.09254540503025 38.759719550609589 19.768084902316332 20.403403006494045 74.986296933144331 13.634477302432058 20.618947379291058 70.779724191874266 19.93680776655674 23.116855934262276 32.477809350937605 897.25500307790935 14.065750747919081 420.75361934304237 27.416121463291347 13.814189441502092 49.965337937697768 85.480890262871981 120.23523684963584 857.10915797203779 28.62833683937788 33.358332090079784 368.40645938366652
leaf_count=519 54 20631 165 37 70 128443 90 2069 105 56 52 211 26 52 390 27 50 146 3138 27 1524 121 66 143 263 521 2404 82 164 596
internal_value=-8.39202e-06 0.00267321 0.0415107 -0.0115904 -0.0560486 -0.000506723 -0.00649873 -0.00845888 0.00846983 -0.0136919 -0.0144474 -0.0125261 -0.0712745 -0.0144018 -0.0954403 -0.0729626 -0.102719 -0.150474 -0.0124794 0.0965545 -0.0134801 -0.00676602 -0.0372012 0.0640328 -0.0337378 -0.0429645 -0.00927363 -0.0189687 -0.0315913 0.0106176
internal_weight=52163.9 8174.67 161.212 53.3561 36.3266 43989.2 4432.26 4221.64 996.852 3224.78 3205.02 3100.2 104.818 3025.21 91.1831 96.1504 76.2136 53.0968 2929.06 26.6383 2902.42 2262.14 640.284 77.3815 626.47 540.989 2184.76 1327.65 930.613 397.035
internal_count=162242 20957 326 161 124 141285 12842 12323 2174 10149 10093 9625 468 9414 442 275 248 198 9139 117 9022 6648 2374 264 2308 2045 6384 3980 3302 678
is_linear=0
shrinkage=0.1


Tree=117
num_leaves=31
num_cat=0
split_feature=6 10 3 6 3 10 7 8 12 7 18 11 15 3 19 1 0 18 17 9 17 14 15 3 6 3 3 0 12 13
split_gain=6.83224 19.023 10.606 30.4699 11.4016 25.3096 21.695 7.98575 27.5816 34.6395 40.8538 30.4676 28.8531 15.1698 28.3947 23.3526 24.7138 29.1637 20.2146 29.3878 19.1165 17.3313 23.8509 31.8545 28.3312 20.6557 14.5878 42.7126 33.0475 25.0368
threshold=6530.2605000000012 5029867473149.5752 152.50000000000003 4319.9865000000009 135.50000000000003 1467712.1322000001 121091.15000000001 87.048000000000016 0.0087020403409090921 6781.0500000000002 -147.97499999999997 0.03505140454766939 0.15555706349206352 77.500000000000014 0.012731456043956046 0.047847985347985351 0.0097324177125266403 -692.97499999999991 150.58333333333334 9.2646238358868747 72.782352941176484 0.18766534391534392 -1.1347883333333331 92.500000000000014 467.83550000000008 99.500000000000014 58.500000000000007 0.077254641909814334 0.001312284346393969 0.029875539247285175
decision_type=2 2 2 2 2 2 2 2 2 2 2 2 2 2 2 2 2 2 2 2 2 2 2 2 2 2 2 2 2 2
left_child=2 -2 4 -4 7 -6 -7 13 -9 10 12 -11 -10 26 15 16 -15 18 19 -18 21 22 -19 24 -24 -25 -1 29 -29 -28
right_child=1 -3 3 -5 5 6 -8 8 9 11 -12 -13 -14 14 -16 -17 17 20 -20 -21 -22 -23 23 25 -26 -27 27 28 -30 -31
leaf_value=0.00011225509576530614 -0.1152556840994316 0.051292317707846848 -0.12676387809909503 0.21106187283640121 -0.1103735614519136 0.15723411544232041 0.02460584998013067 0.016915396523191826 -0.13414376493283925 -0.14814615098442377 0.2589690509130238 0.12047817204274845 0.1382626991509853 -0.10759333604861106 0.14336308825632713 0.12878702421665567 -0.16403174129251186 0.14821637287660305 0.048832771108117685 0.038538995009926032 0.1110124595488816 0.065759205429006637 -0.14934652349668548 0.14010537923242614 -0.0035603237548563747 -0.014990844929137171 -0.085674074286266763 -0.11841603064787687 0.0079179474664297905 -0.0011078903687615001
leaf_weight=51027.62229010975 17.204156529624019 11.404004869982598 16.751686454750601 3.176024238113313 9.4267740370705706 18.027483628131449 39.049005866982043 79.82916917745024 12.056685102637863 40.808161622378975 5.8173238094896069 4.7095670253038397 5.7391622103750697 17.480790033470839 18.413934329524636 16.820915615186095 21.894982163794339 9.2177907917648536 13.229015558958052 10.642862616106866 27.346296057105064 53.829629897139966 24.171435697004199 15.430896535515783 29.720120749436319 19.360718913376331 112.0260660466738 21.864854160696268 390.70917125046253 50.923830161802471
leaf_count=155036 374 98 554 19 187 70 100 397 168 663 66 3 11 430 50 88 200 9 27 20 72 104 180 42 124 91 1466 109 863 621
internal_value=-9.11028e-06 -0.048865 1.77083e-05 -0.0729221 4.56091e-05 0.0414251 0.0664962 -7.28134e-06 -0.0231279 -0.0693681 0.0289114 -0.120352 -0.0462927 5.91028e-05 0.0233747 0.0148488 0.00693975 0.0158443 -0.0553959 -0.0977725 0.0340512 0.0201805 -0.00488032 -0.0207933 -0.0689483 0.053798 -6.63055e-05 -0.015898 0.00122273 -0.0592461
internal_weight=52144.7 28.6082 52116.1 19.9277 52096.2 66.5033 57.0765 52029.7 148.96 69.1309 23.6132 45.5177 17.7958 51880.7 277.559 259.145 242.325 224.844 45.7669 32.5378 179.077 151.731 97.901 88.6832 53.8916 34.7916 51603.1 575.524 412.574 162.95
internal_count=162242 472 161770 573 161197 357 170 160840 1308 911 245 666 179 159532 1437 1387 1299 869 247 220 622 550 446 437 304 133 158095 3059 972 2087
is_linear=0
shrinkage=0.1


Tree=118
num_leaves=31
num_cat=0
split_feature=16 8 7 5 19 12 18 15 1 16 15 3 19 15 14 0 7 12 11 13 11 17 19 13 13 2 15 7 3 15
split_gain=6.77623 28.9886 30.0504 27.3244 35.1142 48.856 48.2519 41.3543 39.2707 33.7938 31.7213 36.6658 33.306 33.2203 32.1498 28.1082 39.0302 34.7746 67.7137 33.5918 48.9801 45.3867 32.6085 34.8527 40.5212 33.964 30.3362 31.6249 33.8972 33.4953
threshold=0.31550000000000006 0.37250000000000005 1403.3700000000001 4.5131578947368434 0.013513899613899616 0.0013938185638904053 -95.499999999999986 0.3727795454545455 0.10084745762711866 0.27750000000000008 -0.0063736666666666655 8.5000000000000018 0.017009259259259262 -0.16551835753176039 0.42851648351648358 0.1908263305322129 114.05000000000003 4.1309005211996555 0.0038770376836258702 0.040040080160320644 0.14658428216791769 17.510000000000002 0.8135 0.49900000000000005 0.67209554831704676 0.9472222222222223 0.60513500000000009 1575.9850000000004 36.500000000000007 0.57338445378151282
decision_type=2 2 2 2 2 2 2 2 2 2 2 2 2 2 2 2 2 2 2 2 2 2 2 2 2 2 2 2 2 2
left_child=3 2 -2 4 5 7 15 8 -1 -5 13 12 -12 14 -8 17 -17 22 -19 -18 21 -21 23 26 -25 -24 27 28 -6 -29
right_child=1 -3 -4 9 6 -7 10 -9 -10 -11 11 -13 -14 -15 -16 16 19 18 -20 20 -22 -23 25 24 -26 -27 -28 29 -30 -31
leaf_value=-0.21748165523849836 -0.064908512062196097 -0.00050608305011581097 0.079192674252747508 0.004446760458268569 -0.065720820540246513 0.0076646656064024475 0.046535613985461285 0.067380504701801222 -0.0036831610275607054 0.045915077572131063 -0.098401249603504243 0.061629822113485194 -0.0045487857880828209 0.078147220129620693 -0.10823662155212257 -0.10451888961877542 0.010345753534210335 0.13291947092056475 -0.12747498631220675 -0.14139801600713839 0.067369346454152046 0.023453100345529925 -0.053430052584414855 0.12229164055966216 -0.079789984308281756 0.074502433420383679 -0.13259802067223245 -0.023876379101552485 0.14393175655727181 0.20892040637418222
leaf_weight=24.875679796561599 117.30066883563995 39065.091833560378 16.508203640580177 7998.2786885173991 423.95801882818341 2104.1460564058507 32.541944324970245 12.290365770226343 13.12390288710594 201.46895780041814 39.873058289289474 80.233198914676905 731.57582801952958 106.77062948048115 22.841869004070759 38.448023945093155 493.22752626985312 31.524805347435176 14.616865241900085 54.835231229662895 25.875429898500443 24.015417635440826 36.041701633483171 25.58157453883905 16.210453662090003 48.916874080896378 41.903527177055366 268.68107151566073 7.8548087123781434 6.3261159518733612
leaf_count=200 783 121229 21 19171 3101 8565 70 24 33 410 209 188 2506 210 79 126 897 150 123 186 30 43 243 139 124 112 543 2661 39 27
internal_value=-1.05026e-05 -0.00066524 -0.0471305 0.00197502 -0.00408093 0.0053366 -0.01197 -0.0920703 -0.143642 0.00546564 0.00500996 -0.00270827 -0.00939964 0.0455483 -0.0172969 -0.0230192 -0.00685555 -0.0341807 0.0504311 -0.000575857 -0.0520133 -0.0911896 -0.0386401 -0.044967 0.0439074 0.02023 -0.0499278 -0.0450267 -0.0619072 -0.0185212
internal_weight=52124.9 39198.9 133.809 12926 4726.29 2154.44 2571.85 50.2899 37.9996 8199.75 1013.84 851.682 771.449 162.154 55.3838 1558.02 636.402 921.616 46.1417 597.954 104.726 78.8506 875.474 790.516 41.792 84.9586 748.724 706.82 431.813 275.007
internal_count=162242 122033 804 40209 20628 8822 11806 257 233 19581 3262 2903 2715 359 149 8544 1282 7262 273 1156 259 229 6989 6634 263 355 6371 5828 3140 2688
is_linear=0
shrinkage=0.1


Tree=119
num_leaves=31
num_cat=0
split_feature=16 10 7 13 9 9 6 11 11 12 19 4 11 14 5 15 0 2 13 11 7 15 10 10 18 19 14 7 18 0
split_gain=6.82668 24.5958 23.3869 16.3019 16.3039 23.6425 22.9215 46.6277 46.2979 27.4483 27.087 24.1794 20.9357 37.5487 44.1849 26.6893 30.0312 23.7848 22.6166 32.8502 43.7321 22.2524 21.4295 20.2169 21.8666 21.9393 21.2756 23.2634 19.7067 21.0071
threshold=-0.097499999999999962 6417116728.2670507 55350.820000000007 0.18005376344086024 1.5881423190745227 1.7157565028986819 364.45150000000007 0.0048722844968208815 0.011794442073703726 0.0087020403409090921 0.0075822072072072085 0.22260936895083239 0.00364617554184227 4.0017857142857149 4.4868421052631584 0.10782625000000003 0.4971910112359551 0.64642857142857157 0.029651610067040337 0.007686200579008322 6270.3300000000008 -0.045849341332857139 57980.726000000002 1854284.4976500003 -1521.8749999999998 0.17222500000000002 0.98784615384615393 4308.29 -1178.6199999999997 0.029520697167755995
decision_type=2 2 2 2 2 2 2 2 2 2 2 2 2 2 2 2 2 2 2 2 2 2 2 2 2 2 2 2 2 2
left_child=1 2 3 4 23 28 10 9 -9 -8 -7 -11 21 14 17 -15 -17 -14 19 20 -16 -12 -21 -1 -25 26 -26 -28 -6 -30
right_child=-2 -3 -4 -5 5 6 7 8 -10 11 12 -13 13 15 18 16 -18 -19 -20 22 -22 -23 -24 24 25 -27 27 -29 29 -31
leaf_value=-0.01182724753586673 0.00022880215169282389 -0.13429643485703779 0.023097057470053511 -0.083953437595072733 -0.041253764921185397 -0.059659738954358846 0.021265631478344708 0.063918381600627336 -0.10975229138614076 0.004714187475698418 -0.063768099485022697 -0.14942224562689288 -0.0092975813277353016 -0.0023604181589947227 -0.19574915401861145 -0.24086280452682918 -0.044124118571894348 -0.15838183743543027 0.031856331337021843 -0.063417331939980323 0.013100131403421814 0.026418869016421112 0.023344104945345376 0.01582120020169631 -0.10457851197076617 -0.21111718104799657 0.095737836076731531 -0.083456470311426764 0.13413005625059204 0.027997292921253487
leaf_weight=461.31108104065061 49889.725058861892 14.71867769944947 267.70483392383903 28.178267661714926 20.702238274738193 70.156329442746937 17.138505852781236 55.748862575739622 21.182406112551689 12.520705469418315 29.263335912488401 54.37794048152864 18.480762086808681 21.057481743395329 20.81887074559927 16.459119044244293 14.677865721285341 25.421730373054743 223.26990171894431 35.96843559294939 19.340154610574245 420.24934658687562 136.52031628414989 29.902716513257474 48.028283706400543 11.625744888558982 14.135549953673037 14.861764128785579 30.0811687707901 49.074200931936502
leaf_count=1705 154838 206 585 275 59 306 56 108 82 104 107 399 83 45 88 77 33 163 453 98 37 1279 241 125 322 72 34 75 94 93
internal_value=-1.17535e-05 -0.0054595 -0.00459292 -0.00845261 -0.00732837 -0.00115881 -0.00501021 -0.0401522 0.0160996 -0.0916474 0.000368545 -0.120574 0.00465917 -0.00876544 -3.33914e-06 -0.0893149 -0.148121 -0.0956248 0.00962697 -0.0137128 -0.0951696 0.0205477 0.00525207 -0.021293 -0.0581256 -0.0830684 -0.0637415 0.00389679 0.0456118 0.0683306
internal_weight=52092.7 2202.98 2188.26 1920.55 1892.37 1312.51 1212.65 160.968 76.9313 84.0372 1051.68 66.8986 981.527 532.015 479.82 52.1945 31.137 43.9025 435.918 212.648 40.159 449.513 172.489 579.865 118.554 88.6513 77.0256 28.9973 99.8576 79.1554
internal_count=162242 7404 7198 6613 6338 4005 3759 749 190 559 3010 503 2704 1318 1163 155 110 246 917 464 125 1386 339 2333 628 503 431 109 246 187
is_linear=0
shrinkage=0.1


Tree=120
num_leaves=31
num_cat=0
split_feature=18 3 10 14 11 13 4 13 15 20 15 5 8 13 14 2 7 13 11 10 11 9 1 15 7 16 12 11 11 18
split_gain=6.78437 30.9295 49.862 50.7005 39.957 41.506 31.197 36.5992 43.3702 38.518 38.3408 34.4077 39.0034 73.8238 41.8607 38.8195 43.9311 38.7951 42.0102 35.5062 44.385 54.3691 34.42 33.232 36.5256 33.1653 34.6342 31.1542 42.8302 41.8298
threshold=-695.95499999999981 44.500000000000007 9297300.0896000024 0.026385407964355335 0.0011864746297105798 0.021304964539007095 1.6026315789473686 0.17602816901408452 0.80009000000000008 1.2500000000000002 2.6158655024710007 9.6904761904761916 10.924000000000001 0.0089888094372399321 4.167083333333335 8.2583333333333346 320.185 0.032025641025641031 0.0064562381632430341 22588766.082200002 0.0084862578522952488 1.8909551200604533 0.016736694677871151 0.1228757142857143 1856.1500000000003 0.73150000000000015 0.026381687578341261 0.00044833776701624207 0.00061107704685473962 -1199.5899999999999
decision_type=2 2 2 2 2 2 2 2 2 2 2 2 2 2 2 2 2 2 2 2 2 2 2 2 2 2 2 2 2 2
left_child=1 6 3 -3 5 -4 7 -1 -9 -10 -11 12 15 -14 19 16 -8 18 -18 20 25 -22 -21 24 -19 26 -15 29 -29 -13
right_child=-2 2 4 -5 -6 -7 11 8 9 10 -12 27 13 14 -16 -17 17 23 -20 22 21 -23 -24 -25 -26 -27 -28 28 -30 -31
leaf_value=0.010641896688139836 0.00079963911614188408 -0.039233386215216201 0.012387205366488739 -0.16525696336492568 0.035513868635202665 -0.081498210301419419 0.022765086299361373 -0.069046452536884503 -0.078032985019178588 0.20645595149309293 -0.017736936867851702 0.0073262552393663083 -0.15764199630453246 0.045419734514501944 0.13071352067502068 0.014381809752552302 -0.15094366942722454 -0.12780784885368948 -0.0089390665781968158 0.13278954247232447 -0.20046769925153038 0.060725683831600576 -0.093715501389105269 -0.12124110925250103 0.018945711705783248 0.072171716305631586 -0.17890599418937303 -0.04364588961412328 -0.003516662145837578 -0.15235211971103815
leaf_weight=2990.3579812651733 34619.664125880692 140.35758582968265 96.075071267434396 41.321672158781439 150.21058689150959 92.352511839941144 51.759732626378536 121.14738242246676 16.942892272374593 17.620172125287358 13.451579845976083 3330.1250148783438 26.097258174791932 16.516780549660329 29.596176695078611 86.245683120563626 94.253957045264542 21.529087131842971 26.744123157113791 7.7428767867386332 17.320032566785812 14.761746264994143 50.24224690720439 38.580535537097603 79.90922808367759 120.94244416803122 11.799235761165617 273.6545744240284 9468.431967260316 16.48687519878149
leaf_count=14725 106728 632 471 333 363 1258 170 1776 463 73 149 10688 134 46 107 203 526 146 79 41 87 27 437 279 346 329 83 844 20633 66
internal_value=-1.09535e-05 -0.00161796 -0.025633 -0.0678966 -0.00295863 -0.0336281 -0.000880427 0.00808204 -0.0371697 0.0432596 0.109398 -0.00293496 -0.0246328 0.00293697 0.0185202 -0.0450166 -0.0613952 -0.0780842 -0.119556 0.00464582 0.0264264 -0.0802851 -0.0634698 -0.0422457 -0.012201 0.0493631 -0.0480564 -0.00178441 -0.00464389 0.00653961
internal_weight=52082.2 17462.6 520.317 181.679 338.638 188.428 16942.3 3159.52 169.162 48.0146 31.0718 13782.7 694.041 295.019 268.922 399.022 312.777 261.017 120.998 239.325 181.34 32.0818 57.9851 140.019 101.438 149.258 28.316 13088.7 9742.09 3346.61
internal_count=162242 55514 3057 965 2092 1729 52457 17186 2461 685 222 35271 3040 1291 1157 1749 1546 1376 605 1050 572 114 478 771 492 458 129 32231 21477 10754
is_linear=0
shrinkage=0.1


Tree=121
num_leaves=31
num_cat=0
split_feature=6 13 4 3 9 9 11 19 4 2 12 7 7 2 17 12 7 9 1 19 9 3 8 16 6 15 7 14 10 4
split_gain=7.52594 23.2005 26.0227 30.8529 31.8258 34.6189 39.9693 28.871 28.8915 26.5077 27.0801 25.6404 34.6575 24.9816 30.2609 23.7331 27.3328 23.6641 22.2847 38.8825 26.6239 21.9009 26.0301 23.4009 33.5268 33.9314 31.6439 28.1961 37.3056 32.8999
threshold=860.71600000000001 0.017069735819735823 13.651086956521741 61.500000000000007 3.3032373326194873 2.8498149934866022 0.0013809997295156772 0.03695993589743591 23.275000000000002 5.7678571428571432 0.0077537968621919926 27793.490000000002 4308.29 0.16025641025641027 4.6711711711711716 0.33371218421052634 234.01000000000002 1.8421862344514282 0.091507177033492829 0.0416396103896104 6.1006624817011152 66.500000000000014 70.589500000000015 -0.097499999999999962 950.01450000000011 0.0068546373626373639 1614.1600000000003 1.0001960784313728 250639.93590000004 5.6720430107526889
decision_type=2 2 2 2 2 2 2 2 2 2 2 2 2 2 2 2 2 2 2 2 2 2 2 2 2 2 2 2 2 2
left_child=-1 15 3 -3 5 6 13 8 -4 10 -9 12 -8 14 -5 18 -17 -16 19 21 -20 23 -23 -2 25 -25 -26 28 -28 -30
right_child=1 2 7 4 -6 -7 11 9 -10 -11 -12 -13 -14 -15 17 16 -18 -19 20 -21 -22 22 -24 24 26 -27 27 -29 29 -31
leaf_value=-0.0002839153573787629 0.04770640667020451 0.023778729961837265 -0.13763647648858948 0.16356187025964355 -0.098619918191776068 0.12425021471575577 0.073819273677747224 0.0026323442216622875 -0.018675029177186258 0.028936551280566415 -0.16515710292128563 0.076142182833924044 -0.15065157285371494 -0.11994897056869076 -0.16420855529038841 0.10203575386991282 -0.097235324534265533 0.075682036102570863 -0.17704277675663191 0.066241056770168935 -0.0018416126697362268 0.050152909996290511 -0.015007064370802473 0.077638618865882983 0.083816597080921498 -0.070774829660418676 0.068115008065137844 0.0069848027571005264 -0.1171060300950213 -0.041185162812397647
leaf_weight=49542.757617487106 45.506940014660358 1194.7854253267869 32.992375964298844 8.2235646033659595 39.721994643099606 20.049313772469759 13.088519496843221 24.208295566029847 53.55455568805337 129.62916282936931 15.960492406040428 49.559751489199698 14.496262613683937 41.761783073656261 10.428738647606226 7.9852053746581069 49.880089135840535 6.7890714891254893 15.916698155924676 79.642732691019773 19.0600296407938 119.21309758163989 126.21718353196047 51.634070712141693 19.144425071775913 21.954957284964621 19.595202479511499 71.211244872771204 104.4400748652406 125.86770882457495
leaf_count=149861 127 5511 256 15 506 147 46 100 182 320 110 247 118 757 220 19 446 17 171 195 61 378 637 113 97 107 75 220 812 371
internal_value=-1.21144e-05 0.00530503 0.012273 0.0176404 -0.0182896 0.00111998 -0.0159823 -0.0170174 -0.0640241 0.00694211 -0.0640364 0.0331312 -0.0441439 -0.0723612 0.00575379 -0.00784229 -0.0697366 -0.0696185 -0.00347139 1.09189e-05 -0.0815696 -0.00747328 0.0166432 -0.0203585 -0.027843 0.0333601 -0.0410796 -0.0485258 -0.0643438 -0.0756138
internal_weight=52075.3 2532.52 1655.25 1398.9 204.119 164.397 144.348 256.345 86.5469 169.798 40.1688 77.1445 27.5848 67.2032 25.4414 877.27 57.8653 17.2178 819.404 784.428 34.9767 704.785 245.43 459.355 413.848 73.589 340.259 321.114 249.903 230.308
internal_count=162242 12381 8552 7584 2073 1567 1420 968 438 530 210 411 164 1009 252 3829 465 237 3364 3132 232 2937 1015 1922 1795 220 1575 1478 1258 1183
is_linear=0
shrinkage=0.1


Tree=122
num_leaves=31
num_cat=0
split_feature=1 15 6 9 9 12 16 2 17 18 11 15 16 12 17 10 17 6 4 16 6 17 9 15 7 2 13 4 15 15
split_gain=6.68119 17.8725 23.151 28.0774 25.8243 28.2976 16.4842 15.2444 33.5853 30.4344 27.2024 21.9117 16.3815 12.3187 12.2684 20.0052 26.8211 34.4382 19.6173 18.1813 19.7188 9.11421 9.09639 8.99353 8.66257 27.0891 50.8592 49.9338 37.1854 39.8887
threshold=4.5000000000000009 1.8973861904761906 13.277500000000002 8.9335594573024757 13.443119183157135 24.537794124365487 0.29350000000000004 7.0090909090909106 4.2932852386237519 -145.94999999999996 0.00027544989416153457 -0.01562685714285714 0.7835000000000002 24.488956346153849 0.046164772727272735 221284.55265 67.075827205882362 21.005000000000006 4.222875816993465 0.76650000000000007 19.203000000000007 7.002659574468086 9.44032796068546 -0.072733636363636348 80.00500000000001 4.4045454545454552 0.01251959247648903 1.3984126984126986 -1.050786081785714 -0.79307760714285702
decision_type=2 2 2 2 2 2 2 2 2 2 2 2 2 2 2 2 2 2 2 2 2 2 2 2 2 2 2 2 2 2
left_child=24 2 3 7 5 13 -6 8 9 -2 -9 -12 -11 -5 -4 16 17 18 -16 -17 -21 -3 -7 -22 25 28 -27 -28 -1 -30
right_child=1 21 14 4 6 22 -8 10 -10 12 11 -13 -14 -15 15 19 -18 -19 -20 20 23 -23 -24 -25 -26 26 27 -29 29 -31
leaf_value=0.044290115594262908 -0.10037330555953261 -0.010965484564496046 0.083826821439306393 -0.20443719075280004 -0.040982953969398925 -0.060817878094511918 0.065050957554461622 0.034299124858004258 0.09125009479957083 0.063179567316762608 0.010820431215905472 -0.13147240343563732 0.0034443726357691997 -0.09125909693783206 -0.062805040381321245 0.075311810615045993 0.077730207400139459 -0.13822429075015072 0.059933994579073217 -0.020371767982060245 0.092844869988639681 -0.11050778149622023 0.017586325613535996 0.027461111181796602 -0.00068502377324175718 -0.059504675519555919 0.10816227161339334 0.019542329015913754 -0.073312106236549879 0.00031372955325166519
leaf_weight=190.31380859296769 24.224931590259075 18.503075458109379 37.356754329055548 14.69971904158592 27.72423330694437 31.0897037088871 31.117553651332855 39.768490862101316 56.427940834313631 59.01409650593996 17.24702662229538 29.050661977380514 206.72398758679628 27.813624322414398 24.011560089886189 88.155065689235926 24.379613935947418 25.33176327496767 28.45175326615572 71.838746562600136 31.395903222262859 18.291005920618773 28.237649083137512 63.762211732566357 44209.382263108739 73.315690357238054 70.035722173750401 689.95339417085052 74.541808169335127 5733.2456628619693
leaf_count=335 74 40 48 60 81 71 44 63 78 81 29 87 387 97 69 103 32 85 34 148 30 65 46 105 141080 209 96 1422 217 16926
internal_value=-1.24147e-05 0.0079828 0.0105318 -0.0019562 -0.0376495 -0.0681224 0.0150914 0.0113059 0.0206646 0.00692841 -0.0263601 -0.0784648 0.0167101 -0.130392 0.029299 0.0235983 -0.0137926 -0.0424742 0.00375844 0.0385714 0.0191767 -0.0604498 -0.0235003 0.0490334 -0.000172915 0.0031412 0.0200358 0.027709 0.000794067 -0.000631244
internal_weight=52065.4 1024.62 987.823 593.14 160.682 101.841 58.8418 432.457 346.391 289.963 86.0662 46.2977 265.738 42.5133 394.683 357.327 102.175 77.7951 52.4633 255.152 166.997 36.7941 59.3274 95.1581 51040.8 6831.41 833.305 759.989 5998.1 5807.79
internal_count=162242 1957 1852 1198 399 274 125 799 620 542 179 116 468 157 654 606 220 188 103 386 283 105 117 135 160285 19205 1727 1518 17478 17143
is_linear=0
shrinkage=0.1


Tree=123
num_leaves=31
num_cat=0
split_feature=1 0 6 14 6 1 13 17 17 0 9 7 3 10 17 1 18 8 14 8 15 13 14 17 4 11 18 2 14 0
split_gain=6.63274 31.6222 49.7185 56.691 44.453 43.2513 36.6696 58.8068 58.8076 51.3561 50.2127 46.5889 47.8872 50.3018 42.2048 39.4788 38.0291 36.9778 54.2556 40.7606 36.8603 42.7333 36.2358 35.912 53.7976 53.2215 85.9087 58.3601 44.1549 56.6475
threshold=0.10741758241758244 0.3504385964912281 4.0010000000000012 -6.2985153764581119 72.001000000000019 0.087228260869565227 0.021304964539007095 23.306089743589748 11.002688172043014 0.066915422885572159 0.50025025025025038 48859.635000000002 16.500000000000004 728194.4519000001 93.646428571428586 0.096464019851116647 -1.0000000180025095e-35 33.001000000000005 0.18198051948051949 1.0390000000000004 0.1800034375 0.083516886930983858 5.226346153846154 71.36859590837561 7.0091743119266061 0.0010308343404913159 -1125.5749999999998 11.261363636363638 0.2500617283950618 0.1988372093023256
decision_type=2 2 2 2 2 2 2 2 2 2 2 2 2 2 2 2 2 2 2 2 2 2 2 2 2 2 2 2 2 2
left_child=1 5 3 -3 -4 23 9 8 20 17 -10 12 14 -14 22 -11 -17 19 -19 -7 -8 -22 -9 -1 25 26 27 28 -25 -30
right_child=-2 2 4 -5 -6 6 7 11 10 15 -12 -13 13 -15 -16 16 -18 18 -20 -21 21 -23 -24 24 -26 -27 -28 -29 29 -31
leaf_value=-0.0060608175819152925 -0.00082578177425931707 -0.10977176220638457 -0.042670835302746873 0.031401865198226825 0.0052832898710927292 0.1106158508377339 0.032248216979722501 0.055441762931867838 0.17011783226386978 0.031811959857462289 -0.073847005193991067 -0.062926939771749291 0.10060618405759787 0.33178641575995571 -0.05888438670650481 -0.027241090542329045 0.077165213637930191 -0.11844747859286385 0.27099882875820192 -0.078399117745770075 0.0020333312291526198 -0.15646825188888305 0.17785541399907234 -0.018558851610960821 -0.046273350118919851 0.039720933517446128 -0.106958902683919 -0.1277849376686917 0.10569000074273548 -0.12352698762374639
leaf_weight=9006.7743539360818 34175.387242836645 29.271606549620628 201.61800313740969 1007.397760193795 4689.9350163526833 12.337559442967175 592.92940316721797 120.93760197563097 9.1688770875334722 373.81154533103108 105.60877542477101 24.441139112459496 27.962450644001365 14.18740391358733 25.618870863690972 302.57847905531526 39.433574125170708 6.3170297676697365 8.2479681614786369 151.59172740858048 73.467825855128467 22.134533941280097 30.224522667005658 79.146432599052787 129.67830683803186 594.62808691896498 72.369158581830561 23.908140260726213 95.540032455464825 12.153188474476336
leaf_count=42891 96374 84 440 1498 8464 46 2072 488 31 774 589 190 103 40 144 808 63 81 41 1205 237 203 74 712 612 1859 1273 294 503 49
internal_value=-9.25995e-06 0.00155112 0.00752267 0.0274157 0.00330674 -0.00140999 0.0122521 0.0249572 0.0119105 -0.0026176 -0.0543582 0.068021 0.0826399 0.17842 0.059803 0.00934869 -0.0152032 -0.0506065 0.102091 -0.0641736 0.0229575 -0.0346641 0.0799181 -0.00405804 0.0138476 0.0227299 -0.0129562 0.0193236 0.0381478 0.0798228
internal_weight=52058.8 17883.4 5928.22 1036.67 4891.55 11955.2 1941 1046.68 803.309 894.318 114.778 243.372 218.931 42.1499 176.781 715.824 342.012 178.494 14.565 163.929 688.532 95.6024 151.162 10014.2 1007.42 877.745 283.117 210.748 186.84 107.693
internal_count=162242 65868 10486 1582 8904 55382 7189 4171 3132 3018 620 1039 849 143 706 1645 871 1373 122 1251 2512 440 562 48193 5302 4690 2831 1558 1264 552
is_linear=0
shrinkage=0.1


Tree=124
num_leaves=31
num_cat=0
split_feature=2 7 2 14 7 11 17 0 18 16 17 4 18 18 11 7 6 18 10 17 11 12 14 0 10 15 13 7 0 10
split_gain=6.60702 26.016 21.5612 24.0507 20.9405 70.56 33.9578 33.2979 27.06 19.7105 61.0313 30.7051 39.5409 25.5809 24.6203 19.0622 18.1469 21.1802 15.9936 19.5669 23.4695 21.7673 15.7359 29.797 55.3039 51.4829 56.2479 46.4035 36.1076 30.536
threshold=29.698051948051951 7161.2200000000003 51.125000000000007 -12.288690476190474 10971.165000000003 0.0017596585263169717 108.52272727272729 0.22767145135566189 -6881.5499999999993 0.40850000000000003 46.439338235294123 2.1677489177489182 -692.97499999999991 -1271.1699999999998 0.0020488577734523385 12057.085000000001 32.000500000000009 -670.76999999999987 699655.89060000016 48.180652680652692 0.0067324054660276829 0.020452479499675463 -96.876249999999985 0.14833149981664837 7878741.5132000009 0.0045043181818181822 0.040040080160320644 12839.910000000002 0.23145604395604399 2315.5164000000004
decision_type=2 2 2 2 2 2 2 2 2 2 2 2 2 2 2 2 2 2 2 2 2 2 2 2 2 2 2 2 2 2
left_child=22 2 16 -4 5 7 -7 -3 -6 -5 14 -12 13 -13 -11 -10 17 -2 -18 20 -20 -22 23 24 25 26 -1 -26 -25 -28
right_child=1 4 3 9 8 6 -8 -9 15 10 11 12 -14 -15 -16 -17 18 -19 19 -21 21 -23 -24 28 27 -27 29 -29 -30 -31
leaf_value=0.052922636165650544 0.014780741575965581 -0.094832692436078891 0.079705532260297307 0.025312551878557722 -0.1009375528360397 0.012504240510199034 -0.11690644786166859 -0.34901510880484526 0.0609157123877389 -0.080774710273082695 0.015689252755106985 -0.11722017288918901 -0.0029097637390670308 -0.28972162573722821 0.033553956727472294 0.00030193588331354896 0.054902639569415303 -0.076435430633780221 0.023213919132080069 0.054258743813519597 -0.0033344052749942864 -0.13565667530964878 -5.0099282749810045e-05 -0.15926528316185529 0.10363291945376903 -0.13937678090928848 0.041141460910963587 -0.074931476354596738 -0.023351187442175278 -0.14925826420367788
leaf_weight=80.969244053587317 163.05687418580055 11.460976777598264 29.422902097925544 79.759716393426061 25.707229545339942 109.95579009130597 24.861493773758411 9.3650892637670022 53.902304504066706 23.961820583790541 13.871777795255182 16.146616632118818 12.735326681286095 18.385139644145969 88.047053497284651 1385.4087125053629 247.06361737847328 30.164945874363184 123.0769206546247 104.16531543061137 30.551753662526608 20.961504340171814 48657.307438953198 20.388933857902884 81.104057437740266 31.04392608627677 12.048499941825865 17.735764739569277 473.0785094499588 27.994624075479805
leaf_count=176 278 66 38 138 161 198 81 49 85 89 29 87 24 86 136 2973 336 80 231 175 58 70 154638 109 260 154 24 157 1110 146
internal_value=-1.12186e-05 0.00488042 0.0175526 -0.00586474 -0.00294942 -0.0378236 -0.0113602 -0.209134 0.000755606 -0.0158199 -0.0347673 -0.115126 -0.153518 -0.209062 0.00909587 0.00257193 0.0267473 0.000540472 0.0363775 0.0199585 -0.000505998 -0.0571783 -0.000270846 -0.0147005 0.0133587 -0.0244938 0.00497775 0.0715914 -0.0289668 -0.0919693
internal_weight=52023.7 2622.03 1001.37 282.33 1620.66 155.643 134.817 20.8261 1465.02 252.907 173.148 61.1389 47.2671 34.5318 112.009 1439.31 719.041 193.222 525.819 278.755 174.59 51.5133 49401.7 744.364 250.896 152.056 121.012 98.8398 493.467 40.0431
internal_count=162242 5468 1855 627 3613 394 279 115 3219 589 451 226 197 173 225 3058 1228 358 870 534 359 128 156774 2136 917 500 346 417 1219 170
is_linear=0
shrinkage=0.1


Tree=125
num_leaves=31
num_cat=0
split_feature=5 17 0 14 0 12 17 8 12 1 0 8 13 4 7 7 9 4 13 4 5 5 11 11 13 8 8 7 4 18
split_gain=6.60271 16.8802 15.6015 12.0675 17.7982 21.1308 17.3267 17.876 27.4695 33.5619 13.8998 12.1085 10.7112 10.8485 10.5528 9.03864 25.5811 19.1649 36.1031 35.4439 41.1929 40.1074 46.0586 58.035 35.4478 34.6982 29.6441 29.0639 32.3137 30.5948
threshold=98.250000000000014 87.031250000000014 0.57002801120448188 0.31824788583509517 0.4971910112359551 6.0157339244533459e-05 0.50240384615384626 5.238500000000001 0.55722525635582854 0.12060606060606062 0.4971910112359551 1.9405000000000003 0.028530728530728532 6.5797962648556885 257355.84000000003 33655.545000000006 0.54674701964582517 5.169540229885059 0.032985166648532994 6.9590301003344495 20.775000000000002 31.94868421052632 0.00055145998425727694 0.0017596585263169717 0.039357170517619729 49.00800000000001 0.4835000000000001 37335.885000000002 6.1889880952380958 -1159.9899999999998
decision_type=2 2 2 2 2 2 2 2 2 2 2 2 2 2 2 2 2 2 2 2 2 2 2 2 2 2 2 2 2 2
left_child=15 3 -3 6 11 -6 -2 10 9 14 -8 -5 -7 -14 -9 -1 -17 18 -18 21 -21 22 -19 -24 -23 26 -20 -25 -29 -30
right_child=1 2 -4 4 5 12 7 8 -10 -11 -12 -13 13 -15 -16 16 17 19 25 20 -22 24 23 27 -26 -27 -28 28 29 -31
leaf_value=0.00035221132174421391 0.065021663451519704 -0.12750301789793148 0.014330820943691258 0.010969404793132884 -0.085039709556376075 -0.023602221913150832 -0.031800117283553621 -0.077993944482347699 0.064391852237913189 -0.20282048265987751 0.047418381629145377 0.07535368603043123 -0.011414744721506498 0.056712820025892036 0.033555238371946995 -0.062297484794827863 0.00059138243224826506 0.076343984102696383 -0.19475055604269964 -0.055681788741363328 -0.00047251857996517398 -0.063343777895587025 -0.12164996943776246 0.11142306399340084 0.011087814898073948 0.034416637847902436 -0.024986040140357397 -0.03351482253719381 0.077806645464867263 -0.015785131482961318
leaf_weight=45623.001725286827 30.150789238512516 16.376791303046048 14.731902908533813 42.730599202215672 21.983896620571613 41.307662889361382 40.400895923376083 21.485256180167198 14.728305444121359 17.610370105132461 49.027507983148098 92.3140460383147 33.534199599176645 77.141706513240933 14.01148957852274 73.861506113782525 1780.8185679373564 193.98948353901505 10.379576255101709 146.56938522867858 1733.7395055629313 81.388641638681293 28.601037694141269 36.27722229808569 299.21492978557944 101.71284505957738 1140.1306173233315 86.181304845958948 94.770449802279472 55.31388795748353
leaf_count=141999 41 147 28 72 60 92 102 88 25 83 72 143 73 176 49 973 5407 295 61 421 4332 215 144 48 595 768 5283 223 106 121
internal_value=-8.71917e-06 0.011122 -0.0603359 0.0155999 0.027742 0.00659711 -0.00442023 -0.0177337 -0.0564443 -0.089956 0.01163 0.0549813 0.0198521 0.0360705 -0.0339626 -0.000122766 -0.00381884 -0.00307273 -0.00855742 0.0029632 -0.00477606 0.0195803 0.0383432 0.0138641 -0.00482871 -0.0215682 -0.0265176 0.0280851 0.0152891 0.0433132
internal_weight=52013.5 527.535 31.1087 496.427 309.012 173.967 187.415 157.264 67.8354 53.1071 89.4284 135.045 151.984 110.676 35.4967 51486 5862.95 5789.09 3033.04 2756.05 1880.31 875.737 495.133 301.144 380.604 1252.22 1150.51 272.543 236.266 150.084
internal_count=162242 1251 175 1076 616 401 460 419 245 220 174 215 341 249 137 160991 18992 18019 11519 6500 4753 1747 937 642 810 6112 5344 498 450 227
is_linear=0
shrinkage=0.1


Tree=126
num_leaves=31
num_cat=0
split_feature=6 1 1 17 10 12 0 9 17 12 0 2 20 2 4 14 2 0 2 1 5 15 11 1 4 17 6 16 17 19
split_gain=6.63534 22.11 24.0404 22.6422 44.4765 26.8928 25.9797 50.1757 22.8907 46.4456 24.9595 24.6795 22.7885 21.7748 42.9212 67.7187 45.6923 42.0042 41.1503 40.9825 38.559 46.2453 41.7162 41.6108 40.4729 64.7676 62.0043 33.565 32.374 29.7117
threshold=860.71600000000001 0.4188596491228071 0.37797619047619052 25.009966777408639 85234.93700000002 0.32282762647797036 0.011131763733994219 38.610614192009542 331.87500000000006 0.00042868004897499249 0.76516544117647067 4.8366666666666669 1.2500000000000002 3.4895833333333335 3.6626016260162606 0.10538581623550401 5.7678571428571432 0.19378911892152145 4.4567809239940397 0.017291209886386289 4.1742424242424248 0.49276557142857152 0.00061107704685473962 0.039841269841269851 0.48733974358974363 4.3932370820668707 1330.1590000000003 0.96450000000000002 15.775252525252528 0.013513899613899616
decision_type=2 2 2 2 2 2 2 2 2 2 2 2 2 2 2 2 2 2 2 2 2 2 2 2 2 2 2 2 2 2
left_child=-1 2 3 13 -5 6 7 -6 9 10 11 -8 -7 20 15 18 29 -17 -15 -20 22 23 24 -22 -2 26 -26 28 -18 -16
right_child=1 -3 -4 4 5 12 8 -9 -10 -11 -12 -13 -14 14 16 17 27 -19 19 -21 21 -23 -24 -25 25 -27 -28 -29 -30 -31
leaf_value=-0.00026075286367817488 0.015049376246308852 -0.11539398681791985 0.15550434543474448 0.11865649759822072 -0.080764323136721994 -0.14599167063018648 -0.0056402507727106943 0.43209025616975705 0.053014897294648734 0.00073248331933955222 0.035917855653730422 -0.16429163083030365 -0.0083359120318633028 0.074049128064531858 0.025604337365760451 0.16685971755464613 -0.037453355803328668 0.038942802747566702 0.034159812501741951 -0.11458703325475608 -0.047232591400522023 -0.15121401353581312 -0.014893563294076668 0.039381738835175824 0.36714237494233209 0.023754392650211443 0.090804786067050475 0.036665306035184884 0.044146285010900406 -0.10765427359632718
leaf_weight=49487.031564743957 106.11779559520073 15.16036328114569 10.672000791877506 27.302664818242192 66.326785891549662 26.421265867771581 13.436021221801637 1.9641720429062832 69.660810548812151 666.97898810449988 12.647906783968208 36.282213932834566 22.073255083523691 57.402956323698163 24.956959567964077 66.262340870220214 155.37466270942241 41.90509831905365 37.796049385331571 36.323692169040442 154.74842305947095 28.345614148303866 173.67907585576177 86.452925824560225 14.811594180762766 37.943985564168543 17.972008999437094 383.09502577316016 70.764495303854346 50.765733471140265
leaf_count=149861 1348 102 17 51 1874 302 38 4 119 2301 25 247 157 116 118 119 501 61 115 187 795 279 1313 269 50 291 94 1095 138 255
internal_value=-6.16757e-06 0.00500594 0.00573651 0.00509405 -0.00711545 -0.0108651 -0.00681299 -0.0660137 -0.00175311 -0.00698409 -0.0895095 -0.121417 -0.0833349 0.0125483 0.022271 0.0586922 0.00952592 0.117303 0.0104888 -0.0387362 -0.00195011 -0.0303871 0.0199174 -0.0161877 0.0541052 0.112703 0.215654 0.0186316 -0.0119188 -0.0637344
internal_weight=52000.7 2513.64 2498.48 2487.81 943.094 915.791 867.297 68.291 799.006 729.345 62.3661 49.7182 48.4945 1544.72 924.647 239.69 684.957 108.167 131.523 74.1197 620.071 269.547 350.524 241.201 176.845 70.7276 32.7836 609.234 226.139 75.7227
internal_count=162242 12381 12279 12262 5118 5067 4608 1878 2730 2611 310 285 459 7144 2705 598 2107 180 418 302 4439 1343 3096 1064 1783 435 144 1734 639 373
is_linear=0
shrinkage=0.1


Tree=127
num_leaves=31
num_cat=0
split_feature=6 8 8 14 13 4 18 3 5 7 0 10 1 13 19 7 1 4 1 13 15 13 10 0 1 5 14 4 13 14
split_gain=6.67088 46.1062 65.7708 40.3909 47.0046 36.1158 32.0386 29.6351 65.1564 50.6656 52.1736 50.5931 47.3695 40.4898 35.534 47.0097 33.4083 30.9782 30.5456 29.276 39.4986 37.2291 37.6808 36.8581 60.4572 56.7999 55.5098 47.0327 56.0648 45.8907
threshold=113.99700000000001 0.82350000000000001 0.94950000000000012 -602.84272727272707 0.022611652222818728 1.3984126984126986 -344.94999999999993 6.5000000000000009 8.3666666666666689 10033.130000000003 0.4971910112359551 2616007.8227500007 0.23904761904761906 0.011142147734326507 0.19610000000000002 73287.400000000009 0.19292803970223329 6.6824797843665777 0.23904761904761906 0.019430960086299895 -2.4684645833333332 0.01912351811781916 82245563.557350025 0.054384797397219763 0.01617262423714037 37.775000000000006 -96.876249999999985 5.5060975609756104 0.026029315960912056 0.030395417590539545
decision_type=2 2 2 2 2 2 2 2 2 2 2 2 2 2 2 2 2 2 2 2 2 2 2 2 2 2 2 2 2 2
left_child=-1 6 5 4 -4 -3 -2 8 9 12 11 -11 -5 -14 16 -16 17 -10 -18 20 -9 22 -22 24 -21 26 -26 29 -29 -28
right_child=1 2 3 7 -6 -7 -8 19 14 10 -12 -13 13 -15 15 -17 18 -19 -20 23 21 -23 -24 -25 25 -27 27 28 -30 -31
leaf_value=0.00083418884054471123 -0.02450498624176118 0.14925665458798573 0.039839302936099164 -0.11793935363358576 -0.1419192653918997 0.035479821793847177 -0.10767330965975984 0.038453934027984971 0.018386151777948237 0.17318696929092248 -0.12006446254183728 -0.052654375033517498 0.068144701943781569 -0.059121174798668769 0.0025796512999341553 0.085058421069742485 -0.10996130002241089 -0.038779051036959888 -0.027902250272227355 -0.073323876531398699 -0.0055045368864871588 -0.083224433486275284 -0.070076121940996772 7.4246351518638355e-05 0.20736952217716517 -0.054517820342387217 -0.0094882791451375501 -0.033477581781702972 0.089548112781468431 0.024263209212826306
leaf_weight=33483.715514518321 233.52615089016035 39.340606840327382 21.426102997269481 120.05229141935706 42.353386714588851 95.928532294929028 57.778933092020452 192.86496563628316 241.4536828044802 26.908960232511163 16.376733645796776 15.710826123598961 30.752933206036687 133.6095095355995 600.71046513412148 78.086905226577073 65.505828436464071 156.07181692915037 147.51643864065409 76.380252650938928 4952.2386439437978 64.356807171367109 92.052494226256385 8731.4903328390792 15.799791479483245 105.51921234885231 572.55162568844389 47.183861989527941 172.34105282556266 1359.1138157327659
leaf_count=93969 910 116 51 1075 229 174 452 388 644 67 48 134 92 845 1507 188 226 431 387 1881 15962 270 753 20308 68 1020 6382 225 654 12786
internal_value=-7.91338e-06 -0.00153165 -0.000900385 -0.00142019 -0.0808592 0.0685698 -0.041001 -0.00113894 -0.0139862 -0.0526937 0.0316421 0.0899356 -0.0701876 -0.0353092 -0.00367666 0.0120678 -0.0211811 -0.00405738 -0.053136 0.000141531 -0.00597001 -0.00764714 -0.00668289 0.00306566 0.0141856 0.0171268 0.0206155 0.0192438 0.0631054 0.0142592
internal_weight=51988.7 18505 18213.7 18078.4 63.7795 135.269 291.305 18014.6 1632.76 343.411 58.9965 42.6198 284.415 164.362 1289.35 678.797 610.548 397.525 213.022 16381.9 5301.51 5108.65 5044.29 11080.4 2348.89 2272.51 2166.99 2151.19 219.525 1931.67
internal_count=162242 68273 66911 66621 280 290 1362 66341 5644 2261 249 201 2012 937 3383 1695 1688 1075 613 60697 17373 16985 16715 43324 23016 21135 20115 20047 879 19168
is_linear=0
shrinkage=0.1


Tree=128
num_leaves=31
num_cat=0
split_feature=14 17 2 2 7 13 1 1 2 6 13 16 16 8 15 6 17 3 6 6 11 11 4 11 19 0 10 12 5 15
split_gain=6.81104 24.004 21.9993 48.5957 26.3594 26.3923 46.9529 47.1009 53.442 49.1891 44.2079 45.0956 42.595 38.629 34.8983 49.0941 32.8117 32.5305 33.2965 31.5357 34.3291 56.5132 42.4752 39.596 38.2234 31.2372 51.1177 30.5656 58.3964 30.5591
threshold=-1.0000000180025095e-35 418.70833333333343 30.535714285714288 25.961538461538463 366934.60000000009 0.064012195121951235 0.19292803970223329 0.16869918699186995 3.8786764705882359 86.102000000000018 0.033949152542372886 0.40850000000000003 0.90350000000000008 21.995000000000001 0.00036364285714285719 783.80400000000009 10.009259259259261 22.500000000000004 269.77200000000005 89.000500000000017 0.010348624729321793 0.015786977665768347 4.3879928315412196 0.025226936040564689 0.12493750000000002 0.1082709215239336 6599.4971000000005 0.15118868954744819 31.062500000000004 -0.32998124999999995
decision_type=2 2 2 2 2 2 2 2 2 2 2 2 2 2 2 2 2 2 2 2 2 2 2 2 2 2 2 2 2 2
left_child=1 2 3 4 5 10 7 8 9 25 11 -1 -13 -11 16 -16 27 -15 -19 20 24 -22 23 -23 -14 26 -7 -12 29 -29
right_child=-2 -3 -4 -5 -6 6 -8 -9 -10 13 14 12 19 17 15 -17 -18 18 -20 -21 21 22 -24 -25 -26 -27 -28 28 -30 -31
leaf_value=-0.14005383000422353 -0.00030084171271835746 -0.11704894854590636 0.041802943017233231 -0.15070855624572155 -0.11144319337597963 -0.021965133226001701 -0.00088889712685195498 0.21696594719477733 0.088237675801082965 -0.092551588867923432 0.041982362561626921 0.068731831712626701 -0.018814684469165559 0.2164245888494627 -0.094738834551338025 0.0760489698857445 -0.061094710974816717 0.08466789577737982 -0.13350618646877618 0.022570312474116394 -0.19284181910041776 -0.19489877813428974 0.049027106239441412 -0.033059150641087096 0.022243462953377702 0.010691622051323547 0.26179684703619094 0.028835924332139835 0.1007906910836788 -0.14372410308916245
leaf_weight=20.757445500232279 48823.741201251862 16.168862105347216 155.31749462336302 20.374251922592521 19.561206608079374 10.304927113465967 396.82704557105899 16.217200580984354 134.67405121587217 59.162126059643924 128.58647627383471 109.16516309790313 445.82335960259661 8.0059097558259946 118.78419312182814 19.609846614301205 86.07317391037941 15.813630574382843 12.543688778765498 606.13810528954491 22.778350964188576 18.235658057034016 52.670608349144459 88.4127516746521 461.41021892242134 36.451034642755985 16.534474177286029 14.13232299685478 21.158777490258217 37.480145072564483
leaf_count=93 152352 88 244 84 135 68 1285 24 240 455 278 275 1709 9 553 81 353 56 152 1738 94 86 74 243 1064 75 54 40 25 215
internal_value=-9.23872e-06 0.00448315 0.00510637 0.00320504 0.00425829 0.00502349 0.0218851 0.0510654 0.0418984 0.00260313 -0.000268459 0.00649983 0.00818553 -0.0426968 -0.0292822 -0.0705389 -0.00941766 0.0384158 -0.0118401 0.00428718 -0.00588614 -0.0455102 -0.0244457 -0.0607319 0.00206709 0.0709751 0.152847 0.0126724 -0.0391181 -0.0964744
internal_weight=51992.9 3169.17 3153 2997.69 2977.31 2957.75 706.534 309.707 293.49 158.816 2251.22 1825.39 1804.63 95.5254 425.825 138.394 287.431 36.3632 28.3573 1695.47 1089.33 182.097 159.319 106.648 907.234 63.2904 26.8394 201.358 72.7712 51.6125
internal_count=162242 9890 9802 9558 9474 9339 2418 1133 1109 869 6921 5376 5283 672 1545 634 911 217 208 5008 3270 497 403 329 2773 197 122 558 280 255
is_linear=0
shrinkage=0.1


Tree=129
num_leaves=31
num_cat=0
split_feature=16 16 1 15 5 19 12 18 15 1 16 7 13 2 16 2 9 0 5 1 1 8 15 10 19 15 14 12 14 17
split_gain=6.83156 25.1506 37.7339 27.4845 23.3316 28.6789 41.5598 39.0787 33.6476 33.7396 27.7052 27.1581 26.3105 45.4234 54.0367 48.8839 45.4587 29.0852 37.6163 26.7521 25.7539 54.4709 25.4461 30.1025 50.4387 29.3155 26.7781 26.284 25.3185 44.3969
threshold=0.31550000000000006 0.33750000000000008 0.31414473684210531 0.085088557993730426 4.5131578947368434 0.013513899613899616 0.0013938185638904053 -95.499999999999986 0.3727795454545455 0.10084745762711866 0.27750000000000008 1856.1500000000003 0.0047968527124649159 1.1674679487179491 -0.020500000000000015 1.3350877192982458 4.1914081257393168 0.10367218987908645 18.806250000000002 2.5833333333333335 0.37797619047619052 0.10650000000000001 -0.0063736666666666655 805.18505000000016 0.017009259259259262 -0.028347727272727271 2.1441153846153851 0.47598631022017457 0.096824596774193569 177.42045454545459
decision_type=2 2 2 2 2 2 2 2 2 2 2 2 2 2 2 2 2 2 2 2 2 2 2 2 2 2 2 2 2 2
left_child=4 2 -2 -4 5 6 8 28 9 -1 12 -12 17 14 -14 16 -15 -6 -19 -17 -8 -22 25 24 -24 26 -9 -25 29 -7
right_child=1 -3 3 -5 10 7 20 22 -10 -11 11 -13 13 15 -16 19 -18 18 -20 -21 21 -23 23 27 -26 -27 -28 -29 -30 -31
leaf_value=-0.2038536420870134 -0.0090330737334421134 -0.00048299055050905434 -0.044662880364391908 -0.18540493796731228 0.056361156002774283 -0.011510589984218583 0.004339747730537794 0.040820106278933135 0.061730603490459647 -0.0042482537370551977 0.082325360261267813 0.0081854904200478716 0.049336170105970793 -0.01353567607172973 -0.12092317010426104 0.001613516864975628 0.14000063580287078 -0.032692981737375969 0.043140727915129629 0.031967115804412978 -0.10378679446049928 0.083487267097362025 -0.14044967221735061 -0.012002401247105665 -0.0051774914870695689 0.12414969403382022 -0.075929553525838356 0.078636614272767191 -0.031878024821779177 0.11543767103086895
leaf_weight=23.899466938222758 147.49795748246834 38917.980970982229 32.335404926910996 24.304315930232406 198.59324968233705 619.51360882585868 1984.2751431053039 105.61259987950325 11.651026822160928 13.115456864237784 90.979866057634354 108.12879046238959 26.890308141708374 31.388370997272432 60.762953812722117 7038.7054413040169 50.005380630493164 129.51657323166728 132.15433155745268 302.85419304668903 18.534917555749416 95.843492219224572 28.715258605778217 54.354741867631674 687.69511920213699 33.406245894730091 24.13537859171629 77.768050700426102 884.81395580165554 28.830621536821127
leaf_count=200 513 121297 103 120 423 3233 8167 236 24 33 145 265 146 138 438 16965 96 285 200 480 96 302 178 117 2412 47 76 196 5216 95
internal_value=-9.31424e-06 -0.000666623 -0.0356754 -0.105056 0.00198999 -0.00363005 0.00488088 -0.0108115 -0.086477 -0.133128 0.00521768 0.0420626 0.00429731 0.00287505 -0.0686909 0.00372013 0.0807915 0.0275057 0.00560609 0.00286566 0.00699939 0.0531397 0.00444342 -0.00251087 -0.0105995 0.0406113 0.0191026 0.0413481 -0.0208778 -0.00586544
internal_weight=51984.3 39122.1 204.138 56.6397 12862.1 4692.17 2147.32 2544.85 48.666 37.0149 8169.98 199.109 7970.87 7510.61 87.6533 7422.95 81.3938 460.264 261.671 7341.56 2098.65 114.378 1011.69 848.533 716.41 163.154 129.748 132.123 1533.16 648.344
internal_count=162242 122033 736 223 40209 20628 8822 11806 257 233 19581 410 19171 18263 584 17679 234 908 485 17445 8565 398 3262 2903 2590 359 312 313 8544 3328
is_linear=0
shrinkage=0.1


Tree=130
num_leaves=31
num_cat=0
split_feature=15 15 16 16 0 3 20 3 9 7 14 14 2 10 5 11 4 12 9 6 0 11 8 5 19 10 7 18 7 0
split_gain=6.54541 26.3689 50.3242 43.9008 36.2541 29.8299 25.4704 24.5238 27.3113 24.0009 25.6359 30.9988 24.1633 23.8561 22.6495 22.5275 53.1789 35.3604 26.2044 36.6855 49.8689 28.8921 33.303 41.5779 31.8002 26.0663 22.3796 21.937 20.3869 20.1396
threshold=0.23636369318181819 0.25456415584415587 0.97050000000000003 0.78650000000000009 0.34641025641025647 16.500000000000004 2.7500000000000004 9.5000000000000018 1.3236273170048007 43647.840000000004 1.1251666666666669 0.62527777777777793 18.055555555555561 85234.93700000002 26.075000000000003 0.0037741468962835044 1.1256578947368423 0.32282762647797036 49.099967855994869 2.0005000000000006 0.069098143236074286 6.3226684904631132e-11 7.0010000000000021 2.0454545454545459 0.064839743589743606 1606.6374500000002 42.025000000000006 3226.5000000000005 2038.3500000000001 0.44387170675830473
decision_type=2 2 2 2 2 2 2 2 2 2 2 2 2 2 2 2 2 2 2 2 2 2 2 2 2 2 2 2 2 2
left_child=-1 2 3 5 13 7 27 8 -2 12 11 -11 15 -4 -15 18 -17 29 19 20 26 24 23 -23 -21 -26 -8 -3 -10 -18
right_child=1 6 4 -5 -6 -7 9 -9 28 10 -12 -13 -14 14 -16 16 17 -19 -20 21 -22 22 -24 -25 25 -27 -28 -29 -30 -31
leaf_value=-0.00058533177909883788 0.086988351995627183 -0.0004976224379043125 0.15112149479667489 -0.1607265055630992 -0.025344124842935724 -0.077104106531142247 -0.00070910173010250033 0.092231385053592574 -0.075795142697592188 -0.019566182427524063 0.012426953960539732 -0.14205119230336771 0.060950175647881237 -0.029448437898514347 0.13202090407536332 -0.10411160485326408 -0.046625628692022407 0.07409220989855933 0.10252934509332717 -0.014313829868822722 0.024619459265422 -0.1311937474455715 0.061711743351039516 0.012325466765443657 0.010712274013648611 0.13579978155318878 -0.12952783047608502 -0.081196486077624308 0.048009795163050512 0.018649527287953032
leaf_weight=41139.759459724999 26.481394765898585 8797.2340516718104 57.330308175645769 15.824262640438972 24.529150389134884 29.587216932326555 19.274600248783827 46.774283934384584 40.262392612174153 169.87351248785853 293.57104095444083 23.52354781050235 129.27576625905931 18.532186434138566 16.352637082338333 48.313816072419286 87.654310271143913 64.825113855302334 40.491285730153322 29.78720415988937 89.66247534006834 21.595006300136447 136.18499338813126 309.29242448508739 22.113604985177517 67.538810716941953 44.9089489239268 33.81486564874649 19.862193099223077 102.58441564440727
leaf_count=132568 53 24001 109 96 51 170 69 117 174 441 796 97 178 101 18 271 218 112 61 210 180 197 407 693 67 165 317 94 44 167
internal_value=-9.58759e-06 0.00217808 0.031638 -0.00170678 0.0827048 0.0137342 0.00135137 0.0338844 0.00237234 0.0125585 -0.00619575 -0.0344645 0.0200844 0.111446 0.0462421 0.0152119 -0.0079135 0.0103082 0.0241966 0.0199125 -0.0235507 0.0313131 0.0200895 0.00295884 0.0752035 0.104946 -0.090843 -0.000806626 -0.0348961 -0.0114266
internal_weight=51966.8 10827.1 295.536 178.792 116.744 162.967 10531.5 133.38 86.606 1700.47 486.968 193.397 1213.5 92.2151 34.8848 1084.23 303.378 255.064 780.849 740.358 153.846 586.512 467.072 330.887 119.44 89.6524 64.1835 8831.05 60.1246 190.239
internal_count=162242 29674 933 654 279 558 28741 388 271 4646 1334 538 3312 228 119 3134 768 497 2366 2305 566 1739 1297 890 442 232 386 24095 218 385
is_linear=0
shrinkage=0.1


Tree=131
num_leaves=31
num_cat=0
split_feature=18 18 4 14 19 3 10 14 11 13 12 17 14 6 11 4 15 4 2 15 3 19 9 18 8 9 2 8 17 6
split_gain=6.49914 26.9192 30.6224 31.675 63.0717 24.616 36.7968 41.5465 29.4585 33.88 28.6336 26.8523 37.946 40.3564 26.6237 46.5183 41.7701 32.2622 47.6533 56.469 66.6846 63.1278 62.2156 46.0896 55.6208 49.8506 44.51 40.9717 48.6654 48.5001
threshold=-695.95499999999981 -689.88999999999987 0.75058685446009399 1.5626785714285716 0.16663333333333336 44.500000000000007 9297300.0896000024 0.026385407964355335 0.0011864746297105798 0.019430960086299895 0.24852605416881116 0.12009615384615387 5.5539950980392172 115.52700000000002 2.0872493053750015e-10 0.098402323892519974 -0.79307760714285702 1.6641025641025644 1.1674679487179491 1.5152968571428573 29.500000000000004 0.030939338235294121 4.9968789013732842 -1172.3799999999999 1.2190000000000001 18.540001718656015 1.8638888888888892 6.0015000000000009 129.10319767441862 214.52000000000004
decision_type=2 2 2 2 2 2 2 2 2 2 2 2 2 2 2 2 2 2 2 2 2 2 2 2 2 2 2 2 2 2
left_child=5 2 3 4 -2 11 7 10 9 -8 -7 12 -1 -14 -13 16 -16 18 19 20 22 -22 -17 24 -24 -25 -19 -20 29 -29
right_child=1 -3 -4 -5 -6 6 8 -9 -10 -11 -12 14 13 -15 15 17 -18 26 27 -21 21 -23 23 25 -26 -27 -28 28 -30 -31
leaf_value=0.0069482452628008206 -0.085501832717421539 0.00039615835333094943 0.027543678508988687 -0.16955114658248924 0.17787425532013212 -0.018340168300120502 0.01940145597419856 -0.14969343912936431 0.029790579968065136 -0.068724785866646654 -0.16550708121070154 0.030440456871716776 0.03061876945240527 0.15338646019561469 0.10214464022418675 -0.074794599969584555 -0.091078379889011102 -0.073283928829311298 0.023071558568718543 0.085671670148497192 0.0041863004537748237 0.33560371069736522 -0.12416127958278285 -0.15075723008527486 0.16592832736251673 0.12456747002355806 -0.0037149298620168603 -0.033931124524835037 -0.078949426821256663 0.023090875961572881
leaf_weight=1129.9256083965302 29.195841428125277 33903.30207278044 599.50433825608343 15.751077234745024 13.204867484048007 124.51462951907888 76.750694340327755 39.908570261439309 147.20411971211433 101.07567262370139 14.791230558417736 247.86485105264001 104.64812006801367 35.982696308754385 12.688922607339917 243.19318282068707 94.574923070846125 92.644042938947678 1494.3877248726785 41.245724202366546 16.907350567169491 8.7072715526446682 8.4087781971320492 20.144880264997486 30.890497289597988 9.7635839283466321 12560.054826656356 228.58398254122585 80.816748114302754 429.3018814730458
leaf_count=2771 272 105122 1195 113 26 501 369 333 363 1360 131 2597 213 45 96 2773 1407 637 4901 392 224 52 91 161 150 37 32044 1264 584 2018
internal_value=-8.60793e-06 0.00078486 0.0208231 -0.0484612 -0.00347853 -0.0015851 -0.0233572 -0.059737 -0.00329825 -0.0306891 -0.0339661 -0.000935128 0.013045 0.0620309 -0.00207228 -0.00259652 -0.0682208 -0.0021354 0.00798211 -0.0247908 -0.0382697 0.116846 -0.0509881 0.0326669 0.103859 -0.0608778 -0.00422432 0.0135482 -0.00571758 0.00327845
internal_weight=51955.9 34561 657.656 58.1518 42.4007 17395 504.245 179.214 325.03 177.826 139.306 16890.7 1270.56 140.631 15620.2 15372.3 107.264 15265.1 2612.35 379.261 338.016 25.6146 312.401 69.2077 39.2993 29.9085 12652.7 2233.09 738.703 657.886
internal_count=162242 106728 1606 411 298 55514 3057 965 2092 1729 632 52457 3029 258 49428 46831 1503 45328 12647 3880 3488 276 3212 439 241 198 32681 8767 3866 3282
is_linear=0
shrinkage=0.1


Tree=132
num_leaves=31
num_cat=0
split_feature=6 13 12 4 13 2 2 6 15 11 1 1 10 8 1 13 12 14 7 16 6 14 19 15 2 6 5 1 15 20
split_gain=6.69871 18.9563 22.4318 22.2711 24.3377 22.6753 40.2796 28.1818 39.7633 51.9342 26.9086 27.4798 53.571 39.6875 34.6033 34.9507 41.3004 35.5407 33.1376 32.8734 31.4459 28.1203 27.904 26.8377 43.2827 30.1607 27.3602 25.3947 27.1279 25.0492
threshold=860.71600000000001 0.020343910130074895 0.3566306130911584 13.299836601307192 0.026029315960912056 9.9226190476190492 9.5077319587628875 983.94550000000004 0.30910639204545459 2.7024062868606963e-08 0.10741758241758244 0.049281521959117593 594967.39230000007 17.543500000000005 0.040161290322580652 0.030344885317261011 0.0052200688981857207 0.016461184121392771 79155.705000000016 0.87350000000000005 1400.0785000000003 6.7510000000000003 0.023256112104949319 0.053533908045977019 2.6747967479674801 950.01450000000011 2.5227272727272729 0.011940404904476763 1.3820924242424246 1.2500000000000002
decision_type=2 2 2 2 2 2 2 2 2 2 2 2 2 2 2 2 2 2 2 2 2 2 2 2 2 2 2 2 2 2
left_child=-1 2 -2 5 -5 6 7 8 23 -10 11 14 -13 -14 15 16 -9 -18 -15 -19 -21 27 -22 24 25 -3 -25 -17 -29 -7
right_child=1 3 -4 4 -6 29 -8 10 9 -11 -12 12 13 18 -16 21 17 19 -20 20 22 -23 -24 26 -26 -27 -28 28 -30 -31
leaf_value=-0.00026559232127287727 -0.0012720444624680595 -0.10574802837502817 -0.062848693849631931 -0.13998794623240393 -0.0063404185224716515 0.059252579393363571 -0.16312457305843575 -0.16003994614158823 0.16083142503259512 -0.15109397349281684 -0.093645947963642062 -0.095899457994206141 0.1392588158610408 -0.050433817703654529 -0.089550029142452137 -0.073704565244136586 -0.12834048225727041 -0.0562965772185735 0.08495226019143455 0.15239813229730814 -0.12486533994202514 -0.11370576011119167 0.10114676352514483 0.21273193818774577 0.077394596941160146 0.071876709495051871 0.059688145333763355 0.023810355364671881 0.11415257424396402 -0.054610400938066385
leaf_weight=49443.006458051037 1033.7538137609372 27.503405171912163 62.751846184954047 14.439208754338322 241.83244528993964 194.40736944880337 12.958313398063181 23.364830968435854 7.3096011308953193 19.785846318118274 26.746016404591501 22.325612710788846 51.79796856129542 32.495070496574044 41.639115607831627 23.300770106958225 20.986158613115549 34.21377446455881 40.751342280302197 23.95382643211633 11.084411107469352 14.794324296526609 10.770693462342022 21.041698430664837 96.79148177895695 14.652257321402429 26.25859783962369 283.09555841423571 37.659541918430477 21.453011605888605
leaf_count=149861 4434 265 577 144 878 421 71 182 40 160 345 168 116 255 250 416 300 326 107 96 161 58 38 101 249 90 94 1699 156 184
internal_value=-1.05301e-05 0.00504619 -0.00479601 0.0127691 -0.0138706 0.0187517 0.0119431 0.0144297 0.0462426 -0.0669451 0.00471972 0.00863338 0.0467896 0.0722655 -0.00208004 0.0054572 -0.0402249 -0.0125099 0.0248895 0.017867 0.0732582 0.0212901 -0.0134814 0.0627092 0.0405612 -0.0440101 0.12777 0.0270949 0.0344173 0.0479365
internal_weight=51936.9 2493.92 1096.51 1397.41 256.272 1141.14 925.28 912.322 213.343 27.0954 698.979 672.233 147.37 125.044 524.863 483.224 124.374 101.009 73.2464 80.0227 45.8089 358.85 21.8551 186.247 138.947 42.1557 47.3003 344.056 320.755 215.86
internal_count=162242 12381 5011 7370 1022 6348 5743 5672 999 200 4673 4328 646 478 3682 3432 1103 921 362 621 295 2329 199 799 604 355 195 2271 1855 605
is_linear=0
shrinkage=0.1


Tree=133
num_leaves=31
num_cat=0
split_feature=12 15 7 16 1 7 19 19 7 16 19 9 9 9 16 16 16 12 3 7 19 20 8 6 15 10 6 6 0 1
split_gain=6.32564 27.196 24.9609 9.77872 15.2865 33.9407 21.1375 16.9919 16.8938 16.0119 14.4097 13.6367 10.8658 16.8492 30.8848 14.7233 12.4273 9.54467 42.2203 30.5971 59.9358 51.4998 43.9207 44.2168 43.4058 38.8034 32.3024 92.368 60.2577 52.3072
threshold=24.537794124365487 -0.045849341332857139 102.04000000000001 0.24650000000000002 0.38675213675213682 4.0050000000000008 0.3987500000000001 0.42275000000000001 42.025000000000006 0.77750000000000019 0.027029138513513518 1.1621154417524244 1.2394133972369865 3.5735569555593401 0.79250000000000009 0.8175 0.78650000000000009 1.2499873317307695 60.500000000000007 176.00500000000002 0.029283482142857146 2.7500000000000004 4.400500000000001 171.19550000000004 0.0001407857142857143 600.10775000000012 6.0015000000000009 51.001000000000005 0.1243556701030928 0.38675213675213682
decision_type=2 2 2 2 2 2 2 2 2 2 2 2 2 2 2 2 2 2 2 2 2 2 2 2 2 2 2 2 2 2
left_child=17 2 -2 10 8 7 -7 -6 11 -9 -3 -5 15 14 16 -11 -14 -1 19 22 26 25 -19 -24 -25 -22 28 -28 29 -21
right_child=1 3 -4 4 5 6 -8 9 -10 12 -12 -13 13 -15 -16 -17 -18 18 -20 20 21 -23 23 24 -26 -27 27 -29 -30 -31
leaf_value=0.00038566046695654707 -0.15523113355294693 0.022557100298764027 0.035704502682734507 0.037427382973916776 0.067962905149542827 -0.17148487586266223 -0.016511594403645771 0.020905171195329482 -0.024366654551991607 0.068756590006180521 -0.10616046992143874 0.13499349004222214 -0.049789389591439956 0.0069352826285052063 -0.14702811867953863 -0.005209952761546747 0.034735845195226787 -0.003388935021832034 -0.12060521199935315 -0.092062742155752775 -0.13406757271165595 -0.061938691727088872 0.025675337509647556 -0.15714664131884903 0.023053018967069676 -0.011669050458314269 0.12613546872116879 0.00346902235831826 0.032886180355969026 0.030054597354351384
leaf_weight=43702.034378039534 19.041205054149035 17.436966280452907 10.69101447984576 31.121277872473001 52.044634863734245 16.188100328668952 19.287275921553373 474.15542930364609 19.977694610599428 36.096983343362808 17.351957783102989 26.544257512316108 48.198409646749496 97.788169354200363 25.268009319901466 105.75403222441673 27.216194093227386 4270.1671952530742 30.680659338831902 113.90571577101946 26.641001008450985 310.25589718669653 895.15496646147221 27.000390329398215 26.473556285724044 932.56707832613029 79.68158864043653 267.35227906797081 151.86059767007828 50.682784259319305
leaf_count=135059 104 86 36 96 75 80 50 765 117 40 89 45 106 164 86 193 39 12685 464 851 137 1686 2711 226 113 4032 193 1425 303 186
internal_value=-1.14661e-05 0.00769327 -0.0865751 0.0104562 0.0123064 0.00864143 -0.0872289 0.0125664 0.0548831 0.00902655 -0.0416444 0.0823384 -0.00752341 -0.0226296 -0.0513445 0.0136124 -0.0192853 -0.000169569 -0.00354791 -0.00304574 -0.0137933 -0.0265236 0.000934959 0.0203986 -0.0679345 -0.0150685 0.010564 0.0316342 -0.0125426 -0.0544584
internal_weight=51928.6 1044.16 29.7322 1014.43 979.64 901.997 35.4754 866.522 77.6432 814.477 34.7889 57.6655 340.322 198.471 100.683 141.851 75.4146 50884.5 7182.42 7151.74 1932.95 1269.46 5218.8 948.629 53.4739 959.208 663.483 347.034 316.449 164.589
internal_count=162242 2171 140 2031 1856 1598 130 1468 258 1393 175 141 628 395 231 233 145 160071 25012 24548 8813 5855 15735 3050 339 4169 2958 1618 1340 1037
is_linear=0
shrinkage=0.1


Tree=134
num_leaves=31
num_cat=0
split_feature=4 12 6 19 6 12 12 7 12 7 17 5 15 19 0 17 16 14 0 6 11 6 18 6 11 7 0 17 10 3
split_gain=6.3367 25.2728 44.1886 31.9929 42.4383 30.32 25.6784 25.5445 28.7601 27.2457 21.0729 22.5364 20.6338 19.1447 18.331 17.0823 15.9593 33.266 36.8263 24.7638 16.9088 22.5364 16.0744 13.8799 23.2324 32.8393 30.5509 22.2965 33.1029 39.3785
threshold=13.651086956521741 0.0054283265439781072 496.62650000000002 0.046289915966386562 983.94550000000004 0.2263823286759814 0.23358910082218801 10345.000000000002 0.012587746762948087 2088.3700000000003 22.947222222222226 23.966666666666672 2.0149801250000006 0.021277186761229316 0.22767145135566189 6.502173913043479 0.093500000000000014 3.1178235294117651 0.08941897654584223 124.379 0.021095938720042496 153.00300000000001 -672.49999999999989 860.71600000000001 0.023074464851856376 18686.220000000005 0.26488306165839837 25.009966777408639 477652993.60750002 47.500000000000007
decision_type=2 2 2 2 2 2 2 2 2 2 2 2 2 2 2 2 2 2 2 2 2 2 2 2 2 2 2 2 2 2
left_child=23 12 7 5 14 10 -6 8 9 -3 11 -4 -2 -12 -5 -13 -10 18 19 -18 -20 -22 -19 -1 27 -26 -27 28 -25 -30
right_child=1 2 3 4 6 -7 -8 -9 16 -11 13 15 -14 -15 -16 -17 17 22 20 -21 21 -23 -24 24 25 26 -28 -29 29 -31
leaf_value=-0.00058379946833910911 0.018769258511359199 -0.15828004109037325 -0.049406378381615268 -0.091622937356909226 -0.07888746883893577 -0.14017783923147936 0.074926566320393018 0.042618357444919902 0.045683497244106863 -0.01885934936437807 -0.0031493322526057023 -0.0033447028294404783 -0.041922896282905901 -0.13422651443847664 -0.21788613083933561 0.092207838711728329 -0.20503957403224954 0.065511798677775387 0.021474327156285191 -0.053158662451476039 0.017544787270149447 -0.10629114859468347 -0.015345562548919273 0.0072619532264675078 0.086170652989942587 0.029013732774232734 -0.14979047634728435 -0.0084528478189420022 0.082822549512820628 -0.05052271597905638
leaf_weight=47803.515376128256 1051.0835204655305 21.653631143271923 30.9359211307019 22.258234097622335 28.985467433463782 17.584205122664571 17.350653059780598 155.18646098300815 79.17156583070755 39.742082290351391 26.419941391795874 32.467131946235895 59.169783238787204 19.270071703474969 23.785553749650717 44.152995672076941 16.508425906300545 75.150943841785192 92.759033590555191 30.697162553668022 28.17847977206111 30.713667251169682 36.5413090698421 1075.2922957632691 84.188465354964137 38.470731993205845 12.71383924782276 763.62926459521987 118.91382722044364 27.214930201298557
leaf_count=146495 2250 79 82 108 152 92 53 288 120 92 55 82 269 88 97 58 68 102 159 110 45 89 78 5129 112 149 41 4628 516 556
internal_value=-1.25957e-05 0.00553596 -0.00723116 -0.0414457 -0.0888556 -0.0158078 -0.0212915 0.00762216 -0.00441672 -0.0680316 -0.00153695 0.0226322 0.0155347 -0.058432 -0.156849 0.0517183 0.00560502 -0.00461261 -0.0291414 -0.106273 -0.00513196 -0.0470386 0.0390585 -0.000232627 0.00768431 0.0477668 -0.0153998 0.00495083 0.0133308 0.0579884
internal_weight=51903.7 1979.77 869.513 263.21 92.3799 170.83 46.3361 606.303 451.116 61.3957 153.246 107.556 1110.25 45.69 46.0438 76.6201 389.721 310.549 198.857 47.2056 151.651 58.8921 111.692 49923.9 2120.42 135.373 51.1846 1985.05 1221.42 146.129
internal_count=162242 4616 2097 867 410 457 205 1230 942 171 365 222 2519 143 205 140 771 651 471 178 293 134 180 157626 11131 302 190 10829 6201 1072
is_linear=0
shrinkage=0.1


Tree=135
num_leaves=31
num_cat=0
split_feature=10 16 16 14 10 8 13 19 19 11 4 9 7 10 4 9 6 0 13 12 13 13 13 18 15 8 17 14 10 10
split_gain=6.65382 25.4885 40.9592 73.3796 69.1275 35.3291 39.3125 30.816 52.0139 36.5578 41.9271 40.2297 35.3323 33.6364 30.3878 57.2929 37.369 43.3422 63.6016 63.3552 44.5328 47.0854 40.9462 54.647 39.5557 53.081 51.2075 51.9994 40.108 38.2766
threshold=1608812.9229000004 0.93750000000000011 0.30050000000000004 0.27290209790209791 2476037.7360000005 3.8565000000000005 0.051341960220464895 0.05660769230769231 0.047622023809523815 0.0015632343249076237 2.2248575105717969 1.2307696968595303 29108.080000000005 121233884.85825001 2.6681547619047623 0.95359224807705367 1269.0460000000003 0.27241805813234393 0.043425877422734425 0.1992240964220833 0.063537939260482623 0.13348694316436255 0.055641554867561067 -6999.4999999999991 0.0025620000000000005 24.949000000000002 52.016891891891895 0.44454365079365082 3062285.4303000006 2741181.1787000005
decision_type=2 2 2 2 2 2 2 2 2 2 2 2 2 2 2 2 2 2 2 2 2 2 2 2 2 2 2 2 2 2
left_child=-1 2 -2 4 -4 6 -5 8 -6 11 -11 -9 13 -13 16 -16 17 18 24 22 29 -22 23 -20 25 -3 28 -28 -26 -21
right_child=1 14 3 5 7 -7 -8 9 -10 10 -12 12 -14 -15 15 -17 -18 -19 19 20 21 -23 -24 -25 26 -27 27 -29 -30 -31
leaf_value=0.00063500779413311413 -0.00060551487913379216 0.046815937182110856 -0.13369762790234652 -0.0058469062604854368 -0.041896206788617135 0.0072113951137295559 -0.071377294752000248 -0.16103987527942951 -0.18990852236567013 0.13604662863175593 -0.0048602184220426121 -0.046515144069885404 -0.1140907622546533 0.091996437735200512 -0.062804894710147705 -0.00086450828729795533 -0.043997626288433594 -0.003708746099429075 0.095949525688661164 0.088480379366360884 0.14291181923031876 -0.0073695728215698768 0.0026191277573911218 -0.095681976084466241 -0.14847490460059223 0.13340701806142161 -0.096900841673403904 0.08228170533233059 -0.002444168173710487 -0.14009619911869803
leaf_weight=39185.293772149133 3103.1866951591801 319.04210081975907 80.160974995233119 256.89661921560764 316.97312430967577 801.88250015268568 142.2329239458777 22.839232775382698 25.664726397022605 31.388444144278765 64.530621912330389 34.765972720459104 25.514169193804264 35.368221907876432 153.76686390209943 5177.5827239030041 118.23880060017109 887.7523888014257 17.739385537803173 13.007847498171033 71.253186587244272 29.471956817433238 495.32077472284436 92.353529641404748 22.505305911414325 90.981543501839042 18.609366568271071 124.88555760867894 114.48256875807419 16.772228242829442
leaf_count=118368 10230 1244 448 598 1512 2599 629 167 167 49 155 130 110 83 1618 13503 1336 1709 65 48 280 164 4321 706 175 457 157 421 643 150
internal_value=-9.78546e-06 -0.00199846 -0.00761272 -0.0194419 -0.0468718 -0.00488884 -0.0291992 -0.0343772 -0.0529828 -0.00464395 0.04125 -0.0417964 -0.013323 0.0233354 0.00157485 -0.00265099 0.010837 0.0136387 0.0244351 0.0039811 0.0671769 0.0989398 -0.00964163 -0.0648042 0.0462343 0.0660299 0.0172961 0.0590441 -0.0264351 -0.0402546
internal_weight=51890.5 12705.2 4941.4 1838.22 637.205 1201.01 399.13 557.045 342.638 214.407 95.9191 118.488 95.6484 70.1342 7763.77 5331.35 2432.42 2314.18 1426.43 735.919 130.505 100.725 605.414 110.093 690.506 410.024 280.483 143.495 136.988 29.7801
internal_count=162242 43874 16877 6647 2821 3826 1227 2373 1679 694 204 490 323 213 26997 15121 11876 10540 8831 5734 642 444 5092 771 3097 1701 1396 578 818 198
is_linear=0
shrinkage=0.1


Tree=136
num_leaves=31
num_cat=0
split_feature=8 3 13 0 14 10 3 10 10 8 7 0 18 4 5 0 4 4 5 7 12 12 10 10 10 0 0 10 0 12
split_gain=6.76487 40.0274 43.1053 36.747 28.6441 26.6208 37.7022 33.5808 19.6733 19.071 31.6826 38.3867 33.3979 32.114 25.4759 29.0187 35.0639 32.1044 29.0893 21.3592 17.1101 25.2681 20.3958 20.127 26.4288 19.4086 35.0466 53.1167 29.7075 29.4777
threshold=49.00800000000001 50.500000000000007 0.032688643123007614 0.012220009955201594 1.0416025641025644 63031.729950000008 55.500000000000007 51338.587300000007 5029867473149.5752 44.007000000000012 4208.5000000000009 0.1082709215239336 2.0499999999999976 10.877500000000003 26.527777777777782 0.44484995944849964 1.4990566037735851 1.9939024390243905 17.267857142857146 3829.2650000000003 1.2499873317307695 1.0056813635099957 92522.984200000021 104665.21880000002 139498.83930000002 0.083771929824561414 0.017910607356715142 699655.89060000016 0.11796331435800128 0.046694210815259825
decision_type=2 2 2 2 2 2 2 2 2 2 2 2 2 2 2 2 2 2 2 2 2 2 2 2 2 2 2 2 2 2
left_child=9 2 -2 4 8 6 -5 -8 -3 -1 11 19 13 14 15 16 -12 -18 -19 -11 21 22 -7 -24 -25 26 27 -26 29 -27
right_child=1 3 -4 5 -6 20 7 -9 -10 10 12 -13 -14 -15 -16 -17 17 18 -20 -21 -22 -23 23 24 25 28 -28 -29 -30 -31
leaf_value=-3.7216364424059686e-05 0.02819089022921889 -0.10371417706402604 0.20774771855441376 0.17139816442471878 0.21916382027403 -0.10200589987129971 -0.074241959629412463 0.14549104154547898 0.12127425819715783 -0.12060045085563598 -0.15702667317651536 0.06561618019359812 0.087503554025883945 0.044952834784366277 -0.24353856180729633 0.0092213465367771124 0.068485457480091008 -0.16010572610247908 0.02002380858210874 0.12090804709796706 -0.083393158438571341 0.1177200128476189 0.10396129802784373 -0.11754770163139056 0.30493016172151965 -0.01362893090572458 -0.044147772856600334 -0.034498943117988172 0.0051994911605485351 0.10989656670719672
leaf_weight=50486.418150111218 41.219913009554148 54.396566703333519 19.788257587701082 23.456633433699608 3.2098293153103432 17.961431311443448 19.830520354211334 10.712028600275515 4.1855279961600891 21.414920117240403 49.121721882838756 62.505750849843025 16.335119139403105 24.161796106956899 8.8823517644777876 35.542122408747673 18.055496288463473 24.136354994960129 14.263235937338321 4.4173945542424908 21.950855013448745 19.788999661803246 20.33831912279129 17.72050509788096 7.6354055730626014 29.256788305938244 135.4504413548857 11.636728200130163 610.15755106881261 56.873334877192974
leaf_count=153872 127 2420 62 64 67 124 221 46 31 282 529 103 29 58 61 60 74 166 60 28 219 71 50 96 85 115 1437 308 1267 110
internal_value=-1.12438e-05 0.00765675 0.0864309 0.00314234 -0.0717022 0.00775436 0.0760506 0.00282385 -0.0876394 -0.000181259 -0.0262618 0.0232384 -0.0492161 -0.0620393 -0.0792733 -0.0689341 -0.0952448 -0.0414883 -0.093198 -0.0793019 0.00386728 0.00593396 0.00349509 0.00562647 0.0033243 0.00584121 -0.0261954 0.0999791 0.0129601 0.0679373
internal_weight=51890.8 1125.57 61.0082 1064.56 61.7919 1002.77 53.9992 30.5425 58.5821 50765.3 278.836 88.3381 190.498 174.163 150.001 141.119 105.577 56.4551 38.3996 25.8323 948.77 926.82 907.031 889.069 868.731 851.01 154.723 19.2721 696.288 86.1301
internal_count=162242 6920 189 6731 2518 4213 331 267 2451 155322 1450 413 1037 1008 950 889 829 300 226 310 3882 3663 3592 3468 3418 3322 1830 393 1492 225
is_linear=0
shrinkage=0.1


Tree=137
num_leaves=31
num_cat=0
split_feature=5 11 15 6 2 19 13 11 16 17 5 2 4 6 0 18 5 11 1 1 5 4 11 17 17 19 12 17 18 19
split_gain=6.72804 26.6343 23.1252 14.3961 23.5586 27.3743 31.9929 22.9835 28.757 22.7882 19.3309 18.8928 18.6084 24.0939 60.842 19.8792 19.518 25.8836 18.2014 17.1692 16.9889 21.9617 20.2694 15.8925 15.2737 19.5637 24.5482 23.2214 22.6052 20.0637
threshold=61.083333333333336 1.0682306247302336e-08 -1.0000000180025095e-35 16.207500000000003 18.055555555555561 0.032258661887694155 0.081752437749558732 0.033770728890586958 0.87950000000000006 0.20521390374331552 72.325000000000017 61.083333333333336 7.3380952380952387 57.208000000000006 0.18107302533532046 -1497.7499999999998 101.32539682539685 0.00017855262113185592 0.029498781761225203 0.099295774647887344 75.792857142857159 20.244565217391308 0.0022505049541191465 9.7795138888888911 18.077380952380956 0.041674242424242426 0.0061390108089500869 1.9307036247334757 -2482.0799999999995 0.31616666666666671
decision_type=2 2 2 2 2 2 2 2 2 2 2 2 2 2 2 2 2 2 2 2 2 2 2 2 2 2 2 2 2 2
left_child=-1 2 -2 11 5 6 -5 12 -9 19 -10 -3 13 16 -15 20 17 -6 -8 -7 23 22 -22 -14 25 -11 28 -28 -27 -30
right_child=1 3 -4 4 7 9 18 8 10 24 -12 -13 15 14 -16 -17 -18 -19 -20 -21 21 -23 -24 -25 -26 26 27 -29 29 -31
leaf_value=-0.00025156766846154622 0.08440327792303759 0.033273735748824348 -0.1061144275110642 -0.30510711951599617 0.011614982184378848 -0.03962650019294317 0.062804327945059885 -0.12591216454733314 0.048504204277546488 0.054829440019405609 -0.050935936488153144 -0.035067132570858535 -0.028694931012247613 0.16609339901909043 0.031599849473068209 0.022898603632797936 0.040177714167382847 -0.11778206637446827 -0.11377573540241924 0.039515851722716232 -0.0070334410555684792 0.057466657788057235 -0.10484785246609472 -0.17471991422049593 0.0044775593463570584 -0.11910511922797705 -0.15991727263465225 -0.042613248344068995 -0.035965988468803035 0.028713169673339329
leaf_weight=49701.520888456609 7.7561196759343138 327.52972767502069 35.678088393993676 6.1939912568777826 38.936294607818127 33.816889621317387 8.9888133988715726 24.68067991733551 38.410744540393353 24.786096395924687 39.811206832528114 46.151424534618855 19.639483645558361 39.539739012718201 225.25993532128632 301.07566765323281 57.962187305092812 25.637754581868649 16.65030436264351 144.71436667069793 132.46516221761703 43.659296296536922 25.218599829822779 12.011389449238775 204.86538342246786 21.456592278555036 27.967789143323898 42.551020119339228 125.11371308937669 77.773787826299667
leaf_count=156870 21 528 590 38 70 100 101 78 66 51 96 101 43 25 374 606 90 78 150 257 377 68 97 88 507 96 123 112 310 131
internal_value=-1.32655e-05 0.00542898 -0.0720934 0.00700767 0.0032212 -0.0104412 -0.101143 0.0130231 -0.0318003 -0.00633429 -0.00210604 0.0248333 0.018029 0.0347162 0.0516824 0.00592653 -0.00194747 -0.0397594 -0.0518686 0.0245249 -0.0160048 -0.00529866 -0.022677 -0.0841109 -0.016838 -0.0304993 -0.037672 -0.0891361 -0.0214951 -0.0111722
internal_weight=51877.8 2176.3 43.4342 2132.87 1759.19 734.879 31.8331 1024.31 102.903 703.046 78.222 373.681 921.406 387.336 264.8 534.07 122.536 64.574 25.6391 178.531 232.994 201.343 157.684 31.6509 524.514 319.649 294.863 70.5188 224.344 202.888
internal_count=162242 5372 611 4761 4132 1976 289 2156 240 1687 162 629 1916 637 399 1279 238 148 251 357 673 542 474 131 1330 823 772 235 537 441
is_linear=0
shrinkage=0.1


Tree=138
num_leaves=31
num_cat=0
split_feature=12 12 15 15 15 15 0 7 10 7 7 1 8 17 17 7 9 17 10 5 5 4 4 4 5 4 8 6 19 8
split_gain=6.20359 24.8574 30.666 25.1106 42.7209 27.5368 34.9969 45.4355 23.4238 21.9739 31.4646 47.8707 30.1001 53.8995 32.535 52.1253 30.6644 56.0465 49.9355 66.1122 60.3234 54.5235 54.1869 48.4628 38.1834 68.3241 42.1948 36.6005 38.2577 34.6303
threshold=0.041667315931946197 0.039331795436279286 0.015000961538461541 0.57338445378151282 0.22627291666666668 0.17435428571428577 0.22767145135566189 184.04000000000002 448965.74430000008 2759.2600000000007 3398.1750000000006 0.017291209886386289 4.5910000000000011 89.441666666666677 45.535714285714292 1403.3700000000001 1.6982735580777832 236.37500000000003 699655.89060000016 23.341666666666672 30.690476190476193 7.506756756756757 5.9911504424778768 11.514708056171473 8.3666666666666689 3.6680107526881724 0.37250000000000005 17.382000000000001 0.49975000000000008 4.3075000000000001
decision_type=2 2 2 2 2 2 2 2 2 2 2 2 2 2 2 2 2 2 2 2 2 2 2 2 2 2 2 2 2 2
left_child=1 -1 -3 4 5 6 7 -4 -5 12 11 -11 16 14 -14 -16 18 24 19 22 -20 -22 29 27 -18 -26 -27 -24 -29 -2
right_child=9 2 3 8 -6 -7 -8 -9 -10 10 -12 -13 13 -15 15 -17 17 -19 20 -21 21 -23 23 -25 25 26 -28 28 -30 -31
leaf_value=0.00068910448310239214 -0.0069208417608295734 0.047024208013335386 0.1130127432885169 -0.036857971004854738 -0.21027317504980092 0.11766830775667343 0.025604983975470088 -0.15575778319667027 0.090012000959811461 0.094909965065386445 -0.0039921068656576025 -0.033571799538620724 0.0045365332591901161 0.053819030200939283 -0.076433043401581038 0.021693246388685437 -0.0019028339408723614 -0.17628594823671256 -0.015179553710383962 0.029091950830501957 -0.13553515478971401 -0.0082656572512020722 0.027694843704480249 0.048056918190169509 0.034581545942058901 -0.078974927179320531 0.00068771166916855382 -0.078127147844816336 -0.21705164473100436 -0.1112131202680148
leaf_weight=25232.539070463157 4036.6584228645079 255.1926179882139 7.8191076144576064 23.061261229217052 12.490297053940592 13.685992949642239 44.677890740334988 32.15708096884191 39.441969828680158 30.415091062895954 4175.9917414784431 622.97280745347962 8323.426639408106 218.58815132384188 126.19386755255982 94.804509110050276 5955.0095141907223 17.739028098061681 314.82690850785002 489.66592358052731 98.953194715082645 51.016142208129168 16.973840825259686 25.656643457710743 849.30961241014302 75.422578997910023 561.34121224284172 49.717183321714401 32.966776378452778 32.091550751589239
leaf_count=71692 11777 655 20 52 84 32 73 240 87 182 17194 2584 29990 724 758 415 19571 93 1308 785 331 112 31 42 1631 212 1114 161 139 153
internal_value=-1.04243e-05 0.00109471 0.0249773 -0.00748146 -0.0360645 -0.0139381 -0.0352148 -0.103188 0.0432019 -0.00109283 -0.0071849 -0.027591 0.000283885 0.00478545 0.00353104 -0.0343385 -0.00284503 0.0012524 -0.00878109 -0.00567868 -0.0400439 -0.092241 -0.00973823 -0.0745061 0.00167564 0.0160154 -0.00874807 -0.10606 -0.133517 -0.00774343
internal_weight=51860.8 25661.1 428.526 173.334 110.83 98.3401 84.6541 39.9762 62.5032 26199.7 4829.38 653.388 21370.4 8763.01 8544.43 220.998 12607.3 7458.82 5148.53 4683.73 464.796 149.969 4194.06 125.314 7441.08 1486.07 636.764 99.6578 82.684 4068.75
internal_count=162242 72935 1243 588 449 365 333 260 139 89307 19960 2766 69347 31887 31163 1173 37460 22621 14839 13088 1751 443 12303 373 22528 2957 1326 331 300 11930
is_linear=0
shrinkage=0.1


Tree=139
num_leaves=31
num_cat=0
split_feature=12 16 15 1 1 12 1 0 1 8 8 12 15 19 0 6 1 9 16 18 15 7 15 9 9 9 9 9 12 9
split_gain=6.23752 48.9998 36.6384 31.5354 32.1127 25.3943 32.4127 24.1581 23.1327 21.9462 21.8928 21.835 21.8138 34.8822 30.8924 26.7089 23.4512 18.8083 25.9034 23.7744 38.3798 21.0778 16.3892 21.6026 20.6233 15.6472 17.0013 14.9447 14.7232 13.7536
threshold=24.488956346153849 0.55950000000000022 -0.10127312499999998 6.5000000000000009 1.2250000000000003 19.61665977777778 0.81666666666666676 0.18107302533532046 6.5000000000000009 0.22550000000000003 1.0005000000000002 24.537794124365487 0.14546584415584418 0.2501666666666667 0.051668520578420474 13.833500000000003 1.4500000000000002 1.6982735580777832 0.79250000000000009 2.0499999999999976 -0.058195999999999991 8.0250000000000021 0.054544155844155846 2.4665982542669869 5.3036333615556215 4.0853845794361332 3.3491490189040447 1.3236273170048007 24.537794124365487 2.0335541605670389
decision_type=2 2 2 2 2 2 2 2 2 2 2 2 2 2 2 2 2 2 2 2 2 2 2 2 2 2 2 2 2 2
left_child=5 3 -3 4 9 -1 7 -7 12 -2 28 -10 13 14 -4 -16 29 27 22 20 -20 -22 -19 -24 25 26 -25 -15 -11 -14
right_child=1 2 8 -5 -6 6 -8 -9 11 10 -12 -13 16 17 15 -17 -18 18 19 -21 21 -23 23 24 -26 -27 -28 -29 -30 -31
leaf_value=-0.00013038231962051911 -0.13786267707982838 -0.11511008997423849 0.11695940520045878 0.068968694655861626 -0.10967350431746792 -0.087416750331954021 -0.18089406298590779 0.0224178258088399 -0.11520298671568226 -0.023142188192686174 -0.10755142975313151 -0.0086956268760553616 -0.02774127443798953 0.013110906200756471 0.064613733938384307 -0.090987059489619049 0.026267858160851983 0.10876116769371183 0.059169098469732333 0.051377196580297269 -0.026251429236902459 -0.14385341043310407 0.07347744059900034 -0.019135829989760586 0.059244082509594412 -0.067157357587652913 0.061372618621413522 -0.019298777339966003 0.05893889319019005 -0.11957045845480208
leaf_weight=49725.299718615832 14.67923606559634 22.841153088025749 66.419192428234965 23.548810377717018 66.462470386177301 35.568886376917362 16.093203842639923 45.82590889185667 24.073588326573372 49.602421164512634 18.140617620199919 96.032146528363228 109.10672673024237 493.09386119619012 33.034435674548149 16.562165047973394 84.964076891541481 36.122098222374916 53.050234109163284 77.665576249361038 130.36227133870125 17.257993824779987 112.80884498357773 63.795017048716545 82.710530757904053 30.461328834295273 44.545365318655968 199.98020400106907 39.063421005383134 19.176654648035765
leaf_count=157023 103 119 247 38 249 209 72 95 93 140 102 175 264 990 55 67 148 50 116 162 343 90 193 177 130 90 62 493 75 72
internal_value=-9.19057e-06 0.00543057 0.0107413 -0.0401205 -0.0537887 -0.000230346 -0.0512182 -0.025579 0.0123461 -0.0232153 -0.00745838 -0.0300436 0.0153927 0.0197623 0.0723685 0.0126528 -0.0144803 0.015214 0.0274507 0.00439884 -0.0137832 -0.04 0.0447709 0.037857 0.0197168 -0.00383718 0.0139661 0.00375939 0.0130202 -0.0414685
internal_weight=51848.3 2025.56 1814.06 211.497 187.948 49822.8 97.488 81.3948 1791.22 121.486 106.806 120.106 1671.12 1457.87 116.016 49.5966 213.247 1341.85 648.779 278.336 200.67 147.62 370.443 334.321 221.512 138.802 108.34 693.074 88.6658 128.283
internal_count=162242 4843 4136 707 669 157399 376 304 4017 420 317 268 3749 3265 369 122 484 2896 1413 711 549 433 702 652 459 329 239 1483 215 336
is_linear=0
shrinkage=0.1


Tree=140
num_leaves=31
num_cat=0
split_feature=11 17 2 18 14 10 13 10 9 18 4 4 1 1 18 6 6 6 15 19 6 8 10 0 0 13 11 6 1 2
split_gain=5.96942 21.7113 23.4484 34.6979 47.6928 50.5267 29.618 40.0943 22.0768 40.3316 21.6761 21.5485 19.8266 43.3351 32.397 54.114 19.2637 71.6412 51.9409 31.3043 30.9115 30.3016 25.0746 24.1604 24.5339 27.1489 30.6716 29.2246 23.9578 21.6196
threshold=0.072387271436285164 2.2004464285714289 9.6760752688172058 -345.97499999999997 0.077032967032967054 13852.646050000001 0.070216524918854523 6274.4546000000009 1.2202567080615865 -100.84999999999998 3.1465040650406508 10.877500000000003 0.31009615384615391 0.94444444444444453 -107.49999999999999 19.203000000000007 20.349000000000004 36.000500000000009 0.096417402597402613 0.13807142857142859 38.70300000000001 3.9985000000000004 105.00000000000001 0.45183384887317724 0.30825791855203627 0.076575384302148039 0.13096236367941613 73.39200000000001 0.12060606060606062 1.9587904360056261
decision_type=2 2 2 2 2 2 2 2 2 2 2 2 2 2 2 2 2 2 2 2 2 2 2 2 2 2 2 2 2 2
left_child=-1 10 3 -3 -5 6 7 -6 9 -8 16 12 -12 14 15 -14 22 18 19 29 -19 -21 -2 24 25 28 -27 -28 -22 -18
right_child=1 2 -4 4 5 -7 8 -9 -10 -11 11 -13 13 -15 -16 -17 17 20 -20 21 23 -23 -24 -25 -26 26 27 -29 -30 -31
leaf_value=-0.00025958062330389654 -0.04343319664521051 -0.15611450044574088 0.0075451909146411287 0.020439604248418897 -0.23563157199584361 -0.14729589563036991 -0.15202302917529756 -0.0034658429512187828 0.031069530510956803 0.052483025663183649 0.050600677235418494 -0.031811377219673614 -0.0049756286741278266 0.047377026643372858 0.021737884377183644 -0.23545083823401824 -0.17474353063879208 0.10791928043432748 -0.16521750968624294 -0.090527761123549447 -0.11331400893125228 0.041677591409243674 0.017331985994960688 -0.093777000696366852 0.068826792068654941 0.053725388340711805 -0.14156680175423886 0.035267472556401634 -0.0052508777374258905 -0.031576207453907684
leaf_weight=49169.149956196081 73.973910119384527 20.050997324287891 370.90129195153713 153.88906148541719 14.191638976335527 44.836482542566955 21.953998573124409 15.63199759274721 72.171232551336288 17.197692729532719 288.68758851662278 55.421657290309668 22.389456547796726 116.45664471387863 34.363714002072811 18.692580528557301 21.444449454545975 31.864990293979645 40.094862006604671 24.866343379020691 33.225782789289951 57.254497408866882 828.21010681241751 23.154434472322464 60.723498299717903 100.00955369696021 18.542654782533646 18.842873901128769 53.632731862366199 20.757770538330078
leaf_count=156251 234 95 708 550 66 198 91 39 133 26 417 119 42 165 61 78 95 41 157 74 163 100 1674 60 70 234 67 43 145 46
internal_value=-9.36688e-06 0.0045925 -0.0101 -0.0282833 -0.0207418 -0.0548169 -0.0254401 -0.113942 -0.0017301 -0.0621921 0.0101199 0.0272317 0.0340406 0.00912849 -0.0499112 -0.109843 0.00359913 -0.0120517 -0.0662456 -0.0343267 0.0141557 0.00164556 0.0123496 0.00445931 0.012441 -0.00282714 0.0248376 -0.0524396 -0.046588 -0.104325
internal_weight=51842.6 2673.43 730.824 359.923 339.872 185.983 141.147 29.8236 111.323 39.1517 1942.61 536.012 480.59 191.902 75.4458 41.082 1406.6 504.414 164.418 124.323 339.997 82.1208 902.184 308.132 284.977 224.254 137.395 37.3855 86.8585 42.2022
internal_count=162242 5991 1906 1198 1103 553 355 105 250 117 4085 882 763 346 181 120 3203 1295 472 315 823 174 1908 782 722 652 344 110 308 141
is_linear=0
shrinkage=0.1


Tree=141
num_leaves=31
num_cat=0
split_feature=9 9 3 7 12 18 15 13 3 6 0 9 4 13 6 6 7 8 16 3 4 7 20 18 6 16 9 18 9 8
split_gain=5.97318 18.8972 49.155 70.129 43.0782 17.694 15.4477 29.3329 64.346 55.7554 47.4968 42.1047 61.0559 24.7397 30.3706 33.5406 23.7953 21.9494 25.8946 29.2848 30.3802 60.681 50.0122 33.3117 30.6036 27.6462 26.7181 26.2281 25.9823 26.0408
threshold=4.1914081257393168 4.2571314654391257 4.5000000000000009 452.52000000000004 0.021808152143672929 6019.2650000000003 -0.0063736666666666655 0.054923507864684341 7.5000000000000009 80.919500000000014 0.034557396626362154 4.9968789013732842 0.33156028368794327 0.28622631848438301 53.093000000000011 32.000500000000009 2884.0850000000005 1.0390000000000004 0.56450000000000011 21.500000000000004 1.4990566037735851 524.82000000000005 2.7500000000000004 -699.49999999999989 201.66350000000003 0.61950000000000005 7.6236117753334405 3.0500000000000118 6.7892508969109402 1.9405000000000003
decision_type=2 2 2 2 2 2 2 2 2 2 2 2 2 2 2 2 2 2 2 2 2 2 2 2 2 2 2 2 2 2
left_child=5 2 -2 -4 -5 -1 7 17 9 13 11 -10 -13 14 15 -9 -17 -3 19 20 21 22 -19 26 -25 27 -22 -20 -23 -30
right_child=1 6 3 4 -6 -7 -8 8 10 -11 -12 12 -14 -15 -16 16 -18 18 25 -21 23 28 -24 24 -26 -27 -28 -29 29 -31
leaf_value=-0.00051227066395452363 -0.082124934339014619 0.021765808537094037 0.19993409047022115 0.07923016631425514 -0.1207070503210229 -0.067205150603182426 -0.00021211047987167067 0.004292474316647879 0.27978541811012708 -0.15212459842654211 0.031959685095726519 -0.11538522209956877 0.13840021798554653 0.084213715043261028 0.073602754479971194 -0.18996667820470942 -0.029405507533863826 0.05077551499132537 0.024105674009302254 0.0089225484571247484 -0.016218673581147744 -0.21432156894481791 -0.079321506551410043 0.057442508196857568 -0.055211921514053935 0.00410061682340366 -0.16881512988287606 0.16926862072986057 -0.17329180488431359 -0.040996577738717468
leaf_weight=40383.564737965469 23.314075343310833 476.67820068262517 31.003685463219881 29.270497917197645 17.055545811541378 39.819375276565552 9057.650449676672 106.06915776245296 15.47088220156729 22.539036182686687 114.29622580856085 11.299212187528608 58.868571842089295 39.947451904416084 40.699920549988747 17.713025711476803 19.273512534797192 58.338338186964393 32.751466223970056 238.7643557023257 30.586962811648846 23.77263465616852 59.87724267039448 83.148986909538507 33.964622460305691 662.02621497493237 18.362259447574615 20.076497353613377 24.102185525000095 38.88034213334322
leaf_count=128013 84 1000 41 67 110 101 27675 275 61 125 204 145 171 98 93 101 51 131 104 770 70 133 240 116 85 1822 65 30 120 141
internal_value=-7.7212e-06 0.00201329 0.0451534 0.0835264 0.00562064 -0.000577967 0.00162924 0.00905003 0.0320046 -0.00221459 0.0741494 0.130457 0.0975328 0.0128895 -0.00261601 -0.0243006 -0.106299 0.00336434 -0.00325746 -0.0183955 -0.035975 -0.061731 -0.0151198 -0.0041844 0.0247711 0.00965586 -0.073462 0.0792727 -0.125245 -0.0916234
internal_weight=51829.2 11405.8 100.644 77.3297 46.326 40423.4 11305.2 2247.51 446.177 246.242 199.935 85.6387 70.1678 223.703 183.756 143.056 36.9865 1801.33 1324.65 609.798 371.034 204.971 118.216 166.063 117.114 714.854 48.9492 52.828 86.7552 62.9825
internal_count=162242 34128 302 218 177 128114 33826 6151 1324 743 581 377 316 618 520 427 152 4827 3827 1871 1101 765 371 336 201 1956 135 134 394 261
is_linear=0
shrinkage=0.1


Tree=142
num_leaves=31
num_cat=0
split_feature=15 15 16 0 16 9 12 15 7 3 15 16 0 7 7 5 4 19 16 3 0 3 12 11 1 10 7 9 16 12
split_gain=5.98984 22.1427 40.1226 27.2286 27.2188 23.3406 23.8507 34.7646 42.2087 50.4072 29.8453 28.5481 26.0533 30.6194 33.943 24.7549 44.141 23.4226 26.7702 23.3161 28.483 27.4585 22.6119 26.9417 22.4437 29.1852 22.4133 21.2272 21.1111 44.0336
threshold=0.23636369318181819 0.25456415584415587 0.95850000000000002 0.34641025641025647 0.77750000000000019 1.5205275066739832 0.21955171062731479 0.40353327731092442 86.030000000000015 3.5000000000000004 1.0525340909090912 0.96850000000000003 0.18624359479700436 480.03000000000009 940.87500000000011 28.791666666666668 1.5018939393939397 0.049447222222222233 0.98950000000000016 14.500000000000002 0.35767590618336892 9.5000000000000018 0.60377575111868753 0.016790049810053779 0.20942982456140355 399.98010000000005 400.05000000000007 1.3236273170048007 0.61550000000000005 0.0087020403409090921
decision_type=2 2 2 2 2 2 2 2 2 2 2 2 2 2 2 2 2 2 2 2 2 2 2 2 2 2 2 2 2 2
left_child=-1 2 4 -4 19 6 -3 8 9 -8 11 15 13 -10 -15 16 26 -12 22 21 -21 27 -19 -24 -20 -26 -9 -2 -7 -30
right_child=1 5 3 -5 -6 28 7 10 12 -11 17 -13 -14 14 -16 -17 -18 18 24 20 -22 -23 23 -25 25 -27 -28 -29 29 -31
leaf_value=-0.00055954215075047645 0.076202419513844155 3.9819167066363937e-05 0.099424636135822739 -0.013961900417212398 -0.12331861838753365 0.0011539489664126514 -0.074050042177498818 0.060472232278883722 -0.14224896163277698 0.14142314451009594 -0.13342718292148109 0.019649390063873933 -0.17097308840534503 0.072383266216671835 -0.097255861593527324 0.076976268039664522 -0.119888155146726 0.061139671337773864 -0.0040212614001461974 -0.1278349365942214 0.063007245583554958 0.098381118522231664 -0.073607941175540093 0.06471472047314078 -0.03250117227984281 -0.12777974602515466 -0.053249541240177015 -0.034942659769522426 -0.0038036515698575604 0.027369669228510574
leaf_weight=41038.393310763175 24.494439117610455 4650.1337288987124 92.833213617559522 27.438663922250271 16.603728540241718 2936.3150602085516 24.401617083698511 34.02063125371933 29.862561471760273 19.559382904320955 21.298153169453144 391.29269895097241 31.484938487410545 23.474540265277028 23.706656001973897 17.770878456532955 51.186753259971738 53.437499081715941 78.531996662728488 22.469201359432191 11.995723173022268 41.080181133933365 42.002160139381886 21.18253929913044 78.67105957120657 54.366603771224618 35.32714579324238 57.571607348509133 762.28784811776131 1117.2455028537661
leaf_count=132568 52 12968 231 54 101 8028 90 113 197 33 125 754 119 93 205 20 215 102 201 172 16 92 128 27 177 202 270 215 2141 2533
internal_value=-8.26238e-06 0.00208806 0.0291323 0.0735568 -0.00153681 0.00132939 -0.00301179 -0.0167678 -0.060845 0.0218195 -0.00912202 0.00584606 -0.0943294 -0.0630079 -0.0128536 -0.0332062 -0.0494509 -0.0318038 -0.0252089 0.0112924 -0.0614112 0.03164 0.0132589 -0.0272356 -0.0464133 -0.0714373 0.00254008 -0.00176894 0.0064511 0.0147266
internal_weight=51830.4 10792 294.487 120.272 174.215 10497.6 5681.71 1031.58 152.49 43.961 879.088 529.598 108.529 77.0438 47.1812 138.305 120.535 349.49 328.192 157.611 34.4649 123.146 116.622 63.1847 211.57 133.038 69.3478 82.066 4815.85 1879.53
internal_count=162242 29674 933 285 648 28741 16039 3071 737 123 2334 1372 614 495 298 618 598 962 837 547 188 359 257 155 580 379 383 267 12702 4674
is_linear=0
shrinkage=0.1


Tree=143
num_leaves=31
num_cat=0
split_feature=1 0 6 14 6 8 1 8 15 15 11 11 11 7 7 3 10 10 14 0 14 4 12 17 12 10 13 6 17 10
split_gain=6.29832 28.161 40.8149 43.9384 36.4708 35.9374 34.142 32.8738 40.677 32.4931 42.347 81.4668 56.3043 41.1298 37.4654 31.6392 31.5681 35.4503 51.1005 32.7427 31.0265 33.8415 45.3317 30.2699 41.0842 37.1213 46.434 43.5371 42.2771 45.7648
threshold=0.10741758241758244 0.3504385964912281 4.0010000000000012 -6.2985153764581119 72.001000000000019 1.4725000000000001 0.087228260869565227 11.000500000000001 0.18904454545454549 -0.045849341332857139 0.010702844539978435 0.01289387229478315 0.008809587014984523 1165.8400000000004 160.83000000000004 37.500000000000007 2185.6121000000007 1321.2032500000003 0.69240384615384631 0.18107302533532046 0.98784615384615393 1.4990566037735851 0.75341184393939409 71.36859590837561 0.1180616509608978 19990.546300000005 0.36281818181818187 740.78950000000009 18.715728715728719 350578.58430000005
decision_type=2 2 2 2 2 2 2 2 2 2 2 2 2 2 2 2 2 2 2 2 2 2 2 2 2 2 2 2 2 2
left_child=1 6 3 -3 5 -4 23 8 -7 15 12 13 14 -12 -11 -8 17 18 -16 -20 21 22 -13 25 -25 -1 27 -27 -29 -30
right_child=-2 2 4 -5 -6 7 9 -9 -10 10 11 20 -14 -15 16 -17 -18 -19 19 -21 -22 -23 -24 24 -26 26 -28 28 29 -31
leaf_value=0.0054528977226092831 -0.00080374848618232266 -0.09283878584419758 0.080183716345683845 0.028957371976266168 0.0051683795695208435 -0.16536481854809337 -0.019652538778086426 -0.017234285949595259 -0.015859895844036777 -0.082423154041382438 0.2032333345376543 -0.13285844403372846 -0.11997624193544301 0.06554688209004654 -0.11183692305789097 0.12205194952684564 0.0068784792819143355 0.1014396315851378 -0.025806906834054257 0.15498865142008145 0.07095083964678961 0.022782994061137429 0.054226327548824685 0.0023809174163887648 0.052249662538817937 -0.013441681399279565 -0.13778813310794769 0.015999266175664974 -0.11157175255627999 -0.0089557278939482229
leaf_weight=2300.4289506212808 34055.043896412943 30.530399292707443 22.900279715657234 992.6772768124938 4670.9004473425448 43.984338484704494 396.36210817983374 107.38315922021866 31.042443417012691 41.573593585751951 40.540195725858212 35.065770499408245 34.18965806812048 46.674150969833136 24.450881160795689 16.408751118928194 816.03207336412743 81.10163551196456 18.62843706458807 21.669052064418793 100.10156048089266 241.19370691105723 20.537053750827909 780.90395099925809 209.52952051325701 4951.2138341229875 28.002129338565283 1143.3030329917092 47.906333167571574 468.3839704884449
leaf_count=9041 96374 84 24 1498 8464 148 1359 208 60 228 55 177 146 104 130 64 3779 150 98 19 192 601 87 4174 1128 24140 394 6010 317 2989
internal_value=-7.50812e-06 0.00151898 0.0071654 0.0253232 0.00335522 -0.037895 -0.00128867 -0.052719 -0.103507 0.0108649 0.0176147 0.0420372 0.00622044 0.129548 0.0105202 -0.0140194 0.0145373 0.0573886 0.00221169 0.0714118 0.0228075 0.00657009 -0.0637582 -0.00365647 0.0129308 -0.00549428 -0.00928761 -0.00874331 0.00527376 -0.0184774
internal_weight=51818.7 17763.6 5899.42 1023.21 4876.21 205.31 11864.2 182.41 75.0268 1934.53 1521.76 484.112 1037.65 87.2143 1003.46 412.771 961.882 145.85 64.7484 40.2975 396.898 296.797 55.6028 9929.67 990.433 8939.24 6638.81 6610.81 1659.59 516.29
internal_count=162242 65868 10486 1582 8904 440 55382 416 208 7189 5766 1216 4550 159 4404 1423 4176 397 247 117 1057 865 264 48193 5302 42891 33850 33456 9316 3306
is_linear=0
shrinkage=0.1


Tree=144
num_leaves=31
num_cat=0
split_feature=16 16 17 17 7 8 5 4 4 5 15 12 9 0 0 10 15 0 4 7 11 7 15 17 13 5 19 15 12 10
split_gain=6.02351 27.0639 39.1742 27.8876 35.8162 24.3172 29.3655 31.439 36.0632 22.9503 56.7658 41.0762 31.4718 32.7614 33.2346 26.7847 34.7276 34.0504 41.2503 33.299 28.8525 31.7627 24.9462 25.0642 47.3034 32.7929 43.4842 32.1916 36.5778 32.1348
threshold=0.11950000000000001 0.10850000000000001 26.513157894736846 21.090053763440864 39.010000000000012 0.22550000000000003 45.100000000000009 0.85960591133004927 0.71462504241601643 12.34848484848485 1.1291165000000001 4.4560149802371543 2.4984394506866421 0.60128205128205137 0.35767590618336892 791723.65975000022 1.2062533333333336 0.96225071225071235 3.0528782894736848 134.02000000000001 0.017556225581992765 280.02000000000004 -2.125139474603174 9.5035714285714317 0.087074991114796843 15.062500000000002 0.038467611336032395 0.024006842105263163 0.090161879168113454 8540424.0157000031
decision_type=2 2 2 2 2 2 2 2 2 2 2 2 2 2 2 2 2 2 2 2 2 2 2 2 2 2 2 2 2 2
left_child=1 9 3 4 -3 6 7 8 -2 10 -1 12 13 14 -12 -11 17 19 -19 -17 21 -21 -23 24 25 26 -24 28 -25 -30
right_child=5 2 -4 -5 -6 -7 -8 -9 -10 15 11 -13 -14 -15 -16 16 -18 18 -20 20 -22 22 23 27 -26 -27 -28 -29 29 -31
leaf_value=-0.001015395243972455 -0.041576716232922917 -0.098541082203027625 -0.076685688150681053 0.15569370254297374 0.043049894585588382 -0.00042928832674840768 0.045901678127757813 -0.11743251738649135 0.22297877043683578 0.013504712711085705 -0.12601837312721961 -0.20802822695981771 -0.014240997781437899 -0.24931949036458356 0.024460104543462213 0.081001256856277751 0.02902370568020406 -0.085991813349063181 0.043670381740475529 -0.12282438903297783 -0.056477686790595373 -0.10278555546177125 -0.0002966205040241688 0.0078739821523682255 -0.051407093663752623 0.025017829934251057 -0.20004489562865957 -0.038611525733230616 -0.16745871820243552 0.019481120215808209
leaf_weight=5465.5691687361104 36.105353879742324 19.190933499485254 30.980610572267324 19.942522818222642 258.61670567002147 40696.338962082635 28.280038550496101 57.765370493754745 6.0103982463479033 2486.5644795335829 36.175948616466485 15.488963893614708 154.59456596756354 11.453416660428045 24.697242394089699 38.899702847003937 328.11245499039069 27.6501624584198 217.83707438223064 24.127391874790192 137.92215497605503 26.896000918000937 38.767668662592769 451.30343937966973 115.12895830348134 589.57587771490216 15.16040402650833 390.0280065368861 23.299939811229706 15.190406206995247
leaf_count=21805 349 82 167 24 647 127106 58 395 23 4633 441 85 448 46 38 54 758 76 395 84 367 112 102 1038 485 1109 71 1099 103 42
internal_value=-7.36853e-06 0.00207378 0.0303333 0.0414685 0.0332688 -0.000566249 -0.0440569 -0.0695275 -0.00382163 0.00120023 -0.00311559 -0.0504683 -0.0397137 -0.0941603 -0.0649668 0.00620069 -0.00124302 -0.00594562 0.029066 -0.0105509 -0.0124998 -0.00890963 -0.00725925 -0.00569114 0.00762846 0.0181905 -0.0564504 -0.0171761 -0.000106773 -0.093682
internal_weight=51787.7 10963.2 328.731 297.75 277.808 40824.5 128.161 99.8811 42.1158 10634.4 5707.98 242.41 226.921 72.3266 60.8732 4926.46 2439.9 2111.79 245.487 1866.3 1827.4 1689.48 1665.35 1638.45 758.633 643.504 53.9281 879.822 489.794 38.4903
internal_count=162242 34311 920 753 729 127931 825 767 372 33391 22863 1058 973 525 479 10528 5895 5137 471 4666 4612 4245 4161 4049 1767 1282 173 2282 1183 145
is_linear=0
shrinkage=0.1


Tree=145
num_leaves=31
num_cat=0
split_feature=3 12 7 6 0 19 6 6 0 12 12 14 0 0 15 15 1 9 16 15 10 15 9 9 12 7 15 15 3 18
split_gain=5.85701 37.1265 55.2618 24.7847 115.078 60.6869 51.4122 49.8861 37.8915 35.5188 36.1257 40.0033 34.8784 34.2832 33.0205 76.732 53.2097 41.4259 45.9366 32.8636 65.1621 47.6502 40.3558 32.2162 44.6588 44.2121 68.1522 46.2108 32.4772 29.3567
threshold=33.500000000000007 0.00059972241791321414 43647.840000000004 18.666500000000003 0.23596766951055234 0.029283482142857146 49.174500000000002 68.402500000000018 0.11796331435800128 1.1842962871758524 0.018475227288094666 0.016461184121392771 0.10557275541795667 0.11566332218506133 0.11923204166666669 0.089323916666666683 0.01151635720601238 9.2646238358868747 0.99950000000000017 0.025719142857142861 71737.888750000013 0.099087121212121224 10.423457192524991 1.0293363508834388 1.952530931213637 6436.2750000000005 0.30910639204545459 0.21052631625131582 34.500000000000007 -1200.0499999999997
decision_type=2 2 2 2 2 2 2 2 2 2 2 2 2 2 2 2 2 2 2 2 2 2 2 2 2 2 2 2 2 2
left_child=-1 2 -2 4 5 8 13 -8 9 10 11 -3 14 -5 15 16 17 18 -12 22 21 -21 -10 -9 25 26 27 29 -27 -25
right_child=1 3 -4 6 -6 -7 7 23 19 -11 12 -13 -14 -15 -16 -17 -18 -19 -20 20 -22 -23 -24 24 -26 28 -28 -29 -30 -31
leaf_value=-0.00031063002178521203 -0.1497867983990657 0.025521710722787378 -0.014251075014011384 0.14356234005434682 0.032296967801184483 0.12176241106297347 -0.15539523675608372 -0.0039754409895461874 -0.1582979078508723 -0.091222725195859999 -0.12054166498265265 -0.11579443400498926 0.093355765192041681 0.032405822747080953 -0.083924451982195586 0.16044950950712278 -0.043726383884801844 0.25756202788226579 0.16045329980579884 0.12548908834384243 -0.17432709719718209 -0.063873003037896323 0.034815704550870401 -0.10389788293704323 -0.10759488959425903 0.073315891481280593 -0.11254942981220846 0.16544812457683317 0.00429073088024384 0.051574576476829163
leaf_weight=47828.543506650138 35.680094763403758 30.017785284668207 191.76240632263944 45.942361991852522 444.58250131458044 24.024430267512798 18.471644996665418 1032.5622367574833 67.409681245684624 69.573358213994652 11.596858299802989 60.212324417196214 37.721472278237343 70.058140501379967 48.475800458807498 28.383207273669541 141.6915031131357 10.77889686450362 11.674754643812776 25.131015777587891 23.56133659183979 28.19987229257822 12.890654712915419 12.541205241344867 27.305656083393842 73.723250533919781 25.250953470356762 35.695468835998327 904.19996253564022 384.49752889433876
leaf_count=143376 360 166 877 117 687 73 101 5567 277 826 161 543 76 125 523 123 1185 40 157 36 102 91 23 61 256 191 170 95 4446 1411
internal_value=-5.57067e-06 0.00370362 -0.0355133 0.00611031 -0.00667575 -0.0341198 0.0113406 0.00833752 -0.0402862 -0.0255253 -0.0135144 -0.0687813 0.00366217 0.0764297 -0.00973198 0.0078873 -0.0167523 0.0954929 0.0204261 -0.0825544 -0.0358284 0.0253597 -0.127297 0.00954933 0.0190935 0.0215026 0.0471436 0.056462 0.00949437 0.0466637
internal_weight=51762.2 3933.62 227.443 3706.17 1075.93 631.343 2630.25 2514.25 607.319 450.126 380.553 90.2301 290.322 116.001 252.601 204.125 175.742 34.0505 23.2716 157.193 76.8922 53.3309 80.3003 2495.78 1463.21 1435.91 457.985 432.734 977.923 397.039
internal_count=162242 18866 1237 17629 5089 4402 12540 12298 4329 3800 2974 709 2265 242 2189 1666 1543 358 318 529 229 127 300 12197 6630 6374 1737 1567 4637 1472
is_linear=0
shrinkage=0.1


Tree=146
num_leaves=31
num_cat=0
split_feature=6 8 8 14 13 18 4 9 3 16 0 11 6 17 2 13 3 5 7 2 0 10 1 7 4 19 17 14 7 19
split_gain=6.15742 37.6864 49.9007 32.06 39.4651 26.9144 26.4237 29.01 26.1249 24.354 38.348 38.289 31.6819 31.6288 27.1858 25.6636 23.3086 55.2395 41.4426 42.3815 40.1469 38.0145 34.851 44.051 38.2935 33.344 34.1989 33.5774 33.2379 29.3541
threshold=113.99700000000001 0.82350000000000001 0.94950000000000012 -602.84272727272707 0.022611652222818728 -344.94999999999993 1.3984126984126986 9.44032796068546 20.500000000000004 0.10450000000000001 0.54606060606060614 0.0030494198131675457 440.05000000000007 2.2696153846153853 11.261363636363638 0.023448955278592379 6.5000000000000009 8.3666666666666689 10033.130000000003 2.4641025641025647 0.4971910112359551 2616007.8227500007 0.31414473684210531 108.03000000000002 1.7784237726098193 0.2302916666666667 5.1702898550724647 4.167083333333335 48859.635000000002 0.19610000000000002
decision_type=2 2 2 2 2 2 2 2 2 2 2 2 2 2 2 2 2 2 2 2 2 2 2 2 2 2 2 2 2 2
left_child=-1 5 6 4 -4 8 7 -3 9 10 11 12 -2 -11 -15 -13 17 18 19 25 21 -20 23 -21 -24 -5 27 -27 -23 -19
right_child=1 2 3 16 -6 -7 -8 -9 -10 13 -12 15 -14 14 -16 -17 -18 29 20 22 -22 28 24 -25 -26 26 -28 -29 -30 -31
leaf_value=0.00080194117510042756 -0.14401677511808186 0.22339672703101787 0.035909703026636229 -0.13403462021380813 -0.13237680693331461 -0.099497149480651081 0.03087720197388413 0.052147853571454177 0.08146222531427888 0.11386916963644229 -0.19947904512859724 -0.0696994488326204 0.081154711322392881 -0.12588124407859155 0.046532634088334496 0.043305872095267345 2.370620880011513e-05 -0.018981808383767659 0.1491372465628554 0.12772964362329559 -0.10205465607870855 -0.16139905575182523 0.10895132010197182 -0.097987611437119648 -0.062703617009212259 -0.053657676436330876 -0.11303315438016724 0.19689144586310739 0.13907106569014732 0.011297539232917196
leaf_weight=33341.142696392722 40.24214008403942 17.718027587980032 21.422716788947582 100.89792921813205 39.870656942017376 56.111832500435412 94.225288737565279 22.396369269117713 21.959471836686134 22.700290311127901 16.276692658662796 31.472836913540959 7.3972419127821913 17.611951405182481 19.023607335984707 55.597003363072872 16303.176016929385 611.39944580150768 27.374996115453541 9.9925406575202924 17.356223829090595 9.6273343609645945 31.545118372887373 64.173547500744462 22.101537354290485 11.747744760476055 24.034004900604486 9.8199847163632494 5.961122812703251 672.13953887810931
leaf_count=93969 323 30 51 1117 229 452 174 86 120 35 61 99 32 106 28 106 60697 1688 67 18 48 104 50 354 93 89 268 23 30 1695
internal_value=-8.53641e-06 -0.00147671 -0.000905796 -0.00135941 -0.0735588 -0.0373417 0.0598147 0.127786 -0.0223269 -0.0331634 -0.0544954 -0.0369773 -0.109053 0.0211182 -0.0363525 0.00245823 -0.00111248 -0.0125596 -0.048745 -0.0652474 0.0263019 0.078155 -0.0231654 -0.0675763 0.0382323 -0.101962 -0.0309972 0.0604196 -0.0464974 -0.00312569
internal_weight=51746.5 18405.4 18117 17982.6 61.2934 288.393 134.34 40.1144 232.281 210.322 150.986 134.709 47.6394 59.3358 36.6356 87.0698 17921.3 1618.17 334.632 274.312 60.3197 42.9635 127.813 74.1661 53.6467 146.5 45.6017 21.5677 15.5885 1283.54
internal_count=162242 68273 66911 66621 280 1362 290 116 910 790 621 560 355 169 134 205 66341 5644 2261 2012 249 201 515 372 143 1497 380 112 134 3383
is_linear=0
shrinkage=0.1


Tree=147
num_leaves=31
num_cat=0
split_feature=14 0 2 17 6 17 15 14 15 5 17 15 14 8 6 0 10 10 7 6 1 11 1 15 4 6 6 15 16 15
split_gain=5.87646 18.2106 37.8058 53.176 40.7411 35.1377 53.4544 33.6224 32.8269 36.1574 31.0449 30.1371 29.6589 29.4146 51.0978 30.0333 29.9817 32.3006 28.2447 26.9923 45.8256 26.6002 26.8372 26.9931 24.8537 36.4389 45.1027 41.1648 35.4907 35.2242
threshold=-1.0000000180025095e-35 0.37455035971223027 3.8786764705882359 0.83429770819151361 87.508000000000024 6.502173913043479 0.013080625000000004 -96.876249999999985 -5.0039583181818168 11.035714285714286 0.12678571428571431 0.19621822222222227 -602.84272727272707 8.9980000000000011 161.76850000000005 1.0000000180025095e-35 1535603.8553000002 4308.3321500000011 4522.5750000000007 157.17350000000002 0.043290854572713651 0.090927377309922605 0.045663052543786498 -0.063173333333333317 0.48733974358974363 115.52700000000002 43.000500000000009 0.1228757142857143 0.68150000000000011 2.0149801250000006
decision_type=2 2 2 2 2 2 2 2 2 2 2 2 2 2 2 2 2 2 2 2 2 2 2 2 2 2 2 2 2 2
left_child=1 2 3 10 11 -6 7 -7 -5 12 18 -4 -10 16 -15 -16 17 -12 24 -9 -21 22 23 -14 25 26 27 28 -1 -29
right_child=-2 -3 4 8 5 6 -8 19 9 -11 13 -13 21 14 15 -17 -18 -19 -20 20 -22 -23 -24 -25 -26 -27 -28 29 -30 -31
leaf_value=0.12744346071217696 -0.00028001702439839707 -0.0057041549372094319 0.0094515150168052106 0.17574424361185925 0.07918025199132471 -0.1048133380119582 0.079716113773733888 0.098215781787826598 0.12339584962222937 -0.14186624404418038 0.061852283650869914 -0.10654451826826553 0.10060542166070872 0.17980670717708822 0.11157402286352702 -0.14671879289828327 0.1424734022500585 -0.13852065093892324 -0.096662262159399437 0.05988742450350764 -0.10898016200838652 0.16528948148747469 -0.065775002572830532 -0.040508810793961195 -0.027074530892332034 0.12181795231150042 -0.13929448324073831 -0.10014825573983839 0.018174699769780756 0.057745076580812175
leaf_weight=31.346271559596062 48585.941642769729 1170.3340249545872 243.74873511772603 6.9394957944750777 198.29642270877957 34.936353152617812 89.486395407933742 25.353325970470905 11.859608187805859 33.421398112550378 14.889995474368332 24.664773795753717 22.106223920360208 36.976511081680655 8.4915249431505817 9.581065893173216 11.347792554646729 17.500966165214777 26.631779687479138 32.494651790708303 31.792990274727345 6.2029535323381415 159.72806622041389 35.044130484573543 165.95536494161934 31.04324846714735 19.388797719031572 51.373912076232955 574.71938616968691 19.4890211597085
leaf_count=60 152352 2311 589 33 370 199 207 41 45 247 44 86 81 64 68 59 34 115 130 89 137 7 1330 376 583 139 148 256 2005 37
internal_value=-8.84368e-06 0.00418022 0.010038 2.38069e-06 0.0291141 0.048851 0.0207556 -0.0215969 -0.0389928 -0.0445456 0.0105404 -0.00120747 -0.0307013 0.0638118 0.112451 -0.0253582 0.00259481 -0.04641 0.00481988 0.0108356 -0.0236248 -0.0388935 -0.0447334 0.0140753 0.00784529 0.0158126 0.0110867 0.015394 0.0238262 -0.0567238
internal_weight=51731.1 3145.15 1974.81 1294.04 680.774 412.36 214.064 124.577 275.302 268.362 1018.74 268.414 234.941 98.7879 55.0491 18.0726 43.7388 32.391 919.948 89.641 64.2876 223.081 216.878 57.1504 893.316 727.361 696.317 676.929 606.066 70.8629
internal_count=162242 9890 7579 5861 1718 1043 673 466 2119 2086 3742 675 1839 384 191 127 193 159 3358 267 226 1794 1787 457 3228 2645 2506 2358 2065 293
is_linear=0
shrinkage=0.1


Tree=148
num_leaves=31
num_cat=0
split_feature=12 4 5 17 17 8 17 19 14 8 12 16 18 7 19 12 5 4 20 4 18 10 2 5 10 12 14 18 11 12
split_gain=5.8038 25.7416 45.6566 47.1918 38.6239 41.6438 41.1722 38.4878 60.8697 63.2932 55.6999 62.6195 66.1722 50.4129 49.9655 47.3419 37.7263 65.1556 44.2441 46.1748 40.1058 72.5855 45.6445 55.3725 44.848 42.6133 38.8915 41.129 37.962 41.2395
threshold=0.083217617729754875 5.430501930501932 28.341666666666672 87.031250000000014 89.441666666666677 0.77450000000000008 45.535714285714292 0.11946428571428573 0.082988568744127786 7.0010000000000021 0.11471899554663796 0.96850000000000003 -340.06999999999999 364.02500000000003 0.082958333333333342 0.53640320201546765 8.839743589743593 0.66703621581670369 1.2500000000000002 1.4451951951951953 -343.95499999999998 21813.426900000002 6.0116279069767451 32.708333333333336 617380.79885000014 0.1180616509608978 0.030395417590539545 -145.94999999999996 0.033770728890586958 0.44054752559166938
decision_type=2 2 2 2 2 2 2 2 2 2 2 2 2 2 2 2 2 2 2 2 2 2 2 2 2 2 2 2 2 2
left_child=-1 4 3 -3 6 -6 16 8 9 -8 14 15 -13 -9 -10 -12 -2 -18 19 -19 22 26 25 -24 -25 -21 -22 -28 -29 -30
right_child=1 2 -4 -5 5 -7 7 13 10 -11 11 12 -14 -15 -16 -17 17 18 -20 20 21 -23 23 24 -26 -27 27 28 29 -31
leaf_value=0.00088678503717912888 -0.0024608734766464152 -0.021074035246900533 0.0096026229350198982 -0.13107149349431285 -0.10212636413186016 0.035415277612036562 0.020034119079725587 -0.017385126664894095 0.042887892613452223 -0.13381812169062574 -0.12937279303101859 0.13983485368984772 -0.082527029801306925 -0.12643215073416433 0.25894836900187829 0.036726673210672245 0.11856838342894348 0.03862516951979169 0.028434517170518127 -0.093190780021827443 0.018877461112896371 0.041859257568478331 0.010594462117484441 0.038112959725478374 -0.090901633123367478 -0.021604588932815871 -0.086974901807622851 0.046440550245901789 0.0026640040912318647 -0.12405387373467656
leaf_weight=30123.184579439927 15168.84725565603 1058.1799032967538 577.43092871271074 40.495956767350435 23.187491075135767 434.65276809385978 47.058635156136006 90.965454091783613 29.189075411297381 61.926681952318177 46.122254656162113 42.062080072471872 19.628225711174309 79.399522559717298 16.900653708726168 27.32645164616406 53.165820091962814 303.23727785050869 773.0090818433091 96.758502789307386 222.14435696974397 472.33860868960619 901.4315242189914 36.499997995793819 102.91796350479126 591.44261786295101 104.26011843979359 74.9034363925457 66.707337431609631 41.760354489088058
leaf_count=87847 55974 2723 1182 181 116 1786 247 382 127 613 392 144 141 485 35 157 72 801 1728 449 486 969 2056 58 346 1980 329 144 137 155
internal_value=-1.02575e-05 -0.00126104 -0.0131633 -0.0251284 -0.00025995 0.0284494 -0.000935056 -0.0304778 -0.00832954 -0.0673865 0.0271855 -0.00519073 0.0690852 -0.0682071 0.122115 -0.0675758 -0.000219265 0.00863425 0.00709105 0.00161776 -0.00252142 0.0136165 -0.0116879 0.00152365 -0.0571253 -0.0316693 -0.0125521 -0.0368259 -0.00831248 -0.0461227
internal_weight=51727.1 21604 1676.11 1098.68 19927.8 457.84 19470 460.579 290.214 108.985 181.229 135.139 61.6903 170.365 46.0897 73.4487 19009.4 3840.58 3787.41 3014.4 2711.16 982.114 1729.05 1040.85 139.418 688.201 509.776 287.631 183.371 108.468
internal_count=162242 74395 4086 2904 70309 1902 68407 2723 1856 860 996 834 285 867 162 549 65684 9710 9638 7910 7109 2220 4889 2460 404 2429 1251 765 436 292
is_linear=0
shrinkage=0.1


Tree=149
num_leaves=31
num_cat=0
split_feature=12 16 15 1 1 12 0 16 15 19 7 7 15 0 8 9 19 6 19 19 9 8 12 8 19 1 15 9 15 1
split_gain=6.00772 39.9574 30.5731 25.8666 26.6879 20.6004 28.1812 19.7034 23.9241 32.7113 33.0358 35.318 31.1376 22.6117 22.1356 20.5933 18.3948 17.7048 16.0142 15.8477 16.4863 14.7612 15.5535 12.9506 30.5733 12.2817 12.0518 11.241 11.2007 25.7697
threshold=24.488956346153849 0.55950000000000022 -0.10127312499999998 6.5000000000000009 1.2250000000000003 19.61665977777778 0.082079496968335955 0.57750000000000001 0.039801394285714296 0.4612500000000001 8.0250000000000021 12.040000000000001 -0.058195999999999991 0.0080322580645161307 2.8335000000000004 1.0092515003809523 0.29758333333333337 1.0000000180025095e-35 0.19922500000000001 0.32983333333333337 9.0960802564898149 0.51050000000000006 24.537794124365487 0.94950000000000012 0.069366071428571444 0.48529411764705888 0.12725875 2.5920172854900785 -0.063173333333333317 1.4500000000000002
decision_type=2 2 2 2 2 2 2 2 2 2 2 2 2 2 2 2 2 2 2 2 2 2 2 2 2 2 2 2 2 2
left_child=5 3 -3 4 21 -1 -7 27 9 10 -9 12 -12 18 16 -16 -10 28 -13 -18 -21 22 -2 -23 -25 -8 -6 -4 29 -11
right_child=1 2 7 -5 26 6 25 8 14 17 11 13 -14 -15 15 -17 19 -19 -20 20 -22 23 -24 24 -26 -27 -28 -29 -30 -31
leaf_value=-0.00013848126713993244 -0.12519690159703048 -0.10741252821639276 0.090508127001849431 0.062634745412410361 -0.04199843362738101 -0.11299186721201751 0.034516717354345611 0.11714990793050602 0.086601699350284167 -0.0046277197834489218 0.053265773200042513 0.037176661557315666 -0.10633905200393023 0.010290853235686091 0.013815031269004791 -0.15237895250119732 -0.072230928202980549 -0.083067043194618051 0.16277235671472076 0.0062669971064480863 -0.055739820910826014 0.034283918457637036 -0.009190794497720008 0.067770488779471227 -0.17265218069827337 -0.06099971357309765 -0.13194457327754802 0.019425520462620836 0.0024650096500651816 0.13007799498248626
leaf_weight=49590.447568963107 22.203059978783131 21.872100065462291 47.62437766045332 23.504968523979187 23.025921449065208 38.316706496290863 35.138577930629253 66.092995371669531 26.281495459377766 33.696263238787651 21.863383457064629 15.645682414527981 27.722737111151218 33.890621105208993 12.891406560316684 17.682696737349033 28.065817385911942 20.487877734005451 28.912865359336138 1092.993099655956 44.629820138216019 51.848858194425702 24.105205096304417 10.073086141142996 11.137155707925556 21.821855828166008 42.193526014685631 41.750794321298599 205.49265851080418 24.547341078519821
leaf_count=157023 107 119 69 38 80 238 79 114 61 92 63 74 137 93 47 106 98 68 71 2208 119 104 100 55 54 59 169 98 469 30
internal_value=-1.0378e-05 0.00533526 0.010101 -0.0361665 -0.0487477 -0.000227733 -0.0466821 0.0115367 0.00913185 0.0280918 0.0597336 0.0300948 -0.0359665 0.0718508 0.00171327 -0.0823042 0.00386833 0.00648012 0.118672 0.00200303 0.00383442 -0.0206414 -0.0648113 0.00735549 -0.0584716 -0.00207615 -0.100189 0.0573025 0.0134364 0.0521453
internal_weight=51706 2020.24 1812.14 208.092 184.587 49685.7 95.2771 1790.27 1700.9 478.352 194.128 128.035 49.5861 78.4492 1222.54 30.5741 1191.97 284.224 44.5585 1165.69 1137.62 119.367 46.3083 73.0591 21.2102 56.9604 65.2194 89.3752 263.736 58.2436
internal_count=162242 4843 4136 707 669 157399 376 4017 3850 1211 552 438 200 238 2639 153 2486 659 145 2425 2327 420 207 213 109 138 249 167 591 122
is_linear=0
shrinkage=0.1


Tree=150
num_leaves=31
num_cat=0
split_feature=15 15 3 8 0 19 10 14 8 6 6 17 9 9 10 7 10 9 0 10 10 12 7 2 4 8 8 17 13 2
split_gain=5.80071 24.7449 55.7826 43.7773 42.0258 55.0011 49.6398 61.3233 38.9997 49.9896 73.5908 52.4914 38.6811 48.0773 33.8761 40.8224 39.2896 33.8181 46.4526 33.0742 31.5378 34.3058 32.2924 31.075 32.7995 31.0376 61.7265 36.9991 31.9109 43.5881
threshold=-0.12381846666666665 -0.28092525254285711 24.500000000000004 0.79050000000000009 0.24257134451309212 0.02841801075268818 594967.39230000007 0.077032967032967054 1.6355000000000002 208.01400000000001 134.11650000000003 89.441666666666677 4.4072287097250396 6.9484678769151555 3620294.7600000007 4995.0300000000007 670853.49060000002 1.0005005005005008 0.22140522875816995 28397.382200000004 1274690.8077500002 0.2646742042009787 80.00500000000001 4.7445652173913055 2.4349662162162167 4.9990000000000006 7.8015000000000017 5.5040983606557381 0.036984427609427613 0.9472222222222223
decision_type=2 2 2 2 2 2 2 2 2 2 2 2 2 2 2 2 2 2 2 2 2 2 2 2 2 2 2 2 2 2
left_child=1 3 8 -1 5 6 12 -8 -3 10 -10 14 -4 -14 15 -11 -17 -12 -19 23 21 -21 -22 -5 -25 27 -27 -23 29 -28
right_child=-2 2 4 19 -6 -7 7 -9 9 11 17 -13 13 -15 -16 16 -18 18 -20 20 22 25 -24 24 -26 26 28 -29 -30 -31
leaf_value=-0.048265293346835575 -0.00049814408942877217 0.04407792839689393 -0.1131363943657803 -0.005058560938909923 0.019846445463096999 -0.15051678056230841 -0.13615291912634289 0.12285968313587947 0.0089917765546718847 0.066245730228071967 -0.025019961664709281 -0.12053382611019058 0.12593099396879096 -0.11002412152725348 0.10798494890688007 0.017452647915089506 -0.14319400015676748 -0.079749374272554685 -0.29696014075214644 0.018955459771406051 0.10038551914277793 -0.036597040883039549 -0.0055957954211685468 -0.12644719731824003 -0.026807225094110754 0.076538342472566065 -0.052924781624757312 -0.21732837675011135 -0.095193754523427598 0.044840927132066256
leaf_weight=189.20381978107616 42669.366022937349 420.21993569470942 64.292131742462516 2026.5806427393109 112.54850181937218 47.471697811968625 12.277903592679648 35.774861074984074 1212.9289528904483 143.94245427288115 70.725587248802185 18.131365639157593 18.838790187612176 15.943697055801747 85.801292382180691 61.707289069890976 20.210424620658159 43.48093166295439 12.727749988436697 1943.1542339203879 29.212027102708817 51.966846663504839 1818.6603211455513 39.193227887153625 210.32425206899643 77.693473691120744 96.206139513291419 14.48439649119973 52.250134014524519 86.700643071904778
leaf_count=601 137910 885 489 5235 186 306 162 131 3344 465 243 86 55 88 154 163 93 213 58 4061 45 152 5390 128 457 148 437 90 284 183
internal_value=-1.07994e-05 0.00229137 0.0109998 -0.000854427 -0.0287926 -0.0569235 -0.0267249 0.0566797 0.0168481 0.00999484 0.00141031 0.0448716 -0.0671775 0.0177732 0.0544943 0.0341739 -0.0221815 -0.0710349 -0.128934 0.000537091 0.00582879 0.0135858 -0.00392039 -0.00915851 -0.0424583 -0.013923 -0.000739358 -0.0759911 -0.0262711 -0.00658232
internal_weight=51702 9032.65 2397.02 6635.63 307.148 194.599 147.127 48.0528 2089.88 1669.66 1339.86 329.793 99.0746 34.7825 311.661 225.86 81.9177 126.934 56.2087 6446.43 4170.33 2322.46 1847.87 2276.1 249.517 379.302 312.85 66.4512 235.157 182.907
internal_count=162242 24332 7121 17211 1417 1231 925 293 5704 4819 3858 961 632 143 875 721 256 514 271 16610 10790 5355 5435 5820 585 1294 1052 242 904 620
is_linear=0
shrinkage=0.1


Tree=151
num_leaves=31
num_cat=0
split_feature=6 3 12 17 10 15 18 0 4 17 13 6 15 2 13 13 14 19 4 19 12 17 7 1 14 18 15 7 12 7
split_gain=5.92029 38.379 38.292 44.0179 34.0168 43.2196 46.7757 39.8993 40.698 38.2663 45.8821 53.2216 38.1149 38.3705 48.5715 39.6485 42.5268 34.6224 33.8006 33.0701 38.075 36.9696 33.5117 32.717 31.4125 29.5148 29.7512 28.7358 28.4801 27.4899
threshold=187.20900000000003 10.500000000000002 0.03608853598735743 35.756355932203398 791723.65975000022 0.0095578970588235303 -337.97499999999997 0.1988372093023256 1.087595907928389 9.5035714285714317 0.046543485186365093 282.6810000000001 -1.2530245954545451 34.033333333333339 0.055641554867561067 0.071535181236673781 1.1930194805194807 0.095050000000000009 0.11173533083645444 0.11105555555555557 0.016784642119368486 5.4104278074866317 26596.625000000004 0.12060606060606062 1.2501851851851853 -339.95999999999998 -0.14586714285714283 120.04500000000002 0.0071978285269900227 1165.8400000000004
decision_type=2 2 2 2 2 2 2 2 2 2 2 2 2 2 2 2 2 2 2 2 2 2 2 2 2 2 2 2 2 2
left_child=-1 2 4 -4 5 9 24 8 -6 25 11 23 -10 14 19 -16 17 -17 -5 22 21 -21 28 -11 29 -2 -27 -3 -14 -7
right_child=1 27 3 18 7 6 -8 -9 12 10 -12 -13 13 -15 15 16 -18 -19 -20 20 -22 -23 -24 -25 -26 26 -28 -29 -30 -31
leaf_value=0.0006136337682333588 0.053373051429305013 -0.080563456499851901 -0.022690969088432149 0.067823087231605392 -0.12877089241826761 0.033784697103137924 -0.0075043152795361391 -0.0081769434428408568 -0.14788527006657967 -0.15072841748394061 0.079492239618616484 -0.21792003563104889 0.037513305797648083 -0.11069941587109061 -0.13752830781117859 0.11074991241336968 0.10018574420341907 -0.12460641417912949 -0.11255891670211547 0.16376182147614921 0.20380140725565818 0.021893474127091615 0.11667349935462679 0.004820977373744928 -0.21574697334146609 0.052739217708864174 -0.16486785476304394 0.00082123491441119369 -0.14423073313546117 -0.10925186169202393
leaf_weight=38587.190220104763 122.51263481937349 43.556863425299525 621.09985281946138 11.682565247174351 14.216271054698153 16.877047002315521 83.132136621512473 592.43828189745545 9.9403868801891786 18.178450468927622 23.932976274751127 20.50834996253252 23.448365703225136 13.879689683206378 17.145544016733766 8.7796931341290492 39.777384189423174 21.696073376107961 93.756025807932019 31.552520118653774 38.091305330395699 43.960300922393799 27.297321261838078 52.787103904411197 21.503568202257156 11.588197119534017 13.723431811667977 10985.574359520338 13.636628564447163 65.905320473946631
leaf_count=110911 214 388 2606 128 288 38 231 1225 87 84 78 132 74 82 154 37 274 258 627 46 71 182 48 140 115 25 93 43239 97 270
internal_value=-9.98756e-06 -0.00184661 -0.0143303 -0.0328325 -0.00434695 -0.026757 -0.0634585 0.00692609 0.0364152 -0.000625858 -0.0437774 -0.0760294 0.0445351 0.0513843 0.0598613 -0.00118984 0.0320841 -0.0568032 -0.0925726 0.0898399 0.12229 0.0811722 0.0325816 -0.0350244 -0.108063 0.0330627 -0.0652428 0.000499826 -0.0293163 -0.0800906
internal_weight=51689.4 13102.2 2073.05 726.538 1346.51 450.649 187.418 895.86 303.421 263.231 115.407 91.4739 289.205 279.265 265.385 87.3987 70.2532 30.4758 105.439 177.986 113.604 75.5128 64.3823 70.9656 104.286 147.824 25.3116 11029.1 37.085 82.7824
internal_count=162242 51331 7704 3361 4343 1420 654 2923 1698 766 434 356 1410 1323 1241 723 569 295 755 518 299 228 219 224 423 332 118 43627 171 308
is_linear=0
shrinkage=0.1


Tree=152
num_leaves=31
num_cat=0
split_feature=4 9 5 12 14 0 4 13 15 12 15 5 18 13 9 19 4 9 7 19 19 0 13 12 11 11 14 8 12 17
split_gain=5.76693 21.4015 41.236 19.2016 23.1021 24.7727 45.2176 29.1824 20.8052 18.8673 18.6166 29.0671 32.8659 18.7252 29.0357 30.9097 24.5366 19.2823 18.7999 20.6486 33.8567 25.2843 18.3766 32.4508 24.0832 17.8911 25.6489 16.5121 15.757 26.4495
threshold=13.651086956521741 1.0643962567693113 18.529824561403512 0.0025434054167648408 1.0787979094076656 0.08941897654584223 16.184905862216521 0.023089616653973095 -0.0026918205128205123 0.51623479858156041 0.68905057471264375 46.519230769230781 -699.49999999999989 0.0085592185592185625 1.4892041019090201 0.095050000000000009 20.244565217391308 1.6634323429908027 342.04500000000002 0.037037749287749291 0.018441734417344178 0.61152570480928703 0.044406522563519159 0.0087020403409090921 0.016432273351213889 0.0009622611265231721 50.132500000000007 1.8365000000000002 0.0097436248353654342 71.36859590837561
decision_type=2 2 2 2 2 2 2 2 2 2 2 2 2 2 2 2 2 2 2 2 2 2 2 2 2 2 2 2 2 2
left_child=-1 3 -3 -2 5 6 -5 8 -7 -8 13 12 -12 17 15 16 -15 -4 -16 20 -20 -22 24 -24 -9 26 -6 -17 29 -10
right_child=1 2 10 4 25 7 9 22 28 -11 11 -13 -14 14 18 27 -18 -19 19 -21 21 -23 23 -25 -26 -27 -28 -29 -30 -31
leaf_value=-0.00022010270175064508 0.026056280562131121 -0.13640713727678042 0.097071132875954882 0.06240856932055177 -0.15931574850916896 -0.099011823837034524 -0.15823754516750413 0.071042083352912663 -0.1374632866256619 -0.016243080107832712 -0.21348909688099457 0.0027842413101702686 -0.040967449251589634 0.031767814219988436 -0.080021417724203084 -0.048675291351165856 -0.10065892529188124 -0.0011544941905125004 0.020197333541246917 0.031354361296445983 -0.2102693926846948 -0.025775891627478148 0.039423341051256361 -0.11349825056262577 -0.026434747880392597 0.031774184423288471 0.042837275060885721 -0.18308469650893419 0.010898513385459128 0.01690205857563561
leaf_weight=49724.884960332129 592.11915109911934 24.584165118634701 40.149565641768277 18.799752279184759 12.362996251322331 37.184258162975311 35.25599071290344 95.634287893772125 22.856607843190432 12.738750621676443 16.561547582037747 66.035383468493819 33.134330220520496 44.760937972925603 21.851563170552254 16.312041789293289 20.353635013103485 39.793122717179358 55.031838038936257 231.45897369179875 13.958625279366972 15.877945419400929 34.181232497096062 23.360522963106632 34.485955648124218 255.28238037228584 12.748407030478118 20.78771123662591 85.58138108253479 21.579643502831459
leaf_count=157626 1312 127 40 61 98 105 242 134 74 60 80 161 77 90 63 39 73 95 114 451 71 34 62 92 74 480 28 84 159 36
internal_value=-1.06534e-05 0.00531712 -0.0093275 0.0127929 0.00160646 -0.0131862 -0.0690547 -0.00267027 -0.0330509 -0.120549 -0.00441584 -0.0406915 -0.0984617 0.00365247 -0.00442993 -0.0511349 -0.00962638 0.0481773 0.00968662 0.0158836 -0.0263095 -0.112089 0.0243981 -0.022659 0.0452077 0.0238517 -0.0566879 -0.123987 -0.0141865 -0.0624986
internal_weight=51679.7 1954.82 660.651 1294.17 702.052 421.658 66.7945 354.864 167.202 47.9947 636.067 115.731 49.6959 520.336 440.393 102.214 65.1146 79.9427 338.179 316.327 84.8684 29.8366 187.662 57.5418 130.12 280.394 25.1114 37.0998 130.018 44.4363
internal_count=162242 4616 1599 3017 1705 1099 363 736 374 302 1472 318 157 1154 1019 286 163 135 733 670 219 105 362 154 208 606 126 123 269 110
is_linear=0
shrinkage=0.1


Tree=153
num_leaves=31
num_cat=0
split_feature=7 12 10 9 7 15 12 13 0 14 17 2 18 3 1 17 12 19 0 0 7 14 0 14 8 10 12 13 0 8
split_gain=5.60467 35.8661 42.1873 46.482 34.0244 32.5674 31.6093 36.8537 30.5756 34.3756 33.6029 29.5452 28.5462 28.0696 30.5626 27.0336 32.9393 36.9964 36.8648 26.6672 30.536 26.3678 25.9847 25.8916 24.126 27.9346 26.3973 25.1934 25.3391 24.1763
threshold=168.05000000000004 1.391668561921571 770.46420000000012 13.443119183157135 160.83000000000004 0.24594350475900004 0.14208653488607551 0.062589031339031362 0.25962962962962971 2.591704545454546 177.42045454545459 2.0208333333333335 11.019999999999984 7.5000000000000009 0.57738095238095244 9.9916666666666689 2.6384722720478329 0.11111805555555557 0.16580756013745707 0.17684288905435594 320.185 -1.0000000180025095e-35 0.32885724585436199 -8.9884615384615376 13.001000000000001 4081.0934000000002 0.2263823286759814 0.082686716791979961 0.071147356580427465 6.6815000000000007
decision_type=2 2 2 2 2 2 2 2 2 2 2 2 2 2 2 2 2 2 2 2 2 2 2 2 2 2 2 2 2 2
left_child=4 -2 22 8 12 6 11 15 9 10 23 -6 24 -5 19 16 18 -18 -8 20 -15 -10 -3 -4 29 -26 -27 28 -28 -1
right_child=1 2 3 13 5 -7 7 -9 21 -11 -12 -13 -14 14 -16 -17 17 -19 -20 -21 -22 -23 -24 -25 25 26 27 -29 -30 -31
leaf_value=0.00011521603534656098 0.00010609380515520675 -0.067740611102236267 0.056851204102613156 0.12219380755884042 0.15117812028019889 -0.080082448331209061 -0.11202952103656111 -0.11352092927389763 -0.070308315651066516 -0.12935306315013251 0.13289353139394794 0.029537648281194869 0.085368165608617555 -0.14340021496917157 0.16438505488367192 0.12952492079240879 -0.02915570996749214 0.15251257140156663 0.037994132737788712 0.080978391012820367 0.004938222875503928 0.021946088113083392 0.043233585530354827 -0.024787864631211562 -0.13504230602265685 -0.11338052282595874 -0.11567369891971731 0.12435265067739401 0.0072049874029116697 0.019978983374342261
leaf_weight=8970.9357458986342 39751.995610520011 193.40493813157082 40.393768778769299 33.949539984576404 46.457457162439823 21.54119451250881 28.96097713522613 17.751844823360443 34.628619693219662 29.321175551041961 14.257171844365073 35.019604079425335 40.091468960046768 17.222851804457605 13.31073808763176 26.908060770481825 18.321750950068235 28.879139378666878 37.701808586716652 33.388841167092323 71.440285285934806 294.14380065351725 23.683286428451538 1014.7893305162434 24.636488119140267 24.963949979282916 20.944644080707803 14.272726478520779 84.435051053762436 657.64381565898657
leaf_count=25363 124355 943 158 99 88 78 148 98 96 177 62 62 55 103 20 38 77 59 60 42 390 522 39 6044 231 231 279 70 211 2044
internal_value=-7.9938e-06 -0.000521393 -0.0142726 -0.00864967 0.00210498 0.0377031 0.0482749 0.0222571 -0.0145254 -0.0225309 -0.0196022 0.0988959 0.0011586 0.0408908 0.0204997 0.0393792 0.0180761 0.0819952 -0.0271821 0.0048078 -0.0238766 0.0122292 -0.0556339 -0.0216626 0.000814029 -0.0366135 -0.0198454 -0.000330454 -0.0172177 0.00147194
internal_weight=51665.4 41565.9 1813.93 1596.85 10099.5 261.542 240.001 158.524 1427.53 1098.76 1069.44 81.4771 9837.92 169.312 135.363 140.772 113.864 47.2009 66.6628 122.052 88.6631 328.772 217.088 1055.18 9797.83 169.253 144.616 119.652 105.38 9628.58
internal_count=162242 133050 8695 7713 29192 708 630 480 7059 6441 6264 150 28484 654 555 382 344 136 208 535 493 618 982 6202 28429 1022 791 560 490 27407
is_linear=0
shrinkage=0.1


Tree=154
num_leaves=31
num_cat=0
split_feature=15 15 17 6 2 8 19 11 11 0 16 5 7 2 16 2 4 16 18 18 5 9 12 8 0 6 9 5 20 10
split_gain=5.63111 26.7118 43.5641 58.9568 44.9576 37.7963 35.4011 35.2677 41.3095 35.8148 34.3064 43.334 50.0533 48.2445 38.6387 35.7676 73.4817 41.1589 33.5693 31.6511 41.1303 31.4756 31.4279 31.0677 55.1115 68.2442 30.9144 44.5172 39.0369 37.3248
threshold=0.038002916666666671 0.0038127500000000006 1.0000000180025095e-35 476.69900000000001 1.5090361445783136 15.824500000000002 0.0011955272363818094 0.0020488577734523385 0.0056873369894148594 0.062284482758620696 0.98750000000000016 5.0250000000000012 1368.9500000000003 2.2492362525458254 0.99850000000000005 1.9587904360056261 0.70106382978723414 0.065500000000000017 -1990.5199999999998 -129.27499999999998 10.343137254901963 1.3989275649723414 0.038242754212556899 19.999000000000006 0.045584415584415595 632.06900000000007 2.7948583355204781 15.35416666666667 4.5000000000000009 770.46420000000012
decision_type=2 2 2 2 2 2 2 2 2 2 2 2 2 2 2 2 2 2 2 2 2 2 2 2 2 2 2 2 2 2
left_child=1 -1 3 6 19 10 -3 18 23 -10 15 12 -12 -13 -15 16 -6 -18 -7 20 -4 -20 -11 -9 25 -25 29 28 -28 -8
right_child=-2 2 4 -5 5 7 26 8 9 22 11 13 -14 14 -16 -17 17 -19 21 -21 -22 -23 -24 24 -26 -27 27 -29 -30 -31
leaf_value=0.00038234732931071059 0.0012163681451728223 0.13893505682311127 -0.067308882518737526 -0.11592648879659256 0.25716419486390468 0.10051843761301356 0.059093660606010616 0.11245284209579727 -0.12415561448573681 -0.020126503989870925 0.067185026529867742 -0.15191245665794278 -0.090808996218508908 -0.13797356742059758 -0.027046346463456401 -0.0078099779374694728 0.070027382277176364 -0.14848623228647631 -0.11040065177067215 0.029603778023862156 0.070366559556066285 0.0022331050004963568 0.053083560722037328 0.32827249708495659 -0.013337039178564434 -0.023921083951929545 -0.046411090003846384 0.088019246591212991 0.032176588747006026 0.0085891830693916611
leaf_weight=25276.018068271689 21718.922573684482 21.286313828080893 305.81359022879042 37.638088854029775 15.729499812237917 15.719610198400913 184.3085890635848 76.320496151223779 20.819632196798921 131.0197530426085 86.286377053707838 34.117619694210589 26.122092612087727 32.521639116108418 911.4291277108714 1250.1243416965008 27.819945396855474 12.490020077675579 52.076885754708201 47.721416313201189 23.35679523833096 47.386485736817122 106.13930907100439 11.94436512514949 75.587045140564442 10.200132621452211 252.55671640485525 37.570884250104427 84.306568326428533 710.16672614496201
leaf_count=79135 66888 49 3607 253 25 71 360 123 176 311 192 208 121 125 2471 3075 77 75 311 177 65 122 210 32 192 87 1041 42 295 2326
internal_value=-9.33172e-06 -0.00089893 -0.0078657 0.00744341 -0.0139872 -0.00982394 0.0110424 0.0138892 0.0269975 0.00159862 -0.0152383 -0.0283324 0.0304695 -0.0350904 -0.0308681 -0.00430636 0.073852 0.00232106 -0.0352777 -0.0465059 -0.0575399 -0.0567395 0.0126383 0.0646436 0.0273085 0.166046 0.00889697 -0.0152277 -0.026743 0.0189957
internal_weight=51643.5 29924.6 4648.58 1327.83 3320.75 2943.85 1290.2 547.214 432.031 257.979 2396.64 1090.48 112.408 978.068 943.951 1306.16 56.0395 40.31 115.183 376.892 329.17 99.4634 237.159 174.052 97.7315 22.1445 1268.91 374.434 336.863 894.475
internal_count=162242 95354 16219 4366 11853 8004 4113 1635 1131 697 6369 3117 313 2804 2596 3252 177 152 504 3849 3672 433 521 434 311 119 4064 1378 1336 2686
is_linear=0
shrinkage=0.1


Tree=155
num_leaves=31
num_cat=0
split_feature=11 17 10 14 7 11 15 15 18 19 4 8 8 7 7 18 16 4 10 1 19 16 14 20 0 13 19 19 11 10
split_gain=5.43693 16.9164 21.2969 19.6678 18.8582 34.6093 22.9681 25.8518 29.7494 21.4362 17.3572 18.9979 40.1409 29.6777 24.4036 18.04 32.5538 55.5732 32.6184 45.8303 21.28 39.5234 39.6979 39.112 25.0439 28.3871 20.2574 19.2927 18.087 24.3835
threshold=0.072387271436285164 2.2004464285714289 448965.74430000008 -23.108823529411762 5972.1900000000005 0.090927377309922605 0.15001136363636366 -0.028347727272727271 -153.49999999999997 0.01559449404761905 3.1465040650406508 3.4910000000000001 2.0005000000000006 3091.8600000000006 5817.7000000000007 -1.0000000180025095e-35 0.90050000000000019 1.6641025641025644 198.60745000000003 0.38675213675213682 0.11105555555555557 0.080500000000000016 0.7692820512820514 1.7500000000000002 0.041775741710296695 0.33266666666666672 0.011335897435897439 0.045139610389610396 0.090927377309922605 938.16985000000011
decision_type=2 2 2 2 2 2 2 2 2 2 2 2 2 2 2 2 2 2 2 2 2 2 2 2 2 2 2 2 2 2
left_child=-1 10 3 -3 -5 9 7 -7 -9 -6 15 12 -12 -13 -15 20 18 28 -17 -20 21 -2 24 27 25 26 -23 -24 -18 -30
right_child=1 2 -4 4 5 6 -8 8 -10 -11 11 13 -14 14 -16 16 17 -19 19 -21 -22 22 23 -25 -26 -27 -28 -29 29 -31
leaf_value=-0.00024949416416726182 0.11290168548116691 -0.11227542981283284 0.042442584515743058 -0.0027417546662820381 0.011106242818594387 0.03438423710132902 0.042328379317291949 0.022949193593284584 -0.1680522808450709 -0.19184360575318515 0.020307495615141419 0.069499788470626392 -0.098500833247668382 -0.086953596034974892 0.026586396244756061 -0.072851488661814207 -0.045433745647631057 0.019872140609199788 -0.05793979203193738 0.087374736897178187 0.016702268946887016 -0.0014461380065236577 -0.047753777949796294 0.035845104886123851 0.013748704416061906 0.055078980289891305 -0.14309064933019827 -0.19466358149769081 -0.24713869455787144 -0.082056463729287654
leaf_weight=48976.199763141107 22.980904929339886 19.894424147903919 73.398684196174145 507.38158852234483 6.8540857266634729 19.942807208746672 38.478511191904545 12.021619103848932 25.351129002869129 21.623220447450876 208.4820691421628 166.42352657020092 32.929324626922607 23.583807572722435 95.936857040971518 35.594654232263565 15.231288734823464 40.208285249769688 32.546427540481091 65.147917121648788 853.54940469563007 14.687770277261732 12.998304672539232 15.840221025049685 178.32312490046024 16.089819017797709 32.302648797631264 28.624330803751945 20.538262188434601 15.854093678295611
leaf_count=156251 39 67 140 1194 117 33 66 21 154 114 358 211 93 64 156 126 40 69 116 103 1694 57 41 35 347 55 192 130 99 60
internal_value=-1.06628e-05 0.00439863 -0.00862364 -0.0143764 -0.011293 -0.0462064 -0.017433 -0.0575535 -0.106613 -0.142996 0.00929544 0.0247584 0.00410164 0.0421982 0.00418269 0.00347296 -0.0224603 -0.0682739 0.00910372 0.0389639 0.0084399 -0.0134722 -0.0231895 -0.09789 -0.00540806 -0.0595628 -0.0988169 -0.148785 -0.136928 -0.175222
internal_weight=51629 2652.82 724.946 651.547 631.653 124.271 95.7941 57.3156 37.3727 28.4773 1927.87 527.356 241.411 285.944 119.521 1400.52 225.121 91.8319 133.289 97.6943 1175.4 321.847 298.866 57.4629 241.403 63.0802 46.9904 41.6226 51.6236 36.3924
internal_count=162242 5991 1906 1766 1699 505 274 208 175 231 4085 882 451 431 220 3203 613 268 345 219 2590 896 857 206 651 304 249 171 199 159
is_linear=0
shrinkage=0.1


Tree=156
num_leaves=31
num_cat=0
split_feature=3 12 17 8 17 0 16 8 10 11 2 6 0 19 6 6 0 10 12 12 14 9 0 0 7 15 15 19 16 1
split_gain=5.32392 29.9761 50.5726 33.8401 26.3254 47.0766 26.1902 23.9425 38.5317 28.6507 23.7267 22.3515 93.1735 57.5831 40.4559 41.3927 34.6769 32.1077 30.1082 30.8312 35.6435 31.8633 28.5322 26.9362 40.3271 32.8699 59.0928 41.6571 28.7571 34.808
threshold=33.500000000000007 0.00059972241791321414 0.49728260869565222 68.01700000000001 13.273460410557187 0.45534290271132377 0.99550000000000016 32.002000000000002 55670.997500000005 1.332376801826701e-10 37.291666666666679 18.666500000000003 0.23145604395604399 0.029283482142857146 49.174500000000002 68.402500000000018 0.11796331435800128 22829.106300000003 1.1842962871758524 0.018475227288094666 0.016461184121392771 13.940752668767441 0.083771929824561414 0.082079496968335955 5249.4700000000012 0.10428660714285716 0.089323916666666683 0.0011955272363818094 0.99950000000000017 0.018576029445594666
decision_type=2 2 2 2 2 2 2 2 2 2 2 2 2 2 2 2 2 2 2 2 2 2 2 2 2 2 2 2 2 2
left_child=7 2 3 -2 6 -6 -4 -1 -9 -10 11 12 13 16 22 -16 18 -17 19 20 -3 23 -13 25 -25 26 27 -21 -29 -30
right_child=1 10 4 -5 5 -7 -8 8 9 -11 -12 14 -14 -15 15 17 -18 -19 -20 21 -22 -23 -24 24 -26 -27 -28 28 29 -31
leaf_value=-0.00019072357336310329 -0.20484600363071409 0.023105617376920171 0.10399018240502889 -0.0095446559487772382 -0.10644055243065312 0.025789077459665771 -0.013881304094353087 -0.17435880835578668 0.084086439018802583 -0.049174086679088541 -0.092244308478762888 0.16631746719921958 0.029018147636660763 0.1214741971942984 -0.14309341140508602 -0.14739159819501607 -0.078931597549988131 0.010574269846542665 -0.086599277714249634 0.15551935051981669 -0.11164476836979052 -0.10268816019804505 0.043797021775197092 0.10897579943375146 -0.054629975587213234 -0.092503805494637548 0.19311168448193713 -0.074619334329460482 0.1193867429101601 -0.038811255338421308
leaf_weight=47599.656809911365 25.075868286192417 30.123227625153959 31.716685011517256 13.729631142690776 55.492751867743209 52.299874391406775 46.468428613734432 19.445581527426839 20.724748992361128 72.829317792784423 24.563336953520775 23.903282888233662 442.93463671952486 23.742943800985813 17.848220486193895 12.935080908238886 149.66031584888697 2450.5599269329105 63.934872772078961 13.955151250585912 56.352475812658668 25.781389180570841 92.795134790241718 54.953020878136158 20.756821930408478 35.958111809566617 16.397493874654174 61.688443860970438 22.904703129082918 35.411011148709804
leaf_count=142859 218 166 78 184 429 91 237 131 62 324 92 75 699 68 101 160 522 11945 826 64 543 205 167 109 74 479 60 631 287 356
internal_value=-9.43082e-06 0.00354202 -0.0319084 -0.135747 -0.0102417 -0.0422841 0.0339346 -0.000299869 -0.0462758 -0.0196533 0.00570909 0.00636782 -0.00591057 -0.0312059 0.0113517 0.00864548 -0.0373723 0.00974484 -0.0231789 -0.0123455 -0.0647054 0.00338688 0.0688928 0.0138239 0.0641212 -0.00661459 0.013926 -0.00800752 -0.0270239 0.0233243
internal_weight=51614.6 3901.94 224.783 38.8055 185.978 107.793 78.1851 47712.7 113 93.5541 3677.16 3652.6 1054.55 611.62 2598.04 2481.34 587.877 2463.5 438.217 374.282 86.4757 287.806 116.698 262.025 75.7098 186.315 150.357 133.959 120.004 58.3157
internal_count=162242 18866 1237 402 835 520 315 143376 517 386 17629 17537 5089 4390 12448 12206 4322 12105 3800 2974 709 2265 242 2060 183 1877 1398 1338 1274 643
is_linear=0
shrinkage=0.1


Tree=157
num_leaves=31
num_cat=0
split_feature=16 4 0 7 12 15 8 17 5 2 10 17 8 11 13 0 11 16 16 17 5 15 12 17 5 11 18 0 17 11
split_gain=5.33026 19.7433 30.6269 20.225 15.5434 23.4305 16.6378 12.3291 10.9223 21.9213 54.393 17.2722 19.7591 13.3247 11.5915 9.76812 7.15427 7.08181 21.3523 31.4893 23.4081 42.1887 30.9768 27.1007 35.9547 27.9132 51.3101 67.3227 45.7168 40.1995
threshold=-0.76549999999999996 4.5741758241758248 0.4836021505376345 30623.090000000004 0.51623479858156041 0.13751041666666672 0.40850000000000003 77.179292929292941 7.9687500000000009 1.1674679487179491 1168493.7107000002 12.325757575757578 0.96650000000000014 0.0040660074513782802 0.036410984848484852 0.10557275541795667 0.002506671431623838 0.11950000000000001 0.10850000000000001 26.513157894736846 12.34848484848485 1.1291165000000001 4.4560149802371543 9.7795138888888911 12.535714285714286 0.0032896761904403333 -1196.9499999999998 0.58271144278606979 38.276988636363647 0.031620165844014281
decision_type=2 2 2 2 2 2 2 2 2 2 2 2 2 2 2 2 2 2 2 2 2 2 2 2 2 2 2 2 2 2
left_child=1 4 3 16 7 -6 -7 8 9 10 15 12 -10 -11 -13 -1 -3 18 20 -20 21 -2 -23 -22 -25 -26 27 28 29 -27
right_child=17 2 -4 -5 5 6 -8 -9 11 13 -12 14 -14 -15 -16 -17 -18 -19 19 -21 23 22 -24 24 25 26 -28 -29 -30 -31
leaf_value=-0.11523853050336585 -0.0010234896152368064 -0.11493375408478479 0.0022876043532361785 -0.024267657692832793 0.02091790249555445 0.0087566450520849444 -0.14837782095986787 -0.053434613160280725 0.0038859190468147052 0.034389742290592919 0.11313290477062797 -0.010414744974201078 -0.1351365120506943 0.13157576416271938 0.082602047448845861 -0.31042060584474662 -0.22136864530940101 -0.00052625866761601189 0.037658964342247456 -0.068542664842663456 0.014837581289457773 -0.035672950472354747 -0.19363459632963465 0.069710086333489338 0.011109605024819521 -0.15569580352668796 -0.001660135746985314 0.023384323037116069 -0.033421816492489237 0.01332733411814617
leaf_weight=6.0033288900740462 5269.0404610583792 11.807599553838374 45.121104441583157 14.638359874486921 30.172400920651853 9.5881423279643041 22.670945625286549 23.484573957975954 29.698796968907118 27.287014852743596 12.014601019676773 24.82022113353014 15.590236448682843 29.208319563418627 29.110177330672741 4.4756865054368973 13.577145621180533 40687.867239390383 294.63580465968698 30.841551492456347 2204.6539583890699 218.05398648331175 13.164114920422433 71.221096720546484 945.60702243633568 84.474531874060631 1212.4743183106184 91.601652674376965 105.14330276846886 16.883402764797211
leaf_count=100 21055 52 84 40 108 33 167 117 62 92 67 57 83 29 54 22 64 127931 753 167 4479 935 72 108 2315 305 2459 156 247 29
internal_value=-1.13482e-05 -0.0123231 -0.0541982 -0.117879 0.00117595 -0.0424267 -0.101674 0.0146726 0.0236479 0.0513944 -0.0320941 0.00155878 -0.043971 0.0846353 0.0397932 -0.198603 -0.171861 7.25634e-05 0.00238032 0.0275955 0.00157825 -0.00285813 -0.0446663 0.00673484 -0.000333179 -0.0023642 -0.0107987 -0.0479679 -0.0796189 -0.127541
internal_weight=51594.9 349.269 85.1442 40.0231 264.124 62.4315 32.2591 201.693 178.208 78.989 22.4936 99.2194 45.289 56.4953 53.9304 10.479 25.3847 51245.7 10557.8 325.477 10232.3 5500.26 231.218 4732.06 2527.41 2456.18 1510.58 298.103 206.501 101.358
internal_count=162242 1231 240 156 991 308 200 683 566 310 189 256 145 121 111 122 116 161011 33080 920 32160 22062 1007 10098 5619 5511 3196 737 581 334
is_linear=0
shrinkage=0.1


Tree=158
num_leaves=31
num_cat=0
split_feature=0 11 10 0 1 4 4 10 10 6 6 12 11 11 8 6 6 8 14 19 7 17 4 11 7 10 12 10 10 2
split_gain=5.42501 20.409 25.6196 12.1226 15.2328 13.2928 12.3325 10.9574 9.882 20.529 17.8387 16.5631 9.4189 17.3302 9.02362 9.01427 8.9652 10.9367 8.93641 7.6204 7.20118 23.9686 33.9223 31.7536 46.8901 47.8182 32.1008 26.8613 26.2809 52.4391
threshold=1.9444444444444446 0.076848692998084486 65849.103000000017 1.2870879120879124 0.31414473684210531 4.222875816993465 5.5060975609756104 19890864.309500005 172036.80925000002 23.779000000000003 39.527500000000011 0.016360967436453839 0.0035356630567493596 0.0013809997295156772 6.6815000000000007 18.007000000000001 166.45300000000003 16.899000000000004 0.28558441558441566 0.10205555555555558 15674.700000000001 16.338541666666668 0.098402323892519974 0.024714891242235505 23477.775000000005 1023508.1554500001 0.012587746762948087 12634.059050000002 4684173.948950001 4.3390804597701154
decision_type=2 2 2 2 2 2 2 2 2 2 2 2 2 2 2 2 2 2 2 2 2 2 2 2 2 2 2 2 2 2
left_child=3 2 -2 20 5 14 -7 8 9 11 -11 -6 13 -10 -5 -4 18 19 -8 -18 -1 23 -23 27 25 -25 -27 -22 -24 -30
right_child=1 -3 15 4 7 6 16 -9 12 10 -12 -13 -14 -15 -16 -17 17 -19 -20 -21 21 22 28 24 -26 26 -28 -29 29 -31
leaf_value=0.00044774070885046977 -0.1200890497249207 0.06557723363307344 -0.047631420332781484 0.086131327689459927 0.072870059843923959 -0.057434955259333037 -0.0075248776509017797 -0.064618140100830154 0.028829349775503839 -0.13866519325498183 -0.010225462812948723 -0.025386959178626434 0.039514825319840852 -0.076668528781237477 0.021933192970294252 0.016567395385462747 -0.085367463971252361 0.049606605400169201 0.062414953286521725 0.0070267071653712949 -0.11007429776696023 -0.078926872726434671 -0.015764526291373846 -0.040092057973144801 -0.0035476825448972002 -0.2704723400645716 -0.061964382023753609 0.005209582316580412 0.03235688365492289 -0.0068419147887556573
leaf_weight=41460.37911823683 27.990231867879629 23.460956253111362 37.815895542502403 58.957930792123079 29.3050317466259 20.42365287989378 24.695512004196644 24.647731944918633 43.915342032909393 20.859194833785295 22.453170869499445 41.381945293396711 101.44239011965692 24.124922035261989 34.828379888087511 51.872892130166292 18.156984157860279 22.062732150778174 70.202889669686556 17.559623941779137 20.301270268857479 66.588733802724164 1892.7759321890771 105.89536547847092 386.77282341849059 17.519024729728702 12.762603312730787 4550.1861574521754 414.31164135201834 1936.0627680770122
leaf_count=130126 86 36 97 84 43 58 53 74 85 71 52 89 195 74 72 111 62 44 152 45 89 1409 5394 287 911 84 30 13818 2557 5954
internal_value=-9.40865e-06 -0.0195879 -0.0365668 4.4312e-05 0.0144826 0.0319711 0.0155439 -0.000665059 0.00489543 -0.0178698 -0.0720819 0.0153479 0.020208 -0.00857686 0.0622908 -0.010501 0.0253063 -0.00574898 0.0442144 -0.039943 -0.000118915 -0.00261741 -0.00810604 0.00202672 -0.0213155 -0.0717801 -0.182594 0.00469751 -0.00699463 6.78433e-05
internal_weight=51579.7 141.14 117.679 51438.6 575.017 266.888 173.101 308.13 283.482 113.999 43.3124 70.687 169.483 68.0403 93.7863 89.6888 152.678 57.7793 94.8984 35.7166 50863.6 9403.18 4309.74 5093.44 522.95 136.177 30.2816 4570.49 4243.15 2350.37
internal_count=162242 330 294 161912 1253 570 414 683 609 255 123 132 354 159 156 208 356 151 205 107 160659 30533 15314 15219 1312 401 114 13907 13905 8511
is_linear=0
shrinkage=0.1


Tree=159
num_leaves=31
num_cat=0
split_feature=2 12 14 17 7 12 12 2 10 2 4 7 10 12 8 6 8 17 19 6 19 14 6 13 13 20 0 7 17 4
split_gain=5.6797 19.5729 21.3649 29.7241 27.8386 48.7945 21.8646 21.7606 20.5993 19.9989 25.0672 19.6903 23.3846 18.8517 18.2486 26.4225 22.1234 18.4702 18.7583 24.2707 23.2416 22.4097 30.7687 46.7467 38.0005 23.1534 23.6174 39.8842 22.1242 20.7264
threshold=29.698051948051951 0.2263823286759814 0.69240384615384631 2.9935064935064939 552.10000000000014 0.001312284346393969 0.015287787362660699 37.291666666666679 1037701202.5786501 47.380952380952387 14.708333333333334 1033.5400000000002 151263.15440000003 0.02321935115416647 2.5010000000000008 37.82200000000001 1.9910000000000003 1351.2500000000002 0.19922500000000001 103.87250000000002 0.15818333333333337 0.30013888888888901 208.01400000000001 0.0082079496968335969 0.013722167302170128 1.2500000000000002 0.55662393162393176 21755.180000000004 115.74264705882355 5.6720430107526889
decision_type=2 2 2 2 2 2 2 2 2 2 2 2 2 2 2 2 2 2 2 2 2 2 2 2 2 2 2 2 2 2
left_child=-1 2 3 7 5 -5 9 -2 14 11 -11 -4 -13 -8 16 -16 -6 18 19 20 -17 22 23 -21 -25 26 27 29 -29 -24
right_child=1 -3 6 4 8 -7 13 -9 -10 10 -12 12 -14 -15 15 17 -18 -19 -20 21 -22 -23 25 24 -26 -27 -28 28 -30 -31
leaf_value=-0.00024726719171847136 0.056686610161642004 0.053173287685104875 -0.065929863337278058 0.031796808388331398 -0.0071994768619192615 -0.16375796561835321 0.069163752850221777 -0.0061851899622473632 -0.10229417038701392 -0.031395785384259127 0.028098743587810282 0.069662827644436501 0.011567033040932559 0.01673384702877586 -0.11448262147437403 -0.17807799279471329 0.057505749278055712 0.078642194889313344 0.023764455450281705 -0.194070100396598 -0.019230153194607795 0.023244684972315782 0.075538737753127763 0.026646941179772832 -0.12542709679105368 0.04930022793195489 -0.0009569433345830527 -0.19746930434378052 -0.058087753407874282 -0.055411673295642665
leaf_weight=48993.039286897867 115.7056878618896 80.246571149677038 28.500129140913486 21.481374464929104 139.35275036469102 31.42581170797348 107.9260820467025 105.01335327327251 23.498211598023772 248.60148357972503 99.03030074108392 79.601494930684566 534.60865265969187 188.10873640701175 25.928758233785629 18.852308548986912 85.116657368838787 21.935897842049599 106.48980600386858 25.215320020914078 18.010614309459925 111.27330289594829 20.384453937411308 40.708280079066753 27.553219445049763 51.053968593478203 160.06416419148445 23.997847110033035 21.673385035246611 29.692909702658653
leaf_count=156774 160 138 69 35 274 122 145 203 253 595 192 107 1079 346 81 72 119 39 192 102 41 212 34 75 96 85 309 126 75 92
internal_value=-5.95697e-06 0.00455687 0.00300307 -0.00645193 -0.0137583 -0.0843588 0.0120027 0.0267736 -0.00982978 0.00487476 -0.0144475 0.0153259 0.0190962 0.0358483 -0.0074867 -0.0154145 0.0173361 -0.0116198 -0.0146428 -0.0220997 -0.100468 -0.0164532 -0.027487 -0.0777167 -0.0347366 -0.0121861 -0.0244573 -0.0637431 -0.131325 -0.0021071
internal_weight=51584.1 2591.05 2510.8 1224.43 1003.71 52.9072 1286.38 220.719 950.802 990.342 347.632 642.71 614.21 296.035 927.304 702.834 224.469 676.905 654.97 548.48 36.8629 511.617 400.344 93.4768 68.2615 306.867 255.813 95.7486 45.6712 50.0774
internal_count=162242 5468 5330 2797 2434 157 2533 363 2277 2042 787 1255 1186 491 2024 1631 393 1550 1511 1319 113 1206 994 273 171 721 636 327 201 126
is_linear=0
shrinkage=0.1


Tree=160
num_leaves=31
num_cat=0
split_feature=5 10 18 17 17 11 4 2 0 10 16 11 11 16 14 13 10 2 15 0 15 7 0 3 17 19 0 4 14 16
split_gain=6.03009 14.6555 21.7467 8.10139 9.9114 9.54932 9.33806 10.9214 12.7174 7.70821 22.7945 35.5714 55.2696 31.2994 53.0975 43.2815 35.2975 32.2447 31.0421 46.8106 38.3913 48.0231 32.8327 44.4339 39.3983 30.6733 30.4293 30.374 29.9097 29.6658
threshold=98.250000000000014 203800.95370000004 -345.97499999999997 1.3501527494908354 2.1129879879879883 0.00017855262113185592 20.244565217391308 51.125000000000007 0.4971910112359551 1608812.9229000004 0.93750000000000011 0.024714891242235505 0.030499561201598035 0.30050000000000004 0.22228132387706859 0.043425877422734425 2476037.7360000005 15.951612903225808 0.22627291666666668 0.014527930209652458 0.60513500000000009 73287.400000000009 0.059017027863777098 13.500000000000002 3.9948453608247427 0.045139610389610396 0.78679653679653694 2.2248575105717969 0.021798526966025186 0.76350000000000018
decision_type=2 2 2 2 2 2 2 2 2 2 2 2 2 2 2 2 2 2 2 2 2 2 2 2 2 2 2 2 2 2
left_child=9 2 -2 -3 5 -5 7 -6 -9 -1 11 13 -13 -11 16 -16 17 -15 22 27 -21 -22 -18 24 -24 28 -12 -20 -25 -17
right_child=1 3 -4 4 6 -7 -8 8 -10 10 26 12 -14 14 15 29 18 -19 19 20 21 -23 23 25 -26 -27 -28 -29 -30 -31
leaf_value=0.00057660785180994813 -0.1391588971354237 0.042678397133371605 0.022930984536170502 0.012610915565618573 0.019098292712411327 -0.082234622501432278 0.070793379860281169 0.01236199295698188 -0.07669066334335839 6.2796013380756857e-05 0.0034305736908085104 -0.17646676426886571 -0.024244559461724574 -0.16551019145122045 0.0091402325095241866 -0.05980917936491547 -0.10688455782305406 -0.01962385646342435 0.267674773670529 0.073275996977248709 -0.18916212356813072 0.019383585688658746 -0.063310876452716408 -0.099980354828006837 0.05213591969443504 -0.19653910311923226 -0.016804426007551259 0.025176240735599709 -0.014392082108184568 -0.0049838221509236613
leaf_weight=38853.541982842842 15.656610473990439 87.779730383306742 17.561202935874462 20.493255781009793 258.12620739685372 22.023649331182241 27.278513563796878 36.529824458062649 28.584779597818851 2925.720786326041 6602.7144388105953 30.475025232881308 109.75795916467905 41.181166197638959 757.02827655151486 192.45041264954489 71.770369314588606 23.968704029917717 10.749119552318009 27.525330346077681 20.535179786384106 23.885551410727203 45.015025794506073 71.563058172352612 86.103185638785362 15.894635923206804 837.42237079888582 9.9429174195975047 95.076160266064107 202.58760766801424
leaf_count=118142 71 157 35 46 659 70 64 77 72 9870 24477 130 268 314 2084 919 928 53 64 48 97 55 123 283 152 73 1798 53 251 809
internal_value=-3.45652e-06 0.0107734 -0.0534671 0.0152115 0.00907712 -0.0365188 0.0146078 0.00986622 -0.0267314 -0.00011196 -0.00230461 -0.00770769 -0.057325 -0.00620195 -0.0170137 -0.00486131 -0.0427871 -0.111838 -0.0333768 0.0185998 -0.0195222 -0.0770246 -0.0458696 -0.0319081 0.0125011 -0.0638082 0.00115303 0.15115 -0.0511479 -0.0316931
internal_weight=51568.9 514.034 33.2178 480.816 393.036 42.5169 350.519 323.241 65.1146 51054.9 12201.4 4761.23 140.233 4621 1695.28 1152.07 543.21 65.1499 478.061 92.6381 71.9461 44.4207 385.422 313.652 131.118 182.534 7440.14 20.692 166.639 395.038
internal_count=162242 1251 106 1145 988 116 872 808 149 160991 42849 16574 398 16176 6306 3812 2494 367 2127 317 200 152 1810 882 275 607 26275 117 534 1728
is_linear=0
shrinkage=0.1


Tree=161
num_leaves=31
num_cat=0
split_feature=9 17 8 9 7 9 14 13 0 7 12 12 18 10 12 7 7 9 12 12 7 7 13 12 15 14 15 7 8 9
split_gain=5.38403 18.4776 15.6854 16.8727 11.9309 6.93658 31.8223 43.8796 61.9173 35.9785 32.4767 28.4692 27.9369 24.7527 24.412 19.6328 40.193 18.9391 43.952 46.3209 27.2792 26.7517 25.5962 22.3595 17.2186 40.5069 16.3989 15.065 15.0098 14.0096
threshold=68.796484110885743 11.511627906976747 0.10050000000000002 112.15932914046122 1061.0200000000002 35.043859649122815 0.24977272727272729 0.24600000000000002 0.031348270440251576 39.010000000000012 0.69033040186294092 1.1842962871758524 1.5000000000000002 17449.105900000002 4.4560149802371543 134.02000000000001 388.47000000000008 28.335340559346985 0.032202359334403373 10.898988611111113 243.52500000000006 36.050000000000004 0.036984427609427613 2.4683468458653866 0.056471571428571433 0.49968750000000006 -0.10127312499999998 108.03000000000002 1.0390000000000004 22.770480470100246
decision_type=2 2 2 2 2 2 2 2 2 2 2 2 2 2 2 2 2 2 2 2 2 2 2 2 2 2 2 2 2 2
left_child=5 2 3 -2 -4 17 7 8 11 -8 13 -7 -12 28 15 -13 -17 29 22 20 21 -20 -19 -22 25 -23 -10 -26 -11 -1
right_child=1 -3 4 -5 -6 6 9 -9 26 10 12 14 -14 -15 -16 16 -18 18 19 -21 23 24 -24 -25 27 -27 -28 -29 -30 -31
leaf_value=-6.4846351723440692e-05 -0.19630622057079095 0.031551900871654832 0.027838171458195095 -0.040522037181258075 -0.077050543321652856 -0.11234800767178242 -0.092944566507975557 0.1555727509898007 0.11913481033640434 -0.11154538222867701 0.14831461006421012 0.11244979042811441 0.037994635517860642 0.042338867119057648 -0.12669525408878052 -0.1344667302407376 0.096790901410171715 -0.013518150540355101 -0.13768516898036701 0.095368799897695006 -0.13336490131303186 -0.035798077537215582 0.098938839575264143 0.027628736481314965 -0.14296203020125733 0.13545049095780448 0.014003747866140068 -0.0035613696548021548 0.040011242310185234 0.019864653987595085
leaf_weight=50291.06356467068 12.634845793247223 41.550092168152332 26.385892983525991 15.458742305636406 18.412090325728059 70.760678221471608 19.01974692940712 14.955508598592131 16.987122312188148 20.151032090187076 47.920730935875326 14.855779927223919 44.059776224195957 92.721144624054432 15.635385589674113 16.313535109162334 13.935450147837399 45.28054603934288 20.640264913439751 19.960568025242537 64.706848961301148 44.587820790708065 36.598590081557631 9.9537512157112342 15.536060970276596 20.011951982975006 117.23229397088289 15.473839949816464 9.6707750018686038 355.21279787924141
leaf_count=157930 67 86 77 49 69 559 89 56 18 100 104 52 130 191 111 97 61 117 115 54 357 190 69 34 85 29 248 59 46 993
internal_value=-3.19842e-06 -0.0216692 -0.0520066 -0.110585 -0.0152714 4.49909e-05 0.0116013 -0.0110908 -0.0204711 0.0388729 0.0505598 -0.0692393 0.09547 0.0168504 -0.0190188 0.0183069 -0.0279283 -7.16673e-05 -0.0254334 -0.049578 -0.0647328 -0.0344393 0.0367482 -0.111901 -0.0121505 0.0172519 0.0273094 -0.0734016 -0.0623978 7.49312e-05
internal_weight=51567.7 114.442 72.8916 28.0936 44.798 51453.2 514.219 280.676 265.72 233.543 214.523 131.501 91.9805 122.543 60.7402 45.1048 30.249 50939 292.75 210.871 190.911 116.25 81.8791 74.6606 95.6097 64.5998 134.219 31.0099 29.8218 50646.3
internal_count=162242 348 262 116 146 161894 1862 1202 1146 660 571 880 234 337 321 210 158 160032 1109 923 869 478 186 391 363 219 266 144 146 158923
is_linear=0
shrinkage=0.1


Tree=162
num_leaves=31
num_cat=0
split_feature=1 8 15 0 6 7 12 16 0 18 13 9 17 16 1 7 2 0 17 12 5 0 0 6 14 6 18 1 4 2
split_gain=5.21161 22.9996 40.8697 43.6868 35.4391 38.0661 29.5552 27.2093 31.9282 40.3921 49.9728 26.9493 29.1706 32.7482 24.7195 51.8216 23.6487 30.4977 34.6811 23.1547 22.9296 21.4914 20.5777 28.6955 34.8467 28.9739 28.7969 27.9832 28.9988 44.5405
threshold=0.10741758241758244 21.003000000000004 -0.50181140909090904 0.12922201138519926 496.62650000000002 591771.68000000017 6.0157339244533459e-05 0.9425 0.27326839826839833 -577.34999999999991 0.10017301038062286 8.1656466553949496 42.885416666666679 -0.020500000000000015 0.15707236842105265 3919.8300000000004 13.267857142857144 0.61152570480928703 0.7514044943820225 0.0018001864386304543 30.937500000000004 0.22140522875816995 0.3504385964912281 4.0010000000000012 -6.2985153764581119 72.001000000000019 -304.97999999999996 0.087228260869565227 1.401388888888889 4.4567809239940397
decision_type=2 2 2 2 2 2 2 2 2 2 2 2 2 2 2 2 2 2 2 2 2 2 2 2 2 2 2 2 2 2
left_child=22 4 3 -3 -2 7 -4 16 9 10 14 12 13 -8 -9 -16 17 18 -6 -10 -15 -20 27 24 -24 26 -25 -1 -29 -30
right_child=1 2 6 -5 5 -7 11 8 19 -11 -12 -13 -14 20 15 -17 -18 -19 21 -21 -22 -23 23 25 -26 -27 -28 28 29 -31
leaf_value=-0.0031764674148551395 -0.00069908046106955258 0.16528459512326754 -0.15710162233038397 0.018388275334764056 -0.022463276980568849 0.082998516232435524 0.12440354429830164 0.12606844123891611 -0.022756961534968249 -0.082763160973068642 -0.12882914929614631 0.16079182127767605 0.079318761202588087 -0.024776578948449816 0.10446494774244355 -0.13876084200257208 0.012846970153170899 0.049926017695613313 -0.12089289586170693 -0.14947419281730734 0.055122201640693202 -0.24856373921133756 -0.082386379474345198 -0.11605923308671857 0.025012943037839953 0.0046933447342845554 -0.016699061680722101 -0.0028227243242507929 0.047894774898531861 0.0047972098219664812
leaf_weight=9844.1893753567711 33131.85826843325 37.401864068582654 10.587659189477561 44.136326387524605 28.219337159767747 26.234644333831966 18.553975460119545 42.915717668831348 32.407878823578358 34.469528145156801 14.273852607235311 11.838325621560214 48.5019022366032 238.90041508059949 23.834828645922244 13.849810728803275 24.075837079435587 12.560489006340502 50.473948656814173 25.980001017451286 42.274201706051826 17.847096934914589 31.183289334177971 35.070662833750248 968.47008054703474 4649.0135790780187 173.3341002613306 919.75914697628468 395.30516034783795 609.59126990288496
leaf_count=48193 92716 72 76 72 103 71 43 98 69 248 221 23 165 1385 68 118 60 19 497 92 78 80 84 103 1498 8464 337 4330 1116 1743
internal_value=-4.90219e-06 -0.000729535 0.0216723 0.0857702 -0.00103211 -0.0328173 0.00757189 -0.0422853 -0.0177601 0.00994803 0.0436317 0.012414 0.00736984 -0.00427289 0.0741735 0.0150749 -0.0768572 -0.0966526 -0.115723 -0.0791405 -0.0127639 -0.154244 0.00139007 0.00623346 0.0216627 0.00305813 -0.0334195 -0.00102037 0.0100076 0.0217509
internal_weight=51557.1 33931.2 452.195 81.5382 33479 347.143 370.656 320.908 187.732 129.344 94.8742 360.069 348.23 299.729 80.6004 37.6846 133.177 109.101 96.5404 58.3879 281.175 68.321 17625.9 5857.07 999.653 4857.42 208.405 11768.8 1924.66 1004.9
internal_count=162242 96374 1914 144 94460 1744 1770 1673 914 753 505 1694 1671 1506 284 186 759 699 680 161 1463 577 65868 10486 1582 8904 440 55382 7189 2859
is_linear=0
shrinkage=0.1


Tree=163
num_leaves=31
num_cat=0
split_feature=5 11 7 15 1 6 2 19 7 5 11 14 16 17 16 1 4 18 6 12 17 4 0 8 18 13 10 12 14 0
split_gain=5.25478 23.1883 20.0148 19.172 14.9021 12.3843 19.8499 22.2661 26.2449 18.4168 22.0834 19.5105 19.4904 17.3156 15.8889 20.5015 15.7048 16.6608 15.3721 26.5076 15.3625 23.4375 16.5985 23.5679 15.3081 14.5363 17.03 14.0441 12.938 12.5316
threshold=61.083333333333336 1.0682306247302336e-08 187754.21000000005 -1.0000000180025095e-35 3.7500000000000004 16.207500000000003 18.055555555555561 0.032258661887694155 815534.79500000016 69.031250000000014 0.059926127206514225 64.00833333333334 0.10850000000000001 0.20521390374331552 0.90050000000000019 0.099295774647887344 4.0674242424242433 -1445.6699999999998 241.66900000000001 0.00029163605212984819 4.6711711711711716 9.8035087719298257 0.68496240601503777 6.998000000000002 -1295.8999999999999 0.064554715233832397 412987.40840000001 0.0014822443521866487 16.006250000000005 0.18237250554323728
decision_type=2 2 2 2 2 2 2 2 2 2 2 2 2 2 2 2 2 2 2 2 2 2 2 2 2 2 2 2 2 2
left_child=-1 2 -2 -4 -5 16 7 8 -7 12 11 28 -8 14 -9 -16 17 -3 -15 -20 27 29 23 -23 -17 26 -18 -14 -11 -22
right_child=1 5 3 4 -6 6 9 13 -10 10 -12 -13 20 18 15 24 25 -19 19 -21 21 22 -24 -25 -26 -27 -28 -29 -30 -31
leaf_value=-0.00021502125743529471 -0.14819027312775296 -0.05366968232337567 0.14834539656302073 -0.10213495505884683 0.13853467079099951 -0.13406138860122807 -0.051804004205964205 0.074216413012866717 0.10937633767610835 0.00042141378658494034 -0.097596549309964892 0.046026425427855358 0.037744531197459241 -0.0091359568268978408 -0.075901154572293128 -0.024735188383924189 -0.032086203656545298 0.018451354515744537 0.012859300442246417 -0.12294877281297151 0.11660766307933429 -0.1703489445449253 0.033745293475401922 0.023800901502920888 0.05337154129800397 0.071223668467791254 0.058918109798635314 -0.040448526196224133 -0.07917778946515415 0.05402469701373798
leaf_weight=49384.321980289125 18.07580260373652 40.683686681091785 5.8656689729541567 14.717703037662433 3.1178067140281192 25.888031918555502 27.499200385063887 42.643590896390378 5.342567242216318 488.63760549668223 21.768638834357262 96.985727356746793 48.259920291602612 463.55386210978031 25.826666304841638 40.680480286478996 40.848087895661592 150.60823978856206 25.536844968795776 32.872662780806422 42.464334174990654 11.241424327716233 61.841757513582706 14.088044080417601 65.485344383865595 94.464930780231953 41.408303670585155 43.832491025328636 21.310309639200568 129.78969041258097
leaf_count=156870 225 101 9 368 9 181 71 69 108 1086 60 249 77 1062 88 105 93 254 89 179 39 50 115 59 95 129 52 102 72 176
internal_value=-4.54549e-06 0.00484047 -0.0689322 -0.00848576 -0.0600638 0.0063056 0.00277238 -0.00981152 -0.0924169 0.0118612 0.00136468 0.00491408 0.0292724 -0.00610807 0.0211491 0.00400432 0.0229683 0.00311276 -0.0152277 -0.063573 0.035615 0.0480706 0.00581857 -0.0623644 0.0234427 0.0444608 0.0137259 0.000527605 -0.00290497 0.0694527
internal_weight=51529.7 2145.34 41.777 23.7012 17.8355 2103.56 1735.55 727.83 31.2306 1007.72 628.702 606.934 379.017 696.599 174.636 131.992 368.013 191.292 521.963 58.4095 351.518 259.425 87.1712 25.3295 106.166 176.721 82.2564 92.0924 509.948 172.254
internal_count=162242 5372 611 386 377 4761 4132 1976 289 2156 1467 1407 689 1687 357 288 629 355 1330 268 618 439 224 109 200 274 145 179 1158 215
is_linear=0
shrinkage=0.1


Tree=164
num_leaves=31
num_cat=0
split_feature=7 18 7 19 13 12 2 12 12 18 2 17 13 16 15 15 14 3 12 4 12 17 1 11 12 1 14 0 0 1
split_gain=5.09891 21.3082 21.2762 49.8029 42.727 35.9245 35.0781 39.8294 34.7906 31.1233 43.1628 31.0606 30.2698 30.0964 29.8806 31.1436 30.8104 29.6639 40.1391 28.4363 26.9754 26.6375 26.1597 28.1763 25.7375 25.6241 25.4799 42.286 29.5082 37.6181
threshold=80.00500000000001 11.019999999999984 60.015000000000008 0.9195000000000001 0.0047968527124649159 0.2263823286759814 1.497058823529412 1.952530931213637 0.083217617729754875 -1566.9799999999998 4.4567809239940397 0.49728260869565222 0.03001501501501502 0.90350000000000008 -1.050786081785714 -0.79307760714285702 3.5014285714285722 8.5000000000000018 0.44054752559166938 1.3984126984126986 0.75341184393939409 5.2521186440677976 0.20942982456140355 0.0009622611265231721 5.3866798146398596 0.72077922077922085 2.2506521739130441 0.17425810904071776 0.57002801120448188 1.1833333333333336
decision_type=2 2 2 2 2 2 2 2 2 2 2 2 2 2 2 2 2 2 2 2 2 2 2 2 2 2 2 2 2 2
left_child=1 2 9 5 -5 8 17 -8 13 12 14 -10 -1 -4 -11 -16 26 18 -7 -12 -19 -14 23 -21 -20 -26 27 -17 29 -29
right_child=-2 -3 3 4 -6 6 7 -9 11 10 19 -13 21 -15 15 16 -18 20 24 22 -22 -23 -24 -25 25 -27 -28 28 -30 -31
leaf_value=-0.19389850018646981 -0.0004039430781847314 0.091630363274478044 -0.078044520180068508 0.059200910326954952 -0.087504127050772595 -0.11710525122993248 0.095559010827734991 -0.029337403681419513 -0.02647773831748584 0.041776767326988491 0.090673642739892868 -0.19595659988457201 -0.11060536925745448 0.062331976972808505 -0.070626495969937184 0.0042249222407697339 -0.01847272088361189 0.068136753149669591 0.012876723523392704 0.084854975102293853 -0.15188227030677776 0.017282436229964525 0.036631156905149335 -0.019503725833890727 0.080068188499669457 -0.01339262210087073 0.02090037027550621 -0.027387833928139926 0.0069316861822698861 -0.1539416205041233
leaf_weight=14.186832801438866 44307.15337999363 26.701439261436462 22.473537504673004 26.917571976780891 75.635009571909904 18.774182341061532 140.61028020828962 31.198337431997061 26.572794005274773 152.13960265461355 60.664098016917706 18.234291728585958 26.955332986079156 47.669071160256863 67.56542625464499 2892.4452502287459 965.93873712234199 8.0879469234496373 277.24321721773595 29.517242714762688 17.9168820977211 41.150506177917123 337.24694806337357 209.48232045769691 145.65424970258027 36.733489789068699 573.88458905369043 615.38175156712532 275.39115479588509 24.420130208134651
leaf_count=63 142139 34 88 42 270 95 214 106 81 257 97 97 145 98 201 9068 2824 24 814 50 126 172 540 602 382 137 1419 1500 473 84
internal_value=-2.69731e-06 0.00246415 0.00213256 0.0165697 -0.0489976 0.0250687 0.0338543 0.0728794 -0.0266147 8.00557e-05 0.000890429 -0.0954473 -0.0610143 0.0173557 -0.0019308 -0.0031588 -0.00230634 0.0205618 0.0262157 0.0255505 -0.0834526 -0.0333338 0.0186947 -0.00661508 0.0320699 0.0612449 0.00125765 -0.00170288 -0.0204376 -0.0322182
internal_weight=51513.9 7206.79 7180.09 893.721 102.553 791.168 676.219 171.809 114.95 6286.37 6204.08 44.8071 82.2927 70.1426 5567.17 5415.03 5347.46 504.41 478.405 636.911 26.0048 68.1058 576.247 239 459.631 182.388 4381.52 3807.64 915.193 639.802
internal_count=162242 20103 20069 2574 312 2262 1898 320 364 17495 17115 178 380 186 15826 15569 15368 1578 1428 1289 150 317 1192 652 1333 519 12544 11125 2057 1584
is_linear=0
shrinkage=0.1


Tree=165
num_leaves=31
num_cat=0
split_feature=17 10 17 12 12 2 8 15 17 0 0 1 5 14 4 12 12 5 11 0 13 2 13 13 13 8 2 16 5 14
split_gain=5.05927 34.2926 24.2815 72.3772 54.6019 46.99 31.6057 56.1656 36.7198 31.2789 79.1854 53.794 60.7926 48.5967 40.8098 33.9106 33.8824 43.0107 44.5858 47.8274 43.2646 42.0646 40.1385 38.3666 36.3673 37.0182 31.1421 32.904 35.7145 31.083
threshold=68.510869565217405 25438461564007.66 47.472222222222229 0.1180616509608978 0.53640320201546765 53.076923076923087 0.82350000000000001 0.031788047619047625 51.133928571428577 0.08941897654584223 0.13900966183574884 0.039841269841269851 19.950000000000003 34.341666666666676 4.9946808510638308 0.0019247731669971917 0.080896183849950593 14.358974358974361 0.0009970942859344105 0.041775741710296695 0.12523062730627307 2.6747967479674801 0.0070298986903879427 0.057173123486682818 0.053605637657361802 1.3785000000000001 12.482919254658386 0.10250000000000001 20.535714285714288 28.010000000000002
decision_type=2 2 2 2 2 2 2 2 2 2 2 2 2 2 2 2 2 2 2 2 2 2 2 2 2 2 2 2 2 2
left_child=2 -2 -1 5 26 6 7 8 -4 11 -11 -8 13 16 15 -14 17 18 23 22 -19 -18 -20 24 25 -13 -5 -28 -29 -25
right_child=1 -3 3 4 -6 -7 9 -9 -10 10 -12 12 14 -15 -16 -17 21 20 19 -21 -22 -23 -24 29 -26 -27 27 28 -30 -31
leaf_value=0.00013870803484975224 0.00385594733702693 -0.098674625901420232 0.09011035219033986 -0.13099595158940522 0.00049198066996291115 -0.13330397662649099 -0.092909314579039004 -0.20394361179907028 -0.081550993750886425 -0.13391239394813154 -0.0021763812799227454 0.1757651516358556 -0.002125700533189646 -0.12918091627762193 0.02245057852255786 -0.15214750719791637 0.28256185892123237 0.067909459969503094 0.14922347194424265 0.11625703528127017 0.23804299600674483 0.045554513070613728 -0.091149302555656175 -0.1097156360029882 0.31770948799551146 0.025945306570862078 0.05572294686846762 -0.2182526779581071 0.0095541201413556348 0.25436939882726317
leaf_weight=45043.443030989962 4640.0135014423868 32.851704293396324 21.43917705770582 101.69114600494504 86.037744112545624 27.553632918745279 37.319762603379786 20.977917617652565 29.756221291143447 48.000327721238136 923.40961136948317 27.475904995575547 28.128589911386371 13.092227371409534 95.475698538590223 32.447253096848726 15.540004710666837 45.622014285996556 7.8868046700954428 19.341497883200645 22.230099985376 14.453250194899736 58.290915724821389 15.229525457136335 7.5025253156200042 41.255128772929311 22.319544281810522 14.172535695135595 13.378151997923849 2.7715980969369403
leaf_count=139416 15439 435 31 827 502 100 709 133 150 213 1855 47 71 89 318 161 75 100 4 39 65 61 385 398 53 414 37 76 31 8
internal_value=-2.50153e-06 0.00313513 -0.000315543 -0.0117285 -0.0631335 -0.00387493 -0.00154046 -0.0661334 -0.0096641 0.00166254 -0.00868586 0.0224296 0.0320647 0.0590927 -0.0182829 -0.0824844 0.0679721 0.0558128 0.0302063 -0.0220733 0.12365 0.168352 -0.0625026 0.0776508 0.108657 0.0858373 -0.0992522 -0.0345229 -0.107634 -0.0536582
internal_weight=51509.1 4672.87 46836.2 1792.8 237.599 1555.2 1527.65 72.1733 51.1954 1455.47 971.41 484.063 446.743 290.691 156.052 60.5758 277.599 247.606 179.754 85.5192 67.8521 29.9933 66.1777 94.2347 76.2336 68.731 151.561 49.8702 27.5507 18.0011
internal_count=162242 15874 146368 6952 1473 5479 5379 314 181 5065 2068 2997 2288 1738 550 232 1649 1513 1348 428 165 136 389 920 514 461 971 144 107 406
is_linear=0
shrinkage=0.1


Tree=166
num_leaves=31
num_cat=0
split_feature=5 17 2 15 2 7 17 0 9 5 17 17 8 7 10 14 2 7 8 16 9 13 9 16 14 14 11 2 0 13
split_gain=5.09078 12.5942 14.2369 9.89847 11.0916 20.302 45.7717 11.7993 13.9435 9.32442 8.90203 10.6394 14.0431 12.8755 10.0105 6.97436 16.0535 6.61333 19.8393 23.2292 32.8982 30.5883 34.3996 24.1515 37.854 30.3265 21.5362 33.3547 41.1104 26.7247
threshold=98.250000000000014 87.031250000000014 11.861904761904764 -2.9522153214285711 22.154761904761909 24490.080000000002 9.259006211180127 0.42776886035313005 1.8909551200604533 139.17894736842109 44.687500000000007 16.338541666666668 3.5665000000000004 73287.400000000009 22588766.082200002 10.804166666666669 20.513157894736846 33655.545000000006 0.29750000000000004 0.50050000000000006 0.54674701964582517 0.1921538461538462 29.466029954417195 0.59850000000000014 1.3750862068965521 0.16017241379310349 0.00091917268078016662 7.5073529411764719 0.100561797752809 0.02063985686291216
decision_type=2 2 2 2 2 2 2 2 2 2 2 2 2 2 2 2 2 2 2 2 2 2 2 2 2 2 2 2 2 2
left_child=17 3 -3 -2 7 6 -6 8 -5 -4 11 12 -7 -13 -14 16 -9 -1 -19 21 -21 26 -23 24 25 -22 27 28 -20 -29
right_child=1 2 9 4 5 10 -8 15 -10 -11 -12 13 14 -15 -16 -17 -18 18 19 20 23 22 -24 -25 -26 -27 -28 29 -30 -31
leaf_value=0.00030253576436950133 0.07005474491880255 0.024541120411585168 -0.17373128481426015 0.094668836293492278 -0.17946418973795106 0.056735353878999389 0.0049625690939407328 0.022040702733978228 0.010395009658247977 -0.016107903743682258 0.051482918685093297 0.018416280263091327 0.018192724667502987 -0.089245184947706196 -0.080422566793829836 0.03943138473972093 -0.07215509119645748 -0.087956185905931406 -0.072912885598950997 -0.090877695011724907 -0.066742774791434076 -0.17429709644760627 0.13680096204951223 -0.0047561736448544145 0.0051366282144778685 -0.24463576860505087 -0.0014124897801038815 -0.028435202475774281 0.016328732929815518 0.050457306773205028
leaf_weight=45212.111716818181 29.405938498675823 12.882580183446409 10.300777886528524 44.35304132476449 19.735217858105898 47.929518964141607 42.301580663770437 54.428945995867252 35.225892677903175 5.904158102348446 44.422871750313789 20.474511541426182 25.138910412788391 24.282291390001774 17.431071205064654 45.989813659340143 27.101755987852812 27.544124638661742 65.996502182795666 46.098833092371933 30.149847984546795 17.317579014517836 4.4722356330603352 3988.2644641761435 47.749165556044318 14.048265996389089 899.91380193922669 48.895658475346863 236.96408950537443 352.39652758650482
leaf_count=141999 45 31 109 90 87 64 84 94 66 35 116 41 47 72 76 115 79 173 1040 749 148 255 5 13046 113 104 2078 152 435 694
internal_value=-5.47709e-06 0.00996248 -0.0539241 0.0138483 0.0101658 -0.00438549 -0.0537075 0.0271492 0.0573647 -0.116302 0.0126436 -0.000112536 0.0196111 -0.0399942 -0.0221871 0.00829329 -0.00927108 -0.000104646 -0.0032898 -0.00288438 -0.00687344 0.00723896 -0.110446 -0.00592435 -0.0565946 -0.123286 0.00883751 0.0219352 -0.00311153 0.0408446
internal_weight=51499.2 507.309 29.0875 478.221 448.815 241.716 62.0368 207.099 79.5789 16.2049 179.679 135.256 90.4995 44.7568 42.57 127.521 81.5307 50991.9 5779.81 5752.27 4126.31 1625.96 21.7898 4080.21 91.9473 44.1981 1604.17 704.253 302.961 401.292
internal_count=162242 1251 175 1076 1031 587 171 444 156 144 416 300 187 113 123 288 173 160991 18992 18819 14160 4659 260 13411 365 252 4399 2321 1475 846
is_linear=0
shrinkage=0.1


Tree=167
num_leaves=31
num_cat=0
split_feature=1 19 1 7 8 15 0 6 12 17 12 15 4 0 18 16 13 7 2 17 8 10 12 20 10 18 14 7 6 15
split_gain=5.21976 20.1137 20.2458 29.4742 18.5068 32.9185 33.7891 27.1954 33.0461 27.0165 23.6583 24.7586 28.0059 20.6391 30.1028 34.0718 36.6185 30.054 19.9881 19.9773 19.9555 23.9282 23.5576 39.4081 28.4968 32.5423 34.2796 29.1779 20.6437 19.5568
threshold=0.10741758241758244 0.0024158805031446544 0.25403225806451618 1687.4650000000004 21.003000000000004 -0.50181140909090904 0.12922201138519926 496.62650000000002 8.3247575286103922e-05 24.517241379310349 6.0157339244533459e-05 0.14546584415584418 6.9590301003344495 0.26689497716894983 -577.34999999999991 0.9425 0.10017301038062286 19380.600000000002 15.344086021505378 18.715728715728719 34.003000000000007 13825560.141300002 0.040420721026915699 5.5000000000000009 335693.14060000004 -148.49999999999997 0.13354978354978359 1368.9500000000003 467.83550000000008 0.3727795454545455
decision_type=2 2 2 2 2 2 2 2 2 2 2 2 2 2 2 2 2 2 2 2 2 2 2 2 2 2 2 2 2 2
left_child=-1 2 3 -2 7 6 -6 -3 9 -9 -7 12 20 14 15 18 -17 -15 29 -13 21 22 23 28 25 -24 -27 -28 -12 -10
right_child=1 4 -4 -5 5 10 -8 8 13 -11 11 19 -14 17 -16 16 -18 -19 -20 -21 -22 -23 24 -25 -26 26 27 -29 -30 -31
leaf_value=0.0013935024364876997 0.076446958993259373 -0.00060933541053168852 -0.11994909328117967 -0.11574696374687883 0.14555584103963781 -0.14085859413172142 0.016865148116982569 -0.034123525740303605 -0.14390979911623103 0.13185852277939966 -0.16836641819709647 0.018621115668485535 -0.13321108526850345 -0.15932036502156821 -0.075880678252344319 0.067913506046946306 -0.12550567550230737 -0.040127363177600454 0.060622833719375206 0.10980768520595174 -0.091101329492603411 0.073026081147681263 0.10294371269336233 0.043528798991475659 -0.1464476210940909 -0.12815357638146319 -0.12062539873165486 0.088356197218328006 -0.0040242360760831472 0.02127995712542155
leaf_weight=17586.091285564413 18.946813708171248 33048.43948189076 28.337539433501661 13.784449310973285 38.193872287869453 10.546548456884919 43.799191914498806 17.914795162156224 26.142384547740221 21.666119920555502 26.224426599219441 64.616694572381675 16.108469663187861 31.156189799308777 68.858303679618984 75.082380468025804 11.255495507270096 65.897339593619108 10.090090414509175 38.246161804534495 20.591006752103567 49.500677120871842 43.136872007511556 24.255339909344912 9.1771052619442326 17.604683443903923 8.655336542055009 29.287803187966347 10.787656739354132 9.8737576704006624
leaf_count=65868 81 92370 174 105 72 76 72 93 224 70 192 234 61 115 544 268 177 156 24 111 170 121 177 38 137 158 88 138 69 59
internal_value=-4.4472e-06 -0.000729692 -0.058068 -0.00449362 -0.000626208 0.0195015 0.0768116 -0.000897942 -0.0291221 0.0567331 0.00675795 0.0111043 -0.00558285 -0.0405119 -0.0222495 0.0056336 0.0426983 -0.0783908 -0.0637732 0.0525258 0.00301128 0.011875 -0.00602269 -0.0555421 0.0221052 0.0377796 -0.0128249 0.0406847 -0.120467 -0.0986233
internal_weight=51484.3 33898.2 61.0688 32.7313 33837.1 450.732 81.9931 33386.4 337.937 39.5809 368.739 358.192 255.329 298.356 201.302 132.444 86.3379 97.0535 46.1062 102.863 239.221 218.63 169.129 61.2674 107.862 98.6847 55.5478 37.9431 37.0121 36.0161
internal_count=162242 96374 360 186 96014 1914 144 94100 1730 163 1770 1694 1349 1567 1296 752 445 271 307 345 1288 1118 997 299 698 561 384 226 261 283
is_linear=0
shrinkage=0.1


Tree=168
num_leaves=31
num_cat=0
split_feature=4 12 6 19 12 5 6 6 13 18 10 0 5 8 15 17 6 13 14 4 7 11 6 16 0 13 2 5 14 14
split_gain=5.18679 17.5858 30.8588 20.88 39.4132 19.9694 19.2775 19.0535 21.1016 22.6934 18.7537 18.0903 16.9565 27.2613 15.3686 13.6644 16.1108 19.5559 19.0888 28.4476 16.343 12.0536 12.9747 13.2449 20.8026 24.8694 13.0275 11.8864 16.9011 17.6282
threshold=13.651086956521741 0.0054283265439781072 486.40450000000004 0.046289915966386562 0.17629155634798493 36.535714285714292 1900.0100000000002 1060.6125000000004 0.060023094688221715 -697.90999999999997 19990.546300000005 0.74849397590361455 39.550000000000004 23.005000000000006 2.0149801250000006 91.475000000000009 440.05000000000007 0.044406522563519159 17.785250000000001 16.184905862216521 2507.1800000000003 0.006336914472364368 45.001500000000007 0.12750000000000003 0.37455035971223027 0.01251959247648903 17.612500000000004 36.062500000000007 11.375555555555557 2.9620192307692315
decision_type=2 2 2 2 2 2 2 2 2 2 2 2 2 2 2 2 2 2 2 2 2 2 2 2 2 2 2 2 2 2
left_child=-1 14 10 7 6 -6 -5 12 9 -9 11 -3 13 -4 -2 16 17 21 19 -19 -21 -12 -23 -24 25 -25 -26 -16 29 -29
right_child=1 2 3 4 5 -7 -8 8 -10 -11 15 -13 -14 -15 27 -17 -18 18 -20 20 -22 22 23 24 26 -27 -28 28 -30 -31
leaf_value=-0.0002030659506226348 0.016392497855641265 -0.12576630370111155 -0.085269632306956 -0.15056171588968417 -0.053262091718005555 0.10299151159605072 -0.011650218509756076 -0.036855368229296949 0.050055417075220814 -0.16984086829115766 0.043308621701129021 0.0068855409271279758 0.08266384419574016 0.048787010229681849 0.022092146097018484 -0.052877999487373754 0.081945186811878595 0.022432304348750889 0.039379603111233182 -0.18844685981345471 -0.047168237865520247 0.060739633261543559 0.037695358184106943 -0.0022443894241691974 -0.056755926023144922 -0.17366888094813215 0.019471763599591501 -0.12086028265757712 -0.18129324646904327 0.042795308372043421
leaf_weight=49552.102921644459 1022.1559749892913 20.142815463244915 27.452226597815752 46.961227783467621 18.76561613380909 14.49825989641249 12.689696181565521 42.958993818378076 16.758851116523147 18.297360774129629 143.21958926133811 20.997519865632057 28.047976911067963 33.903997762128711 21.902475568465889 30.66511233150959 34.396880527958274 21.476951256394386 24.268490646034479 18.327038155868649 14.800522727891801 38.32149325683713 59.858929365873337 17.112392500042915 29.378073822706938 16.743243142962456 94.661955762654543 11.766214285511525 10.079037506133316 14.937716775573788
leaf_count=157626 2250 70 79 228 87 29 74 166 33 78 263 39 49 55 63 81 50 43 46 96 44 50 97 36 70 68 166 114 47 45
internal_value=-5.19322e-06 0.00508687 -0.00572328 -0.0343595 -0.0723749 0.014842 -0.121011 -0.0132616 -0.0493755 -0.0765783 0.007034 -0.0580624 0.0182518 -0.0111931 0.0135353 0.0119639 0.0158432 0.0110882 -0.0344139 -0.0672107 -0.125327 0.0200762 0.00708268 -0.00236012 -0.0175453 -0.0870221 0.00141773 -0.0362303 -0.0709585 -0.0293142
internal_weight=51477.6 1925.55 844.705 260.334 92.9148 33.2639 59.6509 167.419 78.0152 61.2564 584.371 41.1403 89.4042 61.3562 1080.84 543.231 512.566 478.169 78.873 54.6045 33.1276 399.296 256.076 217.755 157.896 33.8556 124.04 58.6854 36.783 26.7039
internal_count=162242 4616 2097 878 418 116 302 460 277 244 1219 109 183 134 2519 1110 1029 979 229 183 140 750 487 437 340 104 236 269 206 159
is_linear=0
shrinkage=0.1


Tree=169
num_leaves=31
num_cat=0
split_feature=16 20 16 10 7 7 7 7 8 18 18 14 17 18 0 11 15 3 2 9 6 8 15 5 12 17 17 6 8 12
split_gain=5.1937 21.4714 24.0232 16.9627 16.4916 15.7376 27.53 23.2783 44.8888 32.2023 20.7487 17.7994 16.9976 52.6763 16.5882 23.9271 16.6268 16.2846 20.8365 31.3086 31.916 17.3038 29.5803 18.3377 18.8444 18.0383 16.2207 39.3998 32.6773 30.5314
threshold=-0.097499999999999962 0.87500000000000011 -0.89249999999999996 3407211480.5750508 55350.820000000007 6606.6600000000008 6125.9850000000015 10033.130000000003 2.5525000000000007 -349.49999999999994 -346.94999999999993 0.016461184121392771 67.075827205882362 -1172.3799999999999 0.58271144278606979 0.00023116453764369328 0.45856696428571436 45.500000000000007 4.6770833333333348 8.7546513276642397 193.17800000000003 2.7805000000000004 0.048404166666666672 17.026315789473689 0.0012171461834122918 38.276988636363647 3.3516016016016019 55.116000000000007 17.975000000000005 0.36920991931508823
decision_type=2 2 2 2 2 2 2 2 2 2 2 2 2 2 2 2 2 2 2 2 2 2 2 2 2 2 2 2 2 2
left_child=1 2 -1 4 5 6 12 8 -7 -10 -11 -12 26 -14 15 -15 -17 18 19 20 -9 22 -20 25 -25 -23 27 -3 29 -29
right_child=-2 3 -4 -5 -6 7 -8 17 9 10 11 -13 13 14 -16 16 -18 -19 21 -21 -22 23 -24 24 -26 -27 -28 28 -30 -31
leaf_value=0.042360126925592774 0.00020612350030411116 0.012259922923244113 -0.12341612200168961 -0.10764397114127403 0.021575670793445981 0.017754351389505641 0.07918139723407186 -0.034336611832555021 -0.17706930447854277 0.058263992038824958 -0.016539628351460445 -0.18808654101509065 0.039105696158662655 0.055340043513974438 0.010995698294880878 -0.1730349956543118 -0.04131477809545412 0.050692121685517025 -0.12527255055782857 0.037917433403241801 -0.16355543433276992 -0.0030156562522170331 0.0047775086365935675 0.07276099846352789 -0.02898858752786573 0.08809026047048106 0.010479611500366942 -0.030750716547123969 0.062834012782550422 -0.12229127527382166
leaf_weight=12.320472306571899 49312.342728407122 234.56960831489414 30.0924232424004 15.49404257093556 248.18764910660684 46.243411585688591 42.677400368265808 49.119478290434927 35.125516471453011 13.0105071850121 12.694250396918507 11.553034668322651 51.410347869619727 7.1316244620829812 12.425673380494116 38.412624463438988 12.768508823588489 41.03390334174037 27.551577635109425 28.150287056341767 31.290553355123848 38.828438780270517 47.890068888664246 22.013829585164785 105.11584695242345 49.356958003714681 711.66776225529611 91.985581163316965 22.208248737733811 60.332555249333382
leaf_count=64 154838 683 608 190 529 97 83 148 208 28 49 81 122 55 21 228 51 171 88 71 256 86 96 34 258 79 2244 322 78 376
internal_value=-3.6735e-06 -0.00481409 -0.07526 -0.00339689 -0.00262508 -0.0058813 0.000209401 -0.0198893 -0.0592068 -0.108375 -0.0436119 -0.0982761 -0.00250223 -0.0379253 -0.0939088 -0.116263 -0.140174 -0.00929748 -0.015462 -0.0528457 -0.0846205 -0.001504 -0.0427173 0.0129362 -0.0113696 0.0479759 0.00135842 -0.0145089 -0.0504871 -0.0670095
internal_weight=51463 2150.66 42.4129 2108.25 2092.76 1844.57 1285.59 558.978 118.627 72.3833 37.2578 24.2473 1242.91 122.149 70.7384 58.3128 51.1811 440.351 399.317 108.56 80.41 290.757 75.4416 215.315 127.13 88.1854 1120.76 409.096 174.526 152.318
internal_count=162242 7404 672 6732 6542 6013 4263 1750 463 366 158 130 4180 477 355 334 279 1287 1116 475 404 641 184 457 292 165 3703 1459 776 698
is_linear=0
shrinkage=0.1


Tree=170
num_leaves=31
num_cat=0
split_feature=14 2 17 4 0 5 10 13 0 11 6 5 0 1 4 14 15 14 2 9 7 7 4 8 6 8 14 15 17 7
split_gain=5.07753 39.3805 15.9805 17.5788 13.7403 24.1894 11.7073 10.3731 7.4259 20.6892 18.5046 16.4838 11.0481 11.7901 12.1353 11.2552 16.7827 12.3885 14.2161 15.3347 13.6453 9.94439 9.76571 8.32044 8.0867 9.40904 7.89262 7.5412 6.69104 6.2228
threshold=1749.0466666666669 4.0142857142857151 140.03571428571431 7.506756756756757 0.57002801120448188 44.100000000000009 230895613219.85553 0.026692111959287536 1.9444444444444446 0.076848692998084486 16.207500000000003 28.791666666666668 1.2870879120879124 0.31414473684210531 4.222875816993465 242.19333333333336 1.2062533333333336 12.138095238095239 2.4390889830508482 1.0005005005005008 1061.0200000000002 12057.085000000001 5.5060975609756104 6.6815000000000007 166.45300000000003 16.899000000000004 0.28558441558441566 0.013080625000000004 4.5036764705882364 454761.71000000008
decision_type=2 2 2 2 2 2 2 2 2 2 2 2 2 2 2 2 2 2 2 2 2 2 2 2 2 2 2 2 2 2
left_child=8 -2 3 4 -3 7 -4 -6 12 10 11 -10 29 14 23 16 17 18 -15 -20 -19 -21 -16 -14 26 -26 -24 -12 -18 -1
right_child=1 2 6 -5 5 -7 -8 -9 9 -11 27 -13 13 15 22 -17 28 20 19 21 -22 -23 24 -25 25 -27 -28 -29 -30 -31
leaf_value=0.00010120794177906415 -0.14170405154448204 0.033125060274878514 0.074534497537944958 -0.099851510374398655 -0.038448649934017323 0.015900667992710737 -0.0066577838417272474 -0.14329579902769365 -0.17542534241775737 0.062685691398891172 0.038448316095479051 -0.047120075023782237 0.083671307286344587 0.048193903224180823 -0.049094377252261942 0.036717437710643695 -0.011437737954923278 -0.011577682751606378 0.0093794560204549671 -0.11667324631657235 -0.13762504693776509 -0.02193335627243205 -0.0059805832451766926 0.020981734199251964 -0.037042302469342772 0.046842421978445743 0.060146475991597628 -0.03528749016521112 0.049294661086318768 -0.0095739502388985931
leaf_weight=49840.072434159694 22.079982854425907 54.944511607289314 38.828844133764505 23.217912137508392 18.868288654834032 48.435436034575105 32.728591665625572 18.876420445740223 15.504602670669554 22.407507508993149 22.735349148511887 28.270518835633993 55.036639761179686 27.985052146017551 21.417780194431543 66.552452746778727 28.367249179631472 15.396171368658541 42.43570850789547 24.877581804990768 19.423474561423063 19.975399479269981 24.95581092685461 34.407839342951775 36.310177760198712 21.166019795462489 65.220053389668465 35.571315411478281 50.319724578410387 673.75432715000352
leaf_count=157336 70 83 54 69 44 110 62 59 54 36 39 73 84 39 58 153 62 33 82 77 69 46 53 72 107 44 151 88 85 2850
internal_value=-3.81313e-06 -0.0139978 -0.00204464 -0.0192191 -0.00595343 -0.0308681 0.0373992 -0.0908835 6.67088e-05 -0.0243271 -0.0434269 -0.0925642 0.000126174 0.0141731 0.0297678 0.000522531 -0.0100066 -0.0296172 -0.0138275 -0.0337117 -0.0818908 -0.0744806 0.0140088 0.0595556 0.0231623 -0.00615115 0.0418461 -0.0065359 0.0274002 -2.78395e-05
internal_weight=51450.1 257.98 235.9 164.343 141.125 86.1801 71.5574 37.7447 51192.2 124.489 102.082 43.7751 51067.7 553.847 258.514 295.333 228.78 150.093 115.274 87.2887 34.8196 44.853 169.07 89.4445 147.652 57.4762 90.1759 58.3067 78.687 50513.8
internal_count=162242 551 481 365 296 213 116 103 161691 290 254 127 161401 1215 569 646 493 346 244 205 102 123 413 156 355 151 204 127 147 160186
is_linear=0
shrinkage=0.1


Tree=171
num_leaves=31
num_cat=0
split_feature=12 16 1 1 16 1 0 19 7 0 19 15 12 1 0 18 5 19 20 8 12 20 19 16 9 15 14 15 8 19
split_gain=5.00623 30.7783 21.0592 22.1558 17.9741 18.3753 17.0341 28.9611 18.3299 17.0997 26.7614 19.2366 16.5296 26.0626 18.8013 16.1889 16.0459 33.5525 13.6792 12.5484 12.9428 11.0006 10.9778 14.3833 10.4376 15.5402 27.1949 19.5161 21.4308 13.554
threshold=24.488956346153849 0.55950000000000022 6.5000000000000009 1.2250000000000003 0.57750000000000001 6.5000000000000009 0.051668520578420474 0.29758333333333337 7.9900000000000011 0.27326839826839833 0.35475000000000007 0.00036364285714285719 19.61665977777778 0.81666666666666676 0.18107302533532046 1.5000000000000002 10.708333333333334 0.19922500000000001 1.7500000000000002 0.51050000000000006 24.537794124365487 3.5000000000000004 0.47725000000000001 0.52550000000000019 1.1621154417524244 0.0095578970588235303 0.98784615384615393 0.054544155844155846 0.77450000000000008 0.83950000000000002
decision_type=2 2 2 2 2 2 2 2 2 2 2 2 2 2 2 2 2 2 2 2 2 2 2 2 2 2 2 2 2 2
left_child=12 2 3 19 -3 6 7 15 -8 -10 11 -11 -1 14 18 16 17 -6 -14 20 -2 24 -5 -24 -9 -26 -27 28 -28 -29
right_child=1 4 -4 22 5 -7 8 21 9 10 -12 -13 13 -15 -16 -17 -18 -19 -20 -21 -22 -23 23 -25 25 26 27 29 -30 -31
leaf_value=-0.00012030692283734151 -0.11514610382555522 0.052798634755689279 0.057509248690518211 -0.13864049285379651 -0.12225988628221446 -0.032398485759422523 0.010979549440314054 0.027872122908141502 -0.11635579101492353 0.07123702791817417 -0.10844595230386954 -0.04030430580798388 -0.13508566914232367 -0.16284137132514878 0.022314758905463947 0.13280516868419093 0.12911666263749841 0.06208509373722601 -0.0042763000091253136 0.0082965847516952278 -0.0082216881655690875 0.032185590356776164 0.018082728563804815 -0.1090166046021997 -0.034040565256988169 0.10357820767328565 -0.0007760523173783332 0.0015774407466018069 0.10445291934585405 -0.051324969570245529
leaf_weight=49343.241051969235 21.48355608433485 89.273744449019432 23.358520939946175 27.391485974192619 13.375974987167863 111.93038231134415 127.95153606683016 181.59183574095368 25.484946798533201 29.293511420488358 26.029489368200302 32.745425462722778 18.095527610741556 15.039311334490774 45.607061050832272 26.992880910634995 15.802806228399275 37.70418226160109 14.321249553002415 72.149704978335649 23.931362566538155 188.33489784598351 15.519307717680929 20.886986449360847 107.75516794249415 27.806307561695576 39.726014211773872 635.79262326657772 37.740486428141594 52.423667848110199
leaf_count=157023 107 167 38 127 158 251 236 458 124 44 78 80 138 72 95 54 22 131 71 213 100 356 40 82 342 56 68 1311 43 157
internal_value=-6.92003e-07 0.00488837 -0.0318607 -0.043371 0.00905005 0.00677734 0.00950677 0.0138379 -0.0149739 -0.0442181 -0.0233431 0.0123632 -0.000199718 -0.0423046 -0.0190708 0.0674372 0.0410557 0.0138121 -0.077296 -0.0176236 -0.0588024 0.0098796 -0.0908177 -0.0548366 0.00599997 0.00159295 0.00643195 0.00290402 0.0504899 -0.00245231
internal_weight=51448.8 2012.48 204.721 181.362 1807.76 1718.48 1606.55 1365.05 241.505 113.553 88.0684 62.0389 49436.3 93.0631 78.0238 93.8758 66.883 51.0802 32.4168 117.565 45.4149 1271.17 63.7978 36.4063 1082.84 901.244 793.489 765.683 77.4665 688.216
internal_count=162242 4843 707 669 4136 3969 3718 3156 562 326 202 124 157399 376 304 365 311 289 209 420 207 2791 249 122 2435 1977 1635 1579 111 1468
is_linear=0
shrinkage=0.1


Tree=172
num_leaves=31
num_cat=0
split_feature=16 16 6 4 4 18 13 16 1 17 17 4 12 16 16 7 8 15 15 7 15 1 11 11 17 13 9 12 13 16
split_gain=5.06648 18.2027 31.0791 64.2697 45.8488 26.5173 20.7282 18.8721 18.0239 23.8651 34.4916 29.6423 24.0043 17.4903 58.3578 37.1132 41.5857 60.6026 72.4457 40.4708 39.2281 38.9034 36.2035 30.633 35.5728 42.0694 33.2609 29.236 27.721 30.3818
threshold=0.47950000000000004 0.46850000000000008 1.2250000000000003 0.16496598639455784 1.3164313222079593 5.049999999999998 0.022313130642591612 0.47350000000000003 0.0056657678479712387 4.2932852386237519 3.6654761904761908 13.299836601307192 24.537794124365487 0.61550000000000005 0.64150000000000007 854.36500000000012 5.3645000000000005 -0.0086204166666666669 0.10910259740259741 1470.1750000000004 1.2062533333333336 0.267948717948718 0.059926127206514225 0.029456866837858729 5.6889880952380958 0.07854152897113903 13.443119183157135 0.9081442226332358 0.10533813165392114 0.62350000000000005
decision_type=2 2 2 2 2 2 2 2 2 2 2 2 2 2 2 2 2 2 2 2 2 2 2 2 2 2 2 2 2 2
left_child=1 -1 5 -4 -5 7 -6 -3 9 10 11 12 -2 15 28 16 23 -18 -19 22 -21 -20 27 26 25 -25 -10 -17 -15 -30
right_child=8 2 3 4 6 -7 -8 -9 13 -11 -12 -13 -14 14 -16 19 17 18 21 20 -22 -23 -24 24 -26 -27 -28 -29 29 -31
leaf_value=0.0011888211983415015 -0.12136152146873724 -0.023725346523948799 0.20105158508066073 -0.11480758464810281 -0.0344997511291859 0.064441911417575812 0.088654474405826564 -0.1791068571484091 -0.014301364360465347 -0.10416272007624588 0.2302002367134498 0.16719361225718171 0.15649724497400797 0.02546928512877733 -0.00050584171160622125 -0.12502568709993531 0.12494802460760222 -0.12178480506014538 0.011647464180522324 -0.010361727496634915 -0.098636357326718771 0.19750808624020569 0.036483962216356393 0.041084616932403971 0.11135740619655804 -0.10602264156134383 0.12224494212243198 0.022066564632410829 0.18346484207964409 0.018322372065614302
leaf_weight=14472.511303316045 21.54305447451771 19.70135385915637 25.994090988300741 19.123404348269105 18.041081666946411 18.510703653097153 56.364337735809386 12.957731131464241 863.85671928245574 38.778994850930758 5.8811823138967148 5.9337394535541526 3.6335476189851752 515.59331337315962 33978.606620383565 86.342952692881227 64.731685772538185 32.178039074875414 36.912528166547418 823.76300867507234 53.618034534621984 16.206480160355568 23.144096184521914 80.402760356664658 45.328875571489334 25.639193668961525 18.215299382805824 16.019619959872216 24.199556969106197 20.643572118133307
leaf_count=46177 346 69 72 106 47 50 102 65 2697 560 17 5 8 1390 105883 447 124 193 146 2888 235 32 46 147 51 95 21 88 51 84
internal_value=-1.52545e-06 0.00157172 0.0340366 0.0619561 0.0232979 -0.0311781 0.0587933 -0.0853741 -0.000627521 -0.0493497 0.008112 -0.0338722 -0.0812603 -0.000526999 2.20621e-05 -0.0092008 0.00279283 0.051991 -0.00337583 -0.0233541 -0.0157563 0.0683531 -0.0764677 -0.00434946 0.0372112 0.00551651 -0.0114816 -0.102006 0.0320283 0.107441
internal_weight=51444.4 14643.2 170.693 119.523 93.5288 51.1698 74.4054 32.6591 36801.2 75.7705 36.9915 31.1103 25.1766 36725.4 34539 2186.36 1183.47 150.029 85.297 1002.89 877.381 53.119 125.507 1033.44 151.371 106.042 882.072 102.363 560.436 44.8431
internal_count=162242 46688 511 327 255 184 149 134 115554 936 376 359 354 114618 107408 7210 3506 495 371 3704 3123 178 581 3011 293 242 2718 535 1525 135
is_linear=0
shrinkage=0.1


Tree=173
num_leaves=31
num_cat=0
split_feature=15 15 12 10 7 15 11 3 18 17 19 12 18 9 10 14 0 14 13 16 18 11 7 11 18 15 6 1 7 19
split_gain=5.10717 51.9024 79.0402 43.5588 28.7794 25.8142 28.0999 26.498 26.3452 25.5173 25.4262 23.9925 32.1525 28.3127 23.649 43.7759 24.5835 24.1616 19.1948 28.8986 25.3212 20.617 20.3531 25.0743 18.9624 18.7411 30.5854 56.7679 48.457 34.8409
threshold=0.4327770363636364 0.3727795454545455 0.044149464752663826 5732393.4662500015 52032.000000000007 0.49276557142857152 0.01927377985848475 15.500000000000002 -1299.4999999999998 4.2932852386237519 0.19210000000000002 0.02321935115416647 -149.59999999999997 2.289202927664332 2315.5164000000004 1.3337254901960784 0.39464733261725748 9.9775000000000009 0.33266666666666672 0.87950000000000006 -98.799999999999983 0.25255561118032666 3919.8300000000004 0.022562274370749247 -316.60999999999996 0.29925681103142865 312.00150000000008 0.20942982456140355 208.05000000000004 0.087154761904761915
decision_type=2 2 2 2 2 2 2 2 2 2 2 2 2 2 2 2 2 2 2 2 2 2 2 2 2 2 2 2 2 2
left_child=1 25 3 4 11 6 7 -2 -9 -8 -5 12 13 -3 15 -4 -16 -17 21 -20 22 -7 23 -21 -10 -1 27 28 -27 -29
right_child=5 2 14 10 -6 18 9 8 24 -11 -12 -13 -14 -15 16 17 -18 -19 19 20 -22 -23 -24 -25 -26 26 -28 29 -30 -31
leaf_value=-0.00040322982098249814 0.05715935348106907 -0.15892984137598509 0.015153169815415349 -0.14294854888087144 0.14348177560694406 0.0011841992020846567 0.021893133208102423 0.06898798659490607 -0.18803529308637329 -0.14331195458110482 0.017240032810684671 0.078746582619439565 0.056091090440406305 0.0069049476539944851 -0.14252467532434507 -0.13731670962915621 -0.024024760154199971 0.0068466303262968656 -0.14491721848957065 0.094774979507047039 -0.15852255444776456 0.052745454763871991 -0.10716267955844015 -0.035971406900106244 -0.026753126878530688 0.086733564133347305 0.054639456057277096 0.084928525284414233 -0.045699926310657446 0.013288178881065342
leaf_weight=41533.638634141767 220.74436810938641 20.181850088294595 58.385863482952118 24.507530049886554 22.122228039428592 8206.8308162734029 21.218053594231606 23.309416320174932 9.4974410817958397 16.714580439031124 16.634202665649354 43.289749686606228 34.924139209091663 21.015377437695861 72.661418482894078 50.269934348762035 23.0637436658144 15.123030774295328 21.473848529858515 30.404471774585545 10.648675270378588 78.289350643754005 12.867069591768084 28.339917756617069 31.362487286794931 31.341527694836259 157.06842843280174 89.634778285399079 233.22667806968093 279.76719018537551
leaf_count=135352 518 95 175 151 27 21105 47 67 71 62 50 84 60 61 548 246 47 34 202 53 37 113 343 68 143 82 522 210 947 722
internal_value=-2.64353e-06 -0.000452575 -0.036207 0.0123884 0.038716 0.00220406 0.029952 0.0407168 -0.015846 -0.0509026 -0.078182 0.019307 -0.014496 -0.0743348 -0.0766491 -0.0477839 -0.113974 -0.103977 0.00113618 -0.0416132 -0.0146458 0.00167142 0.00674874 0.0316993 -0.0642414 -0.000112828 0.0151348 0.00534736 -0.0300115 0.0306716
internal_weight=51438.6 42726.9 402.179 182.675 141.533 8711.7 322.846 284.914 64.1693 37.9326 41.1417 119.411 76.1214 41.1972 219.504 123.779 95.7252 65.393 8388.85 103.734 82.2601 8285.12 71.6115 58.7444 40.8599 42324.7 791.039 633.97 264.568 369.402
internal_count=162242 139413 1578 528 327 22829 908 799 281 109 201 300 216 156 1050 455 595 280 21921 703 501 21218 464 121 214 137835 2483 1961 1029 932
is_linear=0
shrinkage=0.1


Tree=174
num_leaves=31
num_cat=0
split_feature=3 12 7 11 8 10 11 7 5 17 6 0 19 6 6 15 15 18 10 10 12 18 10 1 3 0 3 1 18 7
split_gain=5.06858 24.3015 43.4095 20.3315 19.1222 34.2401 22.8336 20.485 23.6818 50.2186 18.741 71.6548 46.2753 33.2963 33.365 31.8128 48.6612 33.1673 27.6545 28.4842 33.9338 32.8084 27.5957 32.3712 29.6314 27.9031 38.2733 27.4408 39.659 41.4549
threshold=33.500000000000007 0.00059972241791321414 43647.840000000004 0.10176959217108623 32.002000000000002 55670.997500000005 1.332376801826701e-10 48859.635000000002 25.026315789473689 61.261363636363647 18.666500000000003 0.23145604395604399 0.029283482142857146 49.174500000000002 68.402500000000018 0.11923204166666669 0.089323916666666683 -134.93999999999997 22829.106300000003 1854284.4976500003 0.0018001864386304543 -346.94999999999993 549444.23660000018 0.067041198501872665 35.500000000000007 0.057233848953594187 144.50000000000003 0.019077949651198061 -346.94999999999993 15169.300000000001
decision_type=2 2 2 2 2 2 2 2 2 2 2 2 2 2 2 2 2 2 2 2 2 2 2 2 2 2 2 2 2 2
left_child=4 2 3 -2 -1 -6 -7 8 9 -8 11 12 15 -12 -15 16 22 -18 -16 20 21 -20 23 -3 -25 26 -24 -22 -29 -30
right_child=1 10 -4 -5 5 6 7 -9 -10 -11 13 -13 -14 14 18 -17 17 -19 19 -21 27 -23 25 24 -26 -27 -28 28 29 -31
leaf_value=-0.00018845808236450358 -0.1729228390655613 -0.05407595523224569 -0.010361318046050179 0.034726159521801046 -0.16650342000489413 0.076512649784117731 -0.12557916454865159 -0.14103476545392921 0.081216141250577356 0.13624024410562885 0.061869191428285189 0.025018631342535187 0.10580858263930711 -0.13131262604834112 -0.14299734248347787 -0.080116746798182578 0.0012916667029039858 0.17082680764406022 0.019868965201141675 -0.0031589109171328853 -0.0067370569142523457 -0.17256872172017512 0.20532128176782055 -0.1469245947481998 0.044905765547153823 -0.12566371504031623 -0.10664172123859553 0.052665668194376208 0.02889815799508566 -0.026329712119613644
leaf_weight=47452.410108160344 26.522600558586419 309.38591919466853 186.35503377032001 5.7348842173814765 18.351137579418719 20.374906035140157 28.604565178975463 16.552283333148807 17.714262815192342 9.8480956275016052 117.87621687352657 432.61398668214679 24.634084638208151 17.201107604894787 11.999621111433951 119.3147253182251 26.851822691969573 20.236015733331442 17.412778585217893 1063.136027831235 281.77134581748396 18.035834042355418 14.782998161390429 9.2353273602202517 62.857620060443878 5.8561862744390956 5.358083040919154 413.04572548530996 480.18477889150381 189.56796341668814
leaf_count=142859 342 2325 877 18 131 62 186 88 30 20 242 699 68 101 160 1051 162 57 45 5545 2140 89 74 61 361 45 186 1434 1991 793
internal_value=-2.80539e-06 0.00348223 -0.0289009 -0.136006 -0.000285628 -0.0416598 -0.01705 -0.043265 -0.0144524 -0.0585247 0.00542638 -0.00598789 -0.0283999 0.00993539 0.00747918 -0.0341608 -0.0220983 0.0741495 0.00844371 0.00918148 0.0185524 -0.078041 -0.0332206 -0.0400142 0.0203317 0.0664669 0.122331 0.0210617 0.0282957 0.0132664
internal_weight=51423.8 3859.97 218.613 32.2575 47563.9 111.445 93.0941 72.7192 56.1669 38.4527 3641.36 1031.13 598.513 2610.23 2492.36 573.879 454.564 47.0878 2475.15 2463.15 1400.02 35.4486 407.476 381.479 72.0929 25.9973 20.1411 1364.57 1082.8 669.753
internal_count=162242 18866 1237 360 143376 517 386 324 236 206 17629 5089 4390 12540 12298 4322 3271 219 12197 12037 6492 134 3052 2747 422 305 260 6358 4218 2784
is_linear=0
shrinkage=0.1


Tree=175
num_leaves=31
num_cat=0
split_feature=4 4 7 14 14 14 16 2 0 5 6 8 12 11 2 4 18 13 2 8 0 5 11 7 4 10 11 9 12 12
split_gain=5.00043 19.9783 41.0888 32.7137 41.6337 29.2822 46.5057 43.4675 36.187 44.7373 57.6512 34.6882 36.799 34.0919 30.3222 27.606 27.7049 27.0932 42.8877 31.0445 27.9123 26.5111 38.4837 35.7312 37.7343 25.0232 27.9374 28.5555 24.382 27.1975
threshold=9.2792207792207808 6.9590301003344495 454761.71000000008 3.8338095238095242 0.24977272727272729 -3.4937499999999995 0.99250000000000005 6.3632848043676082 0.32037735849056609 33.69444444444445 506.91250000000008 16.469000000000005 0.10118236830444781 0.0023040193394637614 4.6770833333333348 6.7869087434304829 -1186.0199999999998 0.021304964539007095 13.267857142857144 4.1045000000000007 0.14371772805507746 43.083333333333336 0.059926127206514225 1008.0700000000001 7.9887640449438218 6670813.7853000006 9.0665585309854285e-07 1.0011680572428239 0.10815066145833334 0.02321935115416647
decision_type=2 2 2 2 2 2 2 2 2 2 2 2 2 2 2 2 2 2 2 2 2 2 2 2 2 2 2 2 2 2
left_child=1 15 5 4 -4 -3 8 14 9 10 17 -12 -13 -11 -8 -1 -17 18 -7 -20 -19 22 23 24 -9 28 -27 -28 29 -25
right_child=-2 2 3 -5 -6 6 7 21 -10 13 11 12 -14 -15 -16 16 -18 20 19 -21 -22 -23 -24 25 -26 26 27 -29 -30 -31
leaf_value=3.4694958912873642e-05 0.003369793934988138 0.030891316638111007 -0.066144580146453136 -0.0015359326623657344 -0.27493108494549162 0.034654192233417778 -0.0552027874115298 -0.19223095230355774 0.01894815227769631 -0.052379793537177845 0.050260046661007952 -0.12130598736713388 0.079242501517072142 0.055044788516889244 -0.18075111077222997 0.068196756058755068 -0.012530625880839552 -0.080413519759187424 -0.041787423536122879 -0.19924966791639037 -0.20901627534172365 0.006445236933692311 0.041958043158706389 -0.027278690303732218 -0.045930931792810652 0.040812332421505088 -0.1412713187214075 -0.036140451715462062 -0.11883002368936496 0.030283729627286968
leaf_weight=44660.3513522672 4045.9787713107653 190.0669568143785 26.581821572268382 28.176512176869437 14.906801074510438 47.156178329139948 75.91945210378617 28.523798920214176 675.24181986786425 39.729578718543053 87.480569166596979 29.690407659858465 13.224955860525368 115.21247086301446 25.765818998217583 117.02455826476216 66.767485521733761 75.332269798964262 37.242799937725067 18.862117201089859 21.749663665890694 300.45451451651752 68.684458192437887 292.54438504576683 46.160258207470179 19.855276208370924 51.668095363304019 51.676745645701885 22.165121652185917 114.09560786373913
leaf_count=146539 9351 342 126 137 126 85 271 115 1169 122 224 165 28 167 120 176 134 299 94 82 90 630 109 657 117 80 260 124 81 222
internal_value=-4.56965e-06 -0.000292828 -0.00895992 -0.0846889 -0.141161 -0.00680527 -0.00997776 -0.0247364 0.00397475 -0.0168428 -0.0376158 0.0141349 -0.0595042 0.0274994 -0.0870152 0.000193861 0.0388703 -0.0712985 -0.0356416 -0.0947252 -0.109225 -0.018377 -0.0291021 -0.0368902 -0.101807 -0.0281073 -0.0678287 -0.0887015 -0.0166949 -0.0111277
internal_weight=51408.3 47362.3 2518.17 69.6651 41.4886 2448.5 2258.44 1097.51 1160.92 485.681 330.739 130.396 42.9154 154.942 101.685 44844.1 183.792 200.343 103.261 56.1049 97.0819 995.828 695.374 626.689 74.6841 552.005 123.2 103.345 428.805 406.64
internal_count=162242 152891 6042 389 252 5653 5311 2786 2525 1356 1067 417 193 289 391 146849 310 650 261 176 389 2395 1765 1656 232 1424 464 384 960 879
is_linear=0
shrinkage=0.1


Tree=176
num_leaves=31
num_cat=0
split_feature=12 12 0 7 10 17 15 15 16 2 15 5 5 13 15 15 13 4 1 15 19 4 11 7 4 16 10 12 4 7
split_gain=4.90076 51.071 38.644 42.4467 32.6299 56.9497 28.9469 44.0899 28.153 26.6053 23.1785 28.4699 33.9531 23.0484 22.5552 22.0498 21.7575 19.5381 29.2141 31.9368 40.1575 28.81 44.6485 29.8352 91.3676 44.6765 41.3679 39.978 37.7163 37.6503
threshold=0.012909127189918995 0.012141029053390208 0.11566332218506133 400.05000000000007 379385.53905000008 12.012500000000001 -0.0010666904761904761 0.21787550000000003 0.98950000000000016 14.292857142857146 7.6876475000000006 4.1742424242424248 7.7000000000000011 0.031774075943687259 0.0001407857142857143 -0.10907545454545453 0.013993006993006995 1.5720779220779224 0.035875160875160884 1.000000046666667 0.032258661887694155 3.5568475452196386 2.1926273000090585e-09 1139.1200000000001 3.1465040650406508 0.049500000000000009 21813.426900000002 0.0058894307841340062 1.8354978354978357 940.87500000000011
decision_type=2 2 2 2 2 2 2 2 2 2 2 2 2 2 2 2 2 2 2 2 2 2 2 2 2 2 2 2 2 2
left_child=1 17 3 -3 13 -6 15 8 -8 -10 -2 -12 -13 16 -7 -4 -5 18 19 20 -1 22 -19 24 27 -26 -25 29 -28 -24
right_child=10 2 6 4 5 14 7 -9 9 -11 11 12 -14 -15 -16 -17 -18 21 -20 -21 -22 -23 23 26 25 -27 28 -29 -30 -31
leaf_value=-0.017537409657671317 -0.00091488333714316952 -0.071846286267888068 0.010021667668790098 0.10891737717482555 -0.10417291965723181 0.19417127418341726 -0.011339779520034479 0.037467912446168226 -0.22069341160018927 -0.051711259023758317 0.10206175970008183 -0.13310620993304986 0.027391666892379651 0.047710851336927408 0.035463601525933072 0.10721309288432733 0.2263473116651481 -0.12766145946433566 0.008911097891337998 0.046695530252633462 -0.14066760676770138 0.0016971731061472884 -0.028597446853113207 0.028989952133797538 -0.040782168455650879 -0.22282077963986843 -0.039604579734375908 0.016903875884795888 -0.0039534431811644949 -0.15349702076076921
leaf_weight=458.56937786086928 33527.924814459868 17.762645564973354 49.192018877714872 35.22968152910471 19.79139696015045 16.267193766310811 43.495010130107403 83.517040051519871 17.279679819941521 20.21971819922328 46.031296032946557 14.502471799030898 144.62780384672806 24.682680539321154 19.920387564925477 44.421578638255596 28.576010162010789 31.257853211835027 4134.4796957856161 72.028773776255548 28.111007605213672 8592.6740623544902 246.82955734431744 338.49732490256429 22.442860037088394 33.76583618298173 333.31165089830756 213.8303022608161 2704.7922263545915 26.750640764832497
leaf_count=2740 112027 67 87 80 278 73 90 130 74 77 241 187 471 91 118 40 40 336 14563 228 328 19746 612 590 52 156 1145 438 7040 97
internal_value=-3.30785e-06 0.00134643 0.0357852 0.0740308 0.0919668 0.0322146 0.011748 -0.0135134 -0.0660826 -0.129578 -0.000709834 0.0327998 0.0127646 0.129767 0.106807 0.056141 0.16151 0.000506599 0.00601078 -0.0154517 -0.0246495 -0.0015527 -0.00861971 -0.00767053 -0.0294126 -0.150137 -0.00417014 -0.0154906 -0.00786474 -0.0408101
internal_weight=51390.8 17657.7 420.355 162.23 144.467 55.979 258.125 164.511 80.9944 37.4994 33733.1 205.162 159.13 88.4884 36.1876 93.6136 63.8057 17237.3 4693.19 558.709 486.68 12544.2 3951.48 3920.22 543.619 56.2087 3376.6 487.411 3038.1 273.58
internal_count=162242 49316 1245 747 680 469 498 371 241 151 112926 899 658 211 191 127 120 48071 17859 3296 3068 30212 10466 10130 1355 208 8775 1147 8185 709
is_linear=0
shrinkage=0.1


Tree=177
num_leaves=31
num_cat=0
split_feature=1 18 18 6 10 10 7 7 10 0 7 0 7 10 7 12 14 14 19 19 0 10 5 18 3 19 18 12 0 7
split_gain=4.85872 17.5405 30.3402 65.7472 41.9215 67.1886 36.177 37.2127 44.7423 36.9326 32.6579 41.1329 31.5684 36.6498 40.0228 31.1666 26.16 47.9413 29.9669 32.9899 27.0837 23.8798 23.4589 22.5686 21.931 21.759 20.1042 26.4178 43.5581 34.4551
threshold=0.10741758241758244 -100.84999999999998 -97.84999999999998 211.28250000000003 1526.3216000000002 1692.9326500000002 874.17000000000007 7757.0250000000005 2926.2267500000003 0.27241805813234393 2339.8000000000006 0.26215805471124626 377.04000000000008 2926.2267500000003 225.08000000000001 0.36920991931508823 10.005000000000001 6.7510000000000003 0.14275714285714289 0.14292857142857143 0.037123169681309222 2315.5164000000004 21.354166666666668 -99.874999999999986 13.500000000000002 0.02841801075268818 -87.499999999999986 0.40984480034722232 0.11566332218506133 1650.1250000000002
decision_type=2 2 2 2 2 2 2 2 2 2 2 2 2 2 2 2 2 2 2 2 2 2 2 2 2 2 2 2 2 2
left_child=1 16 3 4 15 -6 9 8 21 12 11 -10 13 -7 -15 -3 17 -1 20 -20 -18 -8 -22 -12 -14 -25 27 28 -4 -29
right_child=-2 2 26 -5 5 6 7 -9 10 -11 23 -13 24 14 -16 -17 18 -19 19 -21 22 -23 -24 25 -26 -27 -28 29 -30 -31
leaf_value=0.00013211957033163632 -0.00070323230473733891 0.029895931101010721 -0.14143892733173125 0.21586255787788156 0.1596459556896605 0.11015073622275949 -0.023528626486979728 0.094923601691318041 -0.13529187460158351 -0.089224973932995277 0.042426182564700717 0.04999603714551222 0.009539135154823861 0.040036312343450259 -0.16865089517074294 -0.12845727348089481 -0.10883788329395556 -0.10366284147042032 0.31040615822944811 0.022819482834343777 0.081074114900627908 0.10146374556311061 -0.025764229971765213 0.020765559199441935 0.10909547046407649 -0.13561322268850029 0.0080132867423719986 -0.0080625236726893559 -0.01716413652653144 0.15568382296000785
leaf_weight=15313.805412051384 33846.202739598928 21.236316651105881 39.565165244042873 18.340129228308797 38.218457944691181 20.040302209556103 25.494019128382206 32.961350996047258 57.742020851001143 17.073679596185684 45.181122254580259 15.117920368909834 27.526641827076674 19.595156587660313 17.306753030046821 29.968853130936623 12.880022661411202 44.629360551596619 8.4042004486545903 7.5922708199359468 62.39487149566412 38.169493287801743 30.646459955722094 16.445252826437354 112.79912669956684 19.387637905776501 1205.0643679685891 120.29090992733836 98.21371903270483 14.387111328542231
leaf_count=59051 96374 44 259 34 67 55 79 64 346 46 128 22 88 53 98 162 340 394 28 89 104 66 82 66 296 82 3006 455 214 50
internal_value=-3.35811e-06 0.00134789 0.01004 0.0295815 0.0234176 0.0321918 0.0217128 -0.00409288 -0.0190959 0.0518715 -0.0482671 -0.0968459 0.0640835 0.00128503 -0.0578366 -0.0627835 0.000196766 -0.000169493 0.0463358 0.173911 0.0270691 0.0514106 0.0458831 -0.00457776 0.0895663 -0.0638443 0.00246677 -0.0220652 -0.0528514 0.00942984
internal_weight=51376.7 17530.5 2050.13 572.604 554.264 503.059 464.84 250.499 217.537 214.342 153.874 72.8599 197.268 56.9422 36.9019 51.2052 15480.4 15358.4 121.918 15.9965 105.921 63.6635 93.0413 81.014 140.326 35.8329 1477.52 272.457 137.779 134.678
internal_count=162242 65868 5780 1796 1762 1556 1489 853 789 636 644 368 590 206 151 206 60088 59445 643 117 526 145 186 276 384 148 3984 978 473 505
is_linear=0
shrinkage=0.1


Tree=178
num_leaves=31
num_cat=0
split_feature=10 6 5 10 12 13 17 5 12 15 7 17 15 2 8 12 6 15 2 7 19 8 6 15 15 10 1 13 7 17
split_gain=4.6924 34.0235 24.6039 40.8651 51.9719 45.1938 52.8738 36.0675 43.4221 26.3504 29.5657 25.9595 26.0082 26.5426 25.6238 35.4947 30.5756 25.9711 24.0214 23.5845 40.4556 40.3172 36.9523 35.2701 63.7332 31.9888 31.332 29.4229 39.2482 32.4849
threshold=51338.587300000007 589.0975000000002 16.973684210526319 7671.0398500000001 0.0097436248353654342 0.019816004263315853 3.6654761904761908 20.354166666666668 0.0044361193664797811 0.036144155844155847 1279.6600000000003 4.1676245210727982 0.21052631625131582 5.4417344173441746 0.98450000000000015 0.067761597545599614 65.000500000000017 0.011251232011607144 10.925000000000002 168.05000000000004 0.32983333333333337 1.8035000000000003 15.000500000000001 -0.42347222222222219 -0.26910945454545449 45389.858150000007 0.36602870813397131 0.082686716791979961 696.6400000000001 5.4104278074866317
decision_type=2 2 2 2 2 2 2 2 2 2 2 2 2 2 2 2 2 2 2 2 2 2 2 2 2 2 2 2 2 2
left_child=1 2 19 4 -4 9 -7 8 -5 10 -6 -9 13 -13 17 -16 -17 -15 -8 25 -21 27 26 -24 -25 -1 -23 -22 29 -29
right_child=-2 -3 3 7 5 6 18 11 -10 -11 -12 12 -14 14 15 16 -18 -19 -20 20 21 22 23 24 -26 -27 -28 28 -30 -31
leaf_value=0.0023315933057612586 0.00084807605006754876 -0.099197745202371013 0.026643009871499607 -0.073982228547685921 -0.11116708977589713 -0.14954909582782791 -0.01197105775119542 0.026146569873185751 0.051840417768688085 0.050615728187288656 0.052073393287830297 -0.12420108189630166 0.025365040210404633 -0.15486323314826822 0.0075258528172728635 -0.027086268842232947 -0.18330834250672506 -0.0050391502769737148 -0.099481176526456216 -0.0027503459975666577 -0.016887186392700548 -0.0831156080941126 -0.15378995907283463 0.088512019583613877 -0.056481533815054878 -0.12654751730882083 0.016699854889660731 -0.027382027899279474 0.10385487757888941 0.0786369455288604
leaf_weight=8523.6589027922601 28589.266879545641 35.283608937868848 188.12126389890909 29.560773402452469 28.202329903841019 56.527677193284035 111.52645680680871 490.01748057082295 380.14782477170229 68.42839290201664 18.291002623736858 21.778076767921448 214.86633372679353 23.792807504534721 374.25967886671424 39.490643590688705 18.34957080334425 22.521473299711943 43.642449408769608 10699.197616418358 493.97582341264933 38.883462615311146 32.516825506463647 32.691704355180264 417.1252082772553 19.302577528171241 164.45627819187939 103.80679438449442 51.515709176659584 40.052124593406916
leaf_count=24816 92563 396 399 77 94 217 279 801 607 97 26 77 355 81 702 86 78 43 140 36191 1295 119 135 51 1563 115 360 300 73 106
internal_value=-5.08624e-06 -0.00107573 -0.000923523 0.00930978 -0.0152259 -0.039341 -0.0667481 0.0171309 0.0427622 0.0111455 -0.0469464 0.00841667 -0.00373333 -0.016233 -0.0113182 -0.0037414 -0.0766471 -0.0820075 -0.036584 -0.00198051 -0.00482545 -0.020972 -0.0381413 -0.0532142 -0.0459437 0.00204039 -0.00238727 -0.00389434 0.0289561 0.00213498
internal_weight=51371.3 22782 22746.7 2129.52 514.74 326.618 211.697 1614.78 409.709 114.922 46.4933 1205.08 715.059 500.192 478.414 432.1 57.8402 46.3143 155.169 20617.2 12074.2 1375.02 685.673 482.334 449.817 8542.96 203.34 689.35 195.375 143.859
internal_count=162242 69679 69283 4159 1252 853 636 2907 684 217 120 2223 1422 1067 990 866 164 124 419 65124 40193 4002 2228 1749 1614 24931 479 1774 479 406
is_linear=0
shrinkage=0.1


Tree=179
num_leaves=31
num_cat=0
split_feature=16 20 12 7 13 6 19 2 10 9 12 10 4 6 6 8 16 9 0 15 12 0 6 7 7 8 8 3 4 1
split_gain=4.58079 18.4731 23.1277 21.5387 15.0347 20.9459 13.6819 24.6308 29.3377 15.5742 13.4466 18.3596 12.8615 21.5361 14.9233 19.1227 16.711 27.8029 43.0495 28.538 49.9626 21.7643 16.4085 23.4053 16.4047 26.443 50.1948 33.0747 32.5797 34.4333
threshold=-0.097499999999999962 0.87500000000000011 0.44054752559166938 4208.5000000000009 0.18005376344086024 23.779000000000003 0.61450000000000016 1.7526595744680853 123691.00860000002 1.2845220455992954 6.2621329056237895 18279.278450000005 12.908333333333335 282.6810000000001 1060.6125000000004 41.01550000000001 -0.23649999999999996 1.1217053444258229 0.10367218987908645 0.1228757142857143 0.034122116071428572 0.53410852713178303 783.80400000000009 59009.755000000012 7161.2200000000003 6.5470000000000006 5.5985000000000014 15.500000000000002 0.287784679089027 0.25403225806451618
decision_type=2 2 2 2 2 2 2 2 2 2 2 2 2 2 2 2 2 2 2 2 2 2 2 2 2 2 2 2 2 2
left_child=1 2 -1 -4 6 -6 10 -8 9 -9 12 -12 14 -14 15 16 22 -18 -19 -20 21 -21 24 -24 25 26 27 28 29 -3
right_child=-2 4 3 -5 5 -7 7 8 -10 -11 11 -13 13 -15 -16 -17 17 18 19 20 -22 -23 23 -25 -26 -27 -28 -29 -30 -31
leaf_value=-0.11468091416534912 0.0001932509502402092 0.15894582905766211 -0.11791533011045617 0.1885710235779523 0.022446997512475104 -0.1432916688770827 0.046351577640761796 -0.081411864476784945 -0.01542301533333381 -0.23361952865301175 -0.0076271534631053633 -0.15987975567947194 0.067579320705080992 -0.025811834941665963 0.037465491289715352 0.084980058129793645 0.050306820839353165 -0.096018990216865829 0.017714150836900658 -0.064849136889826964 -0.16386962173133268 0.056046502602413131 -0.17017450541131385 0.037949524441369183 -0.01356478356077088 0.043289283221975297 -0.14979107752799253 -0.12184301281737592 0.0025703825713493445 0.0021685321323580168
leaf_weight=30.318563629756682 49219.640359245357 28.651421934366226 3.8613696815446001 5.6451984173618257 13.348341227509083 17.784522671019658 23.702368270605803 14.443652406334879 37.303221832960844 12.575616829097269 21.972014549188316 12.384291660506277 69.116545081138611 38.416263994760811 93.880155427381396 24.105467076878995 43.682304804213345 83.781565074110404 131.67507219687104 29.327159099280834 28.8069788813591 30.251071274280548 13.164602972567083 9.1653955690562707 462.76724785519764 185.02301577385515 21.463805950246751 19.783798750955611 598.96526044234633 27.412694860249758
leaf_count=536 154838 133 114 22 63 265 78 48 85 58 78 107 90 98 352 85 107 678 243 73 120 46 105 17 1289 607 119 97 1517 174
internal_value=-3.35356e-06 -0.00454053 -0.0720087 0.0640827 -0.00325674 -0.0722305 -0.00221525 -0.0407894 -0.0729002 -0.152254 -0.000494974 -0.0625091 0.000603579 0.0342152 -0.00136942 -0.0034671 -0.00471107 -0.0242906 -0.0350152 -0.0117897 -0.0557442 -0.00346392 0.000268702 -0.0847496 0.00168117 0.00968677 0.000757507 0.00554601 0.00939353 0.0822892
internal_weight=51352.4 2132.78 39.8251 9.50657 2092.95 31.1329 2061.82 88.0249 64.3225 27.0193 1973.8 34.3563 1939.44 107.533 1831.91 1738.03 1713.92 347.524 303.842 220.06 88.3852 59.5782 1366.4 22.33 1344.07 881.3 696.277 674.813 655.029 56.0641
internal_count=162242 7404 672 136 6732 328 6404 269 191 106 6135 185 5950 188 5762 5410 5325 1267 1160 482 239 119 4058 122 3936 2647 2040 1921 1824 307
is_linear=0
shrinkage=0.1


Tree=180
num_leaves=31
num_cat=0
split_feature=14 10 18 17 11 10 19 13 2 16 9 6 13 15 11 7 15 5 10 7 12 11 4 11 15 18 7 8 15 10
split_gain=4.52766 16.8571 11.4273 26.8919 18.8965 19.5792 9.81905 16.2044 18.1228 15.383 20.3447 13.9354 36.6919 13.131 11.9165 11.3971 11.3269 12.2328 25.5659 9.49141 9.43935 10.613 8.41401 12.0176 8.20372 7.82933 18.2948 35.6236 40.4904 16.3513
threshold=389.81000000000006 63031.729950000008 341.60000000000008 6.0081521739130439 0.00017855262113185592 284039.56575000007 0.32983333333333337 0.010012531328320804 11.486842105263159 0.99850000000000005 6.214398352267243 19.861500000000003 0.030344885317261011 1.000000046666667 2.7024062868606963e-08 4872.5500000000011 -3.736250444444444 52.380952380952387 48956314.104600005 59009.755000000012 0.0050253502428821723 0.0043614938890422844 4.1117353308364555 1.0871993669091054e-05 0.014033303571428573 37.080000000000048 4640.2750000000005 5.7020000000000008 0.10428660714285716 8094.198800000001
decision_type=2 2 2 2 2 2 2 2 2 2 2 2 2 2 2 2 2 2 2 2 2 2 2 2 2 2 2 2 2 2
left_child=2 -2 25 4 -4 -6 7 -3 9 10 -9 12 -8 19 -13 24 -10 -18 -19 -11 21 -5 23 -17 -16 -1 27 -27 -29 -28
right_child=1 6 3 20 5 -7 11 8 16 13 -12 14 -14 -15 15 22 17 18 -20 -21 -22 -23 -24 -25 -26 26 29 28 -30 -31
leaf_value=0.00012181159146491458 -0.082432402069753413 -0.093366393119628965 0.031198432888737145 -0.014011029215928755 -0.13413258410628953 -0.012940622306870883 -0.1358404509963409 -0.13716735929901072 0.077208029090113151 0.0027633954605456438 -0.015575070345776782 -0.043972377626809944 0.0050083224666754543 0.029241322177764574 -0.06237786052836819 0.050692095567751519 0.022076513414024133 0.041607518387796645 -0.12065600475633607 -0.084337342147430633 0.076121427106844525 0.053754998051680637 0.047013514605181293 -0.031813116450667311 0.01676361609434213 -0.011518090413908855 0.057878084396362744 -0.20169396501335571 -0.010537756306274444 -0.0080704508530800943
leaf_weight=49867.410222845618 28.986569356173277 26.011814214289188 42.07809691131115 38.580226983875036 20.929596114903688 36.715109128504992 23.436132494360209 28.186703760176897 23.43034516274929 22.453840360045433 26.886734947562218 29.186973283067346 87.732251577079296 43.240510445088148 23.515901423990726 32.004632510244846 88.838151253759861 18.172772500663996 20.851041179150343 28.252771575003862 64.081980582326651 57.63772552087903 147.29254856146872 39.374397549778223 29.565241973847151 123.7100591249764 44.86121878027916 24.608976371586323 20.157324865460396 232.15044626966119
leaf_count=159174 80 74 67 92 70 79 75 95 37 40 53 67 187 73 63 42 156 46 77 75 82 94 276 88 56 239 59 94 39 493
internal_value=-3.71185e-06 -0.00762714 0.00011197 0.0210216 -0.0197516 -0.0569429 -0.00469072 -0.0176494 -0.0110911 -0.0358431 -0.0778063 0.00557049 -0.0246849 -0.0112436 0.016747 0.0232684 0.0132893 0.00157637 -0.0450924 -0.0457675 0.0463867 0.0265831 0.0333582 0.00518023 -0.0182975 3.9066e-06 -0.0131942 -0.0391794 -0.11562 0.00260972
internal_weight=51340.3 767.419 50572.9 260.023 99.7228 57.6447 738.433 326.325 300.313 149.021 55.0734 412.108 111.168 93.9471 300.94 271.753 151.292 127.862 39.0238 50.7066 160.3 96.218 218.672 71.379 53.0811 50312.9 445.488 168.476 44.7663 277.012
internal_count=162242 1660 160582 484 216 149 1580 726 652 336 148 854 262 188 592 525 316 279 123 115 268 186 406 130 119 160098 924 372 133 552
is_linear=0
shrinkage=0.1


Tree=181
num_leaves=31
num_cat=0
split_feature=6 8 8 14 13 18 18 15 20 1 4 6 15 13 0 14 19 19 16 12 13 12 5 1 18 12 0 10 13 5
split_gain=4.57975 28.3661 39.5817 25.1543 34.3571 22.7238 21.6427 24.4727 21.3337 20.9176 20.7932 20.6192 31.5564 40.1092 34.2959 28.5142 35.5551 42.2554 35.5308 39.4402 43.1238 39.0384 39.2915 44.9855 33.4547 28.9702 31.5339 28.4308 30.0809 27.9275
threshold=113.99700000000001 0.82350000000000001 0.94950000000000012 -602.84272727272707 0.022611652222818728 -344.94999999999993 -349.49999999999994 0.10782625000000003 1.2500000000000002 0.062114197530864203 1.6376262626262628 99.049000000000021 -1.4056732916666663 0.012072483482316364 0.57002801120448188 -44.49285714285714 0.12353571428571429 0.11406250000000002 0.99850000000000005 0.0087020403409090921 0.013348181143281368 0.36920991931508823 16.527777777777782 0.19292803970223329 -337.00999999999993 0.0056490371780041392 0.24257134451309212 85234.93700000002 0.056759961518670167 21.027777777777782
decision_type=2 2 2 2 2 2 2 2 2 2 2 2 2 2 2 2 2 2 2 2 2 2 2 2 2 2 2 2 2 2
left_child=11 5 6 4 -4 9 10 -8 -7 -2 -3 -1 13 -13 -15 -14 17 -17 19 25 -21 22 23 -20 -23 26 -18 28 -25 -24
right_child=1 2 3 -5 -6 8 7 -9 -10 -11 -12 12 15 14 -16 16 18 -19 21 20 -22 24 29 27 -26 -27 -28 -29 -30 -31
leaf_value=0.00014504545646643158 0.060794156020343874 0.14169289216121481 0.035121606577310248 -0.00096938595491610205 -0.12419984300140291 -0.13162661539303774 -0.10550798041024499 0.064644969548380116 0.0061604635764137515 -0.030424300955662387 0.044653914902589152 0.055857024053315579 0.074232786231892889 -0.19855528645696696 -0.0087433291179788084 0.020486046395808172 -0.14779016001339759 0.12808054507020358 -0.14286276095486858 0.0098744553483848703 -0.12792956128345476 0.01600252697175962 0.082805915713595052 -0.19559629250918967 0.15731755580904722 0.093701515445495168 0.0089689727275344203 0.018823563062324078 0.020165592657114616 0.0023177342755898319
leaf_weight=31569.752411850262 28.767560791689903 33.200153045356274 21.204061071388423 17738.208331086993 37.424965274753049 38.134114624001086 15.957595603540538 17.973579924553633 15.931485916487871 199.29576483136043 65.935250870883465 19.854100465774536 76.448499482590705 22.626978822052479 16.431935466825962 751.53155367821455 16.879473778884858 38.364092168398201 35.000855090096593 33.484102541580796 70.566753208637238 37.088918212801218 57.678220951929688 14.828860498964788 30.552707847207785 26.709545240737498 53.523199714720249 77.288346194196492 11.451607888564466 170.66445462871343
leaf_count=89442 161 68 51 66341 229 344 78 33 108 749 111 27 128 130 34 2137 113 71 238 83 371 115 98 80 75 47 98 260 34 388
internal_value=-4.60428e-07 -0.00127431 -0.00077925 -0.00118553 -0.0665789 -0.0327363 0.0535577 -0.0153768 -0.091025 -0.0189181 0.077152 0.000699776 0.0119189 -0.0598745 -0.118702 0.0147347 0.0115441 0.0257118 -0.00605954 -0.0408066 -0.0835835 0.0100255 -0.00284364 -0.0448512 0.0798324 0.00502669 -0.028615 -0.0117284 -0.101579 0.0226486
internal_weight=51342.8 18212 17929.9 17796.8 58.629 282.129 133.067 33.9312 54.0656 228.063 99.1354 33130.7 1560.97 58.913 39.0589 1502.06 1425.61 789.896 635.717 201.163 104.051 434.554 366.912 138.57 67.6416 97.1122 70.4027 103.569 26.2805 228.343
internal_count=162242 68273 66911 66621 280 1362 290 111 452 910 179 93969 4527 191 164 4336 4208 2208 2000 712 454 1288 1098 612 190 258 211 374 114 486
is_linear=0
shrinkage=0.1


Tree=182
num_leaves=31
num_cat=0
split_feature=17 10 17 7 7 13 11 0 8 13 2 16 4 12 2 7 4 12 3 12 5 19 2 8 11 13 0 5 4 4
split_gain=4.34834 27.6774 22.2784 34.3817 49.0837 46.1181 34.3018 39.3436 43.6623 33.4228 48.8471 31.8719 30.5518 29.1292 28.9924 28.9425 28.862 28.5895 27.2297 68.9639 52.3623 44.936 41.4744 41.1628 29.497 75.0533 52.1589 52.4569 41.8629 37.0003
threshold=68.510869565217405 25438461564007.66 112.12540983606559 17374.040000000005 1504.6900000000003 0.042579853890044268 4.6152494468950977e-09 0.25962962962962971 15.999000000000001 0.026502608870158543 12.026315789473687 -0.020500000000000015 3.6680107526881724 0.42452275128998973 9.2426470588235308 11685.365000000003 1.2311253561253563 0.7201888795986624 7.5000000000000009 0.013375870613375043 4.4868421052631584 0.74150000000000016 8.4191788687912741 3.9985000000000004 0.001881013380939055 0.040838270792187846 0.066421568627450994 7.5166666666666675 2.8017857142857143 1.6026315789473686
decision_type=2 2 2 2 2 2 2 2 2 2 2 2 2 2 2 2 2 2 2 2 2 2 2 2 2 2 2 2 2 2
left_child=-1 2 3 4 5 9 -6 11 -9 10 14 15 13 -11 -2 -8 17 -5 19 20 -13 -21 23 -22 25 28 27 29 -20 -26
right_child=1 -3 -4 16 6 -7 7 8 -10 12 -12 18 -14 -15 -16 -17 -18 -19 24 21 22 -23 -24 -25 26 -27 -28 -29 -30 -31
leaf_value=-0.00029115739083092806 -0.046865688070308081 -0.092796146297928636 -0.0023530820273634711 -0.10775614439146425 -0.064659558668540146 -0.079439638165749671 -0.12553093789653857 0.022249387964570537 -0.095802215722511977 0.039031117677726261 0.027443579051627476 0.18274650595807637 -0.051496953302761411 0.15787861747754076 -0.19889862588204901 0.1056369103151539 -0.00204533384552334 0.13260991997661506 -0.11471721552259927 -0.10922459584507238 -0.17323236792484975 0.096887879999676949 0.075350134948261496 0.053815342198722617 0.14044602503751297 0.13379948783868531 0.053465434194307618 0.076313128809736008 0.056482754555656711 0.31036335842465612
leaf_weight=46688.181132964761 81.638539794832468 30.016766132321209 2683.9689647662453 44.971576547133736 34.854802869842388 74.915665489155799 17.867028489708904 337.39401804283261 34.537252761423588 83.997390264645219 109.15538613498211 30.903163500130177 26.370504982769489 27.33379620872438 14.820218712091444 7.7719526207074514 505.55732720484957 5.5601548850536338 33.552210201509297 45.250391801819205 16.08117221668363 13.804464131593702 75.833708118647337 15.860081598162649 27.109431969001889 41.691980584524572 125.33553422987461 49.18562029208988 24.870270641520619 24.304835729300976
leaf_count=146368 360 435 8921 485 434 525 142 549 95 231 195 89 69 50 73 22 1589 4 285 250 90 15 107 53 121 200 233 124 94 34
internal_value=-8.67794e-07 0.00291722 0.00353982 0.0117326 0.0202212 -0.00835301 0.0327191 0.0364029 0.0112872 0.00715895 -0.018375 0.053405 0.0452858 0.0682103 -0.0702245 -0.055457 -0.00924792 -0.081308 0.0587338 0.0294553 0.0679939 -0.0610444 0.0350899 -0.0604943 0.0764897 0.0313051 0.0965115 0.150142 -0.0418379 0.22077
internal_weight=51332.7 4644.51 4614.5 1930.53 1374.44 418.232 956.208 921.353 371.931 343.316 205.614 549.422 137.702 111.331 96.4588 25.639 556.089 50.5317 523.783 197.733 138.678 59.0549 107.775 31.9413 326.05 100.114 225.935 100.6 58.4225 51.4143
internal_count=162242 15874 15439 6518 4440 1503 2937 2503 644 978 628 1859 350 281 433 164 2078 489 1695 604 339 265 250 143 1091 579 512 279 379 155
is_linear=0
shrinkage=0.1


Tree=183
num_leaves=31
num_cat=0
split_feature=10 10 12 4 4 15 7 2 6 7 19 2 17 15 13 2 16 12 13 10 0 8 14 14 12 2 2 0 8 4
split_gain=4.4199 35.3542 42.3503 40.8466 60.2292 32.2033 36.5726 28.9752 28.4787 36.0177 34.2849 28.0775 36.5116 30.0274 30.304 27.4422 31.2488 39.2358 23.1365 50.4388 22.6556 22.8677 22.8848 22.4996 29.9668 21.3819 45.6194 43.2551 38.8965 51.8746
threshold=149117265.22455004 57754812.8464 0.49475678496276393 2.0563492063492066 2.4953222049689443 0.022598214285714287 2137.8750000000005 4.0142857142857151 23.000500000000002 552.10000000000014 0.95150000000000012 4.7445652173913055 0.42923898531375171 -0.0010666904761904761 0.024012012012012016 30.535714285714288 0.065500000000000017 0.00029163605212984819 0.00795231771327389 340688476.90450007 0.71563342318059309 2.1845000000000003 1208.6666666666667 -23.108823529411762 0.0014822443521866487 2.4045454545454548 3.0050000000000003 0.27241805813234393 4.2055000000000007 0.071796759941089847
decision_type=2 2 2 2 2 2 2 2 2 2 2 2 2 2 2 2 2 2 2 2 2 2 2 2 2 2 2 2 2 2
left_child=1 -1 3 7 5 -5 -7 23 9 -2 -11 -6 -13 14 -14 16 -15 -18 19 -10 25 -22 -23 -3 -25 28 27 -27 29 -20
right_child=8 2 -4 4 11 6 -8 -9 18 10 -12 12 13 15 -16 -17 17 -19 20 -21 21 22 -24 24 -26 26 -28 -29 -30 -31
leaf_value=0.00011933855611269591 -0.13680778453652268 0.15955901110122428 0.065078258333570546 0.11518061397648444 0.053524105179361216 0.12469708840580902 -0.098518683388709394 -0.14461315646139003 0.050575947070062313 -0.068994169573784528 0.011611524825010093 -0.17739521088374544 -0.093746786307708663 -0.0040472558648556043 0.031200979327214808 0.010968682354695286 0.0020014016001537027 -0.10520502768974545 0.27047100311950312 -0.1239907958628981 -0.096942515517631028 0.003780901425845821 -0.096245351703195939 0.017508643805825591 -0.11135127020026131 0.12985078510843676 0.012726406300621185 -0.032939177298426846 -0.039610461836577293 0.01392307190144247
leaf_weight=47746.470543789095 26.973263455554843 5.0945673063397399 52.902030727826059 48.440820027142763 38.084187043830752 11.735469095408918 19.598276501987129 44.40656279399991 28.596778842853382 78.639356384519488 160.39645868446678 17.514612445607781 23.499903835356236 71.47681094519794 111.55275955423713 66.771968841552734 43.961456004530191 152.77776102535427 8.3925105059752223 39.295879481709562 33.196645200252533 195.28464987128973 25.907119546085596 30.92840146436356 43.331018767785281 63.016947445459664 1790.7591199048329 22.027871191501617 198.39653358372743 129.48335902090184
leaf_count=143873 139 12 118 99 122 18 125 254 88 464 527 129 84 216 232 145 139 638 136 480 95 397 74 119 516 385 8060 57 3355 1146
internal_value=-3.19184e-06 -0.000226104 -0.0213157 -0.0275836 -0.0168826 0.0640809 -0.0149174 -0.0799313 0.00385973 -0.0272673 -0.0149066 -0.0291701 -0.0356296 -0.0303471 0.00945938 -0.0463954 -0.060676 -0.0812497 0.00712687 -0.0504623 0.00871209 -0.0195498 -0.00793469 -0.0437352 -0.0576822 0.0119622 0.0161249 0.0876858 -0.0112583 0.0295392
internal_weight=51328.9 48528.5 782.077 729.175 605.414 79.7746 31.3337 123.761 2800.37 266.009 239.036 525.639 487.555 470.041 135.053 334.988 268.216 196.739 2534.36 67.8927 2466.46 254.388 221.192 79.354 74.2594 2212.08 1875.8 85.0448 336.272 137.876
internal_count=162242 146839 2966 2848 1947 242 143 901 15403 1130 991 1705 1583 1454 316 1138 993 777 14273 568 13705 566 471 647 635 13139 8502 442 4637 1282
is_linear=0
shrinkage=0.1


Tree=184
num_leaves=31
num_cat=0
split_feature=18 2 14 17 17 4 12 17 0 1 9 9 0 14 3 12 15 5 15 17 18 6 2 12 5 14 18 10 13 8
split_gain=5.06786 18.3786 14.7987 26.753 18.5585 19.1302 7.2056 6.80018 5.47667 13.9345 11.8132 13.4107 8.81147 10.1697 11.9034 16.6552 12.2097 12.0733 12.9651 11.2905 10.4269 10.5319 18.4966 13.6527 7.62528 7.07449 6.43417 5.97804 59.1748 38.0846
threshold=11201.000000000002 11.261363636363638 1749.0466666666669 85.267857142857153 1.9307036247334757 5.552777777777778 0.00013640065210455485 9.0871212121212146 1.9444444444444446 0.72077922077922085 5.9985007496251876 1.0005005005005008 1.2870879120879124 242.19333333333336 3.5000000000000004 0.00037085182492505199 1.1555331818181822 22.937500000000004 -0.20927325123152707 3.6654761904761908 -1466.6599999999996 28.001000000000001 11.341666666666669 0.011688419260827093 23.966666666666672 0.33318840579710146 -1197.9099999999996 477652993.60750002 0.00795231771327389 0.83650000000000013
decision_type=2 2 2 2 2 2 2 2 2 2 2 2 2 2 2 2 2 2 2 2 2 2 2 2 2 2 2 2 2 2
left_child=2 -2 8 4 -4 7 -3 -6 12 -10 11 24 27 14 15 -14 20 25 -19 -20 -17 23 -23 -22 -11 -16 -21 -1 -29 -30
right_child=1 6 3 -5 5 -7 -8 -9 9 10 -12 -13 13 -15 17 16 -18 18 19 26 21 22 -24 -25 -26 -27 -28 28 29 -31
leaf_value=-0.00027044269679038691 -0.029399041794607235 0.014689329124228987 -0.15950090950667345 0.027327137251584355 0.033844805246816739 -0.11799779406528986 0.078124180933475104 -0.036710498815016333 0.052444181773408163 0.016270698316418437 0.027127023468086139 -0.10857644137400738 -0.095679716465232184 0.043231579143322263 0.010090004013847789 0.040039742039964001 0.033809631388794607 -0.067853947443062126 -0.032762367895047072 0.054951433252962104 0.054161198501180056 -0.14898352044274119 -0.016927118599126816 -0.046078264871517699 -0.059488032412460048 0.073235865182049151 0.0059859154117868317 -0.12066572142049825 -0.081309492061201707 0.0095475949475160946
leaf_weight=48298.288771176245 45.420732393860817 30.85185631364584 16.121615119278431 51.687095649540424 20.786253783851862 24.00299221649766 42.676224168390036 39.847008883953094 21.614493325352669 25.083789825439453 23.311072301119566 28.759881135076284 20.866627067327499 91.081690525636077 26.101502142846584 23.51948444545269 64.37092911452055 20.799935769289732 34.962387476116419 58.806616611778736 22.903790041804314 17.874110646545887 26.085847940295935 33.404699102044106 28.24737523496151 55.398393601179123 49.360717797651887 36.696296539856121 47.223792522680014 2001.2390018859005
leaf_count=147435 98 58 57 90 35 76 71 87 44 45 42 83 60 221 51 38 116 67 96 102 37 59 62 77 76 100 129 455 334 11941
internal_value=-3.96747e-06 0.0206132 -5.18577e-05 -0.0311624 -0.0611665 -0.0424357 0.0515074 -0.0125228 4.10333e-05 -0.0206979 -0.035697 -0.0535368 9.27562e-05 0.0127335 0.00662112 -0.0109158 -0.00151557 0.0215568 0.0059182 0.0166389 -0.019885 -0.0339413 -0.0706212 -0.00530531 -0.0238557 0.0530125 0.0326067 -4.41142e-05 0.0051983 0.00745304
internal_weight=51327.4 118.949 51208.4 152.445 100.758 84.6363 73.5281 60.6333 51056 127.017 105.402 82.091 50929 545.537 454.455 209.025 188.159 245.43 163.93 143.13 123.788 100.268 43.96 56.3085 53.3312 81.4999 108.167 50383.4 2085.16 2048.46
internal_count=162242 227 162015 345 255 198 129 122 161670 290 246 204 161380 1215 994 449 389 545 394 327 273 235 121 114 121 151 231 160165 12730 12275
is_linear=0
shrinkage=0.1


Tree=185
num_leaves=31
num_cat=0
split_feature=11 17 14 10 11 7 2 18 7 5 19 12 11 14 0 7 8 8 12 10 9 13 0 6 7 1 12 6 10 19
split_gain=4.40659 12.9007 17.8986 16.8861 16.5839 31.2406 23.1567 21.9775 27.2364 20.8194 17.5286 17.2113 18.0205 28.9721 23.8375 21.6204 17.8653 22.2566 31.8305 20.0628 16.7567 24.7362 15.9645 14.758 26.0113 24.3774 20.5484 25.1153 18.9935 19.8014
threshold=0.072387271436285164 2.2004464285714289 -23.108823529411762 448965.74430000008 0.090927377309922605 5529.2000000000016 14.775000000000002 -139.95999999999995 216.11000000000004 49.041666666666679 0.01559449404761905 0.048004488506905245 0.16819719485216403 0.24977272727272729 0.14371772805507746 1112.3450000000003 5.238500000000001 9.9810000000000016 0.27306325886880861 2765.5673500000007 3.2545022143890097 0.062589031339031362 0.37455035971223027 102.14850000000001 612.09000000000015 0.099295774647887344 0.10815066145833334 13.833500000000003 29622.528900000001 0.058577380952380957
decision_type=2 2 2 2 2 2 2 2 2 2 2 2 2 2 2 2 2 2 2 2 2 2 2 2 2 2 2 2 2 2
left_child=-1 23 -3 4 5 6 7 8 -4 11 -7 12 14 -14 -6 -16 19 -18 -19 -13 21 -10 -5 25 -25 26 -2 -28 -26 -30
right_child=1 2 3 22 9 10 -8 -9 20 -11 -12 16 13 -15 15 -17 17 18 -20 -21 -22 -23 -24 24 28 -27 27 -29 29 -31
leaf_value=-0.00021664142779630877 -0.00049658855679839381 -0.098148722221289064 0.067416008317158604 0.096349344129323611 0.10776932516092093 0.013446030682438784 0.045624995989923846 -0.11717452945605907 -0.0035338594321165187 -0.070817608847740438 -0.17084611247322659 -0.074915386468835304 0.050091201124925516 -0.10020231646950364 -0.059255513218770088 0.046128169209138745 -0.14731982453374123 -0.090823322359139771 0.082869514138869699 0.026676129231870446 0.040921661827585429 -0.13974374809383605 0.0003972078609154173 0.084566306583493983 0.033457332105528301 0.0081568290967487019 -0.0081428788777260855 -0.15201420846847807 -0.09940534081796365 0.024911555684491493
leaf_weight=48698.910500829865 57.094672158360481 21.115196041762829 27.599871337413788 30.391455308999866 44.040411371737719 6.6775957262143519 43.434573620557785 28.001445714384317 24.841852393001318 36.749035142362118 22.723805852234364 23.885380946099758 26.49789996445179 24.859296694397926 25.864362880587578 78.717264041304588 19.120362997055054 25.088583111763 18.207634396851063 104.42866261675954 15.667689645662902 28.77749328315258 40.377048462629318 66.839421130716801 113.33120363205671 1570.1649646647274 21.681224778294563 27.553698293864727 26.749573804438114 24.591274045407772
leaf_count=156251 120 70 48 56 53 120 68 105 64 96 121 82 79 87 64 128 84 101 30 220 30 119 81 97 249 3267 85 137 88 42
internal_value=-1.51077e-06 0.00398948 -0.00744579 -0.00469386 -0.00993458 -0.0338819 -0.0172692 -0.0391429 -0.0165909 0.00114244 -0.12899 0.0079108 0.0284081 -0.0226579 0.0460543 0.0200654 -0.0135805 -0.057462 -0.0177792 0.00776509 -0.0500543 -0.0766377 0.0416037 0.00828708 0.0319538 0.00501887 -0.0413192 -0.0886586 0.0105987 -0.0398599
internal_weight=51324 2625.07 717.067 695.952 625.183 197.724 168.323 124.888 96.8869 427.459 29.4014 390.71 199.979 51.3572 148.622 104.582 190.731 62.4166 43.2962 128.314 69.287 53.6193 70.7685 1908.01 231.511 1676.49 106.33 49.2349 164.672 51.3408
internal_count=162242 5991 1906 1836 1699 675 434 366 261 1024 241 928 411 166 245 192 517 215 131 302 213 183 137 4085 476 3609 342 222 379 130
is_linear=0
shrinkage=0.1


Tree=186
num_leaves=31
num_cat=0
split_feature=5 17 8 8 0 11 4 7 10 19 14 16 9 17 4 19 2 7 8 13 1 10 11 14 11 15 16 19 1 14
split_gain=4.34074 12.7185 9.20478 7.7194 6.70292 18.674 17.453 16.7462 15.8729 13.747 12.0574 11.1742 10.2513 14.4566 9.5852 9.57299 9.53525 9.07741 7.86769 6.37431 6.28192 6.25676 20.4077 36.3226 36.5994 26.1503 18.9804 25.8391 37.6646 18.3976
threshold=94.071428571428584 0.20521390374331552 0.99750000000000016 0.63050000000000017 0.71291208791208804 0.008809587014984523 8.9148550724637694 43647.840000000004 19890864.309500005 0.19922500000000001 0.24977272727272729 0.73950000000000016 1.2682313279676776 3.1282894736842111 7.4226190476190483 0.12493750000000002 10.35416666666667 67999.910000000018 5.9770000000000012 0.07854152897113903 0.090097402597402607 1608812.9229000004 0.024119015007078515 -1.9027427490542241 0.026486786087739442 -0.0010666904761904761 0.93750000000000011 0.0055568475452196396 0.065395580898075567 0.30013888888888901
decision_type=2 2 2 2 2 2 2 2 2 2 2 2 2 2 2 2 2 2 2 2 2 2 2 2 2 2 2 2 2 2
left_child=21 -2 3 -3 6 9 12 8 -8 10 20 -9 16 -14 -12 -13 -4 -18 -19 -11 -6 -1 -23 -24 29 -26 27 -27 -29 -25
right_child=1 2 4 -5 5 -7 7 11 -10 19 14 15 13 -15 -16 -17 17 18 -20 -21 -22 22 23 24 25 26 -28 28 -30 -31
leaf_value=0.00052180730589752812 0.090221901048881545 -0.00052539610954372199 0.10007330288360827 -0.076722497378786544 -0.023523348606924302 -0.083801159669700614 0.0040282256611084213 0.074581230468602655 -0.1399694404712816 0.062400264583141685 0.049533996037782982 -0.090047449706002827 0.05689884292792189 -0.044344698176364827 -0.039867650655191378 0.012440631566279108 0.059331414079791547 -0.041979879308177877 0.041778780350026676 0.0080173761563754799 -0.10527111159612249 -0.0013472276790154768 0.07935806131945751 -0.18654253413817543 -0.082040073744565997 0.059047064809376271 0.015320612993687036 -0.17112543993636167 -0.023576618458536411 -0.044034100860378067
leaf_weight=38668.985472610802 18.493614137172699 31.012648839503527 30.422186873853207 23.273046039044857 19.459163043648005 25.622310239821672 13.802083037793638 20.488843131810427 17.187769539654255 44.30650931596756 28.677472170442343 12.220509474631397 25.238821394741535 31.967101406306028 20.612277656793594 35.850374912843108 71.549678482115269 21.359271015971899 23.612414509057999 41.969018939882517 18.185066886246204 11695.423234497634 30.662717744708061 21.930893668904901 60.228679865598679 20.996689461171627 142.24323134869337 23.980575487017632 62.107947051525116 15.434494215995072
leaf_count=118076 21 64 31 60 44 71 28 34 89 93 69 140 34 92 63 96 89 56 80 94 58 41797 40 96 175 29 319 104 157 43
internal_value=-7.27486e-07 0.00863667 0.00592697 -0.0331922 0.0101528 -0.00412067 0.0194976 -0.0148319 -0.0758366 0.0076662 -0.0203989 0.012743 0.0362378 0.000323188 0.0121475 -0.0136137 0.0502195 0.0372033 0.00199766 0.0359455 -0.0630138 -9.86578e-05 -0.00208596 -0.0249678 -0.0341886 -0.022904 -0.00861889 -0.0404182 -0.0646774 -0.127677
internal_weight=51317.3 575.31 556.817 54.2857 502.531 198.832 303.699 99.5496 30.9899 173.21 86.934 68.5597 204.149 57.2059 49.2897 48.0709 146.944 116.521 44.9717 86.2755 37.6442 50742 12073 377.585 346.923 309.557 249.328 107.085 86.0885 37.3654
internal_count=162242 1406 1385 124 1261 492 769 387 117 421 234 270 382 126 132 236 256 225 136 187 102 160836 42760 963 923 784 609 290 261 139
is_linear=0
shrinkage=0.1


Tree=187
num_leaves=31
num_cat=0
split_feature=8 3 13 0 10 15 7 14 10 8 7 0 18 6 6 0 2 7 0 0 17 18 18 18 19 16 12 7 15 15
split_gain=4.36263 32.9009 32.4469 27.3885 27.4285 30.0353 31.5183 22.4928 16.3137 16.3009 25.1668 28.1847 24.3174 26.9707 45.5212 33.3545 28.0358 24.0428 16.6146 15.9123 12.6575 13.4047 30.1545 20.1389 24.7387 20.8325 16.2497 20.1283 26.5302 20.7776
threshold=49.00800000000001 50.500000000000007 0.032688643123007614 0.012220009955201594 63031.729950000008 0.025263397129186606 5817.7000000000007 1.0416025641025644 5029867473149.5752 44.007000000000012 4208.5000000000009 0.1082709215239336 2.0499999999999976 1269.0460000000003 1330.1590000000003 0.4836021505376345 13.267857142857144 3919.8300000000004 0.21089696071163827 0.32885724585436199 280.54591836734699 -132.94999999999996 -144.97499999999997 -147.97499999999997 0.010753267162944584 0.96850000000000003 0.16082378051483062 5529.2000000000016 -0.25173784126984122 9.9327272727272748e-06
decision_type=2 2 2 2 2 2 2 2 2 2 2 2 2 2 2 2 2 2 2 2 2 2 2 2 2 2 2 2 2 2
left_child=9 2 -2 7 5 -5 -7 8 -3 -1 11 17 13 15 -15 18 19 -11 -12 -16 21 22 23 26 -25 -26 -6 28 -28 -30
right_child=1 3 -4 4 20 6 -8 -9 -10 10 12 -13 -14 14 16 -17 -18 -19 -20 -21 -22 -23 -24 24 25 -27 27 -29 29 -31
leaf_value=-4.0402718892770231e-06 0.02570753991541393 -0.10323291369714008 0.18103218726672632 0.14258295988797762 0.0036912610061614242 0.11260824675009665 -0.12391589784715314 0.17112457318012519 0.096694420070639386 -0.11923091425568431 -0.096348271480479752 0.055750023798453278 0.071872538526590424 0.17640649137615083 -0.1395478992257437 -0.012491447982403902 0.078992450870505992 0.15429902482168198 -0.20321562253893341 0.012870994948541865 0.07920429916106439 0.036970304703355265 -0.082569677285034698 0.17025757581637435 0.088270933977480773 -0.079373911713783177 -0.16822029120829751 -0.082299941531141854 0.058463065593215173 -0.063608909316189885
leaf_weight=49966.281745267683 39.820926235523075 45.321990490308963 20.307775582652539 29.640833234414458 591.91160381399095 10.823138324543836 11.750690376386045 3.6752208822872481 4.4853176334872833 19.332972739357505 46.334634247701615 61.019837975502014 15.882267229259012 11.38498860131949 23.595314657082781 37.702445559203625 12.774920633994041 3.8540908414870492 21.206011936068535 9.6509999930858594 20.697299679741263 88.885699508711696 46.001836593728513 15.05504257744178 16.539707913063467 13.432172730565073 8.4567506620660406 53.621331157628447 44.387608217075467 20.329032488167286
leaf_count=153872 127 2420 62 122 2338 39 170 67 31 289 478 103 29 20 303 71 25 21 94 17 42 206 345 51 56 74 61 407 163 139
internal_value=8.52857e-07 0.00627406 0.0781666 0.00205674 0.00589202 0.0763953 -0.0105132 -0.0676126 -0.0852288 -0.000134673 -0.0249777 0.0200869 -0.0462331 -0.0577658 -0.00262951 -0.0878406 -0.0469204 -0.0737655 -0.129902 -0.0953026 0.00188763 0.000106852 -0.0039397 0.000796411 0.0656729 0.0131394 -0.0032681 -0.0357562 -0.00164908 0.0201174
internal_weight=51314.2 1085.14 60.1287 1025.02 971.533 52.2147 22.5738 53.4825 49.8073 50229 262.738 84.2069 178.532 162.649 57.4062 105.243 46.0212 23.1871 67.5406 33.2463 919.318 898.621 809.735 763.733 45.0269 29.9719 718.706 126.795 73.1734 64.7166
internal_count=162242 6920 189 6731 4213 331 209 2518 2451 155322 1450 413 1037 1008 365 643 345 310 572 320 3882 3840 3634 3289 181 130 3108 770 363 302
is_linear=0
shrinkage=0.1


Tree=188
num_leaves=31
num_cat=0
split_feature=15 13 9 13 14 13 14 15 5 19 15 16 19 16 12 3 13 0 17 13 7 11 11 12 10 12 0 11 12 6
split_gain=4.37842 22.4008 54.3406 38.8534 36.8503 40.3882 37.3638 30.2658 30.0201 28.2758 29.2983 46.9272 36.4544 36.5073 27.6307 26.6158 25.3489 40.9414 23.4684 23.1863 22.3377 21.0999 20.5694 20.558 42.0082 50.013 23.5843 22.6941 20.4755 19.5841
threshold=-0.12381846666666665 0.082686716791979961 3.6418819742868771 0.093178294573643419 0.15009433962264154 0.11048941198566355 0.44454365079365082 -1.050786081785714 14.775000000000002 0.12507142857142858 -0.46910799999999991 0.97250000000000003 0.26458333333333339 0.83750000000000002 8.883331250000003 6.5000000000000009 0.089933595275843867 0.13900966183574884 2.0023148148148153 0.18005376344086024 377.04000000000008 1.3721006859807744e-06 0.00364617554184227 0.042854628833296278 440.20670000000007 2.4683468458653866 0.093933823529411778 0.029456866837858729 0.019115362820897732 1.0000000180025095e-35
decision_type=2 2 2 2 2 2 2 2 2 2 2 2 2 2 2 2 2 2 2 2 2 2 2 2 2 2 2 2 2 2
left_child=1 14 4 -4 5 7 15 -3 28 16 11 18 -12 -14 29 -6 -8 -18 -11 -19 -15 -13 -20 26 -25 27 -7 -26 -9 -1
right_child=-2 2 3 -5 6 23 9 8 -10 10 12 21 13 20 -16 -17 17 19 22 -21 -22 -23 -24 24 25 -27 -28 -29 -30 -31
leaf_value=-0.0047523766135309292 -0.00042649694598904231 -0.15772354085592483 -0.091031603846266185 0.041684214427326061 -0.021194982548250488 0.11570449489082971 0.10137935517724324 0.014903513871967531 0.052736385378936657 -0.22958878524305579 -0.18782798479395124 -0.093940822161889703 0.054440061624293302 -0.17529663646775678 -0.028914840705366502 -0.17520938920317075 -0.10725768501994087 -0.037590196402706659 -0.17779012099726954 0.072887716486486398 -0.02805105667222213 0.027391392470602034 0.021603395772637753 0.091866765684099572 -0.15389916224458478 0.095986169631084264 0.010903121025955009 -0.030412073148932506 -0.15617301356291183 0.0074107684778531155
leaf_weight=1691.4516887348145 42330.740199642605 22.24705046787858 24.551913717761636 217.24022252159193 16.560895032715052 42.158506134292111 21.619570948183537 11.302488200366499 28.489581242203712 13.567972052842377 30.859732078388333 17.17674489878118 20.482596690766513 22.766591768711805 251.42957466375083 34.796562362462282 34.609381420537829 34.236683093011379 8.8568017603829521 42.676603212952614 18.819173399358988 86.563236784189939 12.441084027290342 33.21828131377697 27.690849179401994 19.748823350295424 43.762871406972408 32.173923753201962 18.361515543423593 6089.7604122366756
leaf_count=4712 137910 118 110 682 61 199 44 33 55 72 181 136 56 112 749 256 334 78 97 55 54 209 22 57 213 53 96 86 140 15262
internal_value=-1.23381e-06 0.00200573 -0.0126264 0.0282081 -0.026829 0.0012778 -0.0456884 -0.0585266 -0.0205781 -0.0344421 -0.0555577 -0.0264307 -0.0990018 -0.0548384 0.00371252 -0.125545 0.00227796 -0.0169336 -0.126798 0.0237103 -0.108662 0.00730181 -0.0613151 0.0254702 -0.00259505 -0.0420087 0.0623254 -0.0875318 -0.09099 0.00476679
internal_weight=51300.4 8969.62 936.98 241.792 695.188 279.154 416.034 80.4006 58.1536 364.676 231.534 138.606 92.9281 62.0684 8032.64 51.3575 133.142 111.523 34.8659 76.9133 41.5858 103.74 21.2979 198.753 112.832 79.6136 85.9214 59.8648 29.664 7781.21
internal_count=162242 24332 3609 792 2817 1050 1767 346 228 1450 939 536 403 222 20723 317 511 467 191 133 166 345 119 704 409 352 295 299 173 19974
is_linear=0
shrinkage=0.1


Tree=189
num_leaves=31
num_cat=0
split_feature=14 0 0 11 7 6 11 7 10 12 13 17 12 2 13 11 0 8 5 13 13 5 17 15 7 12 12 13 13 10
split_gain=4.30157 23.5951 38.7945 62.4953 17.7032 23.8305 30.6092 23.5362 24.3125 21.2001 41.3378 24.0913 19.4479 36.9117 29.4295 26.2369 17.5793 17.2813 16.0954 15.8338 30.0598 30.2895 50.1369 18.2466 15.812 14.9888 17.9856 17.6682 29.9687 20.5118
threshold=-96.876249999999985 0.50274725274725285 0.68496240601503777 0.00041717009107194541 290.05000000000007 19.861500000000003 0.090927377309922605 102.04000000000001 2357060.1963000004 0.0011308710040564649 0.081752437749558732 0.64739304812834242 0.071780227476993599 18.902777777777782 0.032688643123007614 0.0027088322946076356 1.0104166666666667 4.9990000000000006 70.071428571428584 0.1601526717557252 0.029651610067040337 39.041666666666679 1.4291294642857146 -0.11617662337662336 54.020000000000003 0.0033203794575323042 0.0011308710040564649 0.028600642711072162 0.01912351811781916 1467712.1322000001
decision_type=2 2 2 2 2 2 2 2 2 2 2 2 2 2 2 2 2 2 2 2 2 2 2 2 2 2 2 2 2 2
left_child=1 4 3 -3 5 6 -1 24 -9 10 11 -6 19 14 -14 -16 18 -18 25 20 -11 22 -22 -24 -7 26 -4 28 -27 -29
right_child=-2 2 16 -5 9 7 -8 8 -10 12 -12 -13 13 -15 15 -17 17 -19 -20 -21 21 -23 23 -25 -26 27 -28 29 -30 -31
leaf_value=-0.15021199787862638 0.00011589788677183868 0.0038674873991918126 -0.033064363898801082 -0.20518928268725911 0.01586005809016788 -0.0093785121856128605 0.03071607931790047 -0.14444648207151575 0.015573579683120502 0.065556902282128807 0.059586393378137786 -0.15487507690782432 -0.1729765290330281 0.093834838051589764 -0.11251060607145508 0.057609900250076007 0.0057197069863261507 -0.1155202996404105 0.066251225692000093 0.11215329383039532 0.063858728621460123 0.061793933802452572 -0.0011215279423839241 -0.15998735704780537 0.093138093410493838 -0.08120446511036189 0.075303155608146516 -0.027171143574367281 0.054456760560382705 -0.162530509902999
leaf_weight=27.297129141166806 50437.496779213165 27.911356084048748 27.095390468835831 29.321076780557632 12.008674889802931 30.582980876788497 14.222520366311072 17.855475056916475 20.277004331350327 120.35609409725294 27.086753320647404 26.506115681957453 16.431317109614611 21.400017123669386 15.41095450054854 22.017844833433628 19.796067252755165 28.949572682380676 31.524331361055374 27.608854720368981 23.558804042637348 38.0952393040061 9.5875997245311719 29.397286493331194 29.613354347646236 27.20867694914341 35.226992897689342 28.826413556933403 40.555499017238617 18.30338104441762
leaf_count=123 159886 73 74 123 31 98 24 80 55 219 114 162 85 27 92 49 37 86 47 93 49 62 27 181 56 70 41 58 52 68
internal_value=-2.57962e-06 -0.00708253 -0.0287659 -0.103236 0.00580995 -0.0247093 -0.0882352 0.00211468 -0.0593556 0.0167687 -0.0350705 -0.101641 0.0272692 -0.0172683 -0.0614125 -0.0124356 -0.0122133 -0.0662836 0.000413374 0.0407521 0.031832 -0.00850026 -0.0513163 -0.120917 0.0410541 -0.0112983 0.0281891 -0.0327176 -1.39448e-05 -0.0797395
internal_weight=51281.5 844.033 314.719 57.2324 529.314 139.848 41.5196 98.3288 38.1325 389.466 65.6015 38.5148 323.864 75.2601 53.8601 37.4288 257.486 48.7456 208.741 248.604 220.995 100.639 62.5437 38.9849 60.1963 177.216 62.3224 114.894 67.7642 47.1298
internal_count=162242 2356 729 196 1627 436 147 289 135 1191 307 193 884 253 226 141 533 123 410 631 538 319 257 208 154 363 115 248 122 126
is_linear=0
shrinkage=0.1


Tree=190
num_leaves=31
num_cat=0
split_feature=14 10 15 10 0 10 10 0 12 7 13 18 13 12 15 13 15 12 12 14 17 13 11 17 10 1 14 13 10 17
split_gain=4.32292 17.988 16.6156 45.5149 29.3444 28.4628 31.6237 36.3474 23.5121 22.2015 38.0271 21.2448 18.9437 39.9445 30.2734 43.3016 34.233 19.6406 19.248 18.7982 17.7855 16.8244 27.7478 39.145 23.5116 17.5789 17.0001 32.0139 28.3127 34.029
threshold=-1.0000000180025095e-35 201.90905000000001 0.20576623376623379 5375048.4282000018 0.10557275541795667 1822.4801500000001 365042.28420000005 0.90121951219512209 0.13346688859984429 73287.400000000009 0.043537495557398422 -2299.8499999999995 0.1601526717557252 0.004826576163134407 0.10907831168831171 0.19603921568627455 0.020001428571428576 0.033129664446036426 2.6384722720478329 -159.8133333333333 6.3922466422466435 0.10408333333333335 0.090927377309922605 6.7517123287671241 96580.925200000012 0.10471491228070177 -6.2985153764581119 0.096416121338144464 1467712.1322000001 3.7530487804878052
decision_type=2 2 2 2 2 2 2 2 2 2 2 2 2 2 2 2 2 2 2 2 2 2 2 2 2 2 2 2 2 2
left_child=1 -1 9 4 -4 -6 7 8 -7 12 -11 -8 21 -14 15 17 -17 -15 -19 20 -12 26 23 25 -25 -23 -3 28 29 -28
right_child=-2 2 3 -5 5 6 11 -9 -10 10 19 -13 13 14 -16 16 -18 18 -20 -21 -22 22 -24 24 -26 -27 27 -29 -30 -31
leaf_value=-0.084347559545014716 -0.00023545797622017526 0.0012073264262210646 -0.14136597771941961 0.038262613439863154 0.026208918396026144 -0.077471147680739844 -0.073823816784246321 -0.0074179282021196793 -0.2000508444561335 -0.12796109801713601 -0.12264719395178399 0.029869822808160723 -0.11913541491067658 0.17752707238059742 0.14620791855723328 0.018412755118086998 -0.14879923713895385 -0.0081098674612655255 0.13720955826161885 0.12116802136827159 0.039678571210079977 -0.022223200284550437 0.083048752199751663 0.11596534763775024 -0.074357485805731371 -0.15039371374805965 0.017656920281208351 0.16782885067243869 0.081388595711374773 -0.059684489440924693
leaf_weight=23.075506597757339 48171.474942005851 1456.7943194995169 24.101059681270272 116.56019567814656 74.746430605649948 35.801902510225773 29.146206878125668 37.9848248437047 27.79690495878458 32.421563169453293 11.53651258070022 61.341962441802025 15.588559351861475 22.563868429511786 26.760712016373873 122.12591187004 13.607890664599834 19.750290456227958 16.925678214989603 12.212300367653368 16.267803540918976 15.297347436659036 16.317707493901253 15.736836062744262 11.047518844716249 35.612147622741759 674.76221703225747 14.248733124695717 62.209940264001489 62.126292876433581
leaf_count=75 152352 4064 195 307 133 97 76 71 116 186 70 96 83 31 50 441 101 77 32 20 93 92 23 39 94 200 2397 31 165 435
internal_value=-2.36418e-06 0.00361451 0.00427323 -0.0145375 -0.0356925 -0.0261473 -0.0465221 -0.0848186 -0.131047 0.00713981 -0.0474666 -0.00352986 0.00866033 0.0355937 0.0464716 0.0327825 0.00164904 0.104117 0.0589539 0.0177502 -0.0276733 0.00595665 -0.0354975 -0.0603952 0.0374645 -0.111881 0.00767335 0.0192547 0.0166055 0.0111363
internal_weight=51275.9 3104.47 3081.39 407.479 290.919 266.818 192.072 101.584 63.5988 2673.91 72.4382 90.4882 2601.48 237.323 221.734 194.974 135.734 59.2398 36.676 40.0166 27.8043 2364.15 94.0116 77.6938 26.7844 50.9095 2270.14 813.347 799.098 736.889
internal_count=162242 9890 9815 1091 784 589 456 284 213 8724 369 172 8355 815 732 682 542 140 109 183 163 7540 448 425 133 292 7092 3028 2997 2832
is_linear=0
shrinkage=0.1


Tree=191
num_leaves=31
num_cat=0
split_feature=15 15 19 9 16 8 7 17 7 5 4 9 0 12 12 14 11 14 2 19 6 4 11 13 10 13 13 15 15 1
split_gain=4.43734 23.2696 44.4662 36.8559 38.5024 34.3594 41.1674 39.0546 34.7328 46.0002 35.4761 33.1046 29.8717 28.7417 26.9739 24.5266 39.2737 24.496 21.5214 19.4263 37.6788 34.2523 37.5564 22.0784 24.47 31.3485 26.0926 19.9648 24.7184 27.9829
threshold=0.038002916666666671 0.028944175824175827 0.99950000000000017 7.0005834305717629 0.14550000000000002 2.8335000000000004 1470.1750000000004 0.12678571428571431 4208.5000000000009 27.775000000000002 4.2506410256410261 1.4134282677662442 0.13069358178053833 0.014839599423843037 0.0052200688981857207 0.12480769230769233 0.0028740005598944041 17.785250000000001 0.9472222222222223 0.83950000000000002 27.132500000000004 16.184905862216521 0.012456258460426058 0.015768752590136763 9947.7541000000019 0.03001501501501502 0.03984505924205451 0.04668166666666667 0.12725875 1.4500000000000002
decision_type=2 2 2 2 2 2 2 2 2 2 2 2 2 2 2 2 2 2 2 2 2 2 2 2 2 2 2 2 2 2
left_child=1 -1 3 5 -5 -3 7 12 15 10 11 14 13 -7 -10 -8 -17 -4 -16 -2 27 22 23 -22 -25 -26 -27 -21 -29 -30
right_child=19 2 17 4 -6 6 8 -9 9 -11 -12 -13 -14 -15 18 16 -18 -19 -20 20 21 -23 -24 24 25 26 -28 28 29 -31
leaf_value=-0.00028343230129023253 0.0019265300267543282 0.024814255286002066 -0.21316187227959579 -0.032771916272938233 -0.16001339645592508 0.10120693305943274 0.12893841742257189 -0.12227814347474225 0.065073649347378956 0.034820775160441929 -0.1786616851743616 -0.12288476765448848 0.032768532289956694 -0.11304881957866626 -0.18543920860185584 -0.098741315507273039 0.060329851400273929 -0.032084003770676543 -0.018062385445775604 0.052223037521664899 0.012235010191270207 0.033757985885691087 -0.21280273937964758 0.037525353958687252 -0.24175267025890684 0.028467858466442283 -0.14438557832193033 -0.029507961649155867 -0.010727534708631199 0.025104227059762937
leaf_weight=28749.236394485866 20004.292735952622 279.88009856175631 17.308886259794239 130.70770424464718 29.070004238281399 7.45875409990549 27.466939067235216 62.778423192212358 34.139614838873968 87.643214485608041 20.693824765272439 31.972382008098066 49.936579942703247 38.99120235349983 9.549197359941898 20.847022078931332 60.751281162723899 13.143817231059073 39.289406661875546 59.003788681700826 30.03717590123415 31.391329187899828 18.937750890851021 11.840385943651198 15.311224788427351 15.219050496816633 20.491026881150901 363.39806374907494 666.85534094832838 323.76774041354656
leaf_count=91907 63055 614 94 463 140 16 85 413 99 167 112 239 94 261 134 175 142 36 163 117 58 57 76 36 74 28 136 988 1591 672
internal_value=-2.76985e-06 -0.000795264 -0.0160972 -0.0122084 -0.0559223 -0.00315411 -0.0190799 -0.0608998 0.000947856 -0.0216455 -0.0581298 -0.0364312 -0.0209229 -0.0786445 -0.00311969 0.0472029 0.0196898 -0.135006 -0.0507888 0.0010893 -0.00967254 -0.0585456 -0.0844542 -0.0582899 -0.0919888 -0.122045 -0.0707183 -0.00471864 -0.00719997 0.000983447
internal_weight=51271.4 29710.9 961.628 931.176 159.778 771.398 491.518 159.165 332.353 223.288 135.644 114.951 96.3865 46.45 82.9782 109.065 81.5983 30.4527 48.8386 21560.5 1556.25 143.228 111.837 92.8989 62.8617 51.0213 35.7101 1413.02 1354.02 990.623
internal_count=162242 95354 3447 3317 603 2714 2100 784 1316 914 747 635 371 277 396 402 317 130 297 66888 3833 465 408 332 274 238 164 3368 3251 2263
is_linear=0
shrinkage=0.1


Tree=192
num_leaves=31
num_cat=0
split_feature=16 8 5 4 4 9 14 14 19 17 17 3 0 14 14 16 19 0 17 15 12 15 9 9 3 10 12 15 4 0
split_gain=4.28771 17.6876 21.1709 25.3053 33.6406 18.3325 23.2623 42.8786 17.9957 18.8585 32.0055 28.1132 20.1711 20.1642 17.504 25.3672 17.0679 31.2549 39.4057 42.3312 34.7334 47.994 35.166 50.4391 34.8888 51.3319 47.0227 38.1622 40.1838 33.6146
threshold=0.11950000000000001 0.22550000000000003 45.100000000000009 0.85960591133004927 0.74937810945273642 25.05230125523013 1.3337254901960784 0.49968750000000006 0.0055568475452196396 2.4782812500000007 3.2529069767441867 91.500000000000014 0.066915422885572159 0.15009433962264154 1.9986734693877553 0.75650000000000006 0.016306020066889634 0.30825791855203627 83.02500000000002 -1.5910532142857139 0.0050253502428821723 -0.61749700956937781 2.0171462517496179 1.9986684420772305 18.500000000000004 27199.979000000003 0.006640062825106925 0.3727795454545455 3.1465040650406508 0.028915830546265332
decision_type=2 2 2 2 2 2 2 2 2 2 2 2 2 2 2 2 2 2 2 2 2 2 2 2 2 2 2 2 2 2
left_child=-1 2 3 4 14 8 7 -7 9 11 -11 12 -3 -14 15 -2 17 18 19 -10 22 -22 23 -21 27 26 -26 28 -23 -28
right_child=1 5 -4 -5 -6 6 -8 -9 16 10 -12 -13 13 -15 -16 -17 -18 -19 -20 20 21 24 -24 -25 25 -27 29 -29 -30 -31
leaf_value=0.0017678550385650034 0.096401175598975097 -0.06901300403547074 0.038282465637381982 -0.10842294127194414 0.21511703364566992 -0.12667165261192428 -0.13689862521917706 0.076195164358279624 0.066534030057775945 0.25574628902059271 0.044400146477830853 -0.10389531617512167 0.0014087678872657925 0.10935663316037281 -0.14781076722091879 -0.10810873626793292 -2.8343096056276292e-05 0.0083991596964152638 0.045481458102349819 -0.075758428997217561 -0.17144805800035035 -0.16882656756517678 -0.1465058738887641 0.18130860686282554 0.2248770501779975 -0.027730274315862419 -0.11032140782627334 0.063251378781416817 0.038315046054954033 0.047506281148291481
leaf_weight=10795.183520015737 13.682743350043893 17.982713157311082 27.492091838270426 51.446558482013643 6.0229083970189086 18.176948899403214 22.066236801445484 24.410781614482403 44.329827876761556 7.7971814544871441 88.421655114507303 20.770344809978269 38.659852303564548 31.325775071978569 10.635530006140469 10.894350843504071 38633.999190156697 522.9661789573729 78.589098950265907 42.877791703911498 21.901905752252787 43.901533290743828 51.468440625874791 9.2855532784014922 13.04903948958963 482.2236262956867 15.904291085898874 13.407039784826337 11.904741022735832 89.067473776638508
leaf_count=34311 54 179 58 395 16 106 95 57 157 12 479 356 90 42 63 239 117856 927 568 628 153 297 328 25 14 4158 229 35 30 285
internal_value=-2.85251e-06 -0.000475243 -0.0387827 -0.0616424 -0.0032777 -0.000361136 -0.0535676 -0.0103908 -0.000275734 0.0292802 0.0615268 0.00074639 0.0254535 0.0497266 -0.0406328 0.00574755 -0.000426893 -0.0111132 -0.02223 -0.0285701 -0.0338733 -0.0257807 -0.0878614 -0.0299981 -0.021015 -0.0132631 0.0458488 -0.0882431 -0.124639 0.0235938
internal_weight=51259.8 40464.7 120.174 92.6821 41.2355 40344.5 64.654 42.5877 40279.8 204.958 96.2188 108.739 87.9683 69.9856 35.2126 24.5771 40074.9 1440.88 917.91 839.321 794.991 691.36 103.632 52.1633 669.458 600.244 118.021 69.2133 55.8063 104.972
internal_count=162242 127931 825 767 372 127106 258 163 126848 1158 491 667 311 132 356 293 125690 7834 6907 6339 6182 5201 981 653 5048 4686 528 362 327 514
is_linear=0
shrinkage=0.1


Tree=193
num_leaves=31
num_cat=0
split_feature=1 7 2 15 13 2 11 4 5 9 15 16 6 16 4 14 12 6 17 15 7 10 20 12 0 8 15 14 15 7
split_gain=4.2683 14.3207 19.1913 26.7963 18.2844 15.6064 13.8261 13.2904 27.4698 15.0138 11.6669 14.8607 10.9343 10.8912 12.0091 25.5215 11.5845 8.40309 6.75737 6.48541 6.34864 17.84 26.2599 21.5465 36.7383 44.252 33.8824 32.6588 34.4877 43.5848
threshold=4.5000000000000009 192.04000000000005 2.8188775510204089 0.0038127500000000006 0.066555924695459595 3.4895833333333335 0.017954663171272558 3.6626016260162606 2.9500000000000006 8.9335594573024757 0.14544155844155846 0.7835000000000002 12.003000000000002 0.66850000000000021 5.0930735930735933 2.9620192307692315 0.0038266493154480072 9.6730000000000018 39.019230769230781 0.12725875 80.00500000000001 770.46420000000012 0.87500000000000011 2.6384722720478329 0.1988372093023256 2.1235000000000004 -0.15544012987012984 -0.99490940465918876 0.054547012987012998 168.05000000000004
decision_type=2 2 2 2 2 2 2 2 2 2 2 2 2 2 2 2 2 2 2 2 2 2 2 2 2 2 2 2 2 2
left_child=20 4 3 -3 7 -6 13 8 9 10 11 -2 -5 -4 15 -15 17 -17 -16 -18 -1 22 -22 24 25 26 -24 -25 -29 -30
right_child=1 2 6 12 5 -7 -8 -9 -10 -11 -12 -13 -14 14 18 16 19 -19 -20 -21 21 -23 23 27 -26 -27 -28 28 29 -31
leaf_value=0.0027190219241369365 0.062114933193133541 0.10688964399289912 0.038811723462344197 0.048565949954509913 -0.1547157432058841 0.0025118053086995787 -0.054773248955465953 0.046477995739764494 -0.092805780227805779 -0.028155698811546503 0.068592031914025742 -0.0057285524340790379 -0.059754811730055139 -0.094093270227319628 0.012634767661473005 0.014034688590061146 0.0017287199394208795 -0.06539467847812902 0.067993895546791347 0.061682376270525058 0.1108213900923216 -0.00014140260582010553 0.043829695376177973 0.14795409542993176 -0.0034842324394148867 -0.076116803281643566 -0.032367201159792434 -0.021414110766831203 0.03762204377625615 -0.10650301055887604
leaf_weight=6752.0974086977076 39.006933189928532 51.833477191627026 124.49008769541979 19.109121531248093 14.789030585438015 11.015363804996012 31.188950434327126 52.112503185868263 34.310533791780472 123.3780324831605 34.238696463406086 187.40606367588043 18.189360674470663 32.123939588665962 74.69980825856328 24.365069255232811 35.808634929358959 29.379392847418785 31.283670961856842 36.367287874221802 17.822102263569832 41561.83021819446 72.83384420722723 15.365417599678038 707.77161477133632 195.72502792999148 293.61807804182172 333.92099597305059 260.58535826206207 22.819907449185848
leaf_count=19205 50 62 188 37 92 20 72 69 96 306 53 366 74 87 130 42 61 69 39 44 59 135209 159 21 1395 943 1123 1239 810 122
internal_value=-4.7116e-06 0.0064477 0.0182358 0.060378 -0.00563922 -0.0875985 0.00928611 -0.00114374 -0.00707597 0.00058343 0.0141869 0.00595967 -0.00425886 0.0144286 0.00293185 -0.0145328 0.00576415 -0.0293853 0.0289754 0.0319376 -0.000133812 -0.000576811 -0.00999974 -0.0111315 -0.0186427 -0.037727 -0.0172228 0.00394524 0.00036082 0.026017
internal_weight=51239.5 1005.1 508.839 89.132 496.257 25.8044 419.707 470.453 418.34 384.03 260.652 226.413 37.2985 388.518 264.028 158.044 125.92 53.7445 105.983 72.1759 50234.4 43482.3 1920.46 1902.64 1269.95 562.177 366.452 632.692 617.326 283.405
internal_count=162242 1957 905 173 1052 112 732 940 871 775 469 416 111 660 472 303 216 111 169 105 160285 141080 5871 5812 3620 2225 1282 2192 2171 932
is_linear=0
shrinkage=0.1


Tree=194
num_leaves=31
num_cat=0
split_feature=18 18 4 17 0 7 11 7 6 10 12 0 3 8 4 16 13 7 17 11 13 13 9 13 9 12 13 18 1 17
split_gain=4.2667 21.4194 27.3844 26.2793 28.787 21.3093 25.0086 42.2641 25.7441 36.2278 34.6517 43.3054 26.9465 25.6864 41.9313 27.8986 25.2034 26.1986 23.5353 21.111 25.3526 34.5434 30.5397 22.4222 49.9633 42.5172 50.0888 62.5782 55.0208 55.8949
threshold=-695.95499999999981 -689.88999999999987 8.75474683544304 0.49728260869565222 0.42776886035313005 51.030000000000008 0.015531765795673143 5817.7000000000007 73.39200000000001 240348.50545000003 0.15619955499937824 0.13069358178053833 2.5000000000000004 6.6815000000000007 1.7475490196078434 0.49550000000000005 0.01251959247648903 33655.545000000006 11.002688172043014 0.00047195439270011804 0.21338499883168474 0.18988732127639432 2.5920172854900785 0.042579853890044268 5.053058389762132 0.0061390108089500869 0.066555924695459595 -1199.5899999999999 0.036900871459694999 13.758333333333335
decision_type=2 2 2 2 2 2 2 2 2 2 2 2 2 2 2 2 2 2 2 2 2 2 2 2 2 2 2 2 2 2
left_child=19 2 3 4 -2 -5 8 -8 9 12 13 -12 -7 15 -15 -10 -16 18 -18 -1 21 23 -22 -21 25 -25 27 -27 -29 -30
right_child=1 -3 -4 5 -6 6 7 -9 10 -11 11 -13 -14 14 16 -17 17 -19 -20 20 22 -23 -24 24 -26 26 -28 28 29 -31
leaf_value=0.0042397894279801477 -0.12836507569598249 0.00029424927854683307 0.060397126807552409 0.1188486850208435 0.0081165120420242948 -0.026767197029077251 0.0092154426943956546 -0.14753135193294248 0.004137232620625369 -0.12583145857753072 0.04726829031471521 -0.19281940200514988 0.093712020656785078 -0.10244976572910092 0.11492728254567573 0.1306780751166258 0.032956147652865621 0.096210135783759296 -0.11815807548642346 -0.0010236497856325937 0.056332870720695351 -0.10412275642478189 -0.044857900621110981 -0.00052144854444822087 0.015412424347791271 -0.059037460908658315 -0.0045902007957160113 -0.1850224765900414 0.012485077440022687 -0.087154864975980198
leaf_weight=4916.7602530399745 27.696017167530954 33460.837861159351 126.55576139315963 19.605316828936338 34.964128952473402 54.807114968076348 57.909194886684418 24.470800433307886 23.777013525366783 23.844483233988285 17.097792625194419 13.401407450437544 28.073335338383913 20.957984403474256 40.072748653590679 65.196455807425082 23.362639307975769 24.688091473653913 18.442263593897223 8521.6948676588945 136.80809628590941 34.408926266245544 38.139913585036993 1087.2491804026067 610.65070821344852 640.53424794180319 691.04185232939199 17.298493608366698 359.96408599521965 66.737601590808481
leaf_count=24301 126 105122 178 25 59 140 124 95 78 91 118 59 43 197 41 92 47 28 65 20300 254 318 122 2792 1289 2235 2503 189 897 314
internal_value=-4.45625e-06 0.000642166 0.0186933 0.00851161 -0.0522089 0.0168607 0.0122758 -0.0373459 0.0238324 -0.0172088 0.041566 -0.0582267 0.0140416 0.0556243 0.026853 0.0968617 0.0522826 0.0145291 -0.033708 -0.00129253 -0.00352131 -0.00407095 0.0342726 -0.00378394 -0.0105559 -0.0160951 -0.0256314 -0.0390384 -0.0101868 -0.00309895
internal_weight=51227 34105.8 644.923 518.367 62.6601 455.707 436.101 82.38 353.721 106.725 246.996 30.4992 82.8805 216.497 127.524 88.9735 106.566 66.493 41.8049 17121.3 12204.5 12029.6 174.948 11995.2 3473.48 2862.83 1775.58 1084.53 444 426.702
internal_count=162242 106728 1606 1428 185 1243 1218 219 999 274 725 177 183 548 378 170 181 140 112 55514 31213 30837 376 30519 10219 8930 6138 3635 1400 1211
is_linear=0
shrinkage=0.1


Tree=195
num_leaves=31
num_cat=0
split_feature=7 7 6 2 11 0 18 10 8 16 9 13 5 16 14 15 0 14 0 16 15 6 11 11 9 5 0 17 3 19
split_gain=4.31531 16.8534 19.9759 26.7523 20.0343 28.6074 22.3725 16.4331 16.2695 18.5374 30.1511 20.6676 23.5428 20.1881 28.8256 26.1509 27.1345 19.4877 17.7114 19.3765 31.74 27.8707 38.7441 28.3739 40.0447 20.6326 29.1314 19.2237 19.0078 18.6985
threshold=33655.545000000006 32087.580000000002 20.349000000000004 1.5813862928348912 0.0040660074513782802 0.30079365079365084 -347.94999999999993 27199.979000000003 0.29750000000000004 0.50050000000000006 0.54674701964582517 0.21338499883168474 139.17894736842109 0.59850000000000014 1.3750862068965521 -0.10127312499999998 0.1988372093023256 4.998333333333334 0.86817279046673301 0.42150000000000004 -0.61749700956937781 1330.1590000000003 0.00091917268078016662 0.0013084099467484233 2.7487638873777489 11.380952380952383 0.10557275541795667 31.179292929292931 36.500000000000007 0.0416396103896104
decision_type=2 2 2 2 2 2 2 2 2 2 2 2 2 2 2 2 2 2 2 2 2 2 2 2 2 2 2 2 2 2
left_child=1 -1 -3 -4 5 -5 -6 -2 -9 11 -11 18 -13 14 15 -12 -17 -16 19 20 29 22 25 24 -24 26 -22 -28 -23 -10
right_child=7 2 3 4 6 -7 -8 8 9 10 13 12 -14 -15 17 16 -18 -19 -20 -21 21 28 23 -25 -26 -27 27 -29 -30 -31
leaf_value=0.00019730398894354223 -0.1106427248326078 0.10853501356546516 -0.11377601029614939 0.09811403072720111 -0.061798581841501991 -0.0054343755992181325 0.057110231814775793 -0.075879182896512937 -0.036662587278534713 -0.088153748143807609 -0.012405208965032923 -0.17090643687046256 0.062827488027024495 -0.0034795255711914685 0.063510529999519491 -0.056506232677342783 -0.25503148621121391 -0.06307074668695016 0.030766188565738463 0.044737928655489582 -0.11677390166198665 0.097429006140841767 -0.028637348254328312 -0.016518746716917814 -0.27600043998510015 0.031441734367704165 0.025682730999776211 -0.063715617052703219 0.021582626906970291 -0.16294150141728134
leaf_weight=44984.424133390712 14.023999985307453 27.043412143364549 14.518762376625089 62.441538637503982 40.832383964210749 46.585857152938843 25.833697823807597 29.87509920168668 41.585091674700379 43.541559988516383 17.755482811480761 13.253168772847859 6.3857589587569228 4168.8139301581541 25.545861318241805 12.301865885034205 15.634969025850294 23.215362404356711 288.94697252847254 105.0626940857619 22.905011922353879 42.932983160484582 17.753437015693638 488.23941320739686 10.365547938272355 329.06350951641798 104.6582073867321 31.231308050453663 143.41747220046818 16.3306192047894
leaf_count=141816 95 45 134 164 119 91 48 179 139 762 57 175 11 13622 42 131 72 74 574 255 549 78 72 1107 65 792 172 94 630 78
internal_value=-3.29537e-06 0.000331494 0.0281166 0.0166831 0.0274638 0.0538693 -0.0157204 -0.00252008 -0.00226732 -0.00189888 -0.00536091 0.00707172 -0.0949059 -0.00451533 -0.0502319 -0.1073 -0.167612 0.00324481 0.00829104 0.00349318 2.23367e-05 0.00353902 -0.00305194 -0.0221443 -0.119823 0.0171558 -0.0124483 0.00513643 0.0390568 -0.0722697
internal_weight=51214.5 45201.7 217.256 190.212 175.693 109.027 66.6661 6012.84 5998.82 5968.94 4306.81 1662.13 19.6389 4263.27 94.4535 45.6923 27.9368 48.7612 1642.49 1353.55 1248.48 1190.57 1004.22 516.358 28.119 487.858 158.795 135.89 186.35 57.9157
internal_count=162242 142417 601 556 422 255 167 19825 19730 19551 14760 4791 186 13998 376 260 203 116 4605 4031 3776 3559 2851 1244 137 1607 815 266 708 217
is_linear=0
shrinkage=0.1


Tree=196
num_leaves=31
num_cat=0
split_feature=18 2 14 17 19 0 9 12 7 4 4 3 14 14 1 16 17 1 13 0 2 9 12 19 5 7 17 13 18 13
split_gain=4.17084 15.6019 12.1482 20.6204 15.1648 16.1473 19.064 6.42234 4.88529 21.3285 43.1236 34.5488 26.1494 41.0232 29.7839 26.0639 26.2222 24.0144 25.9898 20.205 30.9128 22.775 19.9553 23.2043 18.1728 26.0321 27.2404 27.6994 24.0794 22.5696
threshold=11201.000000000002 11.261363636363638 1749.0466666666669 85.267857142857153 0.33316666666666672 0.66224991224991236 4.0020020020020031 0.00013640065210455485 454761.71000000008 9.5030120481927725 6.9590301003344495 2.5000000000000004 0.026385407964355335 0.82006493506493527 0.053667434715821818 0.28550000000000003 541.33333333333337 0.019672342621259033 0.035517976751869774 0.36882591093117417 18.535714285714288 6.3471920070904853 0.00086531820257287927 0.0072880184331797241 61.083333333333336 1198310.7900000003 260.06250000000006 0.051341960220464895 -1495.9499999999998 0.077041785375118729
decision_type=2 2 2 2 2 2 2 2 2 2 2 2 2 2 2 2 2 2 2 2 2 2 2 2 2 2 2 2 2 2
left_child=2 -2 8 4 -4 -6 -7 -3 -1 10 11 -10 14 -14 22 -12 -17 -13 19 20 -19 -22 23 -11 25 26 27 -20 29 -29
right_child=1 7 3 -5 5 6 -8 -9 9 12 15 17 13 -15 -16 16 -18 18 24 -21 21 -23 -24 -25 -26 -27 -28 28 -30 -31
leaf_value=0.00015337882021763808 -0.026446098286491099 0.01400855706597464 -0.13071093448247856 0.024494346852370771 0.030176992819444515 -0.13383988052268481 -0.016472645770433031 0.074851170489695015 -0.17281208165743886 0.12495886998144518 0.0037296877776242113 -0.12268706677110319 0.10189679472309539 -0.0030566300680734404 0.016785977003345501 -0.18577411704076494 -0.032696725947505355 0.13093580912492586 -0.19057729330398718 0.0054185232086144597 -0.10872076468995423 0.096721783840043929 -0.31481234272897973 -0.16274300032640357 0.0083164320608405326 -0.14578456293277206 0.13969253934739673 0.010288468879968597 0.062745585149701341 -0.13948893812418411
leaf_weight=50252.511528277595 45.971984975039959 30.683263905346394 20.428130008280277 50.332173421978951 26.353556744754314 23.393996827304363 33.885609738528728 39.922140823677182 12.273718520998953 3.9002381525933769 19.812851193826646 15.938897871877996 61.847769164247438 93.611499783350155 29.966940347105265 31.930843547685072 17.228177353739738 39.451101025566459 10.995215728878973 101.8018905967474 12.130398181267084 9.719856530427931 5.0025371918454757 9.9684427487663907 109.75621452927589 22.287937103566946 9.0493675116449577 19.924133326858275 23.100828319787986 20.322907232970465
leaf_count=158775 98 58 65 90 39 74 77 71 57 26 46 130 134 305 84 327 39 106 94 207 126 15 36 150 398 233 42 59 31 250
internal_value=-2.33746e-06 0.018891 -4.5451e-05 -0.0280536 -0.0534699 -0.0346031 -0.0644075 0.0484106 3.94509e-05 -0.00837963 -0.0199854 -0.0075874 0.0186453 0.0386979 -0.0451852 -0.0931008 -0.132127 -0.00244664 0.00261624 0.0327306 0.0780873 -0.0173318 -0.143594 -0.0818337 -0.0201828 -0.0497813 -0.0241229 -0.0440632 -0.0186329 -0.0653422
internal_weight=51203.5 116.577 51086.9 154.393 104.061 83.6332 57.2796 70.6054 50932.5 680.022 475.724 406.752 204.297 155.459 48.8382 68.9719 49.159 394.479 378.54 163.103 61.3014 21.8503 18.8712 13.8687 215.437 105.68 83.3925 74.3431 63.3479 40.247
internal_count=162242 227 162015 345 255 190 151 129 161670 2895 2160 1748 735 439 296 412 366 1691 1561 454 247 141 212 176 1107 709 476 434 340 309
is_linear=0
shrinkage=0.1


Tree=197
num_leaves=31
num_cat=0
split_feature=8 8 11 11 2 2 8 20 12 9 15 0 0 14 2 15 6 12 3 9 12 0 3 17 13 7 20 10 9 11
split_gain=4.10059 27.4574 37.4619 24.9978 27.666 28.9151 24.9587 43.2337 34.228 48.2022 48.2885 48.0851 30.2918 24.9262 24.5078 28.2628 25.5836 42.771 40.6479 35.3659 39.788 41.9987 34.8182 32.4437 45.4622 48.2124 46.1545 44.8893 41.4433 34.178
threshold=4.400500000000001 3.2485000000000004 0.054872607098553197 0.062411917006279211 3.6686991869918706 1.497058823529412 4.6855000000000011 3.5000000000000004 0.027996019019586631 1.1090574528660835 0.10428660714285716 0.16580756013745707 0.11566332218506133 0.36027777777777786 32.309523809523817 -5.0039583181818168 80.919500000000014 6.0157339244533459e-05 41.500000000000007 8.9335594573024757 0.00095105815940850328 0.14833149981664837 39.500000000000007 13.273460410557187 0.011142147734326507 6606.6600000000008 1.2500000000000002 1023508.1554500001 1.0011680572428239 0.014607495052186855
decision_type=2 2 2 2 2 2 2 2 2 2 2 2 2 2 2 2 2 2 2 2 2 2 2 2 2 2 2 2 2 2
left_child=1 -1 14 -4 5 -5 7 8 12 -10 11 -11 -2 -12 15 -3 17 -17 -19 20 21 -18 -21 24 26 -26 27 -22 -27 -25
right_child=6 2 3 4 -6 -7 -8 -9 9 10 13 -13 -14 -15 -16 16 19 18 -20 22 23 -23 -24 29 25 28 -28 -29 -30 -31
leaf_value=0.00042310941582979049 0.10992090489087035 -0.11187833428813297 0.074987762427670968 -0.005669541393598123 -0.029299952865993496 0.078211442739817283 0.00047715808135987651 0.10373820063644866 -0.17197442747169966 -0.14321203274886959 0.11532085162553583 0.0089347010312177608 0.016344258585279572 0.001288790328935069 0.024767052486782001 -0.11577151220135709 0.11233964265158213 -0.0064848043884031927 0.14079522773017569 0.028523709304643482 -0.12259172342270758 -0.020514169108602955 -0.11498824148885739 -0.040181619836314963 -0.063309635128305994 -0.048665193652667076 0.12674833787009576 0.094481650443817233 -0.23836703842749582 0.034317544775299177
leaf_weight=21042.771727347746 50.049482708331198 29.667900730622932 70.635104864835739 85.451517466455698 114.71526192873716 79.171452358365059 26284.113920777425 60.153161170426756 18.28007329814136 34.628609028179199 37.495978900231421 51.912620082497597 112.01726937666535 39.21912973979488 165.60642029903829 35.51860043220222 33.999159991624765 1871.3389022406191 18.928714759647846 160.47216707875486 28.473375309258699 79.283653695136309 18.896312389522791 247.01828573737293 258.05453985137865 17.932530464138836 22.579133320599794 14.316236378625034 32.186176022514701 82.030420809984207
leaf_count=57409 166 148 104 204 275 115 92743 144 104 239 62 102 199 135 326 145 139 5726 25 467 126 176 93 1173 1206 60 40 23 195 173
internal_value=-1.46233e-06 -0.00093535 -0.00918217 0.0218395 0.00840018 0.034671 0.000856182 0.0255303 0.0118387 -0.0179826 -0.000739918 -0.0519453 0.0452426 0.0570241 -0.012666 -0.014767 -0.0137806 -0.00705283 -0.00500998 -0.0267989 -0.0356376 0.0193588 0.0134049 -0.044505 -0.0646735 -0.0807408 0.0110739 -0.0499649 -0.170492 -0.0216093
internal_weight=51196.9 24509 3466.28 349.973 279.338 164.623 26687.9 403.756 343.603 181.536 163.256 86.5412 162.067 76.7151 3116.3 2950.7 2921.03 1925.79 1890.27 995.242 815.874 113.283 179.368 702.591 373.542 308.173 65.3687 42.7896 50.1187 329.049
internal_count=162242 68348 10939 698 594 319 93894 1151 1007 642 538 341 365 197 10241 9915 9767 5896 5751 3871 3311 315 560 2996 1650 1461 189 149 255 1346
is_linear=0
shrinkage=0.1


Tree=198
num_leaves=31
num_cat=0
split_feature=11 6 13 4 11 7 1 10 15 13 12 6 14 15 15 12 12 4 7 13 9 1 6 14 11 3 16 11 11 13
split_gain=4.18005 33.2904 42.9621 35.0205 42.6532 56.4665 41.668 76.3398 35.7979 33.9888 33.0673 28.3976 27.6654 37.2856 27.2229 26.4118 34.2113 24.8349 28.6024 35.6444 26.1214 24.8245 24.822 25.8311 26.5834 34.4055 31.7287 25.0927 30.4924 31.8247
threshold=0.016119024567662416 171.19550000000004 0.17602816901408452 0.53752345215759856 0.021555110988354661 2184.1250000000005 0.047847985347985351 3089.3150000000005 0.68905057471264375 0.10533813165392114 3.8955045951536649 720.00450000000012 0.30771712158808939 -0.04997678571428571 -1.1347883333333331 0.3566306130911584 0.78883252004517235 14.708333333333334 37335.885000000002 0.033368128044537239 1.0035125456691361 2.1666666666666674 517.7650000000001 1.2858571428571433 0.033770728890586958 25.500000000000004 0.10650000000000001 0.045400689246738644 0.069091105541563336 0.0587372779023633
decision_type=2 2 2 2 2 2 2 2 2 2 2 2 2 2 2 2 2 2 2 2 2 2 2 2 2 2 2 2 2 2
left_child=-1 3 9 4 5 8 15 14 -2 10 11 22 13 -4 -8 -6 -17 18 -13 -20 -19 -16 27 24 26 -26 -24 -3 -29 -30
right_child=1 2 12 -5 6 -7 7 -9 -10 -11 -12 17 -14 -15 21 16 -18 20 19 -21 -22 -23 23 -25 25 -27 -28 28 29 -31
leaf_value=0.00048003646081751743 -0.13897531037452485 -0.0062636239360590075 0.12039833225477102 0.0030363277214254399 -0.031845246703766414 0.090408218055349293 0.07934503006093184 -0.11203719149472369 0.046443281287452925 -0.087175387926526807 -0.12354481685325731 0.052235447451523788 0.10732374660205635 -0.070535222093613667 -0.0060857639654628816 0.24873829805060718 0.041346572011162507 0.0034953369553249662 -0.10866860045190384 0.036117601022427538 -0.14937764429080289 -0.11088527327150539 -0.010628309781656492 0.028955144835250548 -0.13135910416731308 0.028204381597345275 -0.14428106769055848 -0.069671491178066675 0.021290046733857652 -0.075852327239143494
leaf_weight=39868.658163992659 72.058471672236919 1247.4181693047285 15.905166566371916 8200.5689568314701 14.213971134275196 16.443793155252934 36.087678171694279 74.149895233102143 12.171104516834019 64.275080805644393 26.869678758084774 171.87314512906596 47.48690387699753 28.652212038636208 618.16331308335066 14.093926556408404 18.258202182129025 34.028196010738611 28.912773827090859 41.279900536872447 16.644443765282631 23.46065466105938 25.047732073813677 32.690241616219282 19.410279718227684 44.479786383919418 61.066724708303809 153.98696133494377 113.80187679827213 47.927778519690037
leaf_count=134802 426 3213 26 18111 61 26 48 436 20 357 157 368 86 136 1833 23 90 95 143 115 73 88 69 62 80 99 284 475 260 180
internal_value=-1.50364e-06 -0.00169726 -0.0126715 0.000982184 -0.0177534 -0.0790917 -0.0100192 -0.0157045 -0.112182 -0.0155624 -0.0133338 -0.0118812 0.0542178 -0.00237973 -0.00516453 0.0817755 0.131695 0.0169418 0.0302682 -0.0235207 -0.0467189 -0.0099177 -0.0167142 -0.0515922 -0.0691458 -0.0202722 -0.105406 -0.0126377 -0.0378222 -0.00749761
internal_weight=51190.1 11321.4 2221.76 9099.67 899.101 100.673 798.428 751.862 84.2296 2129.71 2065.44 2038.57 92.0443 44.5574 677.712 46.5661 32.3521 292.738 242.066 70.1927 50.6726 641.624 1745.83 182.695 150.005 63.8901 86.1145 1563.13 315.717 161.73
internal_count=162242 27440 6278 21162 3051 472 2579 2405 446 6030 5673 5516 248 162 1969 174 113 794 626 258 168 1921 4722 594 532 179 353 4128 915 440
is_linear=0
shrinkage=0.1


Tree=199
num_leaves=31
num_cat=0
split_feature=10 6 8 12 8 12 11 7 0 0 8 7 0 8 7 12 15 15 3 16 19 0 9 13 10 10 0 8 7 10
split_gain=4.25837 29.1065 20.9036 35.4963 32.1665 31.0468 30.6854 44.583 30.1982 56.4043 29.9904 43.6309 28.0564 26.3271 40.7085 22.3458 20.9003 25.7584 34.3574 21.5019 36.1994 42.771 21.6913 32.3245 36.7257 22.3404 28.7779 31.7355 39.0181 22.1894
threshold=51338.587300000007 589.0975000000002 26.999500000000005 2.3183570345388658 33.001000000000005 0.7201888795986624 0.006610221544583854 1899.4500000000003 0.22318007662835251 0.029520697167755995 34.003000000000007 8904.0800000000017 0.27326839826839833 48.003000000000007 1139.1200000000001 0.010485046062468995 1.1291165000000001 0.80009000000000008 26.500000000000004 0.12750000000000003 0.0064110105580693823 0.4971910112359551 1.7371169692287889 0.05798550724637682 24886.348100000003 201.90905000000001 0.45534290271132377 7.1835000000000013 1504.6900000000003 880.41340000000014
decision_type=2 2 2 2 2 2 2 2 2 2 2 2 2 2 2 2 2 2 2 2 2 2 2 2 2 2 2 2 2 2
left_child=1 2 16 4 6 8 -4 -8 9 10 -6 -12 -9 14 -11 -15 17 -1 -19 20 -18 -22 23 25 29 -21 27 -27 -29 -25
right_child=-2 -3 3 -5 5 -7 7 12 -10 13 11 -13 -14 15 -16 -17 19 18 -20 22 21 -23 -24 24 -26 26 -28 28 -30 -31
leaf_value=-0.0004150957978855026 0.0008124495413069522 -0.094130367788679351 -0.052205397804714226 -0.11364883339935355 0.17133515806725147 0.099056388882143964 0.11949184179486216 -0.15200766664947954 0.066098034515781279 0.028713831215409852 -0.06082368636690913 0.24028256131412906 0.038073360788040592 0.11424254144542115 -0.14265981130308927 -0.064929778125017698 0.038573240930781107 0.01285618094389078 0.11494362691212739 -0.076839465400922971 -0.1788090622719482 -0.038306364628476919 0.0040051624109475291 -0.043114382533534508 0.036894665811729913 0.0025389484362888051 0.017913310166767529 -0.17733944974206117 -0.021130065351996678 -0.18322656894957595
leaf_weight=19960.386336954078 28459.156271002023 33.526287652784958 228.32764411065727 37.742320513585582 17.360830575227737 36.567897724919021 28.232666471973062 15.074544083327057 49.576674312353134 18.717182230204344 22.203078893944625 6.1439714478328815 16.014849334955215 12.6795437685214 53.425864949822426 15.432944655418394 34.649292010813951 895.2066122693941 34.227180786430836 49.558379165828228 30.601107463240623 74.202812127768993 618.33362686634064 17.601651173084974 17.13926462829113 79.226004675030708 215.35192202404141 29.244441315531731 35.280799299478531 31.586347624659538
leaf_count=62023 92563 396 1132 383 63 95 58 96 64 71 441 60 23 122 304 106 59 1610 36 134 152 165 1183 46 26 169 353 116 76 117
internal_value=-2.50672e-06 -0.00102361 -0.000885978 -0.0200102 -0.0132106 0.0144835 -0.0355574 0.02852 -0.00133241 -0.0242352 0.0678294 0.00443842 -0.0540926 -0.0662088 -0.0981977 0.0158821 -0.000404038 0.000342639 0.0166156 -0.0130567 -0.0500358 -0.079331 -0.00834006 -0.0244109 -0.0891639 -0.0139012 -0.00521539 -0.0398642 -0.091928 -0.133088
internal_weight=51172.8 22713.6 22680.1 557.5 519.758 232.108 287.65 59.3221 195.54 145.963 45.7079 28.3471 31.0894 100.256 72.143 28.1125 22122.6 20889.8 929.434 1232.78 139.453 104.804 1093.32 474.989 66.3273 408.662 359.103 143.751 64.5252 49.188
internal_count=162242 69679 69283 3018 2635 1326 1309 177 1231 1167 564 501 119 603 375 228 66265 63669 1646 2596 376 317 2220 1037 189 848 714 361 192 163
is_linear=0
shrinkage=0.1


end of trees

feature_importances:
user_snapshot_active_state.money_revenue_last_minute_div_user_snapshot_active_state.money_ad_reward_calculate=440
user_snapshot_active_state.ad_cnt_div_user_snapshot_active_state.game_minute=426
user_snapshot_active_state.game_minute_mult_user_snapshot_active_state.itemtoken_balance=387
user_snapshot_active_state.hardness_calculate_div_user_snapshot_active_state.itemtoken_balance=385
user_snapshot_active_state.game_minute_mult_user_snapshot_active_state.health=349
user_snapshot_active_state.sharpeningstone_balance_div_init_event.inapp_cnt=330
user_snapshot_active_state.itemtoken_revenue_last_minute_minus_user_snapshot_active_state.itemtoken_ad_reward_calculate=302
init_event.ad_views_cnt_div_init_event.session_cnt=299
user_snapshot_active_state.itemtoken_revenue_last_minute_div_user_snapshot_active_state.game_minute=296
init_event.inapp_cnt_div_user_snapshot_active_state.damage_lvl=292
init_event.avg_playtime_lifetime_mult_user_snapshot_active_state.game_minute=287
ad_offer.recommended_coefficient_div_user_snapshot_active_state.health_ratio=280
init_event.ad_views_cnt_div_init_event.inapp_cnt=269
init_event.ad_views_cnt_div_user_snapshot_active_state.damage=269
user_snapshot_active_state.game_minute_mult_user_snapshot_active_state.health_ratio=257
user_snapshot_active_state.health_ratio_minus_user_snapshot_active_state.boss_kills_last_minute=257
init_event.ad_views_cnt_div_user_snapshot_active_state.last_boss=230
user_snapshot_active_state.health_ratio_div_user_snapshot_active_state.game_minute=222
ad_offer.recommended_coefficient_div_user_snapshot_active_state.game_minute=221
user_snapshot_active_state.game_minute=129
ad_offer.recommended_coefficient=73

parameters:
[boosting: gbdt]
[objective: binary]
[metric: binary_logloss]
[tree_learner: serial]
[device_type: cpu]
[data_sample_strategy: bagging]
[data: ]
[valid: ]
[num_iterations: 200]
[learning_rate: 0.1]
[num_leaves: 31]
[num_threads: 22]
[seed: 42]
[deterministic: 0]
[force_col_wise: 0]
[force_row_wise: 0]
[histogram_pool_size: -1]
[max_depth: -1]
[min_data_in_leaf: 50]
[min_sum_hessian_in_leaf: 0.001]
[bagging_fraction: 1]
[pos_bagging_fraction: 1]
[neg_bagging_fraction: 1]
[bagging_freq: 0]
[bagging_seed: 400]
[bagging_by_query: 0]
[feature_fraction: 1]
[feature_fraction_bynode: 1]
[feature_fraction_seed: 30056]
[extra_trees: 0]
[extra_seed: 12879]
[early_stopping_round: 0]
[early_stopping_min_delta: 0]
[first_metric_only: 0]
[max_delta_step: 0]
[lambda_l1: 0]
[lambda_l2: 0]
[linear_lambda: 0]
[min_gain_to_split: 0]
[drop_rate: 0.1]
[max_drop: 50]
[skip_drop: 0.5]
[xgboost_dart_mode: 0]
[uniform_drop: 0]
[drop_seed: 17869]
[top_rate: 0.2]
[other_rate: 0.1]
[min_data_per_group: 100]
[max_cat_threshold: 32]
[cat_l2: 10]
[cat_smooth: 10]
[max_cat_to_onehot: 4]
[top_k: 20]
[monotone_constraints: ]
[monotone_constraints_method: basic]
[monotone_penalty: 0]
[feature_contri: ]
[forcedsplits_filename: ]
[refit_decay_rate: 0.9]
[cegb_tradeoff: 1]
[cegb_penalty_split: 0]
[cegb_penalty_feature_lazy: ]
[cegb_penalty_feature_coupled: ]
[path_smooth: 0]
[interaction_constraints: ]
[verbosity: 1]
[saved_feature_importance_type: 0]
[use_quantized_grad: 0]
[num_grad_quant_bins: 4]
[quant_train_renew_leaf: 0]
[stochastic_rounding: 1]
[linear_tree: 0]
[max_bin: 255]
[max_bin_by_feature: ]
[min_data_in_bin: 3]
[bin_construct_sample_cnt: 200000]
[data_random_seed: 175]
[is_enable_sparse: 1]
[enable_bundle: 1]
[use_missing: 1]
[zero_as_missing: 0]
[feature_pre_filter: 1]
[pre_partition: 0]
[two_round: 0]
[header: 0]
[label_column: ]
[weight_column: ]
[group_column: ]
[ignore_column: ]
[categorical_feature: ]
[forcedbins_filename: ]
[precise_float_parser: 0]
[parser_config_file: ]
[objective_seed: 16083]
[num_class: 1]
[is_unbalance: 0]
[scale_pos_weight: 10.9374]
[sigmoid: 1]
[boost_from_average: 1]
[reg_sqrt: 0]
[alpha: 0.9]
[fair_c: 1]
[poisson_max_delta_step: 0.7]
[tweedie_variance_power: 1.5]
[lambdarank_truncation_level: 30]
[lambdarank_norm: 1]
[label_gain: ]
[lambdarank_position_bias_regularization: 0]
[eval_at: ]
[multi_error_top_k: 1]
[auc_mu_weights: ]
[num_machines: 1]
[local_listen_port: 12400]
[time_out: 120]
[machine_list_filename: ]
[machines: ]
[gpu_platform_id: -1]
[gpu_device_id: -1]
[gpu_use_dp: 0]
[num_gpu: 1]

end of parameters

pandas_categorical:[]
